hex	field	classification	score_pct	opening_score_pct	verdict	label	de_preview	mt_en_preview	baynes_en_preview	notes
1	hex	pair			mt_failed	MT falló	1		1	Traducción automática vacía o no disponible en caché.
2	hex	pair			mt_failed	MT falló	2		2	Traducción automática vacía o no disponible en caché.
3	hex	pair			mt_failed	MT falló	3		3	Traducción automática vacía o no disponible en caché.
4	hex	pair			mt_failed	MT falló	4		4	Traducción automática vacía o no disponible en caché.
5	hex	pair			mt_failed	MT falló	5		5	Traducción automática vacía o no disponible en caché.
6	hex	pair			mt_failed	MT falló	6		6	Traducción automática vacía o no disponible en caché.
7	hex	pair			mt_failed	MT falló	7		7	Traducción automática vacía o no disponible en caché.
8	hex	pair			mt_failed	MT falló	8		8	Traducción automática vacía o no disponible en caché.
9	hex	pair			mt_failed	MT falló	9		9	Traducción automática vacía o no disponible en caché.
10	hex	pair			mt_failed	MT falló	10		10	Traducción automática vacía o no disponible en caché.
11	hex	pair			mt_failed	MT falló	11		11	Traducción automática vacía o no disponible en caché.
12	hex	pair			mt_failed	MT falló	12		12	Traducción automática vacía o no disponible en caché.
13	hex	pair			mt_failed	MT falló	13		13	Traducción automática vacía o no disponible en caché.
14	hex	pair			mt_failed	MT falló	14		14	Traducción automática vacía o no disponible en caché.
15	hex	pair			mt_failed	MT falló	15		15	Traducción automática vacía o no disponible en caché.
16	hex	pair			mt_failed	MT falló	16		16	Traducción automática vacía o no disponible en caché.
17	hex	pair			mt_failed	MT falló	17		17	Traducción automática vacía o no disponible en caché.
18	hex	pair			mt_failed	MT falló	18		18	Traducción automática vacía o no disponible en caché.
19	hex	pair			mt_failed	MT falló	19		19	Traducción automática vacía o no disponible en caché.
20	hex	pair			mt_failed	MT falló	20		20	Traducción automática vacía o no disponible en caché.
21	hex	pair			mt_failed	MT falló	21		21	Traducción automática vacía o no disponible en caché.
22	hex	pair			mt_failed	MT falló	22		22	Traducción automática vacía o no disponible en caché.
23	hex	pair			mt_failed	MT falló	23		23	Traducción automática vacía o no disponible en caché.
24	hex	pair			mt_failed	MT falló	24		24	Traducción automática vacía o no disponible en caché.
25	hex	pair			mt_failed	MT falló	25		25	Traducción automática vacía o no disponible en caché.
26	hex	pair			mt_failed	MT falló	26		26	Traducción automática vacía o no disponible en caché.
27	hex	pair			mt_failed	MT falló	27		27	Traducción automática vacía o no disponible en caché.
28	hex	pair			mt_failed	MT falló	28		28	Traducción automática vacía o no disponible en caché.
29	hex	pair			mt_failed	MT falló	29		29	Traducción automática vacía o no disponible en caché.
30	hex	pair			mt_failed	MT falló	30		30	Traducción automática vacía o no disponible en caché.
31	hex	pair			mt_failed	MT falló	31		31	Traducción automática vacía o no disponible en caché.
32	hex	pair			mt_failed	MT falló	32		32	Traducción automática vacía o no disponible en caché.
33	hex	pair			mt_failed	MT falló	33		33	Traducción automática vacía o no disponible en caché.
34	hex	pair			mt_failed	MT falló	34		34	Traducción automática vacía o no disponible en caché.
35	hex	pair			mt_failed	MT falló	35		35	Traducción automática vacía o no disponible en caché.
36	hex	pair			mt_failed	MT falló	36		36	Traducción automática vacía o no disponible en caché.
37	hex	pair			mt_failed	MT falló	37		37	Traducción automática vacía o no disponible en caché.
38	hex	pair			mt_failed	MT falló	38		38	Traducción automática vacía o no disponible en caché.
39	hex	pair			mt_failed	MT falló	39		39	Traducción automática vacía o no disponible en caché.
40	hex	pair			mt_failed	MT falló	40		40	Traducción automática vacía o no disponible en caché.
41	hex	pair			mt_failed	MT falló	41		41	Traducción automática vacía o no disponible en caché.
42	hex	pair			mt_failed	MT falló	42		42	Traducción automática vacía o no disponible en caché.
43	hex	pair			mt_failed	MT falló	43		43	Traducción automática vacía o no disponible en caché.
44	hex	pair			mt_failed	MT falló	44		44	Traducción automática vacía o no disponible en caché.
45	hex	pair			mt_failed	MT falló	45		45	Traducción automática vacía o no disponible en caché.
46	hex	pair			mt_failed	MT falló	46		46	Traducción automática vacía o no disponible en caché.
47	hex	pair			mt_failed	MT falló	47		47	Traducción automática vacía o no disponible en caché.
48	hex	pair			mt_failed	MT falló	48		48	Traducción automática vacía o no disponible en caché.
49	hex	pair			mt_failed	MT falló	49		49	Traducción automática vacía o no disponible en caché.
50	hex	pair			mt_failed	MT falló	50		50	Traducción automática vacía o no disponible en caché.
51	hex	pair			mt_failed	MT falló	51		51	Traducción automática vacía o no disponible en caché.
52	hex	pair			mt_failed	MT falló	52		52	Traducción automática vacía o no disponible en caché.
53	hex	pair			mt_failed	MT falló	53		53	Traducción automática vacía o no disponible en caché.
54	hex	pair			mt_failed	MT falló	54		54	Traducción automática vacía o no disponible en caché.
55	hex	pair			mt_failed	MT falló	55		55	Traducción automática vacía o no disponible en caché.
56	hex	pair			mt_failed	MT falló	56		56	Traducción automática vacía o no disponible en caché.
57	hex	pair			mt_failed	MT falló	57		57	Traducción automática vacía o no disponible en caché.
58	hex	pair			mt_failed	MT falló	58		58	Traducción automática vacía o no disponible en caché.
59	hex	pair			mt_failed	MT falló	59		59	Traducción automática vacía o no disponible en caché.
60	hex	pair			mt_failed	MT falló	60		60	Traducción automática vacía o no disponible en caché.
61	hex	pair			mt_failed	MT falló	61		61	Traducción automática vacía o no disponible en caché.
62	hex	pair			mt_failed	MT falló	62		62	Traducción automática vacía o no disponible en caché.
63	hex	pair			mt_failed	MT falló	63		63	Traducción automática vacía o no disponible en caché.
64	hex	pair			mt_failed	MT falló	64		64	Traducción automática vacía o no disponible en caché.
1	nombre	pair	100%	100%	strong_align	Alineación fuerte	DAS SCHÖPFERISCHE	THE CREATIVE	The Creative	Primera línea alineada (Jaccard 100%). | Solapamiento léxico alto MT↔Baynes (100%).
2	nombre	pair	25%	25%	moderate_align	Alineación moderada	DAS EMPFANGENDE	THE RECEIVING END	The Receptive	Primera línea poco alineada (Jaccard 25%). | Solapamiento léxico moderado MT↔Baynes (25%).
3	nombre	pair	50%	50%	strong_align	Alineación fuerte	DIE ANFANGSSCHWIERIGKEIT	THE INITIAL DIFFICULTY	Difficulty at the Beginning	Primera línea alineada (Jaccard 50%). | Solapamiento léxico alto MT↔Baynes (50%).
4	nombre	pair	0%	0%	divergent	Divergente	DIE JUGENDTORHEIT	THE FOOLISHNESS OF YOUTH	Youthful Folly	Primera línea poco alineada (Jaccard 0%). | Solapamiento léxico bajo MT↔Baynes (0%).
5	nombre	pair	0%	0%	divergent	Divergente	DAS WARTEN (DIE ERNÄHRUNG)	THE WAIT (THE DIET)	Waiting (Nourishment)	Primera línea poco alineada (Jaccard 0%). | Solapamiento léxico bajo MT↔Baynes (0%).
6	nombre	pair	0%	0%	divergent	Divergente	DER STREIT	THE DISPUTE	Conflict	Solapamiento léxico bajo MT↔Baynes (0%).
7	nombre	pair	100%	100%	strong_align	Alineación fuerte	DAS HEER	THE ARMY	The Army	Primera línea alineada (Jaccard 100%). | Solapamiento léxico alto MT↔Baynes (100%).
8	nombre	pair	25%	25%	moderate_align	Alineación moderada	DAS ZUSAMMENHALTEN	KEEPING IT TOGETHER	Holding Together [Union]	Primera línea poco alineada (Jaccard 25%). | Solapamiento léxico moderado MT↔Baynes (25%).
9	nombre	pair	60%	60%	strong_align	Alineación fuerte	DES KLEINEN ZÄHMUNGSKRAFT	THE LITTLE TAMING POWER	The Taming Power of the Small	Primera línea alineada (Jaccard 60%). | Solapamiento léxico alto MT↔Baynes (60%).
10	nombre	pair	0%	0%	divergent	Divergente	DAS AUFTRETEN	THE OCCURANCE	Treading [Conduct]	Primera línea poco alineada (Jaccard 0%). | Solapamiento léxico bajo MT↔Baynes (0%).
11	nombre	pair	50%	50%	strong_align	Alineación fuerte	DER FRIEDE	THE PEACE	Peace	Primera línea alineada (Jaccard 50%). | Solapamiento léxico alto MT↔Baynes (50%).
12	nombre	pair	0%	0%	divergent	Divergente	DIE STOCKUNG	THE STOCK	Standstill [Stagnation]	Primera línea poco alineada (Jaccard 0%). | Solapamiento léxico bajo MT↔Baynes (0%).
13	nombre	pair	20%	20%	weak_align	Alineación débil	GEMEINSCHAFT MIT MENSCHEN	COMMUNITY WITH PEOPLE	Fellowship with Men	Primera línea poco alineada (Jaccard 20%). | Solapamiento léxico moderado MT↔Baynes (20%).
14	nombre	pair	20%	20%	weak_align	Alineación débil	DER BESITZ VON GROSSEM	THE POSSESSION OF GREAT	Posession in Great Measure	Primera línea poco alineada (Jaccard 20%). | Solapamiento léxico moderado MT↔Baynes (20%).
15	nombre	pair	0%	0%	divergent	Divergente	DIE BESCHEIDENHEIT	THE HUMILITY	Modesty	DE mucho más largo que Baynes (18 vs 7 chars) — posible mezcla de comentario Wilhelm en campo oráculo. | Solapamiento léxico bajo MT↔Baynes (0%).
16	nombre	pair	50%	50%	strong_align	Alineación fuerte	DIE BEGEISTERUNG	THE ENTHUSIASM	Enthusiasm	Primera línea alineada (Jaccard 50%). | Solapamiento léxico alto MT↔Baynes (50%).
17	nombre	pair	0%	0%	divergent	Divergente	DIE NACHFOLGE	THE SUCCESSION	Following	Solapamiento léxico bajo MT↔Baynes (0%).
18	nombre	pair	13%	13%	weak_align	Alineación débil	DIE ARBEIT AM VERDORBENEN	WORK ON THE CORRUPTED	Work on What Has Been Spoiled [Decay]	Primera línea poco alineada (Jaccard 13%). | Solapamiento léxico bajo MT↔Baynes (13%).
19	nombre	pair	50%	50%	strong_align	Alineación fuerte	DIE ANNÄHERUNG	THE APPROACH	Approach	Primera línea alineada (Jaccard 50%). | Solapamiento léxico alto MT↔Baynes (50%).
20	nombre	pair	0%	0%	divergent	Divergente	DIE BETRACHTUNG (DER ANBLICK)	THE CONSIDERATION (THE SIGHT)	Contemplation (View)	Primera línea poco alineada (Jaccard 0%). | Solapamiento léxico bajo MT↔Baynes (0%).
21	nombre	pair	25%	25%	moderate_align	Alineación moderada	DAS DURCHBEISSEN	THE BITE THROUGH	Biting Through	Primera línea poco alineada (Jaccard 25%). | Solapamiento léxico moderado MT↔Baynes (25%).
22	nombre	pair	50%	50%	strong_align	Alineación fuerte	DIE ANMUT	THE GRACE	Grace	Primera línea alineada (Jaccard 50%). | Solapamiento léxico alto MT↔Baynes (50%).
23	nombre	pair	0%	0%	divergent	Divergente	DIE ZERSPLITTERUNG	THE SPLITMENT	Splitting Apart	Primera línea poco alineada (Jaccard 0%). | Solapamiento léxico bajo MT↔Baynes (0%).
24	nombre	pair	60%	60%	strong_align	Alineación fuerte	DIE WIEDERKEHR (DIE WENDEZEIT)	THE RETURN (THE TURNING TIME)	Return (The Turning Point)	Primera línea alineada (Jaccard 60%). | Solapamiento léxico alto MT↔Baynes (60%).
25	nombre	pair	100%	100%	strong_align	Alineación fuerte	DIE UNSCHULD (DAS UNERWARTETE)	THE INNOCENCE (THE UNEXPECTED)	Innocence (The Unexpected)	Primera línea alineada (Jaccard 100%). | Solapamiento léxico alto MT↔Baynes (100%).
26	nombre	pair	100%	100%	strong_align	Alineación fuerte	DES GROSSEN ZÄHMUNGSKRAFT	OF THE GREAT TAMING POWER	The Taming Power of the Great	Primera línea alineada (Jaccard 100%). | Solapamiento léxico alto MT↔Baynes (100%).
27	nombre	pair	75%	75%	strong_align	Alineación fuerte	DIE MUNDWINKEL (DIE ERNÄHRUNG)	THE CORNERS OF THE MOUTH (THE NUTRITION)	The Corners of the Mouth	Primera línea alineada (Jaccard 75%). | Solapamiento léxico alto MT↔Baynes (75%).
28	nombre	pair	25%	25%	moderate_align	Alineación moderada	DES GROSSEN ÜBERGEWICHT	OF GREAT OVERWEIGHT	Preponderance of the Great	Primera línea poco alineada (Jaccard 25%). | Solapamiento léxico moderado MT↔Baynes (25%).
29	nombre	pair	50%	50%	strong_align	Alineación fuerte	DAS ABGRÜNDIGE, DAS WASSER	THE ABYSS, THE WATER	The Abysmal (Water)	Primera línea alineada (Jaccard 50%). | Solapamiento léxico alto MT↔Baynes (50%).
30	nombre	pair	50%	50%	strong_align	Alineación fuerte	DAS HAFTENDE, DAS FEUER	THE CLIENT, THE FIRE	The Clinging, Fire	Primera línea alineada (Jaccard 50%). | Solapamiento léxico alto MT↔Baynes (50%).
31	nombre	pair	0%	0%	divergent	Divergente	DIE EINWIRKUNG (DIE WERBUNG)	THE IMPACT (THE ADVERTISING)	Influence (Wooing)	Primera línea poco alineada (Jaccard 0%). | Solapamiento léxico bajo MT↔Baynes (0%).
32	nombre	pair	50%	50%	strong_align	Alineación fuerte	DIE DAUER	THE DURATION	Duration	Primera línea alineada (Jaccard 50%). | Solapamiento léxico alto MT↔Baynes (50%).
33	nombre	pair	50%	50%	strong_align	Alineación fuerte	DER RÜCKZUG	THE RETREAT	Retreat	Primera línea alineada (Jaccard 50%). | Solapamiento léxico alto MT↔Baynes (50%).
34	nombre	pair	100%	100%	strong_align	Alineación fuerte	DES GROSSEN MACHT	OF THE GREAT POWER	The Power of the Great	Primera línea alineada (Jaccard 100%). | Solapamiento léxico alto MT↔Baynes (100%).
35	nombre	pair	100%	100%	strong_align	Alineación fuerte	DER FORTSCHRITT	PROGRESS	Progress	Primera línea alineada (Jaccard 100%). | Solapamiento léxico alto MT↔Baynes (100%).
36	nombre	pair	50%	50%	strong_align	Alineación fuerte	DIE VERFINSTERUNG DES LICHTS	THE DARKNESS OF THE LIGHT	Darkening of the Light	Primera línea alineada (Jaccard 50%). | Solapamiento léxico alto MT↔Baynes (50%).
37	nombre	pair	25%	25%	moderate_align	Alineación moderada	DIE SIPPE	THE CLINIC	The Family [The Clan]	Primera línea poco alineada (Jaccard 25%). | Solapamiento léxico moderado MT↔Baynes (25%).
38	nombre	pair	0%	0%	divergent	Divergente	DER GEGENSATZ	THE OPPOSITE	Opposition	Solapamiento léxico bajo MT↔Baynes (0%).
39	nombre	pair	0%	0%	divergent	Divergente	DAS HEMMNIS	THE OBSTACLE	Obstruction	Primera línea poco alineada (Jaccard 0%). | Solapamiento léxico bajo MT↔Baynes (0%).
40	nombre	pair	0%	0%	divergent	Divergente	DIE BEFREIUNG	THE LIBERATION	Deliverance	Primera línea poco alineada (Jaccard 0%). | Solapamiento léxico bajo MT↔Baynes (0%).
41	nombre	pair	0%	0%	divergent	Divergente	DIE MINDERUNG	THE REDUCTION	Decrease	Solapamiento léxico bajo MT↔Baynes (0%).
42	nombre	pair	50%	50%	strong_align	Alineación fuerte	DIE MEHRUNG	THE INCREASE	Increase	Primera línea alineada (Jaccard 50%). | Solapamiento léxico alto MT↔Baynes (50%).
43	nombre	pair	0%	0%	divergent	Divergente	DER DURCHBRUCH (DIE ENTSCHLOSSENHEIT)	THE BREAKTHROUGH (THE DETERMINATION)	Break-through (Resoluteness)	Primera línea poco alineada (Jaccard 0%). | Solapamiento léxico bajo MT↔Baynes (0%).
44	nombre	pair	0%	0%	divergent	Divergente	DAS ENTGEGENKOMMEN	THE ACCOMMODATION	Coming to Meet	Primera línea poco alineada (Jaccard 0%). | Solapamiento léxico bajo MT↔Baynes (0%).
45	nombre	pair	0%	0%	divergent	Divergente	DIE SAMMLUNG	THE COLLECTION	Gathering Together [Massing]	Primera línea poco alineada (Jaccard 0%). | Solapamiento léxico bajo MT↔Baynes (0%).
46	nombre	pair	0%	0%	divergent	Divergente	DAS EMPORDRINGEN	THE UPRISING	Pushing Upward	Primera línea poco alineada (Jaccard 0%). | Solapamiento léxico bajo MT↔Baynes (0%).
47	nombre	pair	0%	0%	divergent	Divergente	DIE BEDRÄNGNIS	THE TROUBLE	Oppression (Exhaustion)	Primera línea poco alineada (Jaccard 0%). | Solapamiento léxico bajo MT↔Baynes (0%).
48	nombre	pair	33%	33%	moderate_align	Alineación moderada	DER BRUNNEN	THE FOUNTAIN	The Well	Solapamiento léxico moderado MT↔Baynes (33%).
49	nombre	pair	0%	0%	divergent	Divergente	DIE UMWÄLZUNG (DIE MAUSERUNG)	THE TURNING (THE MOULTURING)	Revolution (Molting)	Primera línea poco alineada (Jaccard 0%). | Solapamiento léxico bajo MT↔Baynes (0%).
50	nombre	pair	33%	33%	moderate_align	Alineación moderada	DER TIEGEL	THE CRUCIAL	The Caldron	Primera línea poco alineada (Jaccard 33%). | Solapamiento léxico moderado MT↔Baynes (33%).
51	nombre	pair	20%	20%	weak_align	Alineación débil	DAS ERREGENDE	THE EXCITING	The Arousing (Shock, Thunder)	Primera línea poco alineada (Jaccard 20%). | Solapamiento léxico moderado MT↔Baynes (20%).
52	nombre	pair	75%	75%	strong_align	Alineación fuerte	DAS STILLEHALTEN, DER BERG	THE KEEPING STILL, THE MOUNTAIN	Keeping Still, Mountain	Primera línea alineada (Jaccard 75%). | Solapamiento léxico alto MT↔Baynes (75%).
53	nombre	pair	25%	25%	moderate_align	Alineación moderada	DIE ENTWICKLUNG	THE DEVELOPMENT	Development (Gradual Progress)	Primera línea poco alineada (Jaccard 25%). | Solapamiento léxico moderado MT↔Baynes (25%).
54	nombre	pair	50%	50%	strong_align	Alineación fuerte	DAS HEIRATENDE MÄDCHEN	THE MARRYING GIRL	The Marrying Maiden	Primera línea alineada (Jaccard 50%). | Solapamiento léxico alto MT↔Baynes (50%).
55	nombre	pair	33%	33%	moderate_align	Alineación moderada	DIE FÜLLE	THE FULLNESS	Abundance [Fullness]	Primera línea poco alineada (Jaccard 33%). | Solapamiento léxico moderado MT↔Baynes (33%).
56	nombre	pair	33%	33%	moderate_align	Alineación moderada	DER WANDERER	THE HIKER	The Wanderer	Primera línea poco alineada (Jaccard 33%). | Solapamiento léxico moderado MT↔Baynes (33%).
57	nombre	pair	50%	50%	strong_align	Alineación fuerte	DAS SANFTE	THE GENTLE	The Gentle (Penetrating, Wind)	Primera línea alineada (Jaccard 50%). | Solapamiento léxico alto MT↔Baynes (50%).
58	nombre	pair	40%	40%	moderate_align	Alineación moderada	DAS HEITERE, DER SEE	THE SERIOUS THING, THE LAKE	The Joyous, Lake	Primera línea alineada (Jaccard 40%). | Solapamiento léxico moderado MT↔Baynes (40%).
59	nombre	pair	33%	33%	moderate_align	Alineación moderada	DIE AUFLÖSUNG	THE DISSOLUTION	Dispersion [Dissolution]	Primera línea poco alineada (Jaccard 33%). | Solapamiento léxico moderado MT↔Baynes (33%).
60	nombre	pair	50%	50%	strong_align	Alineación fuerte	DIE BESCHRÄNKUNG	THE LIMITATION	Limitation	Primera línea alineada (Jaccard 50%). | Solapamiento léxico alto MT↔Baynes (50%).
61	nombre	pair	100%	100%	strong_align	Alineación fuerte	INNERE WAHRHEIT	INNER TRUTH	Inner Truth	Primera línea alineada (Jaccard 100%). | Solapamiento léxico alto MT↔Baynes (100%).
62	nombre	pair	25%	25%	moderate_align	Alineación moderada	DES KLEINEN ÜBERGEWICHT	OF SMALL OVERWEIGHT	Preponderance of the Small	Primera línea poco alineada (Jaccard 25%). | Solapamiento léxico moderado MT↔Baynes (25%).
63	nombre	pair	100%	100%	strong_align	Alineación fuerte	NACH DER VOLLENDUNG	AFTER COMPLETION	After Completion	Primera línea alineada (Jaccard 100%). | Solapamiento léxico alto MT↔Baynes (100%).
64	nombre	pair	100%	100%	strong_align	Alineación fuerte	VOR DER VOLLENDUNG	BEFORE COMPLETION	Before Completion	Primera línea alineada (Jaccard 100%). | Solapamiento léxico alto MT↔Baynes (100%).
1	chinese	pair			mt_failed	MT falló	乾		乾	Traducción automática vacía o no disponible en caché.
2	chinese	pair			mt_failed	MT falló	坤		坤	Traducción automática vacía o no disponible en caché.
3	chinese	pair			mt_failed	MT falló	屯		屯	Traducción automática vacía o no disponible en caché.
4	chinese	pair			mt_failed	MT falló	蒙		蒙	Traducción automática vacía o no disponible en caché.
5	chinese	pair			mt_failed	MT falló	需		需	Traducción automática vacía o no disponible en caché.
6	chinese	pair			mt_failed	MT falló	訟		訟	Traducción automática vacía o no disponible en caché.
7	chinese	pair			mt_failed	MT falló	師		師	Traducción automática vacía o no disponible en caché.
8	chinese	pair			mt_failed	MT falló	比		比	Traducción automática vacía o no disponible en caché.
9	chinese	pair			mt_failed	MT falló	小畜		小畜	Traducción automática vacía o no disponible en caché.
10	chinese	pair			mt_failed	MT falló	履		履	Traducción automática vacía o no disponible en caché.
11	chinese	pair			mt_failed	MT falló	泰		泰	Traducción automática vacía o no disponible en caché.
12	chinese	pair			mt_failed	MT falló	否		否	Traducción automática vacía o no disponible en caché.
13	chinese	pair			mt_failed	MT falló	同人		同人	Traducción automática vacía o no disponible en caché.
14	chinese	pair			mt_failed	MT falló	大有		大有	Traducción automática vacía o no disponible en caché.
15	chinese	pair			mt_failed	MT falló	謙		謙	Traducción automática vacía o no disponible en caché.
16	chinese	pair			mt_failed	MT falló	豫		豫	Traducción automática vacía o no disponible en caché.
17	chinese	pair			mt_failed	MT falló	隨		隨	Traducción automática vacía o no disponible en caché.
18	chinese	pair			mt_failed	MT falló	蠱		蠱	Traducción automática vacía o no disponible en caché.
19	chinese	pair			mt_failed	MT falló	臨		臨	Traducción automática vacía o no disponible en caché.
20	chinese	pair			mt_failed	MT falló	觀		觀	Traducción automática vacía o no disponible en caché.
21	chinese	pair			mt_failed	MT falló	噬嗑		噬嗑	Traducción automática vacía o no disponible en caché.
22	chinese	pair			mt_failed	MT falló	賁		賁	Traducción automática vacía o no disponible en caché.
23	chinese	pair			mt_failed	MT falló	剝		剝	Traducción automática vacía o no disponible en caché.
24	chinese	pair			mt_failed	MT falló	復		復	Traducción automática vacía o no disponible en caché.
25	chinese	pair			mt_failed	MT falló	無妄		無妄	Traducción automática vacía o no disponible en caché.
26	chinese	pair			mt_failed	MT falló	大畜		大畜	Traducción automática vacía o no disponible en caché.
27	chinese	pair			mt_failed	MT falló	頤		頤	Traducción automática vacía o no disponible en caché.
28	chinese	pair			mt_failed	MT falló	大過		大過	Traducción automática vacía o no disponible en caché.
29	chinese	pair			mt_failed	MT falló	坎		坎	Traducción automática vacía o no disponible en caché.
30	chinese	pair			mt_failed	MT falló	離		離	Traducción automática vacía o no disponible en caché.
31	chinese	pair			mt_failed	MT falló	咸		咸	Traducción automática vacía o no disponible en caché.
32	chinese	pair			mt_failed	MT falló	恆		恆	Traducción automática vacía o no disponible en caché.
33	chinese	pair			mt_failed	MT falló	遯		遯	Traducción automática vacía o no disponible en caché.
34	chinese	pair			mt_failed	MT falló	大壯		大壯	Traducción automática vacía o no disponible en caché.
35	chinese	pair			mt_failed	MT falló	晉		晉	Traducción automática vacía o no disponible en caché.
36	chinese	pair			mt_failed	MT falló	明夷		明夷	Traducción automática vacía o no disponible en caché.
37	chinese	pair			mt_failed	MT falló	家人		家人	Traducción automática vacía o no disponible en caché.
38	chinese	pair			mt_failed	MT falló	睽		睽	Traducción automática vacía o no disponible en caché.
39	chinese	pair			mt_failed	MT falló	蹇		蹇	Traducción automática vacía o no disponible en caché.
40	chinese	pair			mt_failed	MT falló	解		解	Traducción automática vacía o no disponible en caché.
41	chinese	pair			mt_failed	MT falló	損		損	Traducción automática vacía o no disponible en caché.
42	chinese	pair			mt_failed	MT falló	益		益	Traducción automática vacía o no disponible en caché.
43	chinese	pair			mt_failed	MT falló	夬		夬	Traducción automática vacía o no disponible en caché.
44	chinese	pair			mt_failed	MT falló	姤		姤	Traducción automática vacía o no disponible en caché.
45	chinese	pair			mt_failed	MT falló	萃		萃	Traducción automática vacía o no disponible en caché.
46	chinese	pair			mt_failed	MT falló	升		升	Traducción automática vacía o no disponible en caché.
47	chinese	pair			mt_failed	MT falló	困		困	Traducción automática vacía o no disponible en caché.
48	chinese	pair			mt_failed	MT falló	井		井	Traducción automática vacía o no disponible en caché.
49	chinese	pair			mt_failed	MT falló	革		革	Traducción automática vacía o no disponible en caché.
50	chinese	pair			mt_failed	MT falló	鼎		鼎	Traducción automática vacía o no disponible en caché.
51	chinese	pair			mt_failed	MT falló	震		震	Traducción automática vacía o no disponible en caché.
52	chinese	pair			mt_failed	MT falló	艮		艮	Traducción automática vacía o no disponible en caché.
53	chinese	pair			mt_failed	MT falló	漸		漸	Traducción automática vacía o no disponible en caché.
54	chinese	pair			mt_failed	MT falló	歸妹		歸妹	Traducción automática vacía o no disponible en caché.
55	chinese	pair			mt_failed	MT falló	豐		豐	Traducción automática vacía o no disponible en caché.
56	chinese	pair			mt_failed	MT falló	旅		旅	Traducción automática vacía o no disponible en caché.
57	chinese	pair			mt_failed	MT falló	巽		巽	Traducción automática vacía o no disponible en caché.
58	chinese	pair			mt_failed	MT falló	兌		兌	Traducción automática vacía o no disponible en caché.
59	chinese	pair			mt_failed	MT falló	渙		渙	Traducción automática vacía o no disponible en caché.
60	chinese	pair			mt_failed	MT falló	節		節	Traducción automática vacía o no disponible en caché.
61	chinese	pair			mt_failed	MT falló	中孚		中孚	Traducción automática vacía o no disponible en caché.
62	chinese	pair			mt_failed	MT falló	小過		小過	Traducción automática vacía o no disponible en caché.
63	chinese	pair			mt_failed	MT falló	既濟		既濟	Traducción automática vacía o no disponible en caché.
64	chinese	pair			mt_failed	MT falló	未濟		未濟	Traducción automática vacía o no disponible en caché.
1	chinese_roman	pair	0%	0%	divergent	Divergente	Kiën	Kiën	Ch'ien	Solapamiento léxico bajo MT↔Baynes (0%).
2	chinese_roman	pair	0%	0%	divergent	Divergente	Kun	Kun	K'un	Solapamiento léxico bajo MT↔Baynes (0%).
3	chinese_roman	pair	0%	0%	divergent	Divergente	Dschun	Jun	Chun	Solapamiento léxico bajo MT↔Baynes (0%).
4	chinese_roman	pair	0%	0%	divergent	Divergente	Mong	Mong	Mêng	Solapamiento léxico bajo MT↔Baynes (0%).
5	chinese_roman	pair	0%	0%	divergent	Divergente	Sü	Su	Hsü	Solapamiento léxico bajo MT↔Baynes (0%).
6	chinese_roman	pair	100%	100%	strong_align	Alineación fuerte	Sung	Sung	Sung	Primera línea alineada (Jaccard 100%). | Solapamiento léxico alto MT↔Baynes (100%).
7	chinese_roman	pair	0%	0%	divergent	Divergente	Schï	Ski	Shih	Solapamiento léxico bajo MT↔Baynes (0%).
8	chinese_roman	pair	100%	100%	strong_align	Alineación fuerte	Bi	Bi	Pi	Primera línea alineada (Jaccard 100%). | Solapamiento léxico alto MT↔Baynes (100%).
9	chinese_roman	pair	0%	0%	divergent	Divergente	Siau Tschu	Siau choo	Hsiao Ch'u	Solapamiento léxico bajo MT↔Baynes (0%).
10	chinese_roman	pair	100%	100%	strong_align	Alineación fuerte	Lü	Lu	Lü	Primera línea alineada (Jaccard 100%). | Solapamiento léxico alto MT↔Baynes (100%).
11	chinese_roman	pair	0%	0%	divergent	Divergente	Tai	Tai	T'ai	Solapamiento léxico bajo MT↔Baynes (0%).
12	chinese_roman	pair	100%	100%	strong_align	Alineación fuerte	Pi	pi	P'i	Primera línea alineada (Jaccard 100%). | Solapamiento léxico alto MT↔Baynes (100%).
13	chinese_roman	pair	33%	33%	moderate_align	Alineación moderada	Tung Jen	Tung Jen	T'ung Jên	Solapamiento léxico moderado MT↔Baynes (33%).
14	chinese_roman	pair	100%	100%	strong_align	Alineación fuerte	Da Yu	Da Yu	Ta Yu	Primera línea alineada (Jaccard 100%). | Solapamiento léxico alto MT↔Baynes (100%).
15	chinese_roman	pair	0%	0%	divergent	Divergente	Kiën	Kiën	Ch'ien	Solapamiento léxico bajo MT↔Baynes (0%).
16	chinese_roman	pair	100%	100%	strong_align	Alineación fuerte	Yü	Yu	Yü	Primera línea alineada (Jaccard 100%). | Solapamiento léxico alto MT↔Baynes (100%).
17	chinese_roman	pair	100%	100%	strong_align	Alineación fuerte	Sui	Sui	Sui	Primera línea alineada (Jaccard 100%). | Solapamiento léxico alto MT↔Baynes (100%).
18	chinese_roman	pair	100%	100%	strong_align	Alineación fuerte	Gu	Gu	Ku	Primera línea alineada (Jaccard 100%). | Solapamiento léxico alto MT↔Baynes (100%).
19	chinese_roman	pair	100%	100%	strong_align	Alineación fuerte	Lin	Lin	Lin	Primera línea alineada (Jaccard 100%). | Solapamiento léxico alto MT↔Baynes (100%).
20	chinese_roman	pair	0%	0%	divergent	Divergente	Guan	Guan	Kuan	Solapamiento léxico bajo MT↔Baynes (0%).
21	chinese_roman	pair	0%	0%	divergent	Divergente	Schï Ho	Shi Ho	Shih Ho	Solapamiento léxico bajo MT↔Baynes (0%).
22	chinese_roman	pair	100%	100%	strong_align	Alineación fuerte	Bi	Bi	Pi	Primera línea alineada (Jaccard 100%). | Solapamiento léxico alto MT↔Baynes (100%).
23	chinese_roman	pair	100%	100%	strong_align	Alineación fuerte	Bo	Bo	Po	Primera línea alineada (Jaccard 100%). | Solapamiento léxico alto MT↔Baynes (100%).
24	chinese_roman	pair	100%	100%	strong_align	Alineación fuerte	Fu	Fu	Fu	Primera línea alineada (Jaccard 100%). | Solapamiento léxico alto MT↔Baynes (100%).
25	chinese_roman	pair	100%	100%	strong_align	Alineación fuerte	Wu Wang	Wu Wang	Wu Wang	Primera línea alineada (Jaccard 100%). | Solapamiento léxico alto MT↔Baynes (100%).
26	chinese_roman	pair	0%	0%	divergent	Divergente	Da Tschu	There bye	Ta Ch'u	Solapamiento léxico bajo MT↔Baynes (0%).
27	chinese_roman	pair	100%	100%	strong_align	Alineación fuerte	I	I	I	Primera línea alineada (Jaccard 100%). | Solapamiento léxico alto MT↔Baynes (100%).
28	chinese_roman	pair	0%	0%	divergent	Divergente	Da Go	Da Go	Ta Kuo	Solapamiento léxico bajo MT↔Baynes (0%).
29	chinese_roman	pair	0%	0%	divergent	Divergente	Kan	Kan	K'an	Solapamiento léxico bajo MT↔Baynes (0%).
30	chinese_roman	pair	100%	100%	strong_align	Alineación fuerte	Li	Li	Li	Primera línea alineada (Jaccard 100%). | Solapamiento léxico alto MT↔Baynes (100%).
31	chinese_roman	pair	0%	0%	divergent	Divergente	Hiën	Hiën	Hsien	Solapamiento léxico bajo MT↔Baynes (0%).
32	chinese_roman	pair	0%	0%	divergent	Divergente	Hong	Hong	Hêng	Solapamiento léxico bajo MT↔Baynes (0%).
33	chinese_roman	pair	0%	0%	divergent	Divergente	Dun	Dun	Tun	Solapamiento léxico bajo MT↔Baynes (0%).
34	chinese_roman	pair	100%	100%	strong_align	Alineación fuerte	Da Dschuang	Da Chuang	Ta Chuang	Primera línea alineada (Jaccard 100%). | Solapamiento léxico alto MT↔Baynes (100%).
35	chinese_roman	pair	0%	0%	divergent	Divergente	Dsin	Dsin	Chin	Solapamiento léxico bajo MT↔Baynes (0%).
36	chinese_roman	pair	100%	100%	strong_align	Alineación fuerte	Ming I	Ming I	Ming I	Primera línea alineada (Jaccard 100%). | Solapamiento léxico alto MT↔Baynes (100%).
37	chinese_roman	pair	33%	33%	moderate_align	Alineación moderada	Gia Jen	Gia Jen	Chia Jên	Solapamiento léxico moderado MT↔Baynes (33%).
38	chinese_roman	pair	0%	0%	divergent	Divergente	Kui	Kui	K'uei	Solapamiento léxico bajo MT↔Baynes (0%).
39	chinese_roman	pair	0%	0%	divergent	Divergente	Giën	Giën	Chien	Solapamiento léxico bajo MT↔Baynes (0%).
40	chinese_roman	pair	0%	0%	divergent	Divergente	Hië	Hie	Hsieh	Solapamiento léxico bajo MT↔Baynes (0%).
41	chinese_roman	pair	100%	100%	strong_align	Alineación fuerte	Sun	Sun	Sun	Primera línea alineada (Jaccard 100%). | Solapamiento léxico alto MT↔Baynes (100%).
42	chinese_roman	pair	100%	100%	strong_align	Alineación fuerte	I	I	I	Primera línea alineada (Jaccard 100%). | Solapamiento léxico alto MT↔Baynes (100%).
43	chinese_roman	pair	0%	0%	divergent	Divergente	Guai	Guai	Kuai	Solapamiento léxico bajo MT↔Baynes (0%).
44	chinese_roman	pair	0%	0%	divergent	Divergente	Gou	Gou	Kou	Solapamiento léxico bajo MT↔Baynes (0%).
45	chinese_roman	pair	0%	0%	divergent	Divergente	TSui	TSui	Ts'ui	Solapamiento léxico bajo MT↔Baynes (0%).
46	chinese_roman	pair	0%	0%	divergent	Divergente	Schong	Nice	Shêng	Solapamiento léxico bajo MT↔Baynes (0%).
47	chinese_roman	pair	0%	0%	divergent	Divergente	Kun	Kun	K'un	Solapamiento léxico bajo MT↔Baynes (0%).
48	chinese_roman	pair	0%	0%	divergent	Divergente	Dsing	Dsing	Ching	Solapamiento léxico bajo MT↔Baynes (0%).
49	chinese_roman	pair	100%	100%	strong_align	Alineación fuerte	Go	Go	Ko	Primera línea alineada (Jaccard 100%). | Solapamiento léxico alto MT↔Baynes (100%).
50	chinese_roman	pair	0%	0%	divergent	Divergente	Ding	thing	Ting	Solapamiento léxico bajo MT↔Baynes (0%).
51	chinese_roman	pair	0%	0%	divergent	Divergente	Dschen	Dschen	Chên	Solapamiento léxico bajo MT↔Baynes (0%).
52	chinese_roman	pair	0%	0%	divergent	Divergente	Gen	gene	Kên	Solapamiento léxico bajo MT↔Baynes (0%).
53	chinese_roman	pair	0%	0%	divergent	Divergente	Dsien	Dsien	Chien	Solapamiento léxico bajo MT↔Baynes (0%).
54	chinese_roman	pair	0%	0%	divergent	Divergente	Gui me	Gui me	Kuei Mei	Solapamiento léxico bajo MT↔Baynes (0%).
55	chinese_roman	pair	0%	0%	divergent	Divergente	Fong	Fong	Fêng	Solapamiento léxico bajo MT↔Baynes (0%).
56	chinese_roman	pair	100%	100%	strong_align	Alineación fuerte	Lü	Lu	Lü	Primera línea alineada (Jaccard 100%). | Solapamiento léxico alto MT↔Baynes (100%).
57	chinese_roman	pair	100%	100%	strong_align	Alineación fuerte	Sun	Sun	Sun	Primera línea alineada (Jaccard 100%). | Solapamiento léxico alto MT↔Baynes (100%).
58	chinese_roman	pair	0%	0%	divergent	Divergente	Dui	Dui	Tui	Solapamiento léxico bajo MT↔Baynes (0%).
59	chinese_roman	pair	100%	100%	strong_align	Alineación fuerte	Huan	Huan	Huan	Primera línea alineada (Jaccard 100%). | Solapamiento léxico alto MT↔Baynes (100%).
60	chinese_roman	pair	0%	0%	divergent	Divergente	Dsië	Dsië	Chieh	Solapamiento léxico bajo MT↔Baynes (0%).
61	chinese_roman	pair	0%	0%	divergent	Divergente	Dschung Fu	Jung Fu	Chung Fu	Solapamiento léxico bajo MT↔Baynes (0%).
62	chinese_roman	pair	0%	0%	divergent	Divergente	Siau Go	Siau Go	Hsiao Kuo	Solapamiento léxico bajo MT↔Baynes (0%).
63	chinese_roman	pair	0%	0%	divergent	Divergente	Gi Dsi	Gi Dsi	Chi Chi	Solapamiento léxico bajo MT↔Baynes (0%).
64	chinese_roman	pair	0%	0%	divergent	Divergente	We Dsi	We Dsi	Wei Chi	Solapamiento léxico bajo MT↔Baynes (0%).
1	hex_font	pair			mt_failed	MT falló	䷀		䷀	Traducción automática vacía o no disponible en caché.
2	hex_font	pair			mt_failed	MT falló	䷁		䷁	Traducción automática vacía o no disponible en caché.
3	hex_font	pair			mt_failed	MT falló	䷂		䷂	Traducción automática vacía o no disponible en caché.
4	hex_font	pair			mt_failed	MT falló	䷃		䷃	Traducción automática vacía o no disponible en caché.
5	hex_font	pair			mt_failed	MT falló	䷄		䷄	Traducción automática vacía o no disponible en caché.
6	hex_font	pair			mt_failed	MT falló	䷅		䷅	Traducción automática vacía o no disponible en caché.
7	hex_font	pair			mt_failed	MT falló	䷆		䷆	Traducción automática vacía o no disponible en caché.
8	hex_font	pair			mt_failed	MT falló	䷇		䷇	Traducción automática vacía o no disponible en caché.
9	hex_font	pair			mt_failed	MT falló	䷈		䷈	Traducción automática vacía o no disponible en caché.
10	hex_font	pair			mt_failed	MT falló	䷉		䷉	Traducción automática vacía o no disponible en caché.
11	hex_font	pair			mt_failed	MT falló	䷊		䷊	Traducción automática vacía o no disponible en caché.
12	hex_font	pair			mt_failed	MT falló	䷋		䷋	Traducción automática vacía o no disponible en caché.
13	hex_font	pair			mt_failed	MT falló	䷌		䷌	Traducción automática vacía o no disponible en caché.
14	hex_font	pair			mt_failed	MT falló	䷍		䷍	Traducción automática vacía o no disponible en caché.
15	hex_font	pair			mt_failed	MT falló	䷎		䷎	Traducción automática vacía o no disponible en caché.
16	hex_font	pair			mt_failed	MT falló	䷏		䷏	Traducción automática vacía o no disponible en caché.
17	hex_font	pair			mt_failed	MT falló	䷐		䷐	Traducción automática vacía o no disponible en caché.
18	hex_font	pair			mt_failed	MT falló	䷑		䷑	Traducción automática vacía o no disponible en caché.
19	hex_font	pair			mt_failed	MT falló	䷒		䷒	Traducción automática vacía o no disponible en caché.
20	hex_font	pair			mt_failed	MT falló	䷓		䷓	Traducción automática vacía o no disponible en caché.
21	hex_font	pair			mt_failed	MT falló	䷔		䷔	Traducción automática vacía o no disponible en caché.
22	hex_font	pair			mt_failed	MT falló	䷕		䷕	Traducción automática vacía o no disponible en caché.
23	hex_font	pair			mt_failed	MT falló	䷖		䷖	Traducción automática vacía o no disponible en caché.
24	hex_font	pair			mt_failed	MT falló	䷗		䷗	Traducción automática vacía o no disponible en caché.
25	hex_font	pair			mt_failed	MT falló	䷘		䷘	Traducción automática vacía o no disponible en caché.
26	hex_font	pair			mt_failed	MT falló	䷙		䷙	Traducción automática vacía o no disponible en caché.
27	hex_font	pair			mt_failed	MT falló	䷚		䷚	Traducción automática vacía o no disponible en caché.
28	hex_font	pair			mt_failed	MT falló	䷛		䷛	Traducción automática vacía o no disponible en caché.
29	hex_font	pair			mt_failed	MT falló	䷜		䷜	Traducción automática vacía o no disponible en caché.
30	hex_font	pair			mt_failed	MT falló	䷝		䷝	Traducción automática vacía o no disponible en caché.
31	hex_font	pair			mt_failed	MT falló	䷞		䷞	Traducción automática vacía o no disponible en caché.
32	hex_font	pair			mt_failed	MT falló	䷟		䷟	Traducción automática vacía o no disponible en caché.
33	hex_font	pair			mt_failed	MT falló	䷠		䷠	Traducción automática vacía o no disponible en caché.
34	hex_font	pair			mt_failed	MT falló	䷡		䷡	Traducción automática vacía o no disponible en caché.
35	hex_font	pair			mt_failed	MT falló	䷢		䷢	Traducción automática vacía o no disponible en caché.
36	hex_font	pair			mt_failed	MT falló	䷣		䷣	Traducción automática vacía o no disponible en caché.
37	hex_font	pair			mt_failed	MT falló	䷤		䷤	Traducción automática vacía o no disponible en caché.
38	hex_font	pair			mt_failed	MT falló	䷥		䷥	Traducción automática vacía o no disponible en caché.
39	hex_font	pair			mt_failed	MT falló	䷦		䷦	Traducción automática vacía o no disponible en caché.
40	hex_font	pair			mt_failed	MT falló	䷧		䷧	Traducción automática vacía o no disponible en caché.
41	hex_font	pair			mt_failed	MT falló	䷨		䷨	Traducción automática vacía o no disponible en caché.
42	hex_font	pair			mt_failed	MT falló	䷩		䷩	Traducción automática vacía o no disponible en caché.
43	hex_font	pair			mt_failed	MT falló	䷪		䷪	Traducción automática vacía o no disponible en caché.
44	hex_font	pair			mt_failed	MT falló	䷫		䷫	Traducción automática vacía o no disponible en caché.
45	hex_font	pair			mt_failed	MT falló	䷬		䷬	Traducción automática vacía o no disponible en caché.
46	hex_font	pair			mt_failed	MT falló	䷭		䷭	Traducción automática vacía o no disponible en caché.
47	hex_font	pair			mt_failed	MT falló	䷮		䷮	Traducción automática vacía o no disponible en caché.
48	hex_font	pair			mt_failed	MT falló	䷯		䷯	Traducción automática vacía o no disponible en caché.
49	hex_font	pair			mt_failed	MT falló	䷰		䷰	Traducción automática vacía o no disponible en caché.
50	hex_font	pair			mt_failed	MT falló	䷱		䷱	Traducción automática vacía o no disponible en caché.
51	hex_font	pair			mt_failed	MT falló	䷲		䷲	Traducción automática vacía o no disponible en caché.
52	hex_font	pair			mt_failed	MT falló	䷳		䷳	Traducción automática vacía o no disponible en caché.
53	hex_font	pair			mt_failed	MT falló	䷴		䷴	Traducción automática vacía o no disponible en caché.
54	hex_font	pair			mt_failed	MT falló	䷵		䷵	Traducción automática vacía o no disponible en caché.
55	hex_font	pair			mt_failed	MT falló	䷶		䷶	Traducción automática vacía o no disponible en caché.
56	hex_font	pair			mt_failed	MT falló	䷷		䷷	Traducción automática vacía o no disponible en caché.
57	hex_font	pair			mt_failed	MT falló	䷸		䷸	Traducción automática vacía o no disponible en caché.
58	hex_font	pair			mt_failed	MT falló	䷹		䷹	Traducción automática vacía o no disponible en caché.
59	hex_font	pair			mt_failed	MT falló	䷺		䷺	Traducción automática vacía o no disponible en caché.
60	hex_font	pair			mt_failed	MT falló	䷻		䷻	Traducción automática vacía o no disponible en caché.
61	hex_font	pair			mt_failed	MT falló	䷼		䷼	Traducción automática vacía o no disponible en caché.
62	hex_font	pair			mt_failed	MT falló	䷽		䷽	Traducción automática vacía o no disponible en caché.
63	hex_font	pair			mt_failed	MT falló	䷾		䷾	Traducción automática vacía o no disponible en caché.
64	hex_font	pair			mt_failed	MT falló	䷿		䷿	Traducción automática vacía o no disponible en caché.
1	trigrama_arriba	pair	43%	43%	moderate_align	Alineación moderada	oben Kiën, das Schöpferische, der Himmel	above Kiën, the creative, the sky	above CH'IEN THE CREATIVE, HEAVEN	Primera línea alineada (Jaccard 43%). | Solapamiento léxico moderado MT↔Baynes (43%).
2	trigrama_arriba	pair	50%	50%	strong_align	Alineación fuerte	oben Kun, das Empfangende, die Erde	above Kun, the receiving, the earth	above K'UN THE RECEPTIVE, EARTH	Primera línea alineada (Jaccard 50%). | Solapamiento léxico alto MT↔Baynes (50%).
3	trigrama_arriba	pair	50%	50%	strong_align	Alineación fuerte	oben Kan, das Abgründige, das Wasser	above Kan, the abyssal, the water	above K'AN THE ABYSMAL, WATER	Primera línea alineada (Jaccard 50%). | Solapamiento léxico alto MT↔Baynes (50%).
4	trigrama_arriba	pair	57%	57%	strong_align	Alineación fuerte	oben Gen, das Stillehalten, der Berg	above Gen, keeping still, the mountain	above KêN KEEPING STILL, MOUNTAIN	Primera línea alineada (Jaccard 57%). | Solapamiento léxico alto MT↔Baynes (57%).
5	trigrama_arriba	pair	60%	60%	strong_align	Alineación fuerte	oben das Abgründige, das Wasser	above the abyssal, the water	above K'AN THE ABYSMAL, WATER	Primera línea alineada (Jaccard 60%). | Solapamiento léxico alto MT↔Baynes (60%).
6	trigrama_arriba	pair	43%	43%	moderate_align	Alineación moderada	oben Kiën, das Schöpferische, der Himmel	above Kiën, the creative, the sky	above CH'IEN THE CREATIVE, HEAVEN	Primera línea alineada (Jaccard 43%). | Solapamiento léxico moderado MT↔Baynes (43%).
7	trigrama_arriba	pair	50%	50%	strong_align	Alineación fuerte	oben Kun, das Empfangende, die Erde	above Kun, the receiving, the earth	above K'UN THE RECEPTIVE, EARTH	Primera línea alineada (Jaccard 50%). | Solapamiento léxico alto MT↔Baynes (50%).
8	trigrama_arriba	pair	50%	50%	strong_align	Alineación fuerte	oben Kan, das Abgründige, das Wasser	above Kan, the abyssal, the water	above K'AN THE ABYSMAL, WATER	Primera línea alineada (Jaccard 50%). | Solapamiento léxico alto MT↔Baynes (50%).
9	trigrama_arriba	pair	100%	100%	strong_align	Alineación fuerte	oben Sun, das Sanfte, der Wind	above Sun, the gentle, the wind	above SUN THE GENTLE, WIND	Primera línea alineada (Jaccard 100%). | Solapamiento léxico alto MT↔Baynes (100%).
10	trigrama_arriba	pair	43%	43%	moderate_align	Alineación moderada	oben Kiën, das Schöpferische, der Himmel	above Kiën, the creative, the sky	above CH'IEN THE CREATIVE, HEAVEN	Primera línea alineada (Jaccard 43%). | Solapamiento léxico moderado MT↔Baynes (43%).
11	trigrama_arriba	pair	50%	50%	strong_align	Alineación fuerte	oben Kun, das Empfangende, die Erde	above Kun, the receiving, the earth	above K'UN THE RECEPTIVE, EARTH	Primera línea alineada (Jaccard 50%). | Solapamiento léxico alto MT↔Baynes (50%).
12	trigrama_arriba	pair	43%	43%	moderate_align	Alineación moderada	oben Kiën, das Schöpferische, der Himmel	above Kiën, the creative, the sky	above CH'IEN THE CREATIVE, HEAVEN	Primera línea alineada (Jaccard 43%). | Solapamiento léxico moderado MT↔Baynes (43%).
13	trigrama_arriba	pair	43%	43%	moderate_align	Alineación moderada	oben Kiën, das Schöpferische, der Himmel	above Kiën, the creative, the sky	above CH'IEN THE CREATIVE, HEAVEN	Primera línea alineada (Jaccard 43%). | Solapamiento léxico moderado MT↔Baynes (43%).
14	trigrama_arriba	pair	100%	100%	strong_align	Alineación fuerte	oben Li, das Haftende, die Flamme	above Li, the clinging, the flame	above LI THE CLINGING, FLAME	Primera línea alineada (Jaccard 100%). | Solapamiento léxico alto MT↔Baynes (100%).
15	trigrama_arriba	pair	50%	50%	strong_align	Alineación fuerte	oben Kun, das Empfangende, die Erde	above Kun, the receiving, the earth	above K'UN THE RECEPTIVE, EARTH	Primera línea alineada (Jaccard 50%). | Solapamiento léxico alto MT↔Baynes (50%).
16	trigrama_arriba	pair	38%	38%	moderate_align	Alineación moderada	oben Dschen, das Erregende, der Donner	Above, Dschen, the exciting thing, the thunder	above CHêN THE AROUSING, THUNDER	Primera línea alineada (Jaccard 38%). | Solapamiento léxico moderado MT↔Baynes (38%).
17	trigrama_arriba	pair	43%	43%	moderate_align	Alineación moderada	oben Dui, das Heitere, der See	above Dui, the cheerful, the lake	above TUI THE JOYOUS, LAKE	Primera línea alineada (Jaccard 43%). | Solapamiento léxico moderado MT↔Baynes (43%).
18	trigrama_arriba	pair	57%	57%	strong_align	Alineación fuerte	oben Gen, das Stillehalten, der Berg	above Gen, keeping still, the mountain	above Kên KEEPING STILL, MOUNTAIN	Primera línea alineada (Jaccard 57%). | Solapamiento léxico alto MT↔Baynes (57%).
19	trigrama_arriba	pair	50%	50%	strong_align	Alineación fuerte	oben Kun, das Empfangende, die Erde	above Kun, the receiving, the earth	above K'UN THE RECEPTIVE, EARTH	Primera línea alineada (Jaccard 50%). | Solapamiento léxico alto MT↔Baynes (50%).
20	trigrama_arriba	pair	100%	100%	strong_align	Alineación fuerte	oben Sun, das Sanfte, der Wind	above Sun, the gentle, the wind	above SUN THE GENTLE, WIND	Primera línea alineada (Jaccard 100%). | Solapamiento léxico alto MT↔Baynes (100%).
21	trigrama_arriba	pair	100%	100%	strong_align	Alineación fuerte	oben Li, das Haftende, das Feuer	above Li, the clinging, the fire	above LI THE CLINGING, FIRE	Primera línea alineada (Jaccard 100%). | Solapamiento léxico alto MT↔Baynes (100%).
22	trigrama_arriba	pair	57%	57%	strong_align	Alineación fuerte	oben Gen, das Stillehalten, der Berg	above Gen, keeping still, the mountain	above KêN KEEPING STILL, MOUNTAIN	Primera línea alineada (Jaccard 57%). | Solapamiento léxico alto MT↔Baynes (57%).
23	trigrama_arriba	pair	57%	57%	strong_align	Alineación fuerte	oben Gen, das Stillehalten, der Berg	above Gen, keeping still, the mountain	above KêN KEEPING STILL, MOUNTAIN	Primera línea alineada (Jaccard 57%). | Solapamiento léxico alto MT↔Baynes (57%).
24	trigrama_arriba	pair	50%	50%	strong_align	Alineación fuerte	oben Kun, das Empfangende, die Erde	above Kun, the receiving, the earth	above K'UN THE RECEPTIVE, EARTH	Primera línea alineada (Jaccard 50%). | Solapamiento léxico alto MT↔Baynes (50%).
25	trigrama_arriba	pair	43%	43%	moderate_align	Alineación moderada	oben Kiën, das Schöpferische, der Himmel	above Kiën, the creative, the sky	above CH'IEN THE CREATIVE, HEAVEN	Primera línea alineada (Jaccard 43%). | Solapamiento léxico moderado MT↔Baynes (43%).
26	trigrama_arriba	pair	57%	57%	strong_align	Alineación fuerte	oben Gen, das Stillehalten, der Berg	above Gen, keeping still, the mountain	above KêN KEEPING STILL, MOUNTAIN	Primera línea alineada (Jaccard 57%). | Solapamiento léxico alto MT↔Baynes (57%).
27	trigrama_arriba	pair	57%	57%	strong_align	Alineación fuerte	oben Gen, das Stillehalten, der Berg	above Gen, keeping still, the mountain	above KêN KEEPING STILL, MOUNTAIN	Primera línea alineada (Jaccard 57%). | Solapamiento léxico alto MT↔Baynes (57%).
28	trigrama_arriba	pair	43%	43%	moderate_align	Alineación moderada	oben Dui, das Heitere, der See	above Dui, the cheerful, the lake	above TUI THE JOYOUS, LAKE	Primera línea alineada (Jaccard 43%). | Solapamiento léxico moderado MT↔Baynes (43%).
29	trigrama_arriba	pair	50%	50%	strong_align	Alineación fuerte	oben Kan, das Abgründige, das Wasser	above Kan, the abyssal, the water	above K'AN THE ABYSMAL, WATER	Primera línea alineada (Jaccard 50%). | Solapamiento léxico alto MT↔Baynes (50%).
30	trigrama_arriba	pair	100%	100%	strong_align	Alineación fuerte	oben Li, das Haftende, das Feuer	above Li, the clinging, the fire	above LI THE CLINGING, FIRE	Primera línea alineada (Jaccard 100%). | Solapamiento léxico alto MT↔Baynes (100%).
31	trigrama_arriba	pair	43%	43%	moderate_align	Alineación moderada	oben Dui, das Heitere, der See	above Dui, the cheerful, the lake	above TUI THE JOYOUS, LAKE	Primera línea alineada (Jaccard 43%). | Solapamiento léxico moderado MT↔Baynes (43%).
32	trigrama_arriba	pair	38%	38%	moderate_align	Alineación moderada	oben Dschen, das Erregende, der Donner	Above, Dschen, the exciting thing, the thunder	above CHEN THE AROUSING, THUNDER	Primera línea alineada (Jaccard 38%). | Solapamiento léxico moderado MT↔Baynes (38%).
33	trigrama_arriba	pair	43%	43%	moderate_align	Alineación moderada	oben Kiën, das Schöpferische, der Himmel	above Kiën, the creative, the sky	above CH'IEN THE CREATIVE, HEAVEN	Primera línea alineada (Jaccard 43%). | Solapamiento léxico moderado MT↔Baynes (43%).
34	trigrama_arriba	pair	38%	38%	moderate_align	Alineación moderada	oben Dschen, das Erregende, der Donner	Above, Dschen, the exciting thing, the thunder	above CHêN THE AROUSING, THUNDER	Primera línea alineada (Jaccard 38%). | Solapamiento léxico moderado MT↔Baynes (38%).
35	trigrama_arriba	pair	100%	100%	strong_align	Alineación fuerte	oben Li, das Haftende, das Feuer	above Li, the clinging, the fire	above LI THE CLINGING, FIRE	Primera línea alineada (Jaccard 100%). | Solapamiento léxico alto MT↔Baynes (100%).
36	trigrama_arriba	pair	50%	50%	strong_align	Alineación fuerte	oben Kun, das Empfangende, die Erde	above Kun, the receiving, the earth	above K'UN THE RECEPTIVE, EARTH	Primera línea alineada (Jaccard 50%). | Solapamiento léxico alto MT↔Baynes (50%).
37	trigrama_arriba	pair	100%	100%	strong_align	Alineación fuerte	oben Sun, das Sanfte, der Wind	above Sun, the gentle, the wind	above SUN THE GENTLE, WIND	Primera línea alineada (Jaccard 100%). | Solapamiento léxico alto MT↔Baynes (100%).
38	trigrama_arriba	pair	100%	100%	strong_align	Alineación fuerte	oben Li, das Haftende, die Flamme	above Li, the clinging, the flame	above LI THE CLINGING, FLAME	Primera línea alineada (Jaccard 100%). | Solapamiento léxico alto MT↔Baynes (100%).
39	trigrama_arriba	pair	50%	50%	strong_align	Alineación fuerte	oben Kan, das Abgründige, das Wasser	above Kan, the abyssal, the water	above K'AN THE ABYSMAL, WATER	Primera línea alineada (Jaccard 50%). | Solapamiento léxico alto MT↔Baynes (50%).
40	trigrama_arriba	pair	38%	38%	moderate_align	Alineación moderada	oben Dschen, das Erregende, der Donner	Above, Dschen, the exciting thing, the thunder	above CHêN THE AROUSING, THUNDER	Primera línea alineada (Jaccard 38%). | Solapamiento léxico moderado MT↔Baynes (38%).
41	trigrama_arriba	pair	57%	57%	strong_align	Alineación fuerte	oben Gen, das Stillehalten, der Berg	above Gen, keeping still, the mountain	above KêN KEEPING STILL, MOUNTAIN	Primera línea alineada (Jaccard 57%). | Solapamiento léxico alto MT↔Baynes (57%).
42	trigrama_arriba	pair	100%	100%	strong_align	Alineación fuerte	oben Sun, das Sanfte, der Wind	above Sun, the gentle, the wind	above SUN THE GENTLE, WIND	Primera línea alineada (Jaccard 100%). | Solapamiento léxico alto MT↔Baynes (100%).
43	trigrama_arriba	pair	43%	43%	moderate_align	Alineación moderada	oben Dui, das Heitere, der See	above Dui, the cheerful, the lake	above TUI THE JOYOUS, LAKE	Primera línea alineada (Jaccard 43%). | Solapamiento léxico moderado MT↔Baynes (43%).
44	trigrama_arriba	pair	43%	43%	moderate_align	Alineación moderada	oben Kiën, das Schöpferische, der Himmel	above Kiën, the creative, the sky	above CH'IEN THE CREATIVE, HEAVEN	Primera línea alineada (Jaccard 43%). | Solapamiento léxico moderado MT↔Baynes (43%).
45	trigrama_arriba	pair	43%	43%	moderate_align	Alineación moderada	oben Dui, das Heitere, der See	above Dui, the cheerful, the lake	above TUI THE JOYOUS, LAKE	Primera línea alineada (Jaccard 43%). | Solapamiento léxico moderado MT↔Baynes (43%).
46	trigrama_arriba	pair	50%	50%	strong_align	Alineación fuerte	oben Kun, das Empfangende, die Erde	above Kun, the receiving, the earth	above K'UN THE RECEPTIVE, EARTH	Primera línea alineada (Jaccard 50%). | Solapamiento léxico alto MT↔Baynes (50%).
47	trigrama_arriba	pair	43%	43%	moderate_align	Alineación moderada	oben Dui, das Heitere, der See	above Dui, the cheerful, the lake	above TUI THE JOYOUS, LAKE	Primera línea alineada (Jaccard 43%). | Solapamiento léxico moderado MT↔Baynes (43%).
48	trigrama_arriba	pair	50%	50%	strong_align	Alineación fuerte	oben Kan, das Abgründige, das Wasser	above Kan, the abyssal, the water	above K'AN THE ABYSMAL, WATER	Primera línea alineada (Jaccard 50%). | Solapamiento léxico alto MT↔Baynes (50%).
49	trigrama_arriba	pair	43%	43%	moderate_align	Alineación moderada	oben Dui, das Heitere, der See.	above Dui, the cheerful, the lake.	above TUI THE JOYOUS, LAKE	Primera línea alineada (Jaccard 43%). | Solapamiento léxico moderado MT↔Baynes (43%).
50	trigrama_arriba	pair	50%	50%	strong_align	Alineación fuerte	oben Li, das Haßende, das Feuer	above Li, the hating one, the fire	above LI THE CLINGING, FIRE	Primera línea alineada (Jaccard 50%). | Solapamiento léxico alto MT↔Baynes (50%).
51	trigrama_arriba	pair	38%	38%	moderate_align	Alineación moderada	oben Dschen, das Erregende, der Donner	Above, Dschen, the exciting thing, the thunder	above CHêN THE AROUSING, THUNDER	Primera línea alineada (Jaccard 38%). | Solapamiento léxico moderado MT↔Baynes (38%).
52	trigrama_arriba	pair	57%	57%	strong_align	Alineación fuerte	oben Gen, das Stillehalten, der Berg	above Gen, keeping still, the mountain	above KêN KEEPING STILL, MOUNTAIN	Primera línea alineada (Jaccard 57%). | Solapamiento léxico alto MT↔Baynes (57%).
53	trigrama_arriba	pair	100%	100%	strong_align	Alineación fuerte	oben Sun, das Sanfte, der Wind, das Holz	above Sun, the gentle, the wind, the wood	above SUN THE GENTLE, WIND, WOOD	Primera línea alineada (Jaccard 100%). | Solapamiento léxico alto MT↔Baynes (100%).
54	trigrama_arriba	pair	38%	38%	moderate_align	Alineación moderada	oben Dschen, das Erregende, der Donner	Above, Dschen, the exciting thing, the thunder	above CHêN THE AROUSING, THUNDER	Primera línea alineada (Jaccard 38%). | Solapamiento léxico moderado MT↔Baynes (38%).
55	trigrama_arriba	pair	38%	38%	moderate_align	Alineación moderada	oben Dschen, das Erregende, der Donner	Above, Dschen, the exciting thing, the thunder	above CHêN THE AROUSING, THUNDER	Primera línea alineada (Jaccard 38%). | Solapamiento léxico moderado MT↔Baynes (38%).
56	trigrama_arriba	pair	100%	100%	strong_align	Alineación fuerte	oben Li, das Haftende, das Feuer	above Li, the clinging, the fire	above LI THE CLINGING, FIRE	Primera línea alineada (Jaccard 100%). | Solapamiento léxico alto MT↔Baynes (100%).
57	trigrama_arriba	pair	100%	100%	strong_align	Alineación fuerte	oben Sun, das Sanfte, der Wind, das Holz	above Sun, the gentle, the wind, the wood	above SUN THE GENTLE, WIND, WOOD	Primera línea alineada (Jaccard 100%). | Solapamiento léxico alto MT↔Baynes (100%).
58	trigrama_arriba	pair	43%	43%	moderate_align	Alineación moderada	oben Dui, das Heitere, der See	above Dui, the cheerful, the lake	above TUI THE JOYOUS, LAKE	Primera línea alineada (Jaccard 43%). | Solapamiento léxico moderado MT↔Baynes (43%).
59	trigrama_arriba	pair	100%	100%	strong_align	Alineación fuerte	oben Sun, das Sanfte, der Wind	above Sun, the gentle, the wind	above SUN THE GENTLE, WIND	Primera línea alineada (Jaccard 100%). | Solapamiento léxico alto MT↔Baynes (100%).
60	trigrama_arriba	pair	50%	50%	strong_align	Alineación fuerte	oben Kan, das Abgründige, das Wasser	above Kan, the abyssal, the water	above K'AN THE ABYSMAL, WATER	Primera línea alineada (Jaccard 50%). | Solapamiento léxico alto MT↔Baynes (50%).
61	trigrama_arriba	pair	100%	100%	strong_align	Alineación fuerte	oben Sun, das Sanfte, der Wind	above Sun, the gentle, the wind	above SUN THE GENTLE, WIND	Primera línea alineada (Jaccard 100%). | Solapamiento léxico alto MT↔Baynes (100%).
62	trigrama_arriba	pair	38%	38%	moderate_align	Alineación moderada	oben Dschen, das Erregende, der Donner	Above, Dschen, the exciting thing, the thunder	above CHêN THE AROUSING, THUNDER	Primera línea alineada (Jaccard 38%). | Solapamiento léxico moderado MT↔Baynes (38%).
63	trigrama_arriba	pair	50%	50%	strong_align	Alineación fuerte	oben Kan, das Abgründige, das Wasser	above Kan, the abyssal, the water	above K'AN THE ABYSMAL, WATER	Primera línea alineada (Jaccard 50%). | Solapamiento léxico alto MT↔Baynes (50%).
64	trigrama_arriba	pair	100%	100%	strong_align	Alineación fuerte	oben Li, das Haftende, die Flamme	above Li, the clinging, the flame	above LI THE CLINGING, FLAME	Primera línea alineada (Jaccard 100%). | Solapamiento léxico alto MT↔Baynes (100%).
1	trigrama_abajo	pair	43%	43%	moderate_align	Alineación moderada	unten Kiën, das Schöpferische, der Himmel	below Kiën, the creative, the sky	below CH'IEN THE CREATIVE, HEAVEN	Primera línea alineada (Jaccard 43%). | Solapamiento léxico moderado MT↔Baynes (43%).
2	trigrama_abajo	pair	50%	50%	strong_align	Alineación fuerte	unten Kun, das Empfangende, die Erde	below Kun, the receiving, the earth	below K'UN THE RECEPTIVE, EARTH	Primera línea alineada (Jaccard 50%). | Solapamiento léxico alto MT↔Baynes (50%).
3	trigrama_abajo	pair	38%	38%	moderate_align	Alineación moderada	unten Dschen, das Erregende, der Donner	below, Dschen, the exciting thing, the thunder	below CHêN THE AROUSING, THUNDER	Primera línea alineada (Jaccard 38%). | Solapamiento léxico moderado MT↔Baynes (38%).
4	trigrama_abajo	pair	50%	50%	strong_align	Alineación fuerte	unten Kan, das Abgründige, das Wasser	below Kan, the abyssal, the water	below K'AN THE ABYSMAL, WATER	Primera línea alineada (Jaccard 50%). | Solapamiento léxico alto MT↔Baynes (50%).
5	trigrama_abajo	pair	50%	50%	strong_align	Alineación fuerte	unten das Schöpferische, der Himmel	below the creative, the sky	below CH'IEN THE CREATIVE, HEAVEN	Primera línea alineada (Jaccard 50%). | Solapamiento léxico alto MT↔Baynes (50%).
6	trigrama_abajo	pair	50%	50%	strong_align	Alineación fuerte	unten Kan, das Abgründige, das Wasser	below Kan, the abyssal, the water	below K'AN THE ABYSMAL, WATER	Primera línea alineada (Jaccard 50%). | Solapamiento léxico alto MT↔Baynes (50%).
7	trigrama_abajo	pair	50%	50%	strong_align	Alineación fuerte	unten Kan, das Abgründige, das Wasser	below Kan, the abyssal, the water	below K'AN THE ABYSMAL, WATER	Primera línea alineada (Jaccard 50%). | Solapamiento léxico alto MT↔Baynes (50%).
8	trigrama_abajo	pair	50%	50%	strong_align	Alineación fuerte	unten Kun, das Empfangende, die Erde	below Kun, the receiving, the earth	below K'UN THE RECEPTIVE, EARTH	Primera línea alineada (Jaccard 50%). | Solapamiento léxico alto MT↔Baynes (50%).
9	trigrama_abajo	pair	43%	43%	moderate_align	Alineación moderada	unten Kiën, das Schöpferische, der Himmel	below Kiën, the creative, the sky	below CH'IEN THE CREATIVE, HEAVEN	Primera línea alineada (Jaccard 43%). | Solapamiento léxico moderado MT↔Baynes (43%).
10	trigrama_abajo	pair	43%	43%	moderate_align	Alineación moderada	unten Dui, das Heitere, der See	below Dui, the cheerful, the lake	below TUI THE JOYOUS, LAKE	Primera línea alineada (Jaccard 43%). | Solapamiento léxico moderado MT↔Baynes (43%).
11	trigrama_abajo	pair	43%	43%	moderate_align	Alineación moderada	unten Kiën, das Schöpferische, der Himmel	below Kiën, the creative, the sky	below CH'IEN THE CREATIVE, HEAVEN	Primera línea alineada (Jaccard 43%). | Solapamiento léxico moderado MT↔Baynes (43%).
12	trigrama_abajo	pair	50%	50%	strong_align	Alineación fuerte	unten Kun, das Empfangende, die Erde	below Kun, the receiving, the earth	below K'UN THE RECEPTIVE, EARTH	Primera línea alineada (Jaccard 50%). | Solapamiento léxico alto MT↔Baynes (50%).
13	trigrama_abajo	pair	100%	100%	strong_align	Alineación fuerte	unten Li, das Haftende, die Flamme	below Li, the clinging, the flame	below LI THE CLINGING, FLAME	Primera línea alineada (Jaccard 100%). | Solapamiento léxico alto MT↔Baynes (100%).
14	trigrama_abajo	pair	43%	43%	moderate_align	Alineación moderada	unten Kiën, das Schöpferische, der Himmel	below Kiën, the creative, the sky	below CH'IEN THE CREATIVE, HEAVEN	Primera línea alineada (Jaccard 43%). | Solapamiento léxico moderado MT↔Baynes (43%).
15	trigrama_abajo	pair	57%	57%	strong_align	Alineación fuerte	unten Gen, das Stillehalten, der Berg	below Gen, keeping still, the mountain	below KEN KEEPING STILL, MOUNTAIN	Primera línea alineada (Jaccard 57%). | Solapamiento léxico alto MT↔Baynes (57%).
16	trigrama_abajo	pair	50%	50%	strong_align	Alineación fuerte	unten Kun, das Empfangende, die Erde	below Kun, the receiving, the earth	below K'UN THE RECEPTIVE, EARTH	Primera línea alineada (Jaccard 50%). | Solapamiento léxico alto MT↔Baynes (50%).
17	trigrama_abajo	pair	38%	38%	moderate_align	Alineación moderada	unten Dschen, das Erregende, der Donner	below, Dschen, the exciting thing, the thunder	below CHêN THE AROUSING, THUNDER	Primera línea alineada (Jaccard 38%). | Solapamiento léxico moderado MT↔Baynes (38%).
18	trigrama_abajo	pair	100%	100%	strong_align	Alineación fuerte	unten Sun, das Sanfte, der Wind	below Sun, the gentle, the wind	below Sun THE GENTLE, WIND	Primera línea alineada (Jaccard 100%). | Solapamiento léxico alto MT↔Baynes (100%).
19	trigrama_abajo	pair	43%	43%	moderate_align	Alineación moderada	unten Dui, das Heitere, der See	below Dui, the cheerful, the lake	below TUI THE JOYOUS, LAKE	Primera línea alineada (Jaccard 43%). | Solapamiento léxico moderado MT↔Baynes (43%).
20	trigrama_abajo	pair	50%	50%	strong_align	Alineación fuerte	unten Kun, das Empfangende, die Erde	below Kun, the receiving, the earth	below K'UN THE RECEPTIVE, EARTH	Primera línea alineada (Jaccard 50%). | Solapamiento léxico alto MT↔Baynes (50%).
21	trigrama_abajo	pair	38%	38%	moderate_align	Alineación moderada	unten Dschen, das Erregende, der Donner	below, Dschen, the exciting thing, the thunder	below CHêN THE AROUSING, THUNDER	Primera línea alineada (Jaccard 38%). | Solapamiento léxico moderado MT↔Baynes (38%).
22	trigrama_abajo	pair	100%	100%	strong_align	Alineación fuerte	unten Li, das Haftende, das Feuer	below Li, the clinging, the fire	below LI THE CLINGING, FIRE	Primera línea alineada (Jaccard 100%). | Solapamiento léxico alto MT↔Baynes (100%).
23	trigrama_abajo	pair	50%	50%	strong_align	Alineación fuerte	unten Kun, das Empfangende, die Erde	below Kun, the receiving, the earth	below K'UN THE RECEPTIVE, EARTH	Primera línea alineada (Jaccard 50%). | Solapamiento léxico alto MT↔Baynes (50%).
24	trigrama_abajo	pair	38%	38%	moderate_align	Alineación moderada	unten Dschen, das Erregende, der Donner	below, Dschen, the exciting thing, the thunder	below CHêN THE AROUSING, THUNDER	Primera línea alineada (Jaccard 38%). | Solapamiento léxico moderado MT↔Baynes (38%).
25	trigrama_abajo	pair	38%	38%	moderate_align	Alineación moderada	unten Dschen, das Erregende, der Donner	below, Dschen, the exciting thing, the thunder	below CHêN THE AROUSING, THUNDER	Primera línea alineada (Jaccard 38%). | Solapamiento léxico moderado MT↔Baynes (38%).
26	trigrama_abajo	pair	43%	43%	moderate_align	Alineación moderada	unten Kiën, das Schöpferische, der Himmel	below Kiën, the creative, the sky	below CH'IEN THE CREATIVE, HEAVEN	Primera línea alineada (Jaccard 43%). | Solapamiento léxico moderado MT↔Baynes (43%).
27	trigrama_abajo	pair	38%	38%	moderate_align	Alineación moderada	unten Dschen, das Erregende, der Donner	below, Dschen, the exciting thing, the thunder	below CHêN THE AROUSING, THUNDER	Primera línea alineada (Jaccard 38%). | Solapamiento léxico moderado MT↔Baynes (38%).
28	trigrama_abajo	pair	100%	100%	strong_align	Alineación fuerte	unten Sun, das Sanfte, der Wind, das Holz	below Sun, the gentle, the wind, the wood	below SUN THE GENTLE, WIND, WOOD	Primera línea alineada (Jaccard 100%). | Solapamiento léxico alto MT↔Baynes (100%).
29	trigrama_abajo	pair	50%	50%	strong_align	Alineación fuerte	unten Kan, das Abgründige, das Wasser	below Kan, the abyssal, the water	below K'AN THE ABYSMAL, WATER	Primera línea alineada (Jaccard 50%). | Solapamiento léxico alto MT↔Baynes (50%).
30	trigrama_abajo	pair	100%	100%	strong_align	Alineación fuerte	unten Li, das Haftende, das Feuer	below Li, the clinging, the fire	below LI THE CLINGING, FIRE	Primera línea alineada (Jaccard 100%). | Solapamiento léxico alto MT↔Baynes (100%).
31	trigrama_abajo	pair	57%	57%	strong_align	Alineación fuerte	unten Gen, das Stillehalten, der Berg	below Gen, keeping still, the mountain	below KêN KEEPING STILL, MOUNTAIN	Primera línea alineada (Jaccard 57%). | Solapamiento léxico alto MT↔Baynes (57%).
32	trigrama_abajo	pair	100%	100%	strong_align	Alineación fuerte	unten Sun, das Sanfte, der Wind	below Sun, the gentle, the wind	below SUN THE GENTLE, WIND	Primera línea alineada (Jaccard 100%). | Solapamiento léxico alto MT↔Baynes (100%).
33	trigrama_abajo	pair	57%	57%	strong_align	Alineación fuerte	unten Gen, das Stillehalten, der Berg	below Gen, keeping still, the mountain	below KêN KEEPING STILL, MOUNTAIN	Primera línea alineada (Jaccard 57%). | Solapamiento léxico alto MT↔Baynes (57%).
34	trigrama_abajo	pair	43%	43%	moderate_align	Alineación moderada	unten Kiën, das Schöpferische, der Himmel	below Kiën, the creative, the sky	below CH'IEN THE CREATIVE, HEAVEN	Primera línea alineada (Jaccard 43%). | Solapamiento léxico moderado MT↔Baynes (43%).
35	trigrama_abajo	pair	50%	50%	strong_align	Alineación fuerte	unten Kun, das Empfangende, die Erde	below Kun, the receiving, the earth	below K'UN THE RECEPTIVE, EARTH	Primera línea alineada (Jaccard 50%). | Solapamiento léxico alto MT↔Baynes (50%).
36	trigrama_abajo	pair	100%	100%	strong_align	Alineación fuerte	unten Li, das Haftende, das Feuer	below Li, the clinging, the fire	below LI THE CLINGING, FIRE	Primera línea alineada (Jaccard 100%). | Solapamiento léxico alto MT↔Baynes (100%).
37	trigrama_abajo	pair	100%	100%	strong_align	Alineación fuerte	unten Li, das Haftende, das Feuer	below Li, the clinging, the fire	below LI THE CLINGING, FIRE	Primera línea alineada (Jaccard 100%). | Solapamiento léxico alto MT↔Baynes (100%).
38	trigrama_abajo	pair	43%	43%	moderate_align	Alineación moderada	unten Dui, das Heitere, der See	below Dui, the cheerful, the lake	below TUI THE JOYOUS, LAKE	Primera línea alineada (Jaccard 43%). | Solapamiento léxico moderado MT↔Baynes (43%).
39	trigrama_abajo	pair	57%	57%	strong_align	Alineación fuerte	unten Gen, das Stillehalten, der Berg	below Gen, keeping still, the mountain	below KêN KEEPING STILL, MOUNTAIN	Primera línea alineada (Jaccard 57%). | Solapamiento léxico alto MT↔Baynes (57%).
40	trigrama_abajo	pair	50%	50%	strong_align	Alineación fuerte	unten Kan, das Abgründige, das Wasser	below Kan, the abyssal, the water	below K'AN THE ABYSMAL, WATER	Primera línea alineada (Jaccard 50%). | Solapamiento léxico alto MT↔Baynes (50%).
41	trigrama_abajo	pair	43%	43%	moderate_align	Alineación moderada	unten Dui, das Heitere, der See	below Dui, the cheerful, the lake	below TUI THE JOYOUS, LAKE	Primera línea alineada (Jaccard 43%). | Solapamiento léxico moderado MT↔Baynes (43%).
42	trigrama_abajo	pair	38%	38%	moderate_align	Alineación moderada	unten Dschen, das Erregende, der Donner	below, Dschen, the exciting thing, the thunder	below CHêN THE AROUSING, THUNDER	Primera línea alineada (Jaccard 38%). | Solapamiento léxico moderado MT↔Baynes (38%).
43	trigrama_abajo	pair	43%	43%	moderate_align	Alineación moderada	unten Kiën, das Schöpferische, der Himmel	below Kiën, the creative, the sky	below CH'IEN THE CREATIVE, HEAVEN	Primera línea alineada (Jaccard 43%). | Solapamiento léxico moderado MT↔Baynes (43%).
44	trigrama_abajo	pair	100%	100%	strong_align	Alineación fuerte	unten Sun, das Sanfte, der Wind	below Sun, the gentle, the wind	below SUN THE GENTLE, WIND	Primera línea alineada (Jaccard 100%). | Solapamiento léxico alto MT↔Baynes (100%).
45	trigrama_abajo	pair	50%	50%	strong_align	Alineación fuerte	unten Kun, das Empfangende, die Erde	below Kun, the receiving, the earth	below K'UN THE RECEPTIVE, EARTH	Primera línea alineada (Jaccard 50%). | Solapamiento léxico alto MT↔Baynes (50%).
46	trigrama_abajo	pair	100%	100%	strong_align	Alineación fuerte	unten Sun, das Sanfte, der Wind, das Holz	below Sun, the gentle, the wind, the wood	below SUN THE GENTLE, WIND, WOOD	Primera línea alineada (Jaccard 100%). | Solapamiento léxico alto MT↔Baynes (100%).
47	trigrama_abajo	pair	50%	50%	strong_align	Alineación fuerte	unten Kan, das Abgründige, das Wasser	below Kan, the abyssal, the water	below K'AN THE ABYSMAL, WATER	Primera línea alineada (Jaccard 50%). | Solapamiento léxico alto MT↔Baynes (50%).
48	trigrama_abajo	pair	100%	100%	strong_align	Alineación fuerte	unten Sun, das Sanfte, der Wind, das Holz	below Sun, the gentle, the wind, the wood	below SUN THE GENTLE, WIND, WOOD	Primera línea alineada (Jaccard 100%). | Solapamiento léxico alto MT↔Baynes (100%).
49	trigrama_abajo	pair	100%	100%	strong_align	Alineación fuerte	unten Li, das Haftende, das Feuer	below Li, the clinging, the fire	below LI THE CLINGING, FIRE	Primera línea alineada (Jaccard 100%). | Solapamiento léxico alto MT↔Baynes (100%).
50	trigrama_abajo	pair	100%	100%	strong_align	Alineación fuerte	unten Sun, das Sanfte, der Wind, das Holz	below Sun, the gentle, the wind, the wood	below SUN THE GENTLE, WIND, WOOD	Primera línea alineada (Jaccard 100%). | Solapamiento léxico alto MT↔Baynes (100%).
51	trigrama_abajo	pair	38%	38%	moderate_align	Alineación moderada	unten Dschen, das Erregende, der Donner	below, Dschen, the exciting thing, the thunder	below CHêN THE AROUSING, THUNDER	Primera línea alineada (Jaccard 38%). | Solapamiento léxico moderado MT↔Baynes (38%).
52	trigrama_abajo	pair	57%	57%	strong_align	Alineación fuerte	unten Gen, das Stillehalten, der Berg	below Gen, keeping still, the mountain	below KêN KEEPING STILL, MOUNTAIN	Primera línea alineada (Jaccard 57%). | Solapamiento léxico alto MT↔Baynes (57%).
53	trigrama_abajo	pair	57%	57%	strong_align	Alineación fuerte	unten Gen, das Stillehalten, der Berg	below Gen, keeping still, the mountain	below KêN KEEPING STILL, MOUNTAIN	Primera línea alineada (Jaccard 57%). | Solapamiento léxico alto MT↔Baynes (57%).
54	trigrama_abajo	pair	43%	43%	moderate_align	Alineación moderada	unten Dui, das Heitere, der See	below Dui, the cheerful, the lake	below TUI THE JOYOUS, LAKE	Primera línea alineada (Jaccard 43%). | Solapamiento léxico moderado MT↔Baynes (43%).
55	trigrama_abajo	pair	60%	60%	strong_align	Alineación fuerte	unten Li, das Haftende, die Flamme	below Li, the clinging, the flame	below LI THE CLINGING, FIRE	Primera línea alineada (Jaccard 60%). | Solapamiento léxico alto MT↔Baynes (60%).
56	trigrama_abajo	pair	57%	57%	strong_align	Alineación fuerte	unten Gen, das Stillehalten, der Berg	below Gen, keeping still, the mountain	below KêN KEEPING STILL, MOUNTAIN	Primera línea alineada (Jaccard 57%). | Solapamiento léxico alto MT↔Baynes (57%).
57	trigrama_abajo	pair	100%	100%	strong_align	Alineación fuerte	unten Sun, das Sanfte, der Wind, das Holz	below Sun, the gentle, the wind, the wood	below SUN THE GENTLE, WIND, WOOD	Primera línea alineada (Jaccard 100%). | Solapamiento léxico alto MT↔Baynes (100%).
58	trigrama_abajo	pair	43%	43%	moderate_align	Alineación moderada	unten Dui, das Heitere, der See	below Dui, the cheerful, the lake	below TUI THE JOYOUS, LAKE	Primera línea alineada (Jaccard 43%). | Solapamiento léxico moderado MT↔Baynes (43%).
59	trigrama_abajo	pair	50%	50%	strong_align	Alineación fuerte	unten Kan, das Abgründige, das Wasser	below Kan, the abyssal, the water	below K'AN THE ABYSMAL, WATER	Primera línea alineada (Jaccard 50%). | Solapamiento léxico alto MT↔Baynes (50%).
60	trigrama_abajo	pair	43%	43%	moderate_align	Alineación moderada	unten Dui, das Heitere, der See	below Dui, the cheerful, the lake	below TUI THE JOYOUS, LAKE	Primera línea alineada (Jaccard 43%). | Solapamiento léxico moderado MT↔Baynes (43%).
61	trigrama_abajo	pair	43%	43%	moderate_align	Alineación moderada	unten Dui, das Heitere, der See	below Dui, the cheerful, the lake	below TUI THE JOYOUS, LAKE	Primera línea alineada (Jaccard 43%). | Solapamiento léxico moderado MT↔Baynes (43%).
62	trigrama_abajo	pair	57%	57%	strong_align	Alineación fuerte	unten Gen, das Stillehalten, der Berg	below Gen, keeping still, the mountain	below KêN KEEPING STILL, MOUNTAIN	Primera línea alineada (Jaccard 57%). | Solapamiento léxico alto MT↔Baynes (57%).
63	trigrama_abajo	pair	100%	100%	strong_align	Alineación fuerte	unten Li, das Haftende, das Feuer	below Li, the clinging, the fire	below LI THE CLINGING, FIRE	Primera línea alineada (Jaccard 100%). | Solapamiento léxico alto MT↔Baynes (100%).
64	trigrama_abajo	pair	50%	50%	strong_align	Alineación fuerte	unten Kan, das Abgründige, das Wasser	below Kan, the abyssal, the water	below K'AN THE ABYSMAL, WATER	Primera línea alineada (Jaccard 50%). | Solapamiento léxico alto MT↔Baynes (50%).
1	intro	pair	30%	2%	moderate_align	Alineación moderada	1. Kiën / DAS SCHÖPFERISCHE oben Kiën, das Schöpferische, der Himmel unten Kiën, das Schöpferische, der Himmel Das Zeichen besteht aus sechs…	1. Kiën / THE CREATIVE above Kiën, the creative, the sky below Kiën, the creative, the sky The character consists of six undivided lines. Th…	The first hexagram is made up of six unbroken lines. These unbroken lines stand for the primal power, which is lightgiving, active, strong, …	Primera línea poco alineada (Jaccard 2%). | Solapamiento léxico moderado MT↔Baynes (30%).
2	intro	pair	38%	1%	moderate_align	Alineación moderada	2. Kun / DAS EMPFANGENDE oben Kun, das Empfangende, die Erde unten Kun, das Empfangende, die Erde Das Zeichen besteht aus lauter geteilten L…	2. Kun / THE RECEIVING above Kun, the receiving, the earth below Kun, the receiving, the earth The symbol consists of nothing but divided li…	This hexagram is made up of broken lines only. The broken line represents the dark, yielding, receptive primal power of yin. The attribute o…	Primera línea poco alineada (Jaccard 1%). | Solapamiento léxico moderado MT↔Baynes (38%).
3	intro	pair	29%	3%	moderate_align	Alineación moderada	3. Dschun / DIE ANFANGSSCHWIERIGKEIT oben Kan, das Abgründige, das Wasser unten Dschen, das Erregende, der Donner Der Name des Zeichens, Dsc…	3. Dschun / THE INITIAL DIFFICULTY above Kan, the abyssal, the water below, Dschen, the exciting thing, the thunder The name of the sign, Ds…	The name of the hexagram, Chun, really connotes a blade of grass pushing against an obstacle as it sprouts out of the earth—hence the meanin…	Primera línea poco alineada (Jaccard 3%). | Solapamiento léxico moderado MT↔Baynes (29%).
4	intro	pair	40%	3%	moderate_align	Alineación moderada	4. Mong / DIE JUGENDTORHEIT oben Gen, das Stillehalten, der Berg unten Kan, das Abgründige, das Wasser Auf doppelte Weise ist das Gedenken d…	4. Mong / THE FOOLISHNESS OF YOUTH above Gen, keeping still, the mountain below Kan, the abyssal, the water The commemoration of youth and f…	In this hexagram we are reminded of youth and folly in two different ways. The image of the upper trigram, Kên, is the mountain, that of the…	Primera línea poco alineada (Jaccard 3%). | Solapamiento léxico moderado MT↔Baynes (40%).
5	intro	pair	42%	3%	moderate_align	Alineación moderada	5. Sü / DAS WARTEN (DIE ERNÄHRUNG) oben das Abgründige, das Wasser unten das Schöpferische, der Himmel Alle Wesen bedürfen der Nahrung von o…	5. Sweet / THE WAIT (THE DIET) above the abyssal, the water below the creative, the sky All beings need nourishment from above. But the dona…	All beings have need of nourishment from above. But the gift of food comes in its own time, and for this one must wait. This hexagram shows …	Primera línea poco alineada (Jaccard 3%). | Solapamiento léxico moderado MT↔Baynes (42%).
6	intro	pair	30%	3%	moderate_align	Alineación moderada	6. Sung / DER STREIT oben Kiën, das Schöpferische, der Himmel unten Kan, das Abgründige, das Wasser Das obere Urzeichen, dessen Bild der Him…	6. Sung / THE DISPUTE above Kiën, the creative, the sky below Kan, the abyssal, the water The upper original sign, whose image is the sky, h…	The upper trigram, whose image is heaven, has an upward movement; the lower trigram, water, in accordance with its nature, tends downward. T…	Primera línea poco alineada (Jaccard 3%). | Solapamiento léxico moderado MT↔Baynes (30%).
7	intro	pair	51%	4%	strong_align	Alineación fuerte	7. Schï / DAS HEER oben Kun, das Empfangende, die Erde unten Kan, das Abgründige, das Wasser Das Zeichen setzt sich zusammen aus dem Urzeich…	7. Shï / THE ARMY above Kun, the receiving, the earth below Kan, the abyssal, the water The sign is made up of the original sign Kan, the wa…	This hexagram is made up of the trigrams K'an, water, and K'un, earth, and thus it symbolizes the ground water stored up in the earth. In th…	Primera línea poco alineada (Jaccard 4%). | Solapamiento léxico alto MT↔Baynes (51%).
8	intro	pair	40%	3%	moderate_align	Alineación moderada	8. Bi / DAS ZUSAMMENHALTEN oben Kan, das Abgründige, das Wasser unten Kun, das Empfangende, die Erde Das Wasser über der Erde fließt zusamme…	8. Bi / THAT KEEPING TOGETHER above Kan, the abyssal, the water below Kun, the receiving, the earth The water above the earth flows together…	The waters on the surface of the earth flow together wherever they can, as for example in the ocean, where all the rivers come together. Sym…	Primera línea poco alineada (Jaccard 3%). | Solapamiento léxico moderado MT↔Baynes (40%).
9	intro	pair	37%	3%	moderate_align	Alineación moderada	9. Siau Tschu / DES KLEINEN ZÄHMUNGSKRAFT oben Sun, das Sanfte, der Wind unten Kiën, das Schöpferische, der Himmel Das Zeichen bedeutet das …	9. Siau Tschu / THE LITTLE TAMING POWER above Sun, the gentle, the wind below Kiën, the creative, the sky The sign means the small, the powe…	This hexagram means the force of the small—the power of the shadowy—that restrains, tames, impedes. A weak line in the fourth place, that of…	Primera línea poco alineada (Jaccard 3%). | Solapamiento léxico moderado MT↔Baynes (37%).
10	intro	pair	36%	1%	moderate_align	Alineación moderada	10. Lü / DAS AUFTRETEN oben Kiën, das Schöpferische, der Himmel unten Dui, das Heitere, der See Das Auftreten bedeutet einerseits die richti…	10. Lü / THE OCCURANCE above Kiën, the creative, the sky below Dui, the cheerful, the lake On the one hand, appearance means the right way t…	The name of the hexagram means on the one hand the right way of conducting oneself. Heaven, the father, is above, and the lake, the youngest…	Primera línea poco alineada (Jaccard 1%). | Solapamiento léxico moderado MT↔Baynes (36%).
11	intro	pair	40%	0%	moderate_align	Alineación moderada	11. Tai / DER FRIEDE oben Kun, das Empfangende, die Erde unten Kiën, das Schöpferische, der Himmel Das Empfangende, dessen Bewegung sich nac…	11. Tai / PEACE above Kun, the receiving, the earth below Kiën, the creative, the sky The receiver whose movement descends downward is above…	The Receptive, which moves downward, stands above; the Creative, which moves upward, is below. Hence their influences meet and are in harmon…	Primera línea poco alineada (Jaccard 0%). | Solapamiento léxico moderado MT↔Baynes (40%).
12	intro	pair	41%	2%	moderate_align	Alineación moderada	12. Pi / DIE STOCKUNG oben Kiën, das Schöpferische, der Himmel unten Kun, das Empfangende, die Erde Das Zeichen ist das gerade Gegenteil des…	12. Pi / THE STOCK above Kiën, the creative, the sky below Kun, the receiving, the earth The sign is the exact opposite of the previous one.…	This hexagram is the opposite of the preceding one. Heaven is above, drawing farther and farther away, while the earth below sinks farther i…	Primera línea poco alineada (Jaccard 2%). | Solapamiento léxico moderado MT↔Baynes (41%).
13	intro	pair	41%	0%	moderate_align	Alineación moderada	13. Tung Jen / GEMEINSCHAFT MIT MENSCHEN oben Kiën, das Schöpferische, der Himmel unten Li, das Haftende, die Flamme Das Bild des oberen Urz…	13. Tung Jen / COMMUNITY WITH PEOPLE above Kiën, the creative, the sky below Li, the clinging, the flame The image of the upper primal sign,…	The image of the upper trigram Ch'ien is heaven, and that of the lower, Li, is flame. It is the nature of fire to flame up to heaven. This g…	Primera línea poco alineada (Jaccard 0%). | Solapamiento léxico moderado MT↔Baynes (41%).
14	intro	pair	31%	3%	moderate_align	Alineación moderada	14. Da Yu / DER BESITZ VON GROSSEM oben Li, das Haftende, die Flamme unten Kiën, das Schöpferische, der Himmel Das Feuer am Himmel oben stra…	14. Da Yu / THE POSSESSION OF GREAT above Li, the clinging, the flame below Kiën, the creative, the sky The fire in the sky above shines wid…	The fire in heaven above shines far, and all things stand out in the light and become manifest. The weak fifth line occupies the place of ho…	Primera línea poco alineada (Jaccard 3%). | Solapamiento léxico moderado MT↔Baynes (31%).
15	intro	pair	46%	0%	strong_align	Alineación fuerte	15. Kiën / DIE BESCHEIDENHEIT oben Kun, das Empfangende, die Erde unten Gen, das Stillehalten, der Berg Das Zeichen setzt sich zusammen aus …	15. Kiën / HUMILITY above Kun, the receiving, the earth below Gen, keeping still, the mountain The symbol is made up of Gen, keeping still, …	This hexagram is made up of the trigrams Kên, Keeping Still, mountain, and K'un. The mountain is the youngest son of the Creative, the repre…	Primera línea poco alineada (Jaccard 0%). | Solapamiento léxico alto MT↔Baynes (46%).
16	intro	pair	49%	4%	strong_align	Alineación fuerte	16. Yü / DIE BEGEISTERUNG oben Dschen, das Erregende, der Donner unten Kun, das Empfangende, die Erde Die starke Linie auf viertem Platz, de…	16. Yü / THE ENTHUSIASM Above, Dschen, the exciting thing, the thunder below Kun, the receiving, the earth The strong line in fourth place, …	The strong line in the fourth place, that of the leading official, meets with response and obedience from all the other lines, which are all…	Primera línea poco alineada (Jaccard 4%). | Solapamiento léxico alto MT↔Baynes (49%).
17	intro	pair	41%	3%	moderate_align	Alineación moderada	17. Sui / DIE NACHFOLGE oben Dui, das Heitere, der See unten Dschen, das Erregende, der Donner Oben ist das Heitere, dessen Charakter die Fr…	17. Sui / THE SUCCESSOR above Dui, the cheerful, the lake below, Dschen, the exciting thing, the thunder Above is the cheerful, whose charac…	The trigram Tui, the Joyous, whose attribute is gladness, is above; Chên, the Arousing, which has the attribute of movement, is below. Joy i…	Primera línea poco alineada (Jaccard 3%). | Solapamiento léxico moderado MT↔Baynes (41%).
18	intro	pair	33%	4%	moderate_align	Alineación moderada	18. Gu / DIE ARBEIT AM VERDORBENEN oben Gen, das Stillehalten, der Berg unten Sun, das Sanfte, der Wind Das chinesische Zeichen Gu stellt ei…	18. Gu / WORK ON THE POTENTIAL above Gen, keeping still, the mountain below Sun, the gentle, the wind The Chinese character Gu represents a …	The Chinese character ku represents a bowl in whose contents worms are breeding. This means decay. It has come about because the gentle indi…	Primera línea poco alineada (Jaccard 4%). | Solapamiento léxico moderado MT↔Baynes (33%).
19	intro	pair	40%	4%	moderate_align	Alineación moderada	19. Lin / DIE ANNÄHERUNG oben Kun, das Empfangende, die Erde unten Dui, das Heitere, der See Das chinesische Wort Lin hat eine Reihe von Bed…	19. Lin / THE APPROACH above Kun, the receiving, the earth below Dui, the cheerful, the lake The Chinese word Lin has a number of meanings t…	The Chinese word lin has a range of meanings that is not exhausted by any single word of another language. The ancient explanations in the B…	Primera línea poco alineada (Jaccard 4%). | Solapamiento léxico moderado MT↔Baynes (40%).
20	intro	pair	38%	3%	moderate_align	Alineación moderada	20. Guan / DIE BETRACHTUNG (DER ANBLICK) oben Sun, das Sanfte, der Wind unten Kun, das Empfangende, die Erde Der chinesische Name des Zeiche…	20. Guan / THE CONSIDERATION (THE SIGHT) above Sun, the gentle, the wind below Kun, the receiving, the earth The Chinese name of the charact…	A slight variation of tonal stress gives the Chinese name for this hexagram a double meaning. It means both contemplating and being seen, in…	Primera línea poco alineada (Jaccard 3%). | Solapamiento léxico moderado MT↔Baynes (38%).
21	intro	pair	32%	4%	moderate_align	Alineación moderada	21. Schï Ho / DAS DURCHBEISSEN oben Li, das Haftende, das Feuer unten Dschen, das Erregende, der Donner Das Zeichen stellt einen geöffneten …	21. Schï Ho / THE BITE THROUGH above Li, the clinging, the fire below, Dschen, the exciting thing, the thunder The symbol represents an open…	This hexagram represents an open mouth (cf. hexagram 27) with an obstruction (in the fourth place) between the teeth. As a result the lips c…	Primera línea poco alineada (Jaccard 4%). | Solapamiento léxico moderado MT↔Baynes (32%).
22	intro	pair	33%	7%	moderate_align	Alineación moderada	22. Bi / DIE ANMUT oben Gen, das Stillehalten, der Berg unten Li, das Haftende, das Feuer Das Zeichen zeigt ein Feuer, das aus den geheimen …	22. Bi / THE GRACE above Gen, keeping still, the mountain below Li, the clinging, the fire The sign shows a fire that bursts forth from the …	This hexagram shows a fire that breaks out of the secret depths of the earth and, blazing up, illuminates and beautifies the mountain, the h…	Primera línea poco alineada (Jaccard 6%). | Solapamiento léxico moderado MT↔Baynes (33%).
23	intro	pair	29%	3%	moderate_align	Alineación moderada	23. Bo / DIE ZERSPLITTERUNG oben Gen, das Stillehalten, der Berg unten Kun, das Empfangende, die Erde Die dunklen Linien sind im Begriff, na…	23. Bo / THE SPLITTING above Gen, keeping still, the mountain below Kun, the receiving, the earth The dark lines are about to rise upwards a…	The dark lines are about to mount upward and overthrow the last firm, light line by exerting a disintegrating influence on it. The inferior,…	Estructura: DE 6 líneas vs Baynes 2 (MT: 6). | Primera línea poco alineada (Jaccard 3%). | Solapamiento léxico moderado MT↔Baynes (29%).
24	intro	pair	44%	8%	moderate_align	Alineación moderada	24. Fu / DIE WIEDERKEHR (DIE WENDEZEIT) oben Kun, das Empfangende, die Erde unten Dschen, das Erregende, der Donner Die Wendezeit wird dadur…	24. Fu / THE RETURN (THE TURNING TIME) above Kun, the receiving, the earth below, Dschen, the exciting thing, the thunder The turning point …	The idea of a turning point arises from the fact that after the dark lines have pushed all of the light lines upward and out of the hexagram…	Primera línea poco alineada (Jaccard 8%). | Solapamiento léxico moderado MT↔Baynes (44%).
25	intro	pair	40%	4%	moderate_align	Alineación moderada	25. Wu Wang / DIE UNSCHULD (DAS UNERWARTETE) oben Kiën, das Schöpferische, der Himmel unten Dschen, das Erregende, der Donner Oben ist Kiën,…	25. Wu Wang / THE INNOCENCE (THE UNEXPECTED) above Kiën, the creative, the sky below, Dschen, the exciting thing, the thunder Above is Kiën,…	Ch'ien, heaven, is above; Chên, movement, is below. The lower trigram Chên is under the influence of the strong line it has received from ab…	Primera línea poco alineada (Jaccard 4%). | Solapamiento léxico moderado MT↔Baynes (40%).
26	intro	pair	37%	9%	moderate_align	Alineación moderada	26. Da Tschu / DES GROSSEN ZÄHMUNGSKRAFT oben Gen, das Stillehalten, der Berg unten Kiën, das Schöpferische, der Himmel Das »Schöpferische« …	26. Da Chu / THE GREAT TAMING POWER above Gen, keeping still, the mountain below Kiën, the creative, the sky The “creative” is tamed by “kee…	The Creative is tamed by Kên, Keeping Still. This produces great power, a situation in contrast to that of the ninth hexagram, Hsiao Ch'u, T…	Primera línea poco alineada (Jaccard 9%). | Solapamiento léxico moderado MT↔Baynes (37%).
27	intro	pair	40%	5%	moderate_align	Alineación moderada	27. I / DIE MUNDWINKEL (DIE ERNÄHRUNG) oben Gen, das Stillehalten, der Berg unten Dschen, das Erregende, der Donner Das Zeichen ist das Bild…	27. I / THE CORNERS OF THE MOUTH (THE NUTRITION) above Gen, keeping still, the mountain below, Dschen, the exciting thing, the thunder The s…	This hexagram is a picture of an open mouth; above and below are the firm lines of the lips, and between them the opening. Starting with the…	Primera línea poco alineada (Jaccard 5%). | Solapamiento léxico moderado MT↔Baynes (40%).
28	intro	pair	42%	0%	moderate_align	Alineación moderada	28. Da Go / DES GROSSEN ÜBERGEWICHT oben Dui, das Heitere, der See unten Sun, das Sanfte, der Wind, das Holz Das Zeichen besteht aus vier st…	28. Da Go / OF GREAT OVERWEIGHT above Dui, the cheerful, the lake below Sun, the gentle, the wind, the wood The symbol consists of four stro…	This hexagram consists of four strong lines inside and two weak lines outside. When the strong are outside and the weak inside, all is well …	Primera línea poco alineada (Jaccard 0%). | Solapamiento léxico moderado MT↔Baynes (42%).
29	intro	pair	40%	4%	moderate_align	Alineación moderada	29. Kan / DAS ABGRÜNDIGE, DAS WASSER oben Kan, das Abgründige, das Wasser unten Kan, das Abgründige, das Wasser Das Zeichen besteht aus der …	29. Kan / THE ABYSS, THE WATER above Kan, the abyssal, the water below Kan, the abyssal, the water The sign consists of the repetition of th…	This hexagram consists of a doubling of the trigram K'an. It is one of the eight hexagrams in which doubling occurs. The trigram K'an means …	Primera línea poco alineada (Jaccard 4%). | Solapamiento léxico moderado MT↔Baynes (40%).
30	intro	pair	47%	3%	strong_align	Alineación fuerte	30. Li / DAS HAFTENDE, DAS FEUER oben Li, das Haftende, das Feuer unten Li, das Haftende, das Feuer Auch dieses Zeichen ist ein Doppelzeiche…	30. Li / THE ADHESIVE, THE FIRE above Li, the clinging, the fire below Li, the clinging, the fire This character is also a double character.…	This hexagram is another double sign. The trigram Li means, ""to cling to something,"" ""to be conditioned,"" ""to depend or rest on something,"" …	Primera línea poco alineada (Jaccard 3%). | Solapamiento léxico alto MT↔Baynes (47%).
31	intro	pair	48%	2%	strong_align	Alineación fuerte	31. Hiën / DIE EINWIRKUNG (DIE WERBUNG) oben Dui, das Heitere, der See unten Gen, das Stillehalten, der Berg Der Name des Zeichens bedeutet …	31. Hiën / THE IMPACT (THE ADVERTISING) above Dui, the cheerful, the lake below Gen, keeping still, the mountain The name of the sign means …	The name of the hexagram means ""universal,"" ""general,"" and in a figurative sense ""to influence,"" ""to stimulate."" The upper trigram is Tui, t…	Primera línea poco alineada (Jaccard 2%). | Solapamiento léxico alto MT↔Baynes (48%).
32	intro	pair	47%	3%	strong_align	Alineación fuerte	32. Hong / DIE DAUER oben Dschen, das Erregende, der Donner unten Sun, das Sanfte, der Wind Das starke Zeichen Dschen ist oben, das schwache…	32. Hong / THE DURATION Above, Dschen, the exciting thing, the thunder below Sun, the gentle, the wind The strong sign Dschen is above, the …	The strong trigram Chên is above, the weak trigram Sun below. This hexagram is the inverse of the preceding one. In the latter we have influ…	Primera línea poco alineada (Jaccard 3%). | Solapamiento léxico alto MT↔Baynes (47%).
33	intro	pair	28%	6%	moderate_align	Alineación moderada	33. Dun / DER RÜCKZUG oben Kiën, das Schöpferische, der Himmel unten Gen, das Stillehalten, der Berg Die Kraft des Schattigen ist im Aufstei…	33. Dun / THE RETREAT above Kiën, the creative, the sky below Gen, keeping still, the mountain The power of the shadowy is on the rise. The …	The power of the dark is ascending. The light retreats to security, so that the dark cannot encroach upon it. This retreat is a matter not o…	Primera línea poco alineada (Jaccard 6%). | Solapamiento léxico moderado MT↔Baynes (28%).
34	intro	pair	51%	8%	strong_align	Alineación fuerte	34. Da Dschuang / DES GROSSEN MACHT oben Dschen, das Erregende, der Donner unten Kiën, das Schöpferische, der Himmel Die großen, d.h. lichte…	34. Da Chuang / THE GREAT POWER Above, Dschen, the exciting thing, the thunder below Kiën, the creative, the sky The large, i.e. light, stro…	The great lines, that is, the light, strong lines, are powerful. Four light lines have entered the hexagram from below and are about to asce…	Primera línea poco alineada (Jaccard 8%). | Solapamiento léxico alto MT↔Baynes (51%).
35	intro	pair	55%	5%	strong_align	Alineación fuerte	35. Dsin / DER FORTSCHRITT oben Li, das Haftende, das Feuer unten Kun, das Empfangende, die Erde Das Zeichen stellt die Sonne dar, die über …	35. Dsin / PROGRESS above Li, the clinging, the fire below Kun, the receiving, the earth The sign represents the sun rising above the earth;…	The hexagram represents the sun rising over the earth. It is therefore the symbol of rapid, easy progress, which at the same time means ever…	Primera línea poco alineada (Jaccard 5%). | Solapamiento léxico alto MT↔Baynes (55%).
36	intro	pair	32%	2%	moderate_align	Alineación moderada	36. Ming I / DIE VERFINSTERUNG DES LICHTS oben Kun, das Empfangende, die Erde unten Li, das Haftende, das Feuer Die Sonne ist hier unter die…	36. Ming I / THE DARKNESS OF THE LIGHT above Kun, the receiving, the earth below Li, the clinging, the fire The sun has sunk below the earth…	Here the sun has sunk under the earth and is therefore darkened. The name of the hexagram means literally ""wounding of the bright""; hence th…	Primera línea poco alineada (Jaccard 2%). | Solapamiento léxico moderado MT↔Baynes (32%).
37	intro	pair	45%	1%	strong_align	Alineación fuerte	37. Gia Jen / DIE SIPPE oben Sun, das Sanfte, der Wind unten Li, das Haftende, das Feuer Das Zeichen stellt die Gesetze dar, die innerhalb d…	37. Gia Jen / THE KINB above Sun, the gentle, the wind below Li, the clinging, the fire The symbol represents the laws that apply within the…	This hexagram represents the laws obtaining within the family. The strong line at the top represents the father, the lowest the son. The str…	Primera línea poco alineada (Jaccard 1%). | Solapamiento léxico alto MT↔Baynes (45%).
38	intro	pair	44%	2%	moderate_align	Alineación moderada	38. Kui / DER GEGENSATZ oben Li, das Haftende, die Flamme unten Dui, das Heitere, der See Das Zeichen besteht aus dem oberen Urzeichen Li, d…	38. Kui / THE OPPOSITE above Li, the clinging, the flame below Dui, the cheerful, the lake The sign consists of the upper primal sign Li, th…	This hexagram is composed of the trigram Li above, i.e., flame, which burns upward, and Tui below, i.e., the lake, which seeps downward. The…	Primera línea poco alineada (Jaccard 2%). | Solapamiento léxico moderado MT↔Baynes (44%).
39	intro	pair	36%	2%	moderate_align	Alineación moderada	39. Giën / DAS HEMMNIS oben Kan, das Abgründige, das Wasser unten Gen, das Stillehalten, der Berg Das Zeichen stellt einen gefährlichen Abgr…	39. Giën / THE OBSTACLE above Kan, the abyssal, the water below Gen, keeping still, the mountain The sign represents a dangerous abyss that …	The hexagram pictures a dangerous abyss lying before us and a steep, inaccessible mountain rising behind us. We are surrounded by obstacles;…	Primera línea poco alineada (Jaccard 2%). | Solapamiento léxico moderado MT↔Baynes (36%).
40	intro	pair	41%	3%	moderate_align	Alineación moderada	40. Hië / DIE BEFREIUNG oben Dschen, das Erregende, der Donner unten Kan, das Abgründige, das Wasser Die Bewegung geht hier aus der Gefahr h…	40. Hië / THE LIBERATION Above, Dschen, the exciting thing, the thunder below Kan, the abyssal, the water The movement here moves away from …	Here the movement goes out of the sphere of danger. The obstacle has been removed, the difficulties are being resolved. Deliverance is not y…	Primera línea poco alineada (Jaccard 3%). | Solapamiento léxico moderado MT↔Baynes (41%).
41	intro	pair	40%	2%	moderate_align	Alineación moderada	41. Sun / DIE MINDERUNG oben Gen, das Stillehalten, der Berg unten Dui, das Heitere, der See Das Zeichen stellt eine Minderung des unteren Z…	41. Sun / THE REDUCTION above Gen, keeping still, the mountain below Dui, the cheerful, the lake The symbol represents a reduction of the lo…	This hexagram represents a decrease of the lower trigram in favor of the upper, because the third line, originally strong, has moved up to t…	Primera línea poco alineada (Jaccard 2%). | Solapamiento léxico moderado MT↔Baynes (40%).
42	intro	pair	39%	6%	moderate_align	Alineación moderada	42. I / DIE MEHRUNG oben Sun, das Sanfte, der Wind unten Dschen, das Erregende, der Donner Der Gedanke der Mehrung drückt sich dadurch aus, …	42. I / THE INCREASE above Sun, the gentle, the wind below, Dschen, the exciting thing, the thunder The idea of ​​increase is expressed in t…	The idea of increase is expressed in the fact that the strong lowest line of the upper trigram has sunk down and taken its place under the l…	Primera línea poco alineada (Jaccard 6%). | Solapamiento léxico moderado MT↔Baynes (39%).
43	intro	pair	38%	2%	moderate_align	Alineación moderada	43. Guai / DER DURCHBRUCH (DIE ENTSCHLOSSENHEIT) oben Dui, das Heitere, der See unten Kiën, das Schöpferische, der Himmel Das Zeichen bedeut…	43. Guai / THE BREAKTHROUGH (THE DETERMINATION) above Dui, the cheerful, the lake below Kiën, the creative, the sky On the one hand, the sig…	This hexagram signifies on the one hand a break-through after a long accumulation of tension, as a swollen river breaks through its dikes, o…	Primera línea poco alineada (Jaccard 2%). | Solapamiento léxico moderado MT↔Baynes (38%).
44	intro	pair	41%	3%	moderate_align	Alineación moderada	44. Gou / DAS ENTGEGENKOMMEN oben Kiën, das Schöpferische, der Himmel unten Sun, das Sanfte, der Wind Das Zeichen deutet auf eine Lage, da d…	44. Gou / THE ACCOMPANYING above Kiën, the creative, the sky below Sun, the gentle, the wind The sign points to a situation in which the dar…	This hexagram indicates a situation in which the principle of darkness, after having been eliminated, furtively and unexpectedly obtrudes ag…	Primera línea poco alineada (Jaccard 3%). | Solapamiento léxico moderado MT↔Baynes (41%).
45	intro	pair	52%	2%	strong_align	Alineación fuerte	45. TSui / DIE SAMMLUNG oben Dui, das Heitere, der See unten Kun, das Empfangende, die Erde Das Zeichen ist dem Zeichen Bi, Zusammenhalten (…	45. TSui / THE COLLECTION above Dui, the cheerful, the lake below Kun, the receiving, the earth The sign is related to the sign Bi, holding …	This hexagram is related in form and meaning to Pi, HOLDING TOGETHER (8). In the latter, water is over the earth; here a lake is over the ea…	Primera línea poco alineada (Jaccard 2%). | Solapamiento léxico alto MT↔Baynes (51%).
46	intro	pair	49%	4%	strong_align	Alineación fuerte	46. Schong / DAS EMPORDRINGEN oben Kun, das Empfangende, die Erde unten Sun, das Sanfte, der Wind, das Holz Das untere Zeichen, Sun, hat als…	46. Schong / THE RISE above Kun, the receiving, the earth below Sun, the gentle, the wind, the wood The lower sign, Sun, has the image of wo…	The lower trigram, Sun, represents wood, and the upper, K'un, means the earth. Linked with this is the idea that wood in the earth grows upw…	Primera línea poco alineada (Jaccard 4%). | Solapamiento léxico alto MT↔Baynes (49%).
47	intro	pair	42%	2%	moderate_align	Alineación moderada	47. Kun / DIE BEDRÄNGNIS oben Dui, das Heitere, der See unten Kan, das Abgründige, das Wasser Oben ist der See, das Wasser darunter. Der See…	47. Kun / THE TROUBLE above Dui, the cheerful, the lake below Kan, the abyssal, the water Above is the lake, the water below. The lake is em…	The lake is above, water below; the lake is empty, dried up. Exhaustion is expressed in yet another way: at the top, a dark line is holding …	Primera línea poco alineada (Jaccard 2%). | Solapamiento léxico moderado MT↔Baynes (42%).
48	intro	pair	39%	2%	moderate_align	Alineación moderada	48. Dsing / DER BRUNNEN oben Kan, das Abgründige, das Wasser unten Sun, das Sanfte, der Wind, das Holz Unten ist das Holz, oben das Wasser. …	48. Dsing / THE FOUNTAIN above Kan, the abyssal, the water below Sun, the gentle, the wind, the wood The wood is at the bottom and the water…	Wood is below, water above. The wood goes down into the earth to bring up water. The image derives from the pole-and-bucket well of ancient …	Primera línea poco alineada (Jaccard 2%). | Solapamiento léxico moderado MT↔Baynes (39%).
49	intro	pair	39%	3%	moderate_align	Alineación moderada	49. Go / DIE UMWÄLZUNG (DIE MAUSERUNG) oben Dui, das Heitere, der See. unten Li, das Haftende, das Feuer Das Zeichen bedeutet ursprünglich e…	49. Go / THE TURNING (THE MOULTING) above Dui, the cheerful, the lake. below Li, the clinging, the fire The symbol originally means an anima…	The Chinese character for this hexagram means in its original sense an animal's pelt, which is changed in the course of the year by molting.…	Primera línea poco alineada (Jaccard 3%). | Solapamiento léxico moderado MT↔Baynes (39%).
50	intro	pair	41%	2%	moderate_align	Alineación moderada	50. Ding / DER TIEGEL oben Li, das Haßende, das Feuer unten Sun, das Sanfte, der Wind, das Holz Das ganze Zeichen ist das Bild des Tiegels, …	50. Thing / THE CRUCIAL above Li, the hating one, the fire below Sun, the gentle, the wind, the wood The whole sign is the image of the cruc…	The six lines construct the image of Ting, THE CALDRON; at the bottom are the legs, over them the belly, then come the ears (handles), and a…	Primera línea poco alineada (Jaccard 2%). | Solapamiento léxico moderado MT↔Baynes (41%).
51	intro	pair	42%	2%	moderate_align	Alineación moderada	51. Dschen / DAS ERREGENDE oben Dschen, das Erregende, der Donner unten Dschen, das Erregende, der Donner Das Zeichen Dschen ist der älteste…	51. Dschen / THE EXCITING Above, Dschen, the exciting thing, the thunder below, Dschen, the exciting thing, the thunder The sign Jen is the …	The hexagram Chên represents the eldest son, who seizes rule with energy and power. A yang line develops below two yin lines and presses upw…	Primera línea poco alineada (Jaccard 2%). | Solapamiento léxico moderado MT↔Baynes (42%).
52	intro	pair	43%	6%	moderate_align	Alineación moderada	52. Gen / DAS STILLEHALTEN, DER BERG oben Gen, das Stillehalten, der Berg unten Gen, das Stillehalten, der Berg Das Bild des Zeichens ist de…	52nd Gen / THE KEEPING STILL, THE MOUNTAIN above Gen, keeping still, the mountain below Gen, keeping still, the mountain The image of the si…	The image of this hexagram is the mountain, the youngest son of heaven and earth. The male principle is at the top, because it strives upwar…	Estructura: DE 6 líneas vs Baynes 2 (MT: 6). | Primera línea poco alineada (Jaccard 6%). | Solapamiento léxico moderado MT↔Baynes (43%).
53	intro	pair	35%	4%	moderate_align	Alineación moderada	53. Dsien / DIE ENTWICKLUNG oben Sun, das Sanfte, der Wind, das Holz unten Gen, das Stillehalten, der Berg Das Zeichen besteht aus Sun (Holz…	53. Dsien / THE DEVELOPMENT above Sun, the gentle, the wind, the wood below Gen, keeping still, the mountain The sign consists of Sun (wood,…	This hexagram is made up of Sun (wood, penetration) above, i.e., without, and Kên (mountain, stillness) below, i.e., within. A tree on a mou…	Primera línea poco alineada (Jaccard 4%). | Solapamiento léxico moderado MT↔Baynes (35%).
54	intro	pair	25%	4%	weak_align	Alineación débil	54. Gui me / DAS HEIRATENDE MÄDCHEN oben Dschen, das Erregende, der Donner unten Dui, das Heitere, der See Oben ist Dschen, der älteste Sohn…	54. Gui me / THE MARRYING GIRL Above, Dschen, the exciting thing, the thunder below Dui, the cheerful, the lake Above is Dschen, the eldest …	Above we have Chên, the eldest son, and below, Tui, the youngest daughter. The man leads and the girl follows him in gladness. The picture i…	DE mucho más largo que Baynes (1779 vs 678 chars) — posible mezcla de comentario Wilhelm en campo oráculo. | Estructura: DE 5 líneas vs Baynes 1 (MT: 8). | Primera línea poco alineada (Jaccard 4%). | Solapamiento léxico moderado MT↔Baynes (25%).
55	intro	pair	27%	3%	moderate_align	Alineación moderada	55. Fong / DIE FÜLLE oben Dschen, das Erregende, der Donner unten Li, das Haftende, die Flamme Dschen ist die Bewegung, Li die Flamme, deren…	55. Fong / THE FULLNESS Above, Dschen, the exciting thing, the thunder below Li, the clinging, the flame Dschen is the movement, Li the flam…	Chên is movement; Li is flame, whose attribute is clarity. Clarity within, movement without—this produces greatness and abundance. The hexag…	Primera línea poco alineada (Jaccard 3%). | Solapamiento léxico moderado MT↔Baynes (27%).
56	intro	pair	41%	9%	moderate_align	Alineación moderada	56. Lü / DER WANDERER oben Li, das Haftende, das Feuer unten Gen, das Stillehalten, der Berg Der Berg (Gen) steht still, oben das Feuer (Li)…	56. Lü / THE WANDERER above Li, the clinging, the fire below Gen, keeping still, the mountain The mountain (Gen) stands still, the fire (Li)…	The mountain, Kên, stands still; above it fire, Li, flames up and does not tarry. Therefore the two trigrams do not stay together. Strange l…	Primera línea poco alineada (Jaccard 9%). | Solapamiento léxico moderado MT↔Baynes (41%).
57	intro	pair	54%	8%	strong_align	Alineación fuerte	57. Sun / DAS SANFTE oben Sun, das Sanfte, der Wind, das Holz unten Sun, das Sanfte, der Wind, das Holz Sun ist eines der acht Doppelzeichen…	57. Sun / THE GENTLE above Sun, the gentle, the wind, the wood below Sun, the gentle, the wind, the wood Sun is one of the eight double sign…	Sun is one of the eight doubled trigrams. It is the eldest daughter and symbolizes wind or wood; it has for its attribute gentleness, which …	Primera línea poco alineada (Jaccard 8%). | Solapamiento léxico alto MT↔Baynes (54%).
58	intro	pair	38%	4%	moderate_align	Alineación moderada	58. Dui / DAS HEITERE, DER SEE oben Dui, das Heitere, der See unten Dui, das Heitere, der See Dui ist wie Sun eines der acht Doppelzeichen. …	58. Dui / THE SERIOUS, THE LAKE above Dui, the cheerful, the lake below Dui, the cheerful, the lake Like Sun, Dui is one of the eight double…	This hexagram, like Sun, is one of the eight formed by doubling of a trigram. The trigram Tui denotes the youngest daughter; it is symbolize…	Primera línea poco alineada (Jaccard 4%). | Solapamiento léxico moderado MT↔Baynes (38%).
59	intro	pair	29%	3%	moderate_align	Alineación moderada	59. Huan / DIE AUFLÖSUNG oben Sun, das Sanfte, der Wind unten Kan, das Abgründige, das Wasser Der Wind, der oben über das Wasser fährt, zers…	59. Huan / THE DISSOLUTION above Sun, the gentle, the wind below Kan, the abyssal, the water The wind that passes over the water above scatt…	Wind blowing over water disperses it, dissolving it into foam and mist. This suggests that when a man's vital energy is dammed up within him…	Primera línea poco alineada (Jaccard 3%). | Solapamiento léxico moderado MT↔Baynes (29%).
60	intro	pair	31%	4%	moderate_align	Alineación moderada	60. Dsië / DIE BESCHRÄNKUNG oben Kan, das Abgründige, das Wasser unten Dui, das Heitere, der See Der See hat einen beschränkten Raum. Wenn m…	60. Dsië / THE RESTRICTION above Kan, the abyssal, the water below Dui, the cheerful, the lake The lake has a limited space. If more water g…	A lake occupies a limited space. When more water comes into it, it overflows. Therefore limits must be set for the water. The image shows wa…	Primera línea poco alineada (Jaccard 4%). | Solapamiento léxico moderado MT↔Baynes (31%).
61	intro	pair	38%	4%	moderate_align	Alineación moderada	61. Dschung Fu / INNERE WAHRHEIT oben Sun, das Sanfte, der Wind unten Dui, das Heitere, der See Über dem See weht der Wind und bewegt die Ob…	61. Dschung Fu / INNER TRUTH above Sun, the gentle, the wind below Dui, the cheerful, the lake The wind blows over the lake and moves the su…	The wind blows over the lake and stirs the surface of the water. Thus visible effects of the invisible manifest themselves. The hexagram con…	Primera línea poco alineada (Jaccard 4%). | Solapamiento léxico moderado MT↔Baynes (38%).
62	intro	pair	24%	0%	weak_align	Alineación débil	62. Siau Go / DES KLEINEN ÜBERGEWICHT oben Dschen, das Erregende, der Donner unten Gen, das Stillehalten, der Berg Während bei dem Zeichen »…	62. Siau Go / OF SMALL OVERWEIGHT Above, Dschen, the exciting thing, the thunder below Gen, keeping still, the mountain While in the sign ""T…	While in the hexagram Ta Kuo, PREPONDERANCE OF THE GREAT (28), the strong lines preponderate and are within, inclosed between weak lines at …	Primera línea poco alineada (Jaccard 0%). | Solapamiento léxico moderado MT↔Baynes (24%).
63	intro	pair	39%	0%	moderate_align	Alineación moderada	63. Gi Dsi / NACH DER VOLLENDUNG oben Kan, das Abgründige, das Wasser unten Li, das Haftende, das Feuer Das Zeichen ist die Ausgestaltung de…	63. Gi Dsi / AFTER COMPLETION above Kan, the abyssal, the water below Li, the clinging, the fire The sign is the embodiment of the sign Tai,…	This hexagram is the evolution of T'ai, PEACE (11). The transition from confusion to order is completed, and everything is in its proper pla…	Primera línea poco alineada (Jaccard 0%). | Solapamiento léxico moderado MT↔Baynes (39%).
64	intro	pair	45%	0%	moderate_align	Alineación moderada	64. We Dsi / VOR DER VOLLENDUNG oben Li, das Haftende, die Flamme unten Kan, das Abgründige, das Wasser Es ist in dem Zeichen die Zeit anged…	64. We Dsi / BEFORE COMPLETION above Li, the clinging, the flame below Kan, the abyssal, the water The sign indicates the time when the tran…	This hexagram indicates a time when the transition from disorder to order is not yet completed. The change is indeed prepared for, since all…	Ruido OCR en texto DE (footer / paginación). | Primera línea poco alineada (Jaccard 0%). | Solapamiento léxico alto MT↔Baynes (45%).
1	judgment_oraculo	pair	60%	100%	strong_align	Alineación fuerte	Das Schöpferische wirkt erhabenes Gelingen, fördernd durch Beharrlichkeit.	The creative works sublime success, encouraging through persistence.	THE CREATIVE works sublime success, Furthering through perseverance.	Primera línea alineada (Jaccard 100%). | Solapamiento léxico alto MT↔Baynes (60%).
2	judgment_oraculo	pair	42%	38%	moderate_align	Alineación moderada	Das Empfangende wirkt erhabenes Gelingen, fördernd durch die Beharrlichkeit einer Stute. Hat der Edle etwas zu unternehmen und will voraus, …	The receiving works sublime success, encouraging through the persistence of a mare. If the noble man has something to do and wants to get ah…	THE RECEPTIVE brings about sublime success, Furthering through the perseverance of a mare. If the superior man undertakes something and trie…	Primera línea alineada (Jaccard 38%). | Solapamiento léxico moderado MT↔Baynes (42%).
3	judgment_oraculo	pair	14%	30%	weak_align	Alineación débil	Die Anfangsschwierigkeit wirkt erhabenes Gelingen. Fördernd durch Beharrlichkeit. Man soll nichts unternehmen. Fördernd ist es, Gehilfen ein…	The initial difficulty gives the impression of sublime success. Encouraging through persistence. You shouldn't do anything. It is helpful to…	Difficulty at the Beginning works supreme success, Furthering through perseverance. Nothing should be undertaken. It furthers one to appoint…	Primera línea poco alineada (Jaccard 30%). | Solapamiento léxico bajo MT↔Baynes (14%).
4	judgment_oraculo	pair	40%	40%	moderate_align	Alineación moderada	Jugendtorheit hat Gelingen. Nicht ich suche den jungen Toren, der junge Tor sucht mich. Beim ersten Orakel gebe ich Auskunft. Fragt er zwei-…	Youthful folly succeeds. I'm not looking for the young fool, the young fool is looking for me. At the first oracle I give information. If he…	YOUTHFUL FOLLY has success. It is not I who seek the young fool; The young fool seeks me. At the first oracle I inform him. If he asks two o…	Primera línea alineada (Jaccard 40%). | Solapamiento léxico moderado MT↔Baynes (40%).
5	judgment_oraculo	pair	55%	20%	strong_align	Alineación fuerte	Das Warten. Wenn du wahrhaftig bist, so hast du Licht und Gelingen. Beharrlichkeit bringt Heil. Fördernd ist es, das große Wasser zu durchqu…	The waiting. If you are truthful, you have light and success. Perseverance brings salvation. It is beneficial to cross the big water.	WAITING. If you are sincere, You have light and success. Perseverance brings good fortune. It furthers one to cross the great water.	Primera línea poco alineada (Jaccard 20%). | Solapamiento léxico alto MT↔Baynes (55%).
6	judgment_oraculo	pair	31%	22%	moderate_align	Alineación moderada	Der Streit: Du bist wahrhaftig und wirst gehemmt. Sorgliches Innehalten auf halbem Weg bringt Heil. Zu Ende führen bringt Unheil. Fördernd i…	The argument: You are truthful and are inhibited. Carefully pausing halfway brings salvation. Completing it brings disaster. It is encouragi…	CONFLICT. You are sincere And are being obstructed. A cautious halt halfway brings good fortune. Going through to the end brings misfortune.…	Primera línea poco alineada (Jaccard 22%). | Solapamiento léxico moderado MT↔Baynes (31%).
7	judgment_oraculo	pair	50%	38%	strong_align	Alineación fuerte	Das Heer braucht Beharrlichkeit und einen starken Mann. Heil ohne Makel.	The army needs persistence and a strong man. Healing without blemish.	THE ARMY. The army needs perseverance And a strong man. Good fortune without blame.	Primera línea alineada (Jaccard 38%). | Solapamiento léxico alto MT↔Baynes (50%).
8	judgment_oraculo	pair	36%	29%	moderate_align	Alineación moderada	Das Zusammenhalten bringt Heil. Ergründe das Orakel nochmals, ob du Erhabenheit, Dauer und Beharrlichkeit hast; dann ist kein Makel da. Die …	Sticking together brings salvation. Investigate the oracle again, whether you have majesty, endurance and perseverance; then there is no fla…	HOLDING TOGETHER brings good fortune. Inquire of the oracle once again Whether you possess sublimity, constancy, and perseverance; Then ther…	Primera línea poco alineada (Jaccard 29%). | Solapamiento léxico moderado MT↔Baynes (36%).
9	judgment_oraculo	pair	53%	43%	strong_align	Alineación fuerte	Des Kleinen Zähmungskraft hat Gelingen. Dichte Wolken, kein Regen von unserm westlichen Gebiet.	The little one's taming power succeeds. Dense clouds, no rain from our western area.	THE TAMING POWER OF THE SMALL Has success. Dense clouds, no rain from our western region.	Primera línea alineada (Jaccard 43%). | Solapamiento léxico alto MT↔Baynes (53%).
10	judgment_oraculo	pair	29%	50%	moderate_align	Alineación moderada	Auftreten auf des Tigers Schwanz. Er beißt den Menschen nicht. Gelingen.	Occurring on the tiger's tail. He doesn't bite people. Succeed.	TREADING. Treading upon the tail of the tiger. It does not bite the man. Success.	Primera línea alineada (Jaccard 50%). | Solapamiento léxico moderado MT↔Baynes (29%).
11	judgment_oraculo	pair	13%	22%	weak_align	Alineación débil	Der Friede. Das Kleine geht hin, das Große kommt her. Heil! Gelingen!	The peace. The little goes, the big comes here. Unhurt! Succeed!	PEACE. The small departs, The great approaches. Good fortune. Success.	Primera línea poco alineada (Jaccard 22%). | Solapamiento léxico bajo MT↔Baynes (13%).
12	judgment_oraculo	pair	23%	0%	weak_align	Alineación débil	Die Stockung. Schlechte Menschen sind nicht fördernd für die Beharrlichkeit des Edlen. Das Große geht hin, das Kleine kommt herbei.	The stagnation. Bad people are not supportive for the perseverance of the noble. The big goes, the small comes.	STANDSTILL. Evil people do not further The perseverance of the superior man. The great departs; the small approaches.	Primera línea poco alineada (Jaccard 0%). | Solapamiento léxico moderado MT↔Baynes (23%).
13	judgment_oraculo	pair	30%	11%	moderate_align	Alineación moderada	Gemeinschaft mit Menschen im Freien: Gelingen. Fördernd ist es, das große Wasser zu durchqueren. Fördernd ist des Edlen Beharrlichkeit.	Community with people outdoors: Success. It is beneficial to cross the big water. The perseverance of the noble is beneficial.	FELLOWSHIP WITH MEN in the open. Success. It furthers one to cross the great water. The perseverance of the superior man furthers.	Primera línea poco alineada (Jaccard 11%). | Solapamiento léxico moderado MT↔Baynes (30%).
14	judgment_oraculo	pair	25%	14%	moderate_align	Alineación moderada	Der Besitz von Großem: Erhabenes Gelingen.	The Possession of Greatness: Sublime Success.	POSSESSION IN GREAT MEASURE. Supreme success.	Primera línea poco alineada (Jaccard 14%). | Solapamiento léxico moderado MT↔Baynes (25%).
15	judgment_oraculo	pair	21%	50%	weak_align	Alineación débil	Bescheidenheit schafft Gelingen. Der Edle bringt zu Ende.	Humility creates success. The noble one brings to an end.	MODESTY creates success. The superior man carries things through.	Primera línea alineada (Jaccard 50%). | Solapamiento léxico moderado MT↔Baynes (21%).
16	judgment_oraculo	pair	21%	14%	weak_align	Alineación débil	Die Begeisterung. Fördernd ist es, Gehilfen einzusetzen und Heere marschieren zu lassen.	The enthusiasm. It is encouraging to use assistants and to march armies.	ENTHUSIASM. It furthers one to install helpers And to set armies marching.	Primera línea poco alineada (Jaccard 14%). | Solapamiento léxico moderado MT↔Baynes (21%).
17	judgment_oraculo	pair	8%	14%	divergent	Divergente	Die Nachfolge hat erhabenes Gelingen. Fördernd ist Beharrlichkeit. Kein Makel.	The succession is a sublime success. Persistence is beneficial. No flaw.	FOLLOWING has supreme success. Perseverance furthers. No blame.	Primera línea poco alineada (Jaccard 14%). | Solapamiento léxico bajo MT↔Baynes (8%).
18	judgment_oraculo	pair	52%	22%	strong_align	Alineación fuerte	Die Arbeit am Verdorbenen hat erhabenes Gelingen. Fördernd ist es, das große Wasser zu durchqueren. Vor dem Anfangspunkt drei Tage, nach dem…	The work on the corrupt has sublime success. It is beneficial to cross the big water. Before the starting point three days, three days after…	WORK ON WHAT HAS BEEN SPOILED Has supreme success. It furthers one to cross the great water. Before the starting point, three days. After th…	Primera línea poco alineada (Jaccard 22%). | Solapamiento léxico alto MT↔Baynes (52%).
19	judgment_oraculo	pair	42%	14%	moderate_align	Alineación moderada	Die Annäherung hat erhabenes Gelingen. Fördernd ist Beharrlichkeit. Kommt der achte Monat, so gibt's Unheil.	The rapprochement is a sublime success. Persistence is beneficial. When the eighth month comes, there will be disaster.	APPPROACH has supreme success. Perseverance furthers. When the eighth month comes, There will be misfortune.	Primera línea poco alineada (Jaccard 14%). | Solapamiento léxico moderado MT↔Baynes (42%).
20	judgment_oraculo	pair	58%	14%	strong_align	Alineación fuerte	Die Betrachtung. Die Waschung ist geschehen, aber noch nicht die Darbringung. Vertrauensvoll blicken sie zu ihm auf.	The consideration. The ablution has taken place, but not yet the offering. They look up at him with trust.	CONTEMPLATION. The ablution has been made, But not yet the offering. Full of trust they look up to him.	Primera línea poco alineada (Jaccard 14%). | Solapamiento léxico alto MT↔Baynes (58%).
21	judgment_oraculo	pair	23%	33%	weak_align	Alineación débil	Das Durchbeißen hat Gelingen. Fördernd ist es, Gericht walten zu lassen.	Biting through was successful. It is beneficial to allow justice to prevail.	BITING THROUGH has success. It is favorable to let justice be administered.	Primera línea poco alineada (Jaccard 33%). | Solapamiento léxico moderado MT↔Baynes (23%).
22	judgment_oraculo	pair	27%	25%	moderate_align	Alineación moderada	Anmut hat Gelingen. Im Kleinen ist es fördernd, etwas zu unternehmen.	Grace succeeds. It is encouraging to do something on a small scale.	GRACE has success. In small matters It is favorable to undertake something.	Primera línea poco alineada (Jaccard 25%). | Solapamiento léxico moderado MT↔Baynes (27%).
23	judgment_oraculo	pair	20%	10%	weak_align	Alineación débil	Die Zersplitterung. Nicht fördernd ist es, wohin zu gehen.	The fragmentation. It is not encouraging to go anywhere.	SPLITTING APART. It does not further one To go anywhere.	Primera línea poco alineada (Jaccard 10%). | Solapamiento léxico moderado MT↔Baynes (20%).
24	judgment_oraculo	pair	36%	25%	moderate_align	Alineación moderada	Die Wiederkehr. Gelingen. Ausgang und Eingang ohne Fehl. Freunde kommen ohne Makel. Hin und her geht der Weg. Am siebten Tage kommt die Wied…	The return. Succeed. Output and input without errors. Friends come without blemish. The path goes back and forth. The return comes on the se…	RETURN. Success. Going out and coming in without error. Friends come without blame. To and fro goes the way. On the seventh day comes return…	Primera línea poco alineada (Jaccard 25%). | Solapamiento léxico moderado MT↔Baynes (36%).
25	judgment_oraculo	pair	26%	40%	moderate_align	Alineación moderada	Die Unschuld. Erhabenes Gelingen. Fördernd ist Beharrlichkeit. Wenn jemand nicht recht ist, so hat er Unglück, und nicht fördernd ist es, ir…	The innocence. Sublime success. Persistence is beneficial. If someone is not right, he is unlucky, and it is not helpful to do anything.	INNOCENCE. Supreme success. Perseverance furthers. If someone is not as he should be, He has misfortune, And it does not further him To unde…	Primera línea alineada (Jaccard 40%). | Solapamiento léxico moderado MT↔Baynes (26%).
26	judgment_oraculo	pair	58%	57%	strong_align	Alineación fuerte	Des Großen Zähmungskraft. Fördernd ist Beharrlichkeit. Nicht zu Hause essen bringt Heil. Fördernd ist es, das große Wasser zu durchqueren.	The great one's taming power. Persistence is beneficial. Not eating at home brings salvation. It is beneficial to cross the big water.	THE TAMING POWER OF THE GREAT. Perseverance furthers. Not eating at home brings good fortune. It furthers one to cross the great water.	Primera línea alineada (Jaccard 57%). | Solapamiento léxico alto MT↔Baynes (58%).
27	judgment_oraculo	pair	36%	50%	moderate_align	Alineación moderada	Die Mundwinkel. Beharrlichkeit bringt Heil. Sieh auf die Ernährung und womit einer selbst sucht seinen Mund zu füllen.	The corners of the mouth. Perseverance brings salvation. Look at your diet and what you try to fill your mouth with.	THE CORNERS OF THE MOUTH. Perseverance brings good fortune. Pay heed to the providing of nourishment And to what a man seeks To fill his own…	Primera línea alineada (Jaccard 50%). | Solapamiento léxico moderado MT↔Baynes (36%).
28	judgment_oraculo	pair	16%	29%	weak_align	Alineación débil	Des Großen Übergewicht. Der Firstbalken biegt sich durch. Fördernd ist es, zu haben, wohin man gehe. Gelingen.	The Great's Overweight. The ridge beam bends. It's helpful to have where to go. Succeed.	PREPONDERANCE OF THE GREAT. The ridgepole sags to the breaking point. It furthers one to have somewhere to go. Success.	Primera línea poco alineada (Jaccard 29%). | Solapamiento léxico bajo MT↔Baynes (16%).
29	judgment_oraculo	pair	37%	50%	moderate_align	Alineación moderada	Das wiederholte Abgründige. Wenn du wahrhaftig bist, so hast du im Herzen Gelingen, und was du tust, hat Erfolg.	The repeated unfathomable. If you are truthful, you will succeed in your heart, and what you do is successful.	The Abysmal repeated. If you are sincere, you have success in your heart, And whatever you do succeeds.	Primera línea alineada (Jaccard 50%). | Solapamiento léxico moderado MT↔Baynes (37%).
30	judgment_oraculo	pair	24%	13%	weak_align	Alineación débil	Das Haftende. Fördernd ist Beharrlichkeit. Sie bringt Gelingen. Pflege der Kuh bringt Heil.	The sticking thing. Persistence is beneficial. It brings success. Caring for the cow brings salvation.	THE CLINGING. Perseverance furthers. It brings success. Care of the cow brings good fortune.	Primera línea poco alineada (Jaccard 13%). | Solapamiento léxico moderado MT↔Baynes (24%).
31	judgment_oraculo	pair	6%	0%	divergent	Divergente	Die Einwirkung. Gelingen. Fördernd ist Beharrlichkeit. Ein Mädchen nehmen bringt Heil.	The impact. Succeed. Persistence is beneficial. Taking a girl brings salvation.	Influence. Success. Perseverance furthers. To take a maiden to wife brings good fortune.	Primera línea poco alineada (Jaccard 0%). | Solapamiento léxico bajo MT↔Baynes (6%).
32	judgment_oraculo	pair	0%	0%	divergent	Divergente	Gelingen. Kein Makel. Fördernd ist Beharrlichkeit. Fördernd ist, zu haben, wohin man gehe.	Succeed. No flaw. Persistence is beneficial. What is beneficial is having where to go.	DURATION. Success. No blame. Perseverance furthers. It furthers one to have somewhere to go.	Primera línea poco alineada (Jaccard 0%). | Solapamiento léxico bajo MT↔Baynes (0%).
33	judgment_oraculo	pair	18%	25%	weak_align	Alineación débil	Der Rückzug. Gelingen. Im Kleinen ist fördernd Beharrlichkeit.	The retreat. Succeed. Persistence is beneficial in small things.	RETREAT. Success. In what is small, perseverance furthers.	Primera línea poco alineada (Jaccard 25%). | Solapamiento léxico bajo MT↔Baynes (18%).
34	judgment_oraculo	pair	43%	43%	moderate_align	Alineación moderada	Des Großen Macht. Fördernd ist Beharrlichkeit.	The great power. Persistence is beneficial.	THE POWER OF THE GREAT. Perseverance furthers.	Primera línea alineada (Jaccard 43%). | Solapamiento léxico moderado MT↔Baynes (43%).
35	judgment_oraculo	pair	56%	50%	strong_align	Alineación fuerte	Der Fortschritt: Der starke Fürst wird geehrt durch Pferde in großer Menge. An einem Tage wird er dreimal empfangen.	The progress: The strong prince is honored by large numbers of horses. He is received three times in one day.	PROGRESS. The powerful prince Is honored with horses in large numbers. In a single day he is granted audience three times.	Primera línea alineada (Jaccard 50%). | Solapamiento léxico alto MT↔Baynes (56%).
36	judgment_oraculo	pair	17%	40%	weak_align	Alineación débil	Die Verfinsterung des Lichts. Fördernd ist es, in der Not beharrlich zu sein.	The eclipse of the light. It is beneficial to be persistent in times of need.	DARKENING OF THE LIGHT. In adversity It furthers one to be persevering.	Primera línea alineada (Jaccard 40%). | Solapamiento léxico bajo MT↔Baynes (17%).
37	judgment_oraculo	pair	25%	25%	moderate_align	Alineación moderada	Die Sippe. Fördernd ist die Beharrlichkeit der Frau.	The clan. The woman's persistence is encouraging.	THE FAMILY. The perseverance of the woman furthers.	Primera línea poco alineada (Jaccard 25%). | Solapamiento léxico moderado MT↔Baynes (25%).
38	judgment_oraculo	pair	11%	11%	divergent	Divergente	Der Gegensatz. In kleinen Sachen Heil.	The contrast. Salvation in small things.	OPPOSITION. In small matters, good fortune.	Primera línea poco alineada (Jaccard 11%). | Solapamiento léxico bajo MT↔Baynes (11%).
39	judgment_oraculo	pair	40%	33%	moderate_align	Alineación moderada	Das Hemmnis. Fördernd ist der Südwesten. Nicht fördernd ist der Nordosten. Fördernd ist es, den großen Mann zu sehen. Beharrlichkeit ist von…	The obstacle. The southwest is supportive. The northeast is not supportive. It is encouraging to see the great man. Perseverance is of salva…	OBSTRUCTION. The southwest furthers. The northeast does not further. It furthers one to see the great man. Perseverance brings good fortune.	Primera línea poco alineada (Jaccard 33%). | Solapamiento léxico moderado MT↔Baynes (40%).
40	judgment_oraculo	pair	19%	33%	weak_align	Alineación débil	Die Befreiung. Fördernd ist der Südwesten. Wenn nichts mehr da ist, wohin man zu gehen hätte, ist das Wiederkommen von Heil. Wenn es noch et…	The liberation. The southwest is supportive. When there's nothing left to go to, is the return of salvation. If there's something else to go…	DELIVERANCE. The southwest furthers. If there is no longer anything where one has to go, Return brings good fortune. If there is still somet…	Primera línea poco alineada (Jaccard 33%). | Solapamiento léxico bajo MT↔Baynes (19%).
41	judgment_oraculo	pair	33%	33%	moderate_align	Alineación moderada	Minderung verbunden mit Wahrhaftigkeit wirkt erhabenes Heil ohne Makel. Man kann darin beharrlich sein. Fördernd ist es, etwas zu unternehme…	Mitigation combined with truthfulness sublime salvation works without blemish. You can be persistent in it. It is encouraging to do somethin…	DECREASE combined with sincerity Brings about supreme good fortune Without blame. One may be persevering in this. It furthers one to underta…	Primera línea poco alineada (Jaccard 33%). | Solapamiento léxico moderado MT↔Baynes (33%).
42	judgment_oraculo	pair	42%	17%	moderate_align	Alineación moderada	Die Mehrung. Fördernd ist es, etwas zu unternehmen. Fördernd ist es, das große Wasser zu durchqueren.	The increase. It is encouraging to do something. It is beneficial to cross the big water.	INCREASE. It furthers one To undertake something. It furthers one to cross the great water.	Primera línea poco alineada (Jaccard 17%). | Solapamiento léxico moderado MT↔Baynes (42%).
43	judgment_oraculo	pair	39%	10%	moderate_align	Alineación moderada	Der Durchbruch. Entschlossen muß man am Hof des Königs die Sache bekanntmachen. Der Wahrheit gemäß muß sie verkündet werden. Gefahr! Man muß…	The breakthrough. You have to be decisive in the king's court make the matter known. It must be proclaimed according to the truth. Danger! Y…	BREAK-THROUGH. One must resolutely make the matter known At the court of the king. It must be announced truthfully. Danger. It is necessary …	Primera línea poco alineada (Jaccard 10%). | Solapamiento léxico moderado MT↔Baynes (39%).
44	judgment_oraculo	pair	19%	29%	weak_align	Alineación débil	Das Entgegenkommen. Das Mädchen ist mächtig. Man soll ein solches Mädchen nicht heiraten.	The accommodation. The girl is powerful. You shouldn't marry a girl like that.	COMING TO MEET. The maiden is powerful. One should not marry such a maiden.	Primera línea poco alineada (Jaccard 29%). | Solapamiento léxico bajo MT↔Baynes (19%).
45	judgment_oraculo	pair	38%	0%	moderate_align	Alineación moderada	Die Sammlung. Gelingen. Der König naht sich seinem Tempel. Fördernd ist es, den großen Mann zu sehen. Das bringt Gelingen. Fördernd ist Beha…	The collection. Succeed. The king approaches his temple. It is encouraging to see the great man. That brings success. Persistence is benefic…	GATHERING TOGETHER. Success. The king approaches his temple. It furthers one to see the great man. This brings success. Perseverance further…	Primera línea poco alineada (Jaccard 0%). | Solapamiento léxico moderado MT↔Baynes (38%).
46	judgment_oraculo	pair	25%	25%	moderate_align	Alineación moderada	Das Empordringen hat erhabenes Gelingen. Man muß den großen Mann sehen. Fürchte dich nicht! Aufbruch nach Süden bringt Heil.	The upward movement is a sublime success. You have to see the big man. Don't be afraid! Heading south brings salvation.	PUSHING UPWARD has supreme success. One must see the great man. Fear not. Departure toward the south Brings good fortune.	Primera línea poco alineada (Jaccard 25%). | Solapamiento léxico moderado MT↔Baynes (25%).
47	judgment_oraculo	pair	22%	0%	weak_align	Alineación débil	Die Bedrängnis. Gelingen. Beharrlichkeit. Der große Mann wirkt Heil. Kein Makel. Wenn man etwas zu sagen hat, wird es nicht geglaubt.	The distress. Succeed. Persistence. The great man works salvation. No flaw. If you have something to say, it won't be believed.	OPPPRESSION. Success. Perseverance. The great man brings about good fortune. No blame. When one has something to say, It is not believed.	Primera línea poco alineada (Jaccard 0%). | Solapamiento léxico moderado MT↔Baynes (22%).
48	judgment_oraculo	pair	24%	17%	weak_align	Alineación débil	Der Brunnen. Man mag die Stadt wechseln, aber kann nicht den Brunnen wechseln. Er nimmt nicht ab und nimmt nicht zu. Sie kommen und gehen un…	The fountain. You can change the city, but can't change the well. He doesn't lose weight or gain weight. They come and go and draw from the …	THE WELL. The town may be changed, But the well cannot be changed. It neither decreases nor increases. They come and go and draw from the we…	Primera línea poco alineada (Jaccard 17%). | Solapamiento léxico moderado MT↔Baynes (24%).
49	judgment_oraculo	pair	25%	20%	moderate_align	Alineación moderada	Die Umwälzung. Am eigenen Tag, da findest du Glauben. Erhabenes Gelingen, fördernd durch Beharrlichkeit. Die Reue schwindet.	The revolution. On your own day, that's where you find faith. Sublime success, promoted by persistence. The regret fades.	REVOLUTION. On your own day You are believed. Supreme success, Furthering through perseverance. Remorse disappears.	Primera línea poco alineada (Jaccard 20%). | Solapamiento léxico moderado MT↔Baynes (25%).
50	judgment_oraculo	pair	10%	11%	divergent	Divergente	Der Tiegel. Erhabenes Heil. Gelingen.	The Crucible. Sublime salvation. Succeed.	THE CALDRON. Supreme good fortune. Success.	Primera línea poco alineada (Jaccard 11%). | Solapamiento léxico bajo MT↔Baynes (10%).
51	judgment_oraculo	pair	68%	50%	strong_align	Alineación fuerte	Das Erschüttern bringt Gelingen. Das Erschüttern kommt: Hu, Hu! Lachende Worte: Ha, Ha! Das Erschüttern erschreckt hundert Meilen, und er lä…	Shaking brings success. The shaking comes: Hu, Hu! Laughing words: Ha, Ha! The shaking frightens a hundred miles, and he does not let the sa…	SHOCK brings success. Shock comes—oh, oh! Laughing words—ha, ha! The shock terrifies for a hundred miles, And he does not let fall the sacri…	Primera línea alineada (Jaccard 50%). | Solapamiento léxico alto MT↔Baynes (68%).
52	judgment_oraculo	pair	79%	100%	strong_align	Alineación fuerte	Stillehalten seines Rückens, so daß er seinen Leib nicht mehr empfindet. Er geht in seinen Hof und sieht nicht seine Menschen. Kein Makel.	keeping his back still, so that he no longer feels his body. He goes into his yard and does not see his people. No flaw.	KEEPING STILL. Keeping his back still So that he no longer feels his body. He goes into his courtyard And does not see his people. No blame.	Primera línea alineada (Jaccard 100%). | Solapamiento léxico alto MT↔Baynes (79%).
53	judgment_oraculo	pair	14%	33%	weak_align	Alineación débil	Die Entwicklung. Das Mädchen wird verheiratet. Heil! Fördernd ist Beharrlichkeit.	The development. The girl is married. Unhurt! Persistence is beneficial.	DEVELOPMENT. The maiden Is given in marriage. Good fortune. Perseverance furthers.	Primera línea poco alineada (Jaccard 33%). | Solapamiento léxico bajo MT↔Baynes (14%).
54	judgment_oraculo	pair	31%	17%	moderate_align	Alineación moderada	Das heiratende Mädchen. Unternehmungen bringen Unheil. Nichts, das fördernd wäre.	The girl getting married. Enterprises bring disaster. Nothing that would be helpful.	THE MARRYING MAIDEN. Undertakings bring misfortune. Nothing that would further.	Primera línea poco alineada (Jaccard 17%). | Solapamiento léxico moderado MT↔Baynes (31%).
55	judgment_oraculo	pair	41%	20%	moderate_align	Alineación moderada	Die Fülle hat Gelingen. Der König erreicht sie. Sei nicht traurig; du mußt sein wie die Sonne am Mittag.	The abundance succeeds. The king reaches them. Don't be sad; you must be like the sun at midday.	ABUNDANCE has success. The king attains abundance. Be not sad. Be like the sun at midday.	Primera línea poco alineada (Jaccard 20%). | Solapamiento léxico moderado MT↔Baynes (41%).
56	judgment_oraculo	pair	70%	100%	strong_align	Alineación fuerte	Der Wanderer. Durch Kleinheit Gelingen. Dem Wanderer ist Beharrlichkeit von Heil.	The Wanderer. Success through smallness. Perseverance is good for the wanderer.	THE WANDERER. Success through smallness. Perseverance brings good fortune To the wanderer.	Primera línea alineada (Jaccard 100%). | Solapamiento léxico alto MT↔Baynes (70%).
57	judgment_oraculo	pair	47%	50%	strong_align	Alineación fuerte	Das Sanfte. Durch Kleines Gelingen. Fördernd ist es, zu haben, wohin man geht. Fördernd ist es, den großen Mann zu sehen.	The gentle one. Through small successes. It's beneficial to have where you're going. It is encouraging to see the great man.	THE GENTLE. Success through what is small. It furthers one to have somewhere to go. It furthers one to see the great man.	Primera línea alineada (Jaccard 50%). | Solapamiento léxico alto MT↔Baynes (47%).
58	judgment_oraculo	pair	11%	14%	divergent	Divergente	Das Heitere. Gelingen. Günstig ist Beharrlichkeit.	The cheerful. Succeed. Persistence is beneficial.	THE JOYOUS. Success. Perseverance is favorable.	Primera línea poco alineada (Jaccard 14%). | Solapamiento léxico bajo MT↔Baynes (11%).
59	judgment_oraculo	pair	39%	0%	moderate_align	Alineación moderada	Die Auflösung. Gelingen. Der König naht seinem Tempel. Fördernd ist es, das große Wasser zu durchqueren. Fördernd ist Beharrlichkeit.	The resolution. Succeed. The king approaches his temple. It is beneficial to cross the big water. Persistence is beneficial.	DISPERSION. Success. The king approaches his temple. It furthers one to cross the great water. Perseverance furthers.	Primera línea poco alineada (Jaccard 0%). | Solapamiento léxico moderado MT↔Baynes (39%).
60	judgment_oraculo	pair	17%	0%	weak_align	Alineación débil	Beschränkung. Gelingen. Bittere Beschränkung darf man nicht beharrlich üben.	Restriction. Succeed. One must not practice bitter restriction persistently.	LIMITATION. Success. Galling limitation must not be persevered in.	Primera línea poco alineada (Jaccard 0%). | Solapamiento léxico bajo MT↔Baynes (17%).
61	judgment_oraculo	pair	37%	57%	moderate_align	Alineación moderada	Innere Wahrheit. Schweine und Fische. Heil! Fördernd ist es, das große Wasser zu durchqueren. Fördernd ist Beharrlichkeit.	Inner truth. Pigs and fish. Unhurt! It is beneficial to cross the big water. Persistence is beneficial.	INNER TRUTH. Pigs and fishes. Good fortune. It furthers one to cross the great water. Perseverance furthers.	Primera línea alineada (Jaccard 57%). | Solapamiento léxico moderado MT↔Baynes (37%).
62	judgment_oraculo	pair	38%	13%	moderate_align	Alineación moderada	Des Kleinen Übergewicht. Gelingen. Fördernd ist Beharrlichkeit. Man mag kleine Dinge tun, man soll nicht große Dinge tun. Der fliegende Voge…	The little one is overweight. Succeed. Persistence is beneficial. One may do small things, one should not do big things. The flying bird bri…	PREPONDERANCE OF THE SMALL. Success. Perseverance furthers. Small things may be done; great things should not be done. The flying bird bring…	Primera línea poco alineada (Jaccard 13%). | Solapamiento léxico moderado MT↔Baynes (38%).
63	judgment_oraculo	pair	26%	25%	moderate_align	Alineación moderada	Gelingen im Kleinen. Fördernd ist Beharrlichkeit. Im Anfang Heil, am Ende Wirren.	Success on a small scale. Persistence is beneficial. In the beginning there is salvation, in the end there is confusion.	AFTER COMPLETION. Success in small matters. Perseverance furthers. At the beginning good fortune, At the end disorder.	Primera línea poco alineada (Jaccard 25%). | Solapamiento léxico moderado MT↔Baynes (26%).
64	judgment_oraculo	pair	43%	50%	moderate_align	Alineación moderada	Vor der Vollendung. Gelingen. Wenn aber der kleine Fuchs, wenn er beinahe den Übergang vollendet hat, mit dem Schwanz ins Wasser kommt, dann…	Before completion. Succeed. But if the little fox when he has almost completed the transition, comes with his tail in the water, then there …	BEFORE COMPLETION. Success. But if the little fox, after nearly completing the crossing, Gets his tail in the water, There is nothing that w…	Primera línea alineada (Jaccard 50%). | Solapamiento léxico moderado MT↔Baynes (43%).
1	judgment_comentario	pair	42%	36%	moderate_align	Alineación moderada	Dem ursprünglichen Sinne nach gehören die Eigenschaften paarweise zusammen. Für den, der dies Orakel gewinnt, bedeutet das, daß ihm Gelingen…	In the original sense, the properties belong together in pairs. For the person who wins this oracle, this means that success will come to hi…	According to the original meaning, the attributes [sublimity, potentiality of success, power to further, perseverance] are paired. When an i…	Primera línea alineada (Jaccard 36%). | Solapamiento léxico moderado MT↔Baynes (41%).
2	judgment_comentario	pair	35%	17%	moderate_align	Alineación moderada	Die vier Grundrichtungen des Schöpferischen: »erhabenes Gelingen, fördernd durch Beharrlichkeit« finden sich auch als Bezeichnung des Empfan…	The four basic directions of creativity: “sublime success, promoted through perseverance” can also be found as a description of the recipien…	The four fundamental aspects of the Creative—""sublime success, furthering through perseverance""—are also attributed to the Receptive. Here, …	Primera línea poco alineada (Jaccard 16%). | Solapamiento léxico moderado MT↔Baynes (35%).
3	judgment_comentario	pair	33%	24%	moderate_align	Alineación moderada	Werdezeiten haben Schwierigkeiten. Es ist wie eine Erstgeburt. Aber diese Schwierigkeiten entstehen aus der Fülle dessen, was nach Gestaltun…	Becoming times have difficulties. It's like a firstborn. But these difficulties arise from the abundance of what struggles to form. Everythi…	Times of growth are beset with difficulties. They resemble a first birth. But these difficulties arise from the very profusion of all that i…	Primera línea poco alineada (Jaccard 24%). | Solapamiento léxico moderado MT↔Baynes (33%).
4	judgment_comentario	pair	32%	22%	moderate_align	Alineación moderada	In der Jugend ist Torheit nichts Schlimmes. Es kann ihr doch gelingen. Nur muß man einen erfahrenen Lehrer finden und ihm auf die rechte Wei…	Foolishness is not a bad thing in youth. She can still succeed. You just have to find an experienced teacher and approach him in the right w…	In the time of youth, folly is not an evil. One may succeed in spite of it, provided one finds an experienced teacher and has the right atti…	Primera línea poco alineada (Jaccard 22%). | Solapamiento léxico moderado MT↔Baynes (32%).
5	judgment_comentario	pair	46%	55%	strong_align	Alineación fuerte	Das Warten ist kein leeres Hoffen. Es hat die innere Gewißheit, sein Ziel zu erreichen. Nur diese innere Gewißheit gibt das Licht, das allei…	Waiting is not an empty hope. It has the inner certainty of achieving its goal. Only this inner certainty provides the light that alone lead…	Waiting is not mere empty hoping. It has the inner certainty of reaching the goal. Such certainty alone gives that light which leads to succ…	Primera línea alineada (Jaccard 55%). | Solapamiento léxico alto MT↔Baynes (46%).
6	judgment_comentario	pair	33%	24%	moderate_align	Alineación moderada	Streit entsteht, wenn man im Gefühl seines Rechts auf Widerstand stößt. Ohne die Überzeugung des eigenen Rechts führt Widerstand zu Hinterli…	Disputes arise when one encounters resistance in the sense of one's rights. Without conviction of one's own rights, resistance leads to dece…	Conflict develops when one feels himself to be in the right and runs into opposition. If one is not convinced of being in the right, opposit…	Primera línea poco alineada (Jaccard 24%). | Solapamiento léxico moderado MT↔Baynes (33%).
7	judgment_comentario	pair	42%	38%	moderate_align	Alineación moderada	Ein Heer ist eine Masse, die, um ein Heer zu werden, der Organisation bedarf. Ohne feste Disziplin läßt sich nichts erreichen. Diese Diszipl…	An army is a mass that needs organization in order to become an army. Nothing can be achieved without firm discipline. However, this discipl…	An army is a mass that needs organization in order to become a fighting force. Without strict discipline nothing can be accomplished, but th…	Primera línea alineada (Jaccard 38%). | Solapamiento léxico moderado MT↔Baynes (42%).
8	judgment_comentario	pair	44%	27%	moderate_align	Alineación moderada	Es handelt sich darum, daß man sich mit andern zusammentut, um durch den Zusammenhalt sich gegenseitig zu ergänzen und zu fördern. Für einen…	It's about joining forces with others in order to complement and support each other through cohesion. For such cohesion there must be a cent…	What is required is that we unite with others, in order that all may complement and aid one another through holding together. But such holdi…	Primera línea poco alineada (Jaccard 27%). | Solapamiento léxico moderado MT↔Baynes (44%).
9	judgment_comentario	pair	41%	28%	moderate_align	Alineación moderada	Das Gleichnis stammt aus der Lage der Verhältnisse in China zur Zeit des Königs Wen. Er stammte aus Westen, war aber damals im Osten am Hof …	The parable comes from the situation in China at the time of King Wen. He came from the West, but was then in the East at the court of the G…	This image refers to the state of affairs in China at the time when King Wên, who came originally from the west, was in the east at the cour…	Primera línea poco alineada (Jaccard 28%). | Solapamiento léxico moderado MT↔Baynes (41%).
10	judgment_comentario	pair	37%	32%	moderate_align	Alineación moderada	Die Lage ist eigentlich schwierig. Stärkstes und Schwächstes ist unmittelbar beisammen. Das Schwache geht hinter dem Starken her und macht s…	The situation is actually difficult. The strongest and weakest are right together. The weak goes after the strong and messes with him. But t…	The situation is really difficult. That which is strongest and that which is weakest are close together. The weak follows behind the strong …	Primera línea poco alineada (Jaccard 32%). | Solapamiento léxico moderado MT↔Baynes (37%).
11	judgment_comentario	pair	45%	53%	moderate_align	Alineación moderada	Das Zeichen deutet in der Natur auf eine Zeit, da sozusagen der Himmel auf Erden ist. Der Himmel hat sich unter die Erde gestellt. So verein…	The sign points to a time in nature when heaven is on earth, so to speak. Heaven has placed itself beneath the earth. This is how their powe…	This hexagram denotes a time in nature when heaven seems to be on earth. Heaven has placed itself beneath the earth, and so their powers uni…	Primera línea alineada (Jaccard 53%). | Solapamiento léxico moderado MT↔Baynes (45%).
12	judgment_comentario	pair	32%	30%	moderate_align	Alineación moderada	Himmel und Erde stehen außer Verkehr, und alle Dinge erstarren. Obere und Untere stehen außer Beziehung, und auf Erden herrscht Verwirrung u…	Heaven and earth are out of touch, and all things freeze. Upper and lower are unrelated, and there is confusion and disorder on earth. The d…	Heaven and earth are out of communion and all things are benumbed. What is above has no relation to what is below, and on earth confusion an…	Primera línea poco alineada (Jaccard 30%). | Solapamiento léxico moderado MT↔Baynes (32%).
13	judgment_comentario	pair	44%	32%	moderate_align	Alineación moderada	Die wirkliche Gemeinschaft der Menschen muß auf Grund einer kosmischen Anteilnahme zustande kommen. Nicht Sonderzwecke des Ichs, sondern Men…	The real community of people must come about on the basis of cosmic participation. It is not the special purposes of the ego, but the goals …	True fellowship among men must be based upon a concern that is universal. It is not the private interests of the individual that create last…	Primera línea poco alineada (Jaccard 32%). | Solapamiento léxico moderado MT↔Baynes (44%).
14	judgment_comentario	pair	47%	43%	strong_align	Alineación fuerte	Die beiden Urzeichen zeigen an, daß Kraft und Klarheit sich vereinigen. Der Besitz von Großem ist vom Schicksal bestimmt und entspricht der …	The two original signs indicate that strength and clarity unite. The possession of great things is determined by fate and corresponds to tim…	The two trigrams indicate that strength and clarity unite. Possession in great measure is determined by fate and accords with the time. How …	Primera línea alineada (Jaccard 43%). | Solapamiento léxico alto MT↔Baynes (47%).
15	judgment_comentario	pair	40%	30%	moderate_align	Alineación moderada	Das Gesetz des Himmels macht das Volle leer und füllt das Bescheidene: wenn die Sonne am höchsten steht, muß sie nach himmlischem Gesetz dem…	The law of heaven makes the full empty and fills the humble: when the sun is at its highest point, according to heavenly law it must go down…	It is the law of heaven to make fullness empty and to make full what is modest; when the sun is at its zenith, it must, according to the law…	Primera línea poco alineada (Jaccard 30%). | Solapamiento léxico moderado MT↔Baynes (40%).
16	judgment_comentario	pair	46%	31%	strong_align	Alineación fuerte	Die Zeit der Begeisterung beruht darauf, daß ein bedeutender Mann da ist, der in Fühlung mit der Volksseele ist und in Übereinstimmung mit i…	The time of enthusiasm is based on the fact that there is an important man who is in touch with the people's soul and acts in accordance wit…	The time of ENTHUSIASM derives from the fact that there is at hand an eminent man who is in sympathy with the spirit of the people and acts …	Primera línea poco alineada (Jaccard 31%). | Solapamiento léxico alto MT↔Baynes (46%).
17	judgment_comentario	pair	38%	24%	moderate_align	Alineación moderada	Um Nachfolge zu erreichen, muß man selbst erst sich anzupassen verstehen. Nur durch Dienen kommt man zum Herrschen; denn nur so erlangt man …	In order to achieve succession, one must first know how to adapt. It is only through service that one comes to rule; Because this is the onl…	In order to obtain a following one must first know how to adapt oneself. If a man would rule he must first learn to serve, for only in this …	Primera línea poco alineada (Jaccard 24%). | Solapamiento léxico moderado MT↔Baynes (38%).
18	judgment_comentario	pair	42%	17%	moderate_align	Alineación moderada	Was durch Schuld von Menschen verdorben ist, kann durch Arbeit von Menschen wieder gutgemacht werden. Es ist nicht unabänderliches Geschick,…	What is corrupted by the fault of men can be repaired by the work of men. It is not an unchangeable fate, as was the case during the period …	What has been spoiled through man's fault can be made good again through man's work. It is not immutable fate, as in the time of STANDSTILL,…	Primera línea poco alineada (Jaccard 17%). | Solapamiento léxico moderado MT↔Baynes (42%).
19	judgment_comentario	pair	50%	36%	strong_align	Alineación fuerte	Das Zeichen als Ganzes deutet auf eine Zeit hoffnungsfrohen Fortschritts. Der Frühling naht. Freude und Nachgiebigkeit bringen Hohe und Nied…	The sign as a whole points to a time of hopeful progress. Spring is approaching. Joy and indulgence bring the high and the low closer togeth…	The hexagram as a whole points to a time of joyous, hopeful progress. Spring is approaching. Joy and forbearance bring high and low nearer t…	Primera línea alineada (Jaccard 36%). | Solapamiento léxico alto MT↔Baynes (49%).
20	judgment_comentario	pair	44%	50%	moderate_align	Alineación moderada	Die Opferhandlung in China begann mit einer Waschung und Libation, durch die die Gottheit herbeigerufen wurde. Darauf wurden die Opfer darge…	The sacrificial act in China began with ablution and libation through which the deity was summoned. The sacrifices were then offered. The mo…	The sacrificial ritual in China began with an ablution and a libation by which the Deity was invoked, after which the sacrifice was offered.…	Primera línea alineada (Jaccard 50%). | Solapamiento léxico moderado MT↔Baynes (44%).
21	judgment_comentario	pair	29%	22%	moderate_align	Alineación moderada	Wenn ein Hindernis der Vereinigung entgegensteht, so schafft energisches Durchbeißen Erfolg. Das gilt in allen Verhältnissen. Immer wird die…	When an obstacle stands in the way of union, energetically pushing through it creates success. This applies in all circumstances. Where unit…	When an obstacle to union arises, energetic biting through brings success. This is true in all situations. Whenever unity cannot be establis…	Primera línea poco alineada (Jaccard 22%). | Solapamiento léxico moderado MT↔Baynes (29%).
22	judgment_comentario	pair	38%	26%	moderate_align	Alineación moderada	Die Anmut bringt Gelingen. Aber sie ist nicht das Wesentliche, die Grundlage, sondern nur die Verzierung. Daher darf sie nur sparsam, im Kle…	Grace brings success. But it is not the essence, the basis, but only the decoration. Therefore it should only be used sparingly and on a sma…	Grace brings success. However, it is not the essential or fundamental thing; it is only the ornament and must therefore be used sparingly an…	Primera línea poco alineada (Jaccard 25%). | Solapamiento léxico moderado MT↔Baynes (38%).
23	judgment_comentario	pair	44%	28%	moderate_align	Alineación moderada	Es ist eine Zeit, da die Gemeinen im Vordringen sind und eben im Begriff stehen, die letzten Starken und Edlen zu verdrängen. Darum, weil da…	It is a time when the common people are advancing and are about to push out the last strong and noble ones. Therefore, because this is estab…	This pictures a time when inferior people are pushing forward and are about to crowd out the few remaining strong and superior men. Under th…	Primera línea poco alineada (Jaccard 28%). | Solapamiento léxico moderado MT↔Baynes (44%).
24	judgment_comentario	pair	41%	20%	moderate_align	Alineación moderada	Nach einer Zeit des Zerfalls kommt die Wendezeit. Das starke Licht, das zuvor vertrieben war, tritt wieder ein. Es gibt Bewegung. Diese Bewe…	After a period of decay comes the turning point. The strong light that was previously expelled re-enters. There is movement. But this moveme…	After a time of decay comes the turning point. The powerful light that has been banished returns. There is movement, but it is not brought a…	Primera línea poco alineada (Jaccard 20%). | Solapamiento léxico moderado MT↔Baynes (41%).
25	judgment_comentario	pair	49%	39%	strong_align	Alineación fuerte	Der Mensch hat vom Himmel die ursprünglich gute Natur erhalten, daß sie ihn bei allen Bewegungen leite. Durch Hingabe an dieses Göttliche in…	Man received his originally good nature from heaven so that it guides him in all his movements. By surrendering to this divine within him, m…	Man has received from heaven a nature innately good, to guide him in all his movements. By devotion to this divine spirit within himself, he…	Primera línea alineada (Jaccard 39%). | Solapamiento léxico alto MT↔Baynes (49%).
26	judgment_comentario	pair	48%	27%	strong_align	Alineación fuerte	Zum Festhalten und Ansammeln von großen, schöpferischen Kräften, wie es in dem Zeichen dargestellt ist, bedarf es eines starken, klaren Mann…	To hold onto and accumulate great, creative powers, as depicted in the sign, a strong, clear man is required who is honored by the ruler. Th…	To hold firmly to great creative powers and store them up, as set forth in this hexagram, there is need of a strong, clearheaded man who is …	Primera línea poco alineada (Jaccard 27%). | Solapamiento léxico alto MT↔Baynes (48%).
27	judgment_comentario	pair	37%	27%	moderate_align	Alineación moderada	Bei der Zuwendung von Pflege und Ernährung ist es wichtig, daß für die rechten Leute gesorgt wird und man für seine eigene Ernährung in der …	When providing care and nutrition, it is important to care for the right people and to provide for your own nutrition in the right way. If y…	In bestowing care and nourishment, it is important that the right people should be taken care of and that we should attend to our own nouris…	Primera línea poco alineada (Jaccard 26%). | Solapamiento léxico moderado MT↔Baynes (37%).
28	judgment_comentario	pair	38%	22%	moderate_align	Alineación moderada	Das Große ist im Übergewicht. Die Belastung ist zu groß für die tragenden Kräfte. Der Firstbalken, auf dem das ganze Dach ruht, biegt sich d…	The big thing is overweight. The load is too great for the supporting forces. The ridge beam on which the entire roof rests bends because it…	The weight of the great is excessive. The load is too heavy for the strength of the supports. The ridgepole, on which the whole roof rests, …	Primera línea poco alineada (Jaccard 22%). | Solapamiento léxico moderado MT↔Baynes (38%).
29	judgment_comentario	pair	43%	31%	moderate_align	Alineación moderada	Durch die Wiederholung der Gefahr gewöhnt man sich daran. Das Wasser gibt das Beispiel für das rechte Verhalten in solchen Zuständen. Es fli…	By repeating the danger you get used to it. Water sets the example for right behavior in such conditions. It continues to flow and simply fi…	Through repetition of danger we grow accustomed to it. Water sets the example for the right conduct under such circumstances. It flows on an…	Primera línea poco alineada (Jaccard 31%). | Solapamiento léxico moderado MT↔Baynes (43%).
30	judgment_comentario	pair	38%	31%	moderate_align	Alineación moderada	Das Dunkle haftet am Lichten und vollendet so dessen Helligkeit. Indem das Helle Licht ausstrahlt, bedarf es des Beharrlichen im Innern, dam…	The dark clings to the light and thus completes its brightness. As the bright light radiates, it requires persistence within so that it does…	What is dark clings to what is light and so enhances the brightness of the latter. A luminous thing giving out light must have within itself…	Primera línea poco alineada (Jaccard 31%). | Solapamiento léxico moderado MT↔Baynes (38%).
31	judgment_comentario	pair	43%	20%	moderate_align	Alineación moderada	Das Schwache ist oben, das Starke unten, dadurch ziehen sich ihre Kräfte an, so daß sie sich vereinigen. Das schafft das Gelingen. Denn alle…	The weak is above, the strong is below, so their forces attract each other so that they unite. That creates success. Because all success is …	The weak element is above, the strong below; hence their powers attract each other, so that they unite. This brings about success, for all s…	Primera línea poco alineada (Jaccard 20%). | Solapamiento léxico moderado MT↔Baynes (43%).
32	judgment_comentario	pair	41%	37%	moderate_align	Alineación moderada	Die Dauer ist ein Zustand, dessen Bewegung sich nicht durch Hemmungen aufreibt. Sie ist nicht ein Ruhezustand; denn bloßer Stillstand ist Rü…	Duration is a state whose movement is not disrupted by inhibitions. It is not a state of rest; for mere stagnation is decline. Rather, durat…	Duration is a state whose movement is not worn down by hindrances. It is not a state of rest, for mere standstill is regression. Duration is…	Primera línea alineada (Jaccard 37%). | Solapamiento léxico moderado MT↔Baynes (41%).
33	judgment_comentario	pair	41%	24%	moderate_align	Alineación moderada	Die Verhältnisse sind so, daß die feindlichen Kräfte, durch die Zeit begünstigt, im Vorrücken sind. In diesem Fall ist der Rückzug das richt…	The circumstances are such that the enemy forces, favored by the times, are advancing. In this case, retreat is the right thing to do, and i…	Conditions are such that the hostile forces favored by the time are advancing. In this case retreat is the right course, and it is through r…	Primera línea poco alineada (Jaccard 24%). | Solapamiento léxico moderado MT↔Baynes (41%).
34	judgment_comentario	pair	41%	25%	moderate_align	Alineación moderada	Das Zeichen deutet auf eine Zeit, da innerer Wert gewaltig aufsteigt und zur Macht kommt. Aber die Stärke hat die Mitte schon überschritten.…	The sign points to a time when inner value rises tremendously and comes to power. But the strength has already passed the middle. That is wh…	The hexagram points to a time when inner worth mounts with great force and comes to power. But its strength has already passed beyond the me…	Primera línea poco alineada (Jaccard 25%). | Solapamiento léxico moderado MT↔Baynes (41%).
35	judgment_comentario	pair	40%	22%	moderate_align	Alineación moderada	Als Beispiel wird eine Zeit geschildert, da ein starker Lehnsfürst die übrigen Fürsten um den Großkönig in Gehorsam und Frieden versammelt u…	As an example, a time is described when a strong feudal prince gathered the other princes around the great king in obedience and peace and w…	As an example of progress, this pictures a time when a powerful feudal lord rallies the other lords around the sovereign and pledges fealty …	Primera línea poco alineada (Jaccard 22%). | Solapamiento léxico moderado MT↔Baynes (40%).
36	judgment_comentario	pair	30%	22%	moderate_align	Alineación moderada	Man darf sich auch von ungünstigen Verhältnissen nicht wehrlos mitreißen, nicht in seiner inneren Willenshaltung beugen lassen. Dies ist mög…	You shouldn't allow yourself to be carried away defenselessly by unfavorable circumstances and you shouldn't let your inner will be bent. Th…	One must not unresistingly let himself be swept along by unfavorable circumstances, nor permit his steadfastness to be shaken. He can avoid …	Primera línea poco alineada (Jaccard 22%). | Solapamiento léxico moderado MT↔Baynes (30%).
37	judgment_comentario	pair	42%	33%	moderate_align	Alineación moderada	Die Grundlage der Sippe sind die Beziehungen von Gatte und Gattin. Das Band, das die Sippe zusammenhält, liegt in der Treue und Beharrlichke…	The basis of the clan is the relationships between husband and wife. The bond that holds the clan together lies in the loyalty and persevera…	The foundation of the family is the relationship between husband and wife. The tie that holds the family together lies in the loyalty and pe…	Primera línea poco alineada (Jaccard 33%). | Solapamiento léxico moderado MT↔Baynes (42%).
38	judgment_comentario	pair	49%	42%	strong_align	Alineación fuerte	Wenn die Menschen in Gegensatz und Entfremdung leben, so läßt sich ein großes gemeinsames Werk nicht ausführen. Die Gesinnungen gehen zu wei…	If people live in opposition and alienation, a great common work cannot be carried out. The attitudes are too far apart. Above all, one must…	When people live in opposition and estrangement they cannot carry out a great undertaking in common; their points of view diverge too widely…	Primera línea alineada (Jaccard 42%). | Solapamiento léxico alto MT↔Baynes (49%).
39	judgment_comentario	pair	37%	23%	moderate_align	Alineación moderada	Südwesten ist die Gegend des Rückzugs, Nordosten die Gegend des Vordringens. Es handelt sich um eine Lage, da sich Hemmnisse einem gegenüber…	Southwest is the area of ​​retreat, northeast is the area of ​​advance. It is a situation in which obstacles confront you that cannot be ove…	The southwest is the region of retreat, the northeast that of advance. Here an individual is confronted by obstacles that cannot be overcome…	Primera línea poco alineada (Jaccard 23%). | Solapamiento léxico moderado MT↔Baynes (37%).
40	judgment_comentario	pair	36%	18%	moderate_align	Alineación moderada	Es handelt sich um eine Zeit, da Spannungen und Verwicklungen sich zu lösen beginnen. In solchen Zeiten gilt es, sobald wie möglich zu den g…	It is a time when tensions and complications begin to be released. In such times it is important to retreat to normal conditions as soon as …	This refers to a time in which tensions and complications begin to be eased. At such times we ought to make our way back to ordinary conditi…	Primera línea poco alineada (Jaccard 18%). | Solapamiento léxico moderado MT↔Baynes (36%).
41	judgment_comentario	pair	41%	31%	moderate_align	Alineación moderada	Minderung bedeutet nicht unter allen Umständen etwas Schlechtes. Mehrung und Minderung kommen zu ihrer Zeit. Da gilt es, sich in die Zeit zu…	Mitigation does not mean something bad in all circumstances. Increase and decrease come in their time. It's important to find the time and n…	Decrease does not under all circumstances mean something bad. Increase and decrease come in their own time. What matters here is to understa…	Primera línea poco alineada (Jaccard 31%). | Solapamiento léxico moderado MT↔Baynes (41%).
42	judgment_comentario	pair	43%	28%	moderate_align	Alineación moderada	Durch das Opfer, das von oben her zur Mehrung des Unteren gebracht wird, entsteht im Volk eine Stimmung der Freude und Dankbarkeit, die für …	Through the sacrifice made from above to increase those below, a mood of joy and gratitude arises among the people, which is extremely valua…	Sacrifice on the part of those above for the increase of those below fills the people with a sense of joy and gratitude that is extremely va…	Primera línea poco alineada (Jaccard 28%). | Solapamiento léxico moderado MT↔Baynes (43%).
43	judgment_comentario	pair	39%	30%	moderate_align	Alineación moderada	Wenn in einer Stadt auch nur ein Gemeiner an herrschendem Platz sich hält, so vermag er die Edlen zu bedrücken. Wenn im Herzen auch nur noch…	If even one commoner holds a dominant position in a city, he can oppress the noble ones. If there is even one passion left in the heart, it …	Even if only one inferior man is occupying a ruling position in a city, he is able to oppress superior men. Even a single passion still lurk…	Primera línea poco alineada (Jaccard 30%). | Solapamiento léxico moderado MT↔Baynes (39%).
44	judgment_comentario	pair	38%	28%	moderate_align	Alineación moderada	Das Emporkommen des Gemeinen ist unter dem Bild eines frechen Mädchens gezeichnet, das sich leichthin preisgibt und dadurch die Herrschaft a…	The rise of the common man is depicted in the image of a cheeky girl who gives herself away carelessly and thereby seizes control. That woul…	The rise of the inferior element is pictured here in the image of a bold girl who lightly surrenders herself and thus seizes power. This wou…	Primera línea poco alineada (Jaccard 28%). | Solapamiento léxico moderado MT↔Baynes (38%).
45	judgment_comentario	pair	44%	33%	moderate_align	Alineación moderada	Die Sammlung der Menschen in größeren Gemeinschaften ist entweder eine natürliche, wie innerhalb der Familie, oder eine künstliche, wie im S…	The gathering of people in larger communities is either natural, as in the family, or artificial, as in the state. The family gathers around…	The gathering together of people in large communities is either a natural occurrence, as in the case of the family, or an artificial one, as…	Primera línea poco alineada (Jaccard 33%). | Solapamiento léxico moderado MT↔Baynes (44%).
46	judgment_comentario	pair	26%	20%	moderate_align	Alineación moderada	Das Empordringen der tüchtigen Elemente stößt auf kein Hindernis, darum ist es von großem Erfolg begleitet. Die Art, die das Empordringen er…	The rise of the capable elements meets no obstacle, which is why it is accompanied by great success. The species that enables upward mobilit…	The pushing upward of the good elements encounters no obstruction and is therefore accompanied by great success. The pushing upward is made …	Primera línea poco alineada (Jaccard 20%). | Solapamiento léxico moderado MT↔Baynes (26%).
47	judgment_comentario	pair	37%	31%	moderate_align	Alineación moderada	Notzeiten sind das Gegenteil von Erfolg. Aber sie können zu Erfolg führen, wenn sie den rechten Menschen treffen. Wenn ein starker Mensch in…	Times of adversity are the opposite of success. But they can lead to success if they meet the right person. When a strong person comes into …	Times of adversity are the reverse of times of success, but they can lead to success if they befall the right man. When a strong man meets w…	Primera línea poco alineada (Jaccard 31%). | Solapamiento léxico moderado MT↔Baynes (37%).
48	judgment_comentario	pair	40%	37%	moderate_align	Alineación moderada	Die Hauptstädte wurden im alten China zuweilen verlegt, teils aus Gründen der Gunst der Lage, teils bei dem Wechsel der Dynastien. Der Baust…	Capitals were sometimes moved in ancient China, partly for reasons of convenience and partly due to the change of dynasties. The architectur…	In ancient China the capital cities were sometimes moved, partly for the sake of more favorable location, partly because of a change in dyna…	Primera línea alineada (Jaccard 37%). | Solapamiento léxico moderado MT↔Baynes (40%).
49	judgment_comentario	pair	43%	34%	moderate_align	Alineación moderada	Staatliche Umwälzungen sind etwas überaus Schweres. Man darf sie nur im äußersten Notfall, wenn kein anderer Ausweg übrig ist, vornehmen. Ni…	State upheavals are something extremely difficult. This should only be done in extreme emergencies, when there is no other way out. Not ever…	Political revolutions are extremely grave matters. They should be undertaken only under stress of direst necessity, when there is no other w…	Primera línea poco alineada (Jaccard 34%). | Solapamiento léxico moderado MT↔Baynes (43%).
50	judgment_comentario	pair	39%	33%	moderate_align	Alineación moderada	Während der Brunnen die soziale Grundlage der Gesellschaft behandelt, die wie das Wasser ist, das dem Holz zur Nahrung dient, so wird hier d…	While the well deals with the social basis of society, which is like the water that nourishes the wood, the cultural superstructure of socie…	While THE WELL relates to the social foundation of our life, and this foundation is likened to the water that serves to nourish growing wood…	Primera línea poco alineada (Jaccard 33%). | Solapamiento léxico moderado MT↔Baynes (38%).
51	judgment_comentario	pair	40%	34%	moderate_align	Alineación moderada	Die Erschütterung, die durch das Hervortreten Gottes im Innern der Erde aufsteigt, macht, daß der Mensch sich fürchtet, aber diese Furcht vo…	The shock that arises within the earth due to God's emergence causes man to be afraid, but this fear of God is a good thing; because it caus…	The shock that comes from the manifestation of God within the depths of the earth makes man afraid, but this fear of God is good, for joy an…	Primera línea poco alineada (Jaccard 34%). | Solapamiento léxico moderado MT↔Baynes (40%).
52	judgment_comentario	pair	46%	50%	strong_align	Alineación fuerte	Die wahre Ruhe ist die, daß man stillehält, wenn die Zeit gekommen ist, stillezuhalten, und daß man vorangeht, wenn die Zeit gekommen ist, v…	True stillness is to hold still when the time has come to hold still, and to move forward when the time has come to move forward. In this wa…	True quiet means keeping still when the time has come to keep still, and going forward when the time has come to go forward. In this way res…	Primera línea alineada (Jaccard 50%). | Solapamiento léxico alto MT↔Baynes (46%).
53	judgment_comentario	pair	39%	28%	moderate_align	Alineación moderada	Zögernd ist die Entwicklung, die dazu führt, daß das Mädchen dem Mann in sein Heim folgt. Es müssen die verschiedenen Formalitäten erledigt …	The development is hesitant and leads to the girl following the man into his home. Various formalities must be completed before the marriage…	The development of events that leads to a girl's following a man to his home proceeds slowly. The various formalities must be disposed of be…	Primera línea poco alineada (Jaccard 28%). | Solapamiento léxico moderado MT↔Baynes (39%).
54	judgment_comentario	pair	41%	40%	moderate_align	Alineación moderada	Ein Mädchen, das in die Familie aufgenommen ist, ohne Hauptfrau zu sein, muß sich besonders vorsichtig und zurückhaltend benehmen. Es darf s…	A girl who is accepted into the family without being the main wife must behave with particular caution and reserve. She must not set out on …	A girl who is taken into the family, but not as the chief wife, must behave with special caution and reserve. She must not take it upon hers…	Primera línea alineada (Jaccard 40%). | Solapamiento léxico moderado MT↔Baynes (41%).
55	judgment_comentario	pair	51%	42%	strong_align	Alineación fuerte	Eine Zeit höchster Größe und Fülle herbeizuführen, ist nicht jedem Sterblichen beschieden. Es muß ein geborener Herrscher über die Menschen …	Bringing about a time of greatest greatness and abundance is not for every mortal. It must be a born ruler over people who can do something …	It is not given to every mortal to bring about a time of outstanding greatness and abundance. Only a born ruler of men is able to do it, bec…	Primera línea alineada (Jaccard 42%). | Solapamiento léxico alto MT↔Baynes (51%).
56	judgment_comentario	pair	33%	20%	moderate_align	Alineación moderada	Als Wanderer und Fremdling darf man nicht schroff sein und hoch hinaus wollen. Man hat keinen großen Bekanntenkreis, darum darf man sich nic…	As a hiker and stranger, you can't be harsh and aim high. You don't have a large circle of friends, so you can't boast. You have to be caref…	When a man is a wanderer and stranger, he should not be gruff nor overbearing. He has no large circle of acquaintances, therefore he should …	Primera línea poco alineada (Jaccard 20%). | Solapamiento léxico moderado MT↔Baynes (33%).
57	judgment_comentario	pair	38%	22%	moderate_align	Alineación moderada	Eindringlichkeit erzeugt allmähliche und unscheinbare Wirkungen. Es soll nicht durch Vergewaltigung gewirkt werden, sondern durch ununterbro…	Forcefulness produces gradual and inconspicuous effects. It is not to be worked by rape, but by continuous influence. These effects are less…	Penetration produces gradual and inconspicuous effects. It should be effected not by an act of violation but by influence that never lapses.…	Primera línea poco alineada (Jaccard 22%). | Solapamiento léxico moderado MT↔Baynes (38%).
58	judgment_comentario	pair	32%	27%	moderate_align	Alineación moderada	Die fröhliche Stimmung wirkt ansteckend, darum hat sie Erfolg. Aber die Freude bedarf als Grundlage der Beständigkeit, damit sie nicht zu un…	The happy mood is contagious, which is why she is successful. But joy needs stability as a basis so that it does not degenerate into uncontr…	The joyous mood is infectious and therefore brings success. But joy must be based on steadfastness if it is not to degenerate into uncontrol…	Primera línea poco alineada (Jaccard 27%). | Solapamiento léxico moderado MT↔Baynes (32%).
59	judgment_comentario	pair	34%	31%	moderate_align	Alineación moderada	Das Zeichen hat in seinem Text Ähnlichkeit mit dem Zeichen Tsui, »die Sammlung« (Nr. 45). Dort handelt es sich um Sammlung des Getrennten, w…	In its text, the symbol is similar to the symbol Tsui, “the collection” (No. 45). There it is a matter of collecting what is separated, just…	The text of this hexagram resembles that of Ts'ui, GATHERING TOGETHER (45). In the latter, the subject is the bringing together of elements …	Primera línea poco alineada (Jaccard 31%). | Solapamiento léxico moderado MT↔Baynes (34%).
60	judgment_comentario	pair	28%	31%	moderate_align	Alineación moderada	Schranken sind bemühend. Aber sie richten etwas aus. Durch Sparsamkeit im gewöhnlichen Leben ist man gerüstet auf Zeiten der Not. Durch Zurü…	Barriers are difficult. But they do something. By being frugal in everyday life, one is prepared for times of need. By holding back you save…	Limitations are troublesome, but they are effective. If we live economically in normal times, we are prepared for times of want. To be spari…	Primera línea poco alineada (Jaccard 31%). | Solapamiento léxico moderado MT↔Baynes (28%).
61	judgment_comentario	pair	42%	29%	moderate_align	Alineación moderada	Schweine und Fische sind die ungeistigsten und daher am schwersten zu beeinflussenden Tiere. Die Kraft der inneren Wahrheit muß einen hohen …	Pigs and fish are the least spiritual animals and therefore the most difficult to influence. The power of inner truth must have reached a hi…	Pigs and fishes are the least intelligent of all animals and therefore the most difficult to influence. The force of inner truth must grow g…	Primera línea poco alineada (Jaccard 29%). | Solapamiento léxico moderado MT↔Baynes (42%).
62	judgment_comentario	pair	43%	36%	moderate_align	Alineación moderada	Außerordentliche Bescheidenheit und Gewissenhaftigkeit wird sicher von Erfolg belohnt werden, nur ist es wichtig, daß sie nicht leere Formel…	Extraordinary modesty and conscientiousness will certainly be rewarded with success, but it is important that they do not become empty formu…	Exceptional modesty and conscientiousness are sure to be rewarded with success; however, if a man is not to throw himself away, it is import…	Primera línea alineada (Jaccard 36%). | Solapamiento léxico moderado MT↔Baynes (43%).
63	judgment_comentario	pair	40%	26%	moderate_align	Alineación moderada	Der Übergang von der alten in die neue Zeit ist schon vollzogen. Prinzipiell ist alles schon geregelt. Nur noch im einzelnen läßt sich Erfol…	The transition from the old to the new era has already been completed. In principle everything is already regulated. Success can only be ach…	The transition from the old to the new time is already accomplished. In principle, everything stands systematized, and it is only in regard …	Primera línea poco alineada (Jaccard 25%). | Solapamiento léxico moderado MT↔Baynes (40%).
64	judgment_comentario	pair	51%	28%	strong_align	Alineación fuerte	Die Verhältnisse sind schwierig. Die Aufgabe ist groß und verantwortungsvoll. Es handelt sich um nichts Geringeres, als die Welt aus der Ver…	The conditions are difficult. The task is big and responsible. It is nothing less than returning the world from confusion to order. Neverthe…	The conditions are difficult. The task is great and full of responsibility. It is nothing less than that of leading the world out of confusi…	Primera línea poco alineada (Jaccard 28%). | Solapamiento léxico alto MT↔Baynes (51%).
1	image_oraculo	pair	44%	33%	moderate_align	Alineación moderada	Des Himmels Bewegung ist kraftvoll. So macht der Edle sich stark und unermüdlich.	Heaven's movement is powerful. This is how the noble man makes himself strong and tireless.	The movement of heaven is full of power. Thus the superior man makes himself strong and untiring.	Primera línea poco alineada (Jaccard 33%). | Solapamiento léxico moderado MT↔Baynes (44%).
2	image_oraculo	pair	32%	67%	moderate_align	Alineación moderada	Der Zustand der Erde ist die empfangende Hingebung. So trägt der Edle weiträumigen Wesens die Außenwelt.	The condition of the earth is the receiving devotion. This is how the noble man of spacious nature carries the outside world.	The earth's condition is receptive devotion. Thus the superior man who has breadth of character Carries the outer world.	Primera línea alineada (Jaccard 67%). | Solapamiento léxico moderado MT↔Baynes (32%).
3	image_oraculo	pair	26%	43%	moderate_align	Alineación moderada	Wolken und Donner: das Bild der Anfangsschwierigkeit. So wirkt der Edle entwirrend und ordnend.	Clouds and thunder: the image of the initial difficulty. This is how the noble one has a disentangling and organizing effect.	Clouds and thunder: The image of Difficulty at the Beginning. Thus the superior man Brings order out of confusion.	Primera línea alineada (Jaccard 43%). | Solapamiento léxico moderado MT↔Baynes (26%).
4	image_oraculo	pair	32%	38%	moderate_align	Alineación moderada	Unten am Berg kommt ein Quell hervor: das Bild der Jugend. So nährt der Edle durch gründliches Handeln seinen Charakter.	A spring comes out of the bottom of the mountain: the image of youth. So the noble man nourishes through thorough action his character.	A spring wells up at the foot of the mountain: The image Of YOUTH. Thus the superior man fosters his character By thoroughness in all that h…	Primera línea alineada (Jaccard 38%). | Solapamiento léxico moderado MT↔Baynes (32%).
5	image_oraculo	pair	53%	29%	strong_align	Alineación fuerte	Wolken steigen am Himmel auf: das Bild des Wartens. So ißt und trinkt der Edle und ist heiter und guter Dinge.	Clouds rise in the sky: the image of waiting. So the noble man eats and drinks and is cheerful and in good spirits.	Clouds rise up to heaven: The image of WAITING. Thus the superior man eats and drinks, Is joyous and of good cheer.	Primera línea poco alineada (Jaccard 29%). | Solapamiento léxico alto MT↔Baynes (53%).
6	image_oraculo	pair	38%	38%	moderate_align	Alineación moderada	Himmel und Wasser gehen einander entgegengesetzt: das Bild des Streites. So überlegt der Edle bei allen Geschäften, die er tut, den Anfang.	Sky and water go in opposite directions: the image of the dispute. So the noble man considers all the business he does, the beginning.	Heaven and water go their opposite ways: The image of CONFLICT. Thus in all his transactions the superior man Carefully considers the beginn…	Primera línea alineada (Jaccard 38%). | Solapamiento léxico moderado MT↔Baynes (38%).
7	image_oraculo	pair	52%	43%	strong_align	Alineación fuerte	Inmitten der Erde ist Wasser, das Bild des Heeres. So mehrt der Edle durch Weitherzigkeit gegen das Volk seine Massen.	In the midst of the earth is water, the image of the army. Thus the noble man increases his masses through his broad-mindedness towards the …	In the middle of the earth is water: The image of THE ARMY. Thus the superior man increases his masses By generosity toward the people.	Primera línea alineada (Jaccard 43%). | Solapamiento léxico alto MT↔Baynes (52%).
8	image_oraculo	pair	45%	43%	strong_align	Alineación fuerte	Auf der Erde ist Wasser: das Bild des Zusammenhaltens. So haben die Könige der Vorzeit die einzelnen Staaten als Lehen vergeben und mit den …	There is water on earth: the image of holding together. This is how the kings of ancient times considered the individual states Fiefs were a…	On the earth is water: The image of HOLDING TOGETHER. Thus the kings of antiquity Bestowed the different states as fiefs And cultivated frie…	Primera línea alineada (Jaccard 43%). | Solapamiento léxico alto MT↔Baynes (45%).
9	image_oraculo	pair	29%	43%	moderate_align	Alineación moderada	Der Wind fährt über den Himmel hin: das Bild der Zähmungskraft des Kleinen. So verfeinert der Edle die äußere Form seines Wesens.	The wind moves across the sky: the image of the taming power of the little one. This is how the noble person refines the external form of hi…	The wind drives across heaven: The image of THE TAMING POWER OF THE SMALL. Thus the superior man Refines the outward aspect of his nature.	Primera línea alineada (Jaccard 43%). | Solapamiento léxico moderado MT↔Baynes (29%).
10	image_oraculo	pair	41%	50%	moderate_align	Alineación moderada	Oben der Himmel, unten der See: das Bild des Auftretens. So unterscheidet der Edle hoch und niedrig und festigt dadurch den Sinn des Volkes.	The sky above, the lake below: the image of appearance. This is how the noble distinguishes between high and low and thereby strengthens the…	Heaven above, the lake below: The image of TREADING. Thus the superior man discriminates between high and low, And thereby fortifies the thi…	Primera línea alineada (Jaccard 50%). | Solapamiento léxico moderado MT↔Baynes (41%).
11	image_oraculo	pair	64%	100%	strong_align	Alineación fuerte	Himmel und Erde vereinigen sich: das Bild des Friedens. So teilt und vollendet der Herrscher den Lauf von Himmel und Erde, fördert und ordne…	Heaven and earth unite: the image of peace. This is how the ruler divides and completes the course of heaven and earth, promotes and organiz…	Heaven and earth unite: the image of PEACE. Thus the ruler Divides and completes the course of heaven and earth; He furthers and regulates t…	Primera línea alineada (Jaccard 100%). | Solapamiento léxico alto MT↔Baynes (64%).
12	image_oraculo	pair	42%	100%	moderate_align	Alineación moderada	Himmel und Erde vereinigen sich nicht: das Bild der Stockung. So zieht sich der Edle auf seinen innern Wert zurück, um den Schwierigkeiten z…	Heaven and earth do not unite: the image of stagnation. So the noble person retreats to his inner worth, to avoid the difficulties. He does …	Heaven and earth do not unite: The image of STANDSTILL. Thus the superior man falls back upon his inner worth In order to escape the difficu…	Primera línea alineada (Jaccard 100%). | Solapamiento léxico moderado MT↔Baynes (42%).
13	image_oraculo	pair	35%	100%	moderate_align	Alineación moderada	Himmel zusammen mit Feuer: das Bild der Gemeinschaft mit Menschen. So gliedert der Edle die Stämme und unterscheidet die Dinge.	Heaven together with fire: the image of community with people. This is how the noble man divides the tribes and distinguishes things.	Heaven together with fire: The image of FELLOWSHIP WITH MEN. Thus the superior man organizes the clans And makes distinctions between things…	Primera línea alineada (Jaccard 100%). | Solapamiento léxico moderado MT↔Baynes (35%).
14	image_oraculo	pair	41%	40%	moderate_align	Alineación moderada	Das Feuer am Himmel oben: das Bild des Besitzes von Großem. So hemmt der Edle das Böse und fördert das Gute und gehorcht so des Himmels gute…	The fire in the sky above: the image of possessing great things. So the noble person inhibits evil and promotes good and so obeys heaven's g…	Fire in heaven above: The image of POSSESSION IN GREAT MEASURE. Thus the superior man curbs evil and furthers good, And thereby obeys the be…	Primera línea alineada (Jaccard 40%). | Solapamiento léxico moderado MT↔Baynes (41%).
15	image_oraculo	pair	59%	50%	strong_align	Alineación fuerte	Inmitten der Erde ist ein Berg: das Bild der Bescheidenheit. So verringert der Edle, was zu viel ist, und vermehrt, was zu wenig ist. Er wäg…	In the middle of the earth there is a mountain: the image of modesty. So the noble man reduces what is too much, and increases what is too l…	Within the earth, a mountain: The image of MODESTY. Thus the superior man reduces that which is too much, And augments that which is too lit…	Primera línea alineada (Jaccard 50%). | Solapamiento léxico alto MT↔Baynes (59%).
16	image_oraculo	pair	41%	50%	moderate_align	Alineación moderada	Der Donner kommt aus der Erde hervorgetönt: das Bild der Begeisterung. So machten die alten Könige Musik, um die Verdienste zu ehren, und br…	The thunder comes sounding from the earth: the image of enthusiasm. This is how the ancient kings made music, to honor the merits, and prese…	Thunder comes resounding out of the earth: The image of ENTHUSIASM. Thus the ancient kings made music In order to honor merit, And offered i…	Primera línea alineada (Jaccard 50%). | Solapamiento léxico moderado MT↔Baynes (41%).
17	image_oraculo	pair	36%	67%	moderate_align	Alineación moderada	Inmitten des Sees ist der Donner: das Bild der Nachfolge. So kehrt der Edle zur Zeit des Abenddunkels zu Erholung und Ruhe ein.	In the middle of the lake is thunder: the image of succession. So the noble man returns at dusk for relaxation and peace.	Thunder in the middle of the lake: The image of FOLLOWING. Thus the superior man at nightfall Goes indoors for rest and recuperation.	Primera línea alineada (Jaccard 67%). | Solapamiento léxico moderado MT↔Baynes (36%).
18	image_oraculo	pair	44%	50%	moderate_align	Alineación moderada	Unten am Berg weht der Wind: das Bild des Verderbens. So rüttelt der Edle die Leute auf und stärkt ihren Geist.	Down on the mountain the wind blows: the image of doom. This is how the noble one shakes people up and strengthens their spirit.	The wind blows low on the mountain: The image of DECAY. Thus the superior man stirs up the people And strengthens their spirit.	Primera línea alineada (Jaccard 50%). | Solapamiento léxico moderado MT↔Baynes (43%).
19	image_oraculo	pair	54%	67%	strong_align	Alineación fuerte	Oberhalb des Sees ist die Erde: das Bild der Annäherung. So ist der Edle in seiner Absicht zu lehren unerschöpflich und im Ertragen und Schü…	Above the lake is the earth: the image of the approach. So the noble man is inexhaustible in his intention to teach and in enduring and prot…	The earth above the lake: The image of APPROACH. Thus the superior man is inexhaustible In his will to teach, And without limits In his tole…	Primera línea alineada (Jaccard 67%). | Solapamiento léxico alto MT↔Baynes (54%).
20	image_oraculo	pair	52%	67%	strong_align	Alineación fuerte	Der Wind geht über die Erde hin: das Bild der Betrachtung. So besuchten die alten Könige die Weltgegenden, betrachteten das Volk und spendet…	The wind goes over the earth: the image of contemplation. This is how the ancient kings visited the parts of the world, looked at the people…	The wind blows over the earth: The image of CONTEMPLATION. Thus the kings of old visited the regions of the world, Contemplated the people, …	Primera línea alineada (Jaccard 67%). | Solapamiento léxico alto MT↔Baynes (52%).
21	image_oraculo	pair	57%	43%	strong_align	Alineación fuerte	Donner und Blitz: das Bild des Durchbeißens. So festigten die früheren Könige die Gesetze durch klarbestimmte Strafen.	Thunder and lightning: the image of biting through. This is how the previous kings consolidated the laws through clearly defined penalties.	Thunder and lightning: The image of BITING THROUGH. Thus the kings of former times made firm the laws Through clearly defined penalties.	Primera línea alineada (Jaccard 43%). | Solapamiento léxico alto MT↔Baynes (57%).
22	image_oraculo	pair	36%	43%	moderate_align	Alineación moderada	Unten am Berg ist das Feuer: das Bild der Anmut. So verfährt der Edle bei der Klarstellung der laufenden Angelegenheiten, aber er wagt es ni…	Down on the mountain is the fire: the image of grace. This is how the noble person proceeds with the clarification of ongoing affairs, but h…	Fire at the foot of the mountain: The image of GRACE. Thus does the superior man proceed When clearing up current affairs. But he dare not d…	Primera línea alineada (Jaccard 43%). | Solapamiento léxico moderado MT↔Baynes (36%).
23	image_oraculo	pair	50%	67%	strong_align	Alineación fuerte	Der Berg ruht auf der Erde: das Bild der Zersplitterung. So können die Oberen nur durch reiches Spenden an die Unteren ihre Stellung sichern…	The mountain rests on the earth: the image of fragmentation. So the superiors can only do so by generously donating to them Secure their pos…	The mountain rests on the earth: The image of SPLITTING APART. Thus those above can ensure their position Only by giving generously to those…	Primera línea alineada (Jaccard 67%). | Solapamiento léxico alto MT↔Baynes (50%).
24	image_oraculo	pair	55%	38%	strong_align	Alineación fuerte	Der Donner inmitten der Erde: das Bild der Wendezeit. So schlössen die alten Könige zur Sonnwendzeit die Pässe. Händler und Fremdlinge wande…	Thunder in the middle of the earth: the image of the turning point. The ancient kings closed the passes at solstice. Traders and strangers d…	Thunder within the earth: The image of THE TURNING POINT. Thus the kings of antiquity closed the passes At the time of solstice. Merchants a…	Primera línea alineada (Jaccard 38%). | Solapamiento léxico alto MT↔Baynes (55%).
25	image_oraculo	pair	47%	29%	strong_align	Alineación fuerte	Unter dem Himmel geht der Donner: Alle Dinge erlangen den Naturzustand der Unschuld. So pflegten und nährten die alten Könige, reich an Tuge…	There is thunder under the sky: All things attain the natural state of innocence. This is how the ancient kings cared for and nourished, ric…	Under heaven thunder rolls: All things attain the natural state of innocence. Thus the kings of old, Rich in virtue, and in harmony with the…	Primera línea poco alineada (Jaccard 29%). | Solapamiento léxico alto MT↔Baynes (47%).
26	image_oraculo	pair	42%	33%	moderate_align	Alineación moderada	Der Himmel inmitten des Berges: das Bild von des Großen Zähmungskraft. So lernt der Edle viele Worte der Vorzeit und Taten der Vergangenheit…	The sky in the middle of the mountain: the image of the Great One's taming power. So the noble learns many words from the past and know deed…	Heaven within the mountain: The image of THE TAMING POWER OF THE GREAT. Thus the superior man acquaints himself with many sayings of antiqui…	Primera línea poco alineada (Jaccard 33%). | Solapamiento léxico moderado MT↔Baynes (42%).
27	image_oraculo	pair	44%	43%	moderate_align	Alineación moderada	Unten am Berg ist der Donner: das Bild der Ernährung. So hat der Edle acht auf seine Worte und ist mäßig im Essen und Trinken.	Down on the mountain is thunder: the image of nutrition. So the noble man pays attention to his words and is moderate in eating and drinking…	At the foot of the mountain, thunder: The image of PROVIDING NOURISHMENT. Thus the superior man is careful of his words And temperate in eat…	Primera línea alineada (Jaccard 43%). | Solapamiento léxico moderado MT↔Baynes (43%).
28	image_oraculo	pair	45%	38%	moderate_align	Alineación moderada	Der See geht über die Bäume weg: das Bild des Übergewichts im Großen. So ist der Edle, wenn er allein steht, unbesorgt, und wenn er auf die …	The lake goes away over the trees: the image of obesity on a large scale. So the noble man, when he stands alone, is not worried, and if he …	The lake rises above the trees: The image of PREPONDERANCE OF THE GREAT. Thus the superior man, when he stands alone, Is unconcerned, And if…	Primera línea alineada (Jaccard 38%). | Solapamiento léxico moderado MT↔Baynes (45%).
29	image_oraculo	pair	54%	50%	strong_align	Alineación fuerte	Das Wasser fließt ununterbrochen und kommt ans Ziel: das Bild des wiederholten Abgründigen. So wandelt der Edle in dauernder Tugend und übt …	The water flows continuously and reaches its destination: the image of the repeated abyss. Thus the noble man walks in constant virtue and p…	Water flows on uninterruptedly and reaches its goal: The image of the Abysmal repeated. Thus the superior man walks in lasting virtue And ca…	Primera línea alineada (Jaccard 50%). | Solapamiento léxico alto MT↔Baynes (54%).
30	image_oraculo	pair	50%	22%	strong_align	Alineación fuerte	Die Helle erhebt sich zweimal: das Bild des Feuers. So erleuchtet der große Mann durch Fortsetzung dieser Helle die vier Weltgegenden.	The brightness rises twice: the image of fire. So the great man enlightens by continuing this Brighten the four regions of the world.	That which is bright rises twice: The image of FIRE. Thus the great man, by perpetuating this brightness, Illumines the four quarters of the…	Primera línea poco alineada (Jaccard 22%). | Solapamiento léxico alto MT↔Baynes (50%).
31	image_oraculo	pair	26%	50%	moderate_align	Alineación moderada	Auf dem Berge ist ein See: das Bild der Einwirkung. So läßt der Edle durch Aufnahmebereitschaft die Menschen an sich herankommen.	There is a lake on the mountain: the image of influence. So the noble one lets the people get closer to you.	A lake on the mountain: The image of influence. Thus the superior man encourages people to approach him By his readiness to receive them.	Primera línea alineada (Jaccard 50%). | Solapamiento léxico moderado MT↔Baynes (26%).
32	image_oraculo	pair	82%	83%	strong_align	Alineación fuerte	Donner und Wind: das Bild der Dauer. So steht der Edle fest und wandelt seine Richtung nicht.	Thunder and wind: the image of duration. So the noble man stands firm and does not change his direction.	Thunder and wind: the image of DURATION. Thus the superior man stands firm And does not change his direction.	Primera línea alineada (Jaccard 83%). | Solapamiento léxico alto MT↔Baynes (82%).
33	image_oraculo	pair	39%	50%	moderate_align	Alineación moderada	Unter dem Himmel ist der Berg: das Bild des Rückzugs. So hält der Edle den Gemeinen fern, nicht zornig, sondern gemessen.	Under the sky is the mountain: the image of retreat. So the noble keeps the common man away, not angry, but measured.	Mountain under heaven: the image of RETREAT. Thus the superior man keeps the inferior man at a distance, Not angrily but with reserve.	Primera línea alineada (Jaccard 50%). | Solapamiento léxico moderado MT↔Baynes (39%).
34	image_oraculo	pair	56%	40%	strong_align	Alineación fuerte	Der Donner ist am Himmel droben: das Bild der Macht des Großen. So tritt der Edle nicht auf Wege, die nicht der Ordnung entsprechen.	The thunder is in the sky above: the image of the power of the great. So the noble man does not tread on paths that do not correspond to the…	Thunder in heaven above: The image of THE POWER OF THE GREAT. Thus the superior man does not tread upon paths That do not accord with establ…	Primera línea alineada (Jaccard 40%). | Solapamiento léxico alto MT↔Baynes (57%).
35	image_oraculo	pair	30%	67%	moderate_align	Alineación moderada	Die Sonne steigt über die Erde empor: das Bild des Fortschritts. So macht der Edle selbst seine klaren Anlagen hell.	The sun rises above the earth: the image of progress. This is how the noble person makes his clear dispositions clear.	The sun rises over the earth: The image of PROGRESS. Thus the superior man himself Brightens his bright virtue.	Primera línea alineada (Jaccard 67%). | Solapamiento léxico moderado MT↔Baynes (30%).
36	image_oraculo	pair	30%	100%	moderate_align	Alineación moderada	Das Licht ist in die Erde hineingesunken: das Bild der Verfinsterung des Lichts. So lebt der Edle mit der großen Menge: er verhüllt seinen S…	The light has sunk into the earth: the image of the darkening of light. This is how the noble lives with the large crowd: it conceals its ap…	The light has sunk into the earth: The image of DARKENING OF THE LIGHT. Thus does the superior man live with the great mass: He veils his li…	Primera línea alineada (Jaccard 100%). | Solapamiento léxico moderado MT↔Baynes (30%).
37	image_oraculo	pair	23%	14%	weak_align	Alineación débil	Der Wind kommt aus dem Feuer hervor: das Bild der Sippe. So hat der Edle in seinen Worten die Sache und in seinem Wandel die Dauer.	The wind comes out of the fire: the image of the clan. This is how the noble person puts it in his words and in its change the duration.	The image of THE FAMILY. Thus the superior man has substance in his words And duration in his way of life.	Primera línea poco alineada (Jaccard 14%). | Solapamiento léxico moderado MT↔Baynes (23%).
38	image_oraculo	pair	44%	100%	moderate_align	Alineación moderada	Oben das Feuer, unten der See: das Bild des Gegensatzes. So behält der Edle bei aller Gemeinschaft seine Besonderheit.	The fire above, the lake below: the image of contrast. In this way, the noble man retains his uniqueness despite all the community.	Above, fire; below, the lake: The image of OPPOSITION. Thus amid all fellowship The superior man retains his individuality.	Primera línea alineada (Jaccard 100%). | Solapamiento léxico moderado MT↔Baynes (43%).
39	image_oraculo	pair	43%	50%	moderate_align	Alineación moderada	Auf dem Berg ist das Wasser: das Bild des Hemmnisses. So wendet sich der Edle seiner eigenen Person zu und bildet seinen Charakter.	There is water on the mountain: the image of the obstacle. So the noble man turns to his own person and forms his character.	Water on the mountain: The image of OBSTRUCTION. Thus the superior man turns his attention to himself And molds his character.	Primera línea alineada (Jaccard 50%). | Solapamiento léxico moderado MT↔Baynes (43%).
40	image_oraculo	pair	39%	60%	moderate_align	Alineación moderada	Donner und Regen erheben sich: das Bild der Befreiung. So verzeiht der Edle Fehler und vergibt die Schuld.	Thunder and rain rise: the image of liberation. So the noble forgives mistakes and forgives guilt.	Thunder and rain set in: The image of DELIVERANCE. Thus the superior man pardons mistakes And forgives misdeeds.	Primera línea alineada (Jaccard 60%). | Solapamiento léxico moderado MT↔Baynes (39%).
41	image_oraculo	pair	35%	43%	moderate_align	Alineación moderada	Unten am Berg ist der See: das Bild der Minderung. So bändigt der Edle seinen Zorn und hemmt seine Triebe.	At the bottom of the mountain is the lake: the image of diminishment. This is how the noble man curbs his anger and inhibits his urges.	At the foot of the mountain, the lake: The image of DECREASE. Thus the superior man controls his anger And restrains his instincts.	Primera línea alineada (Jaccard 43%). | Solapamiento léxico moderado MT↔Baynes (35%).
42	image_oraculo	pair	52%	83%	strong_align	Alineación fuerte	Wind und Donner: das Bild der Mehrung. So der Edle: Sieht er Gutes, so ahmt er es nach, hat er Fehler, so legt er sie ab.	Wind and thunder: the image of increase. So the noble one: If he sees good, he imitates it, If he has mistakes, he discards them.	Wind and thunder: the image of INCREASE. Thus the superior man: If he sees good, he imitates it; If he has faults, he rids himself of them.	Primera línea alineada (Jaccard 83%). | Solapamiento léxico alto MT↔Baynes (52%).
43	image_oraculo	pair	30%	67%	moderate_align	Alineación moderada	Der See ist an den Himmel emporgestiegen: das Bild des Durchbruchs. So spendet der Edle Reichtum nach unten hin und scheut es, bei seiner Tu…	The lake has risen to the sky: the image of the breakthrough. So the noble person donates wealth downwards and shies away from dwelling on h…	The lake has risen up to heaven: The image of BREAK-THROUGH. Thus the superior man Dispenses riches downward And refrains from resting on hi…	Primera línea alineada (Jaccard 67%). | Solapamiento léxico moderado MT↔Baynes (30%).
44	image_oraculo	pair	35%	40%	moderate_align	Alineación moderada	Unter dem Himmel ist der Wind: das Bild des Entgegenkommens. So macht es der Fürst beim Verbreiten seiner Befehle und ihrer Verkündigung an …	Under the sky is the wind: the image of accommodation. This is what the prince does when distributing his orders and their proclamation to t…	Under heaven, wind: The image of COMING TO MEET. Thus does the prince act when disseminating his commands And proclaiming them to the four q…	Primera línea alineada (Jaccard 40%). | Solapamiento léxico moderado MT↔Baynes (34%).
45	image_oraculo	pair	32%	33%	moderate_align	Alineación moderada	Der See ist oberhalb der Erde: das Bild der Sammlung. So erneuert der Edle seine Waffen, um Unvorhergesehenem zu begegnen.	The lake is above ground: the image of the collection. So the noble man renews his weapons, to face the unexpected.	Over the earth, the lake: The image of GATHERING TOGETHER. Thus the superior man renews his weapons In order to meet the unforeseen.	Primera línea poco alineada (Jaccard 33%). | Solapamiento léxico moderado MT↔Baynes (32%).
46	image_oraculo	pair	48%	67%	strong_align	Alineación fuerte	Inmitten der Erde wächst das Holz: das Bild des Empordringens. So häuft der Edle hingebenden Wesens Kleines, um es zu Hohem und Großem zu br…	Wood grows in the middle of the earth: the image of upward mobility. So the noble man of devoted nature heaps up small things, to achieve gr…	Within the earth, wood grows: The image of PUSHING UPWARD. Thus the superior man of devoted character Heaps up small things In order to achi…	Primera línea alineada (Jaccard 67%). | Solapamiento léxico alto MT↔Baynes (48%).
47	image_oraculo	pair	59%	67%	strong_align	Alineación fuerte	Im See ist kein Wasser: das Bild der Erschöpfung. So setzt der Edle sein Leben daran, um seinem Willen zu folgen.	There is no water in the lake: the image of exhaustion. So the noble person stakes his life on it, to follow his will.	There is no water in the lake: The image of EXHAUSTION. Thus the superior man stakes his life On following his will.	Primera línea alineada (Jaccard 67%). | Solapamiento léxico alto MT↔Baynes (59%).
48	image_oraculo	pair	54%	71%	strong_align	Alineación fuerte	Über dem Holz ist Wasser: das Bild des Brunnens. So ermuntert der Edle das Volk bei der Arbeit und ermahnt es, einander zu helfen.	Above the wood is water: the image of the well. This is how the nobleman encourages the people at work and urges them to help one another.	Water over wood: the image of THE WELL. Thus the superior man encourages the people at their work, And exhorts them to help one another.	Primera línea alineada (Jaccard 71%). | Solapamiento léxico alto MT↔Baynes (54%).
49	image_oraculo	pair	33%	67%	moderate_align	Alineación moderada	Im See ist Feuer: das Bild der Umwälzung. So ordnet der Edle die Zeitrechnung und macht die Zeiten klar.	There is fire in the lake: the image of upheaval. This is how the noble man arranges the calculation of time and makes the times clear.	Fire in the lake: the image of REVOLUTION. Thus the superior man Sets the calendar in order And makes the seasons clear.	Primera línea alineada (Jaccard 67%). | Solapamiento léxico moderado MT↔Baynes (33%).
50	image_oraculo	pair	30%	29%	moderate_align	Alineación moderada	Über dem Holz ist Feuer: das Bild des Tiegels. So festigt der Edle durch Richtigmachung der Stellung das Schicksal.	Above the wood is fire: the image of the crucible. This is how the noble person consolidates by rectifying one's position, fate.	Fire over wood: The image of THE CALDRON. Thus the superior man consolidates his fate By making his position correct.	Primera línea poco alineada (Jaccard 29%). | Solapamiento léxico moderado MT↔Baynes (30%).
51	image_oraculo	pair	42%	43%	moderate_align	Alineación moderada	Fortgesetzter Donner: das Bild des Erschütterns. So macht der Edle unter Furcht und Zittern sein Leben recht und erforscht sich selbst.	Continued thunder: the image of shaking. So the noble man makes his life right amidst fear and trembling and explores himself.	Thunder repeated: the image of SHOCK. Thus in fear and trembling The superior man sets his life in order And examines himself.	Primera línea alineada (Jaccard 43%). | Solapamiento léxico moderado MT↔Baynes (42%).
52	image_oraculo	pair	59%	38%	strong_align	Alineación fuerte	Zusammenstehende Berge: das Bild des Stillehaltens. So geht der Edle mit seinen Gedanken nicht über seine Lage hinaus.	Mountains standing together: the image of keeping still. So the noble man does not let his thoughts go beyond his own location.	Mountains standing close together: The image of KEEPING STILL. Thus the superior man Does not permit his thoughts To go beyond his situation…	Primera línea alineada (Jaccard 38%). | Solapamiento léxico alto MT↔Baynes (59%).
53	image_oraculo	pair	40%	50%	moderate_align	Alineación moderada	Auf dem Berge ist ein Baum: das Bild der Entwicklung. So weilt der Edle in würdiger Tugend, um die Sitten zu bessern.	There is a tree on the mountain: the image of development. So the noble man dwells in worthy virtue, to improve morals.	On the mountain, a tree: The image of DEVELOPMENT. Thus the superior man abides in dignity and virtue, In order to improve the mores.	Primera línea alineada (Jaccard 50%). | Solapamiento léxico moderado MT↔Baynes (40%).
54	image_oraculo	pair	19%	60%	weak_align	Alineación débil	Oberhalb des Sees ist der Donner: das Bild des heiratenden Mädchens. So erkennt der Edle durch die Ewigkeit des Endes das Vergängliche.	Above the lake is the thunder: the picture of the girl getting married. So the noble one recognizes this through the eternity of the end Eph…	Thunder over the lake: The image of THE MARRYING MAIDEN. Thus the superior man Understands the transitory In the light of the eternity of th…	Primera línea alineada (Jaccard 60%). | Solapamiento léxico bajo MT↔Baynes (19%).
55	image_oraculo	pair	67%	63%	strong_align	Alineación fuerte	Donner und Blitz kommen beide: das Bild der Fülle. So entscheidet der Edle die Prozesse und führt die Strafen aus.	Thunder and lightning both come: the image of abundance. So the noble decides the trials and carries out the punishments.	Both thunder and lightning come: The image of ABUNDANCE. Thus the superior man decides lawsuits And carries out punishments.	Primera línea alineada (Jaccard 63%). | Solapamiento léxico alto MT↔Baynes (67%).
56	image_oraculo	pair	31%	50%	moderate_align	Alineación moderada	Auf dem Berg ist Feuer: das Bild des Wanderers. So ist der Edle klar und vorsichtig in der Anwendung von Strafen und verschleppt keine Strei…	There is fire on the mountain: the image of the wanderer. So the noble person is clear and careful in the use of Penalties and does not drag…	Fire on the mountain: The image of THE WANDERER. Thus the superior man Is clear-minded and cautious In imposing penalties, And protracts no …	Primera línea alineada (Jaccard 50%). | Solapamiento léxico moderado MT↔Baynes (31%).
57	image_oraculo	pair	41%	43%	moderate_align	Alineación moderada	Einander folgende Winde: das Bild des Sanft-Eindringenden. So verbreitet der Edle seine Gebote und wirkt seine Geschäfte.	Winds following each other: the image of the gently penetrating one. This is how the noble one spreads his commandments and does his busines…	Winds following one upon the other: The image of THE GENTLY PENETRATING. Thus the superior man Spreads his commands abroad And carries out h…	Primera línea alineada (Jaccard 43%). | Solapamiento léxico moderado MT↔Baynes (41%).
58	image_oraculo	pair	52%	50%	strong_align	Alineación fuerte	Aufeinander beruhende Seen: das Bild des Heiteren. So tut sich der Edle mit seinen Freunden zusammen zur Besprechung und Einübung.	Lakes resting on each other: the image of serenity. So the noble man gets together with his friends Discussion and practice.	Lakes resting one on the other: The image of THE JOYOUS. Thus the superior man joins with his friends For discussion and practice.	Primera línea alineada (Jaccard 50%). | Solapamiento léxico alto MT↔Baynes (52%).
59	image_oraculo	pair	61%	50%	strong_align	Alineación fuerte	Der Wind fährt über das Wasser: das Bild der Auflösung. So opferten die alten Könige dem Herrn und bauten Tempel.	The wind moves over the water: the image of dissolution. So the ancient kings sacrificed to the Lord and built temples.	The wind drives over the water: The image of DISPERSION. Thus the kings of old sacrificed to the Lord And built temples.	Primera línea alineada (Jaccard 50%). | Solapamiento léxico alto MT↔Baynes (61%).
60	image_oraculo	pair	56%	43%	strong_align	Alineación fuerte	Oberhalb des Sees ist Wasser: das Bild der Beschränkung. So schafft der Edle Zahl und Maß und untersucht, was Tugend und rechter Wandel ist.	There is water above the lake: the image of limitation. So the noble man creates number and measure and examines, what virtue and right cond…	Water over lake: the image of LIMITATION. Thus the superior man Creates number and measure, And examines the nature of virtue and correct co…	Primera línea alineada (Jaccard 43%). | Solapamiento léxico alto MT↔Baynes (57%).
61	image_oraculo	pair	48%	67%	strong_align	Alineación fuerte	Über dem See ist der Wind: das Bild der inneren Wahrheit. So bespricht der Edle die Strafsachen, um Hinrichtungen aufzuhalten.	The wind is over the lake: the image of inner truth. This is how the noble discusses criminal matters, to stop executions.	Wind over lake: the image of INNER TRUTH. Thus the superior man discusses criminal cases In order to delay executions.	Primera línea alineada (Jaccard 67%). | Solapamiento léxico alto MT↔Baynes (48%).
62	image_oraculo	pair	30%	75%	moderate_align	Alineación moderada	Auf dem Berg ist der Donner: das Bild von des Kleinen Übergewicht. So legt der Edle im Wandel das Übergewicht auf die Ehrerbietung. Bei Trau…	There is thunder on the mountain: the image of the little one being overweight. This is how the noble one lays in change the preponderance o…	Thunder on the mountain: The image of PREPONDERANCE OF THE SMALL. Thus in his conduct the superior man gives preponderance to reverence. In …	Primera línea alineada (Jaccard 75%). | Solapamiento léxico moderado MT↔Baynes (30%).
63	image_oraculo	pair	37%	43%	moderate_align	Alineación moderada	Das Wasser ist oberhalb des Feuers: das Bild des Zustands nach der Vollendung. So bedenkt der Edle das Unglück und rüstet sich im voraus dag…	The water is above the fire: the image of the state after completion. This is how the noble person considers the misfortune and prepares aga…	Water over fire: the image of the condition In AFTER COMPLETION. Thus the superior man Takes thought of misfortune And arms himself against …	Primera línea alineada (Jaccard 43%). | Solapamiento léxico moderado MT↔Baynes (37%).
64	image_oraculo	pair	35%	40%	moderate_align	Alineación moderada	Das Feuer ist oberhalb des Wassers: das Bild des Zustands vor dem Übergang. So ist der Edle vorsichtig in der Unterscheidung der Dinge, dami…	The fire is above the water: the picture of the state before the transition. So the noble person is careful in distinguishing between them T…	Fire over water: The image of the condition before transition. Thus the superior man is careful In the differentiation of things, So that ea…	Primera línea alineada (Jaccard 40%). | Solapamiento léxico moderado MT↔Baynes (34%).
1	image_comentario	pair	33%	32%	moderate_align	Alineación moderada	Die Verdoppelung des Zeichens Kiën, dessen Bild der Himmel ist, deutet, da es nur einen Himmel gibt, auf die Bewegung des Himmels. Eine voll…	The doubling of the sign Kiën, whose image is the sky, indicates the movement of the sky, since there is only one heaven. One complete circl…	Since there is only one heaven, the doubling of the trigram Ch'ien, of which heaven is the image, indicates the movement of heaven. One comp…	Primera línea poco alineada (Jaccard 32%). | Solapamiento léxico moderado MT↔Baynes (32%).
2	image_comentario	pair	33%	29%	moderate_align	Alineación moderada	Ebenso wie es nur einen Himmel gibt, gibt es auch nur eine Erde. Während aber beim Himmel die Verdoppelung des Zeichens zeitliche Dauer bede…	Just as there is only one heaven, there is also only one earth. But while in the sky the doubling of the sign means temporal duration, in th…	Just as there is only one heaven, so too there is only one earth. In the hexagram of heaven the doubling of the trigram implies duration in …	Primera línea poco alineada (Jaccard 29%). | Solapamiento léxico moderado MT↔Baynes (33%).
3	image_comentario	pair	32%	32%	moderate_align	Alineación moderada	Wolken und Donner werden dargestellt durch bestimmte Linienornamente, das heißt, daß in dem Chaos der Anfangsschwierigkeit die Ordnung schon…	Clouds and thunder are represented by certain line ornaments, which means that order is already established in the chaos of the initial diff…	Clouds and thunder are represented by definite decorative lines; this means that in the chaos of difficulty at the beginning, order is alrea…	Primera línea poco alineada (Jaccard 32%). | Solapamiento léxico moderado MT↔Baynes (32%).
4	image_comentario	pair	54%	54%	strong_align	Alineación fuerte	Die Quelle kommt dadurch ins Fließen und zur Überwindung des Stillstandes, daß sie alle hohlen Stellen auf ihrem Weg ausfüllt. Ebenso ist de…	The source starts to flow and overcomes the stagnation by filling all the hollow places in its path. Likewise, the way to the formation of c…	A spring succeeds in flowing on and escapes stagnation by filling up all the hollow places in its path. In the same way character is develop…	Primera línea alineada (Jaccard 54%). | Solapamiento léxico alto MT↔Baynes (54%).
5	image_comentario	pair	43%	34%	moderate_align	Alineación moderada	Wenn die Wolken am Himmel aufsteigen, so ist das ein Zeichen, daß es regnen wird. Da läßt sich dann weiter nichts machen als warten, bis der…	When the clouds rise in the sky, it is a sign that it will rain. There's nothing you can do except wait until the rain falls. It's the same …	When clouds rise in the sky, it is a sign that it will rain. There is nothing to do but to wait until the rain falls. It is the same in life…	Primera línea poco alineada (Jaccard 34%). | Solapamiento léxico moderado MT↔Baynes (42%).
6	image_comentario	pair	24%	18%	weak_align	Alineación débil	Das Bild deutet darauf hin, daß die Ursachen des Streites in den zuvor schon vorhandenen entgegengesetzten Richtungen beider Teile liegen. S…	The picture suggests that the causes of the dispute lie in the previously existing opposing directions of both parts. Once such opposing dir…	The image indicates that the causes of conflict are latent in the opposing tendencies of the two trigrams. Once these opposing tendencies ap…	Primera línea poco alineada (Jaccard 18%). | Solapamiento léxico moderado MT↔Baynes (24%).
7	image_comentario	pair	45%	12%	strong_align	Alineación fuerte	Das Grundwasser ist unsichtbar inmitten der Erde vorhanden. So ist auch die Kriegsmacht eines Volkes unsichtbar in seinen Massen vorhanden. …	Groundwater exists invisibly in the middle of the earth. So the war power of a people is invisibly present in its masses. When danger threat…	Ground water is invisibly present within the earth. In the same way the military power of a people is invisibly present in the masses. When …	Primera línea poco alineada (Jaccard 12%). | Solapamiento léxico alto MT↔Baynes (45%).
8	image_comentario	pair	62%	35%	strong_align	Alineación fuerte	Das Wasser auf der Erde füllt alle Lücken aus und haftet fest an ihr. Die Gesellschaftsorganisation des Altertums war auf diesen Grundsatz d…	The water on the earth fills all the gaps and clings tightly to it. The social organization of antiquity was based on this principle of cohe…	Water fills up all the empty places on the earth and clings fast to it. The social organization of ancient China was based on this principle…	Primera línea poco alineada (Jaccard 35%). | Solapamiento léxico alto MT↔Baynes (62%).
9	image_comentario	pair	42%	42%	moderate_align	Alineación moderada	Der Wind treibt die Wolken am Himmel zwar zusammen, aber weil er nur Luft ist ohne festen Körper, bringt er keine großen, dauernden Wirkunge…	The wind does drive the clouds in the sky together, but because it is just air without a solid body, it does not produce any great, lasting …	The wind can indeed drive the clouds together in the sky; yet, being nothing but air, without solid body, it does not produce great or lasti…	Primera línea alineada (Jaccard 42%). | Solapamiento léxico moderado MT↔Baynes (42%).
10	image_comentario	pair	33%	29%	moderate_align	Alineación moderada	Himmel und See zeigen einen Höhenunterschied, der durch ihr Wesen von selbst gekommen ist und daher durch keinerlei Neid getrübt wird. So mu…	The sky and the lake show a difference in height that comes naturally through their nature and is therefore not clouded by any envy. So ther…	Heaven and the lake show a difference of elevation that inheres in the natures of the two, hence no envy arises. Among mankind also there ar…	Primera línea poco alineada (Jaccard 29%). | Solapamiento léxico moderado MT↔Baynes (33%).
11	image_comentario	pair	33%	23%	moderate_align	Alineación moderada	Himmel und Erde stehen im Verkehr und vereinigen ihre Wirkungen. Das gibt eine allgemeine Zeit des Blühens und Gedeihens. Dieser Kraftstrom …	Heaven and earth are in intercourse and combine their effects. This gives a general period of blooming and thriving. This stream of power mu…	Heaven and earth are in contact and combine their influences, producing a time of universal flowering and prosperity. This stream of energy …	Primera línea poco alineada (Jaccard 23%). | Solapamiento léxico moderado MT↔Baynes (33%).
12	image_comentario	pair	45%	42%	strong_align	Alineación fuerte	Wenn gegenseitiges Mißtrauen im öffentlichen Leben herrscht infolge des Einflusses, den die Gemeinen haben, so ist eine fruchtbare Wirksamke…	If there is mutual distrust in public life due to the influence that the community has, fruitful effectiveness is impossible because the bas…	When, owing to the influence of inferior men, mutual mistrust prevails in public life, fruitful activity is rendered impossible, because the…	Primera línea alineada (Jaccard 42%). | Solapamiento léxico alto MT↔Baynes (45%).
13	image_comentario	pair	58%	47%	strong_align	Alineación fuerte	Der Himmel hat dieselbe Bewegungsrichtung wie das Feuer und ist doch von ihm unterschieden. Wie die leuchtenden Körper am Himmel zur Glieder…	The sky has the same direction of movement as fire and yet is different from it. Just as the luminous bodies in the sky serve to structure a…	Heaven has the same direction of movement as fire, yet it is different from fire. Just as the luminaries in the sky serve for the systematic…	Primera línea alineada (Jaccard 47%). | Solapamiento léxico alto MT↔Baynes (58%).
14	image_comentario	pair	33%	33%	moderate_align	Alineación moderada	Die Sonne droben am Himmel, die alles Irdische bescheint, ist das Bild des Besitzes im Großen. Aber ein solcher Besitz muß recht verwaltet w…	The sun high in the sky, which shines on everything earthly, is the image of possession on a large scale. But such property must be managed …	The sun in heaven above, shedding light over everything on earth, is the image of possession on a grand scale. But a possession of this sort…	Primera línea poco alineada (Jaccard 33%). | Solapamiento léxico moderado MT↔Baynes (33%).
15	image_comentario	pair	42%	37%	moderate_align	Alineación moderada	Der Erde, in der ein Berg verborgen ist, sieht man ihren Reichtum nicht an, denn das Hohe des Berges dient zum Ausgleich der Vertiefungen. S…	The richness of the earth in which a mountain is hidden cannot be seen, because the height of the mountain serves to compensate for the depr…	The wealth of the earth in which a mountain is hidden is not visible to the eye, because the depths are offset by the height of the mountain…	Primera línea alineada (Jaccard 37%). | Solapamiento léxico moderado MT↔Baynes (42%).
16	image_comentario	pair	46%	35%	strong_align	Alineación fuerte	Wenn der Donner, die elektrische Kraft, zu Beginn des Sommers wieder aus der Erde hervorgerauscht kommt und das erste Gewitter die Natur erf…	When thunder, the electrical force, roars out of the earth again at the beginning of summer and the first thunderstorm refreshes nature, a l…	When, at the beginning of summer, thunder—electrical energy—comes rushing forth from the earth again, and the first thunderstorm refreshes n…	Primera línea alineada (Jaccard 35%). | Solapamiento léxico alto MT↔Baynes (46%).
17	image_comentario	pair	40%	29%	moderate_align	Alineación moderada	Im Herbst zieht sich die Elektrizität wieder in die Erde zurück und ruht. Der Donner inmitten des Sees ist als Bild genommen, nicht der Donn…	In autumn the electricity retreats back into the earth and rests. The thunder in the middle of the lake is taken as an image, not the thunde…	In the autumn electricity withdraws into the earth again and rests. Here it is the thunder in the middle of the lake that serves as the imag…	Primera línea poco alineada (Jaccard 29%). | Solapamiento léxico moderado MT↔Baynes (40%).
18	image_comentario	pair	39%	28%	moderate_align	Alineación moderada	Wenn der Wind unten am Berg weht, so wird er zurückgeworfen und verdirbt die Pflanzen. Das enthält die Aufforderung zu bessern. So ist es au…	When the wind blows down the mountain, it is reflected back and spoils the plants. This contains a call to improve. So it is with low moods …	When the wind blows low on the mountain, it is thrown back and spoils the vegetation. This contains a challenge to improvement. It is the sa…	Primera línea poco alineada (Jaccard 28%). | Solapamiento léxico moderado MT↔Baynes (39%).
19	image_comentario	pair	44%	33%	moderate_align	Alineación moderada	Die Erde grenzt von oben an den See, das ist das Bild der Annäherung und Herablassung des Höheren gegen die Tieferstehenden. Aus den beiden …	The earth borders the lake from above, this is the image of the approach and condescension of the higher towards those lower down. His behav…	The earth borders upon the lake from above. This symbolizes the approach and condescension of the man of higher position to those beneath hi…	Primera línea poco alineada (Jaccard 33%). | Solapamiento léxico moderado MT↔Baynes (44%).
20	image_comentario	pair	34%	29%	moderate_align	Alineación moderada	Wenn der Wind über die Erde weht, so kommt er überall hin, und das Gras muß sich seiner Macht beugen. Diese beiden Vorgänge finden in dem Ze…	When the wind blows over the earth, it goes everywhere, and the grass must bow to its power. These two processes are confirmed in the sign. …	When the wind blows over the earth it goes far and wide, and the grass must bend to its power. These two occurrences find confirmation in th…	Primera línea poco alineada (Jaccard 29%). | Solapamiento léxico moderado MT↔Baynes (34%).
21	image_comentario	pair	27%	23%	moderate_align	Alineación moderada	Die Strafen sind die einzelnen Anwendungen der Gesetze. Die Gesetze enthalten die Aufzeichnung der Strafen. Klarheit herrscht, wenn bei der …	The penalties are the individual applications of the laws. The laws contain the recording of punishments. There is clarity when, when settin…	Penalties are the individual applications of the law. The laws specify the penalties. Clarity prevails when mild and severe penalties are cl…	Primera línea poco alineada (Jaccard 23%). | Solapamiento léxico moderado MT↔Baynes (27%).
22	image_comentario	pair	50%	50%	strong_align	Alineación fuerte	Das Feuer, dessen Schein den Berg erleuchtet und anmutig macht, leuchtet nicht auf große Entfernung. So genügt anmutige Form zwar, um kleine…	The fire whose light illuminates the mountain and makes it graceful does not shine from a great distance. While graceful form is sufficient …	The fire, whose light illuminates the mountain and makes it pleasing, does not shine far; in the same way, beautiful form suffices to bright…	Primera línea alineada (Jaccard 50%). | Solapamiento léxico alto MT↔Baynes (50%).
23	image_comentario	pair	44%	34%	moderate_align	Alineación moderada	Der Berg ruht auf der Erde. Wenn er steil und schmal ist und keine breite Grundlage hat, so muß er einstürzen. Nur dadurch, daß er breit und…	The mountain rests on the earth. If it is steep and narrow and does not have a broad base, it must collapse. Its position is only secured by…	The mountain rests on the earth. When it is steep and narrow, lacking a broad base, it must topple over. Its position is strong only when it…	Primera línea poco alineada (Jaccard 34%). | Solapamiento léxico moderado MT↔Baynes (44%).
24	image_comentario	pair	44%	29%	moderate_align	Alineación moderada	Die Wintersonnenwende wurde in China von jeher als die Ruhezeit des Jahres gefeiert – ein Brauch, der sich in der Neujahrsruhezeit noch imme…	The winter solstice has always been celebrated in China as the resting time of the year - a custom that is still preserved during the New Ye…	The winter solstice has always been celebrated in China as the resting time of the year—a custom that survives in the time of rest observed …	Primera línea poco alineada (Jaccard 29%). | Solapamiento léxico moderado MT↔Baynes (44%).
25	image_comentario	pair	45%	45%	strong_align	Alineación fuerte	Wenn der Donner – die Lebenskraft – im Frühling sich unter dem Himmel wieder regt, dann sproßt und wächst alles, und alle Geschöpfe erhalten…	When thunder - the life force - stirs again under the sky in spring, then everything sprouts and grows, and all creatures receive from creat…	In springtime when thunder, life energy, begins to move again under the heavens, everything sprouts and grows, and all beings receive from t…	Primera línea alineada (Jaccard 45%). | Solapamiento léxico alto MT↔Baynes (45%).
26	image_comentario	pair	40%	40%	moderate_align	Alineación moderada	Der Himmel inmitten des Berges deutet auf verborgene Schätze. So liegt in den Worten und Taten der Vergangenheit ein Schatz verborgen, der z…	The sky in the middle of the mountain points to hidden treasures. There is a treasure hidden in the words and deeds of the past that can be …	Heaven within the mountain points to hidden treasures. In the words and deeds of the past there lies hidden a treasure that men may use to s…	Primera línea alineada (Jaccard 40%). | Solapamiento léxico moderado MT↔Baynes (40%).
27	image_comentario	pair	37%	33%	moderate_align	Alineación moderada	»Gott tritt hervor im Zeichen der Erregung.« Wenn im Frühling die Lebenskräfte sich wieder regen, dann entstehen alle Dinge aufs neue. »Er v…	""God emerges in the sign of excitement."" When the life forces stir again in spring, then all things arise anew. ""He completes in the sign of…	""God comes forth in the sign of the Arousing""2: when in the spring the life forces stir again, all things come into being anew. ""He brings t…	Primera línea poco alineada (Jaccard 33%). | Solapamiento léxico moderado MT↔Baynes (37%).
28	image_comentario	pair	41%	41%	moderate_align	Alineación moderada	Außerordentliche Zeiten des Übergewichts des Großen sind wie eine Überschwemmung, da der See über die Bäume weggeht. Aber solche Zustände ge…	Extraordinary times of the predominance of the great are like a flood as the lake goes away over the trees. But such conditions pass. In the…	Extraordinary times when the great preponderates are like floodtimes when the lake rises over the treetops. But such conditions are temporar…	Primera línea alineada (Jaccard 41%). | Solapamiento léxico moderado MT↔Baynes (41%).
29	image_comentario	pair	38%	38%	moderate_align	Alineación moderada	Das Wasser erreicht sein Ziel durch ununterbrochenes Fließen. Es füllt jede Vertiefung aus, ehe es weiterfließt. So macht es der Edle. Er le…	The water reaches its destination by flowing uninterruptedly. It fills every depression before flowing further. That's how the noble one doe…	Water reaches its goal by flowing continually. It fills up every depression before it flows on. The superior man follows its example; he is …	Primera línea alineada (Jaccard 38%). | Solapamiento léxico moderado MT↔Baynes (38%).
30	image_comentario	pair	47%	47%	strong_align	Alineación fuerte	Jedes der beiden Einzelzeichen stellt die Sonne in einem Tageslauf dar. Es ist also eine wiederholte Tätigkeit der Sonne dargestellt. Damit …	Each of the two individual symbols represents the sun in a daily cycle. A repeated activity of the sun is therefore shown. This indicates th…	Each of the two trigrams represents the sun in the course of a day. The two together represent the repeated movement of the sun, the functio…	Primera línea alineada (Jaccard 47%). | Solapamiento léxico alto MT↔Baynes (47%).
31	image_comentario	pair	36%	36%	moderate_align	Alineación moderada	Ein Berg, auf dem oben ein See ist, erlangt Anregung durch dessen Feuchtigkeit. Dieser Vorteil wird ihm zuteil, weil sein Gipfel nicht hervo…	A mountain with a lake on top receives stimulation from its moisture. This advantage is given to it because its summit is not protruding but…	A mountain with a lake on its summit is stimulated by the moisture from the lake. It has this advantage because its summit does not jut out …	Primera línea alineada (Jaccard 36%). | Solapamiento léxico moderado MT↔Baynes (36%).
32	image_comentario	pair	40%	28%	moderate_align	Alineación moderada	Der Donner rollt, und der Wind weht. Beides ist etwas äußerst Bewegliches, so daß es dem Anschein nach das Gegenteil von Dauer ist. Aber ihr…	The thunder rolls and the wind blows. Both are extremely mobile, so much so that they appear to be the opposite of permanent. But their emer…	Thunder rolls, and the wind blows; both are examples of extreme mobility and so are seemingly the very opposite of duration, but the laws go…	Primera línea poco alineada (Jaccard 28%). | Solapamiento léxico moderado MT↔Baynes (40%).
33	image_comentario	pair	35%	25%	moderate_align	Alineación moderada	Der Berg erhebt sich unter dem Himmel, aber in seiner Natur liegt es, daß er schließlich stehenbleibt. Der Himmel dagegen zieht sich nach ob…	The mountain rises under the sky, but in its nature it eventually stops. The sky, on the other hand, retreats upwards in front of him into t…	The mountain rises up under heaven, but owing to its nature it finally comes to a stop. Heaven on the other hand retreats upward before it i…	Primera línea poco alineada (Jaccard 25%). | Solapamiento léxico moderado MT↔Baynes (35%).
34	image_comentario	pair	50%	50%	strong_align	Alineación fuerte	Der Donner, die elektrische Kraft, steigt im Frühjahr nach oben. Diese Bewegung ist im Einklang mit der Richtung der Bewegung des Himmels. E…	Thunder, the electrical force, rises in the spring. This movement is in accordance with the direction of the movement of the sky. So it is a…	Thunder—electrical energy—mounts upward in the spring. The direction of this movement is in harmony with that of the movement of heaven. It …	Primera línea alineada (Jaccard 50%). | Solapamiento léxico alto MT↔Baynes (50%).
35	image_comentario	pair	51%	51%	strong_align	Alineación fuerte	Das Licht der Sonne, das über die Erde aufsteigt, ist von Natur klar, aber je höher die Sonne steigt, desto mehr kommt sie aus den trüben Dü…	The light of the sun that rises above the earth is naturally clear, but the higher the sun rises, the more it emerges from the murky vapors …	The light of the sun as it rises over the earth is by nature clear. The higher the sun rises, the more it emerges from the dark mists, sprea…	Primera línea alineada (Jaccard 51%). | Solapamiento léxico alto MT↔Baynes (51%).
36	image_comentario	pair	21%	21%	weak_align	Alineación débil	In Zeiten der Finsternis gilt es vorsichtig und zurückhaltend zu sein. Nicht durch rücksichtsloses Auftreten soll man sich nutzlos übermächt…	In times of darkness it is important to be careful and reserved. One should not incur useless, overwhelming hostility through reckless behav…	In a time of darkness it is essential to be cautious and reserved. One should not needlessly awaken overwhelming enmity by inconsiderate beh…	Primera línea poco alineada (Jaccard 21%). | Solapamiento léxico moderado MT↔Baynes (21%).
37	image_comentario	pair	44%	34%	moderate_align	Alineación moderada	Die Hitze erzeugt Kraft; das bedeutet der Wind, der durch das Feuer entfacht wird und aus ihm hervorgeht. Das ist die Wirkung von innen nach…	The heat creates power; that is, the wind which is kindled by the fire and proceeds from it. This is the effect from the inside out. The sam…	Heat creates energy: this is signified by the wind stirred up by the fire and issuing forth from it. This represents influence working from …	Primera línea poco alineada (Jaccard 34%). | Solapamiento léxico moderado MT↔Baynes (44%).
38	image_comentario	pair	40%	40%	moderate_align	Alineación moderada	Wie die beiden Elemente Feuer und Wasser, auch wenn sie beisammen sind, sich nie vermischen, sondern ihre eigene Natur behalten, so wird der…	Just as the two elements fire and water, even when they are together, never mix but retain their own nature, so an educated person will neve…	The two elements, fire and water, never mingle but even when in contact retain their own natures. So the cultured man is never led into base…	Primera línea alineada (Jaccard 40%). | Solapamiento léxico moderado MT↔Baynes (40%).
39	image_comentario	pair	44%	44%	moderate_align	Alineación moderada	Schwierigkeiten und Hemmnisse werfen den Menschen auf sich selbst zurück. Während aber der Gemeine die Schuld draußen bei andern Menschen su…	Difficulties and obstacles throw people back on themselves. But while the common man looks for the fault in other people and accuses fate, t…	Difficulties and obstructions throw a man back upon himself. While the inferior man seeks to put the blame on other persons, bewailing his f…	Primera línea alineada (Jaccard 44%). | Solapamiento léxico moderado MT↔Baynes (44%).
40	image_comentario	pair	34%	35%	moderate_align	Alineación moderada	Das Gewitter hat luftreinigende Wirkung. So macht es der Edle auch mit den Fehlern und Sünden der Menschen, die Spannungszustände hervorrufe…	The thunderstorm has an air-purifying effect. This is what the noble person does with people's mistakes and sins, which cause states of tens…	A thunderstorm has the effect of clearing the air; the superior man produces a similar effect when dealing with mistakes and sins of men tha…	Primera línea poco alineada (Jaccard 35%). | Solapamiento léxico moderado MT↔Baynes (34%).
41	image_comentario	pair	44%	38%	moderate_align	Alineación moderada	Der See unten am Berg verdunstet. Dadurch wird er gemindert zu Gunsten des Bergs, der durch seine Feuchtigkeit bereichert wird. Der Berg ist…	The lake at the bottom of the mountain evaporates. This reduces it in favor of the mountain, which is enriched by its moisture. The mountain…	The lake at the foot of the mountain evaporates. In this way it decreases to the benefit of the mountain, which is enriched by its moisture.…	Primera línea alineada (Jaccard 38%). | Solapamiento léxico moderado MT↔Baynes (44%).
42	image_comentario	pair	50%	50%	strong_align	Alineación fuerte	Indem man beobachtet, wie Donner und Wind sich gegenseitig mehren und verstärken, lernt man den Weg zu seiner eignen Selbstmehrung und Besse…	By observing how thunder and wind multiply and reinforce each other, one learns the path to one's own self-increase and improvement. If you …	While observing how thunder and wind increase and strengthen each other, a man can note the way to self-increase and self-improvement. When …	Primera línea alineada (Jaccard 50%). | Solapamiento léxico alto MT↔Baynes (50%).
43	image_comentario	pair	32%	22%	moderate_align	Alineación moderada	Wenn das Wasser des Sees an den Himmel emporgestiegen ist, so läßt das einen Wolkenbruch befürchten. Das läßt sich der Edle zur Warnung dien…	If the water of the lake has risen to the sky, this gives rise to fear of a cloudburst. The noble can use this as a warning by preventing a …	When the water of a lake has risen up to heaven, there is reason to fear a cloudburst. Taking this as a warning, the superior man forestalls…	Primera línea poco alineada (Jaccard 22%). | Solapamiento léxico moderado MT↔Baynes (32%).
44	image_comentario	pair	48%	38%	strong_align	Alineación fuerte	Die Lage ist ähnlich wie bei dem Zeichen »Anblick« (Nr. 20). Dort weht der Wind über die Erde, hier weht er unter dem Himmel. Beide Male kom…	The situation is similar to that of the sign “Sight” (No. 20). There the wind blows over the earth, here it blows under the sky. Both times …	The situation here resembles that in hexagram 20, Kuan, CONTEMPLATION (VIEW). In the latter the wind blows over the earth, here it blows und…	Primera línea alineada (Jaccard 38%). | Solapamiento léxico alto MT↔Baynes (48%).
45	image_comentario	pair	31%	28%	moderate_align	Alineación moderada	Wenn das Wasser im See sich sammelt, so daß es über die Erde emporsteigt, so droht ein Durchbruch. Dagegen muß man Vorkehrungen treffen. So …	If the water in the lake collects so that it rises above the earth, there is a risk of a breakthrough. You have to take precautions against …	If the water in the lake gathers until it rises above the earth, there is danger of a break-through. Precautions must be taken to prevent th…	Primera línea poco alineada (Jaccard 28%). | Solapamiento léxico moderado MT↔Baynes (31%).
46	image_comentario	pair	64%	64%	strong_align	Alineación fuerte	Das Holz in der Erde wächst ohne Hast und ohne Rast der Höhe zu, indem es sich fügsam um die Hindernisse herumbiegt. So ist der Edle hingebe…	The wood in the earth grows upward without haste and without rest, docilely bending around obstacles. So the noble man is devoted in his cha…	Adapting itself to obstacles and bending around them, wood in the earth grows upward without haste and without rest. Thus too the superior m…	Primera línea alineada (Jaccard 64%). | Solapamiento léxico alto MT↔Baynes (64%).
47	image_comentario	pair	52%	52%	strong_align	Alineación fuerte	Wenn das Wasser aus dem See nach unten geflossen ist, muß der See vertrocknen und sich erschöpfen. Das ist Schicksal. Das ist das Bild widri…	When the water has flowed downward from the lake, the lake must dry up and become exhausted. That is fate. This is the picture of adverse fa…	When the water has flowed out below, the lake must dry up and become exhausted. That is fate. This symbolizes an adverse fate in human life.…	Primera línea alineada (Jaccard 52%). | Solapamiento léxico alto MT↔Baynes (52%).
48	image_comentario	pair	55%	55%	strong_align	Alineación fuerte	Unten ist das Zeichen Sun, Holz, darüber das Zeichen Kan, Wasser. Das Holz saugt das Wasser nach oben. Wie das Holz als Organismus die Tätig…	Below is the sign Sun, wood, above the sign Kan, water. The wood sucks the water upwards. Just as wood as an organism imitates the activity …	The trigram Sun, wood, is below, and the trigram K'an, water, is above it. Wood sucks water upward. Just as wood as an organism imitates the…	Primera línea alineada (Jaccard 55%). | Solapamiento léxico alto MT↔Baynes (55%).
49	image_comentario	pair	44%	37%	moderate_align	Alineación moderada	Das Feuer unten und der See oben bekämpfen und vernichten einander. So findet im Lauf des Jahres auch ein Kampf der lichten und der dunklen …	The fire below and the lake above fight and destroy each other. Over the course of the year, a battle between light and dark forces takes pl…	Fire below and the lake above combat and destroy each other. So too in the course of the year a combat takes place between the forces of lig…	Primera línea alineada (Jaccard 37%). | Solapamiento léxico moderado MT↔Baynes (43%).
50	image_comentario	pair	33%	25%	moderate_align	Alineación moderada	Das Holz ist das Schicksal des Feuers; solange es unten vorhanden ist, brennt das Feuer oben. So ist es mit dem menschlichen Leben. Auch im …	The wood is the fate of the fire; As long as it is present below, the fire burns above. So it is with human life. There is also a fate in pe…	The fate of fire depends on wood; as long as there is wood below, the fire bums above. It is the same in human life; there is in man likewis…	Primera línea poco alineada (Jaccard 25%). | Solapamiento léxico moderado MT↔Baynes (33%).
51	image_comentario	pair	41%	41%	moderate_align	Alineación moderada	Der fortgesetzte Donner bringt durch seine Erschütterung Furcht und Zittern mit sich. So steht der Edle stets in Ehrfurcht vor dem Hervortre…	The continued thunder brings fear and trembling with its shock. So the noble man always stands in awe of God's appearance and puts his life …	The shock of continuing thunder brings fear and trembling. The superior man is always filled with reverence at the manifestation of God; he …	Primera línea alineada (Jaccard 41%). | Solapamiento léxico moderado MT↔Baynes (41%).
52	image_comentario	pair	57%	57%	strong_align	Alineación fuerte	Das Herz denkt dauernd. Das läßt sich nicht ändern. Aber es sollen die Bewegungen des Herzens, d.h. die Gedanken, sich auf die gegenwärtige …	The heart is constantly thinking. That cannot be changed. But the movements of the heart, i.e. the thoughts, should be limited to the curren…	The heart thinks constantly. This cannot be changed, but the movements of the heart—that is, a man's thoughts—should restrict themselves to …	Primera línea alineada (Jaccard 57%). | Solapamiento léxico alto MT↔Baynes (57%).
53	image_comentario	pair	62%	47%	strong_align	Alineación fuerte	Der Baum auf dem Berge ist weithin sichtbar, und seine Entwicklung ist von Einfluß auf das Landschaftsbild der ganzen Gegend. Er schießt nic…	The tree on the mountain is visible from afar, and its development influences the landscape of the entire area. It does not shoot up like th…	The tree on the mountain is visible from afar, and its development influences the landscape of the entire region. It does not shoot up like …	Primera línea alineada (Jaccard 47%). | Solapamiento léxico alto MT↔Baynes (62%).
54	image_comentario	pair	39%	34%	moderate_align	Alineación moderada	Der Donner erregt das Wasser des Sees, das ihm in schimmernden Wellen folgt. Das ist das Bild des Mädchens, das dem Manne seiner Wahl folgt.…	The thunder excites the water of the lake, which follows it in shimmering waves. This is the image of the girl who follows the man of her ch…	Thunder stirs the water of the lake, which follows it in shimmering waves. This symbolizes the girl who follows the man of her choice. But e…	Primera línea poco alineada (Jaccard 34%). | Solapamiento léxico moderado MT↔Baynes (38%).
55	image_comentario	pair	42%	42%	moderate_align	Alineación moderada	Das Zeichen hat eine gewisse Beziehung zu dem Zeichen »das Durchbeißen«, Nr. 21, wo ebenfalls Donner und Blitz beisammen sind, aber in umgek…	The sign has a certain relationship to the sign ""biting through"", No. 21, where thunder and lightning are also together, but in the reverse …	This hexagram has a certain connection with Shih Ho, BITING THROUGH (21), in which thunder and lightning similarly appear together, but in t…	Primera línea alineada (Jaccard 42%). | Solapamiento léxico moderado MT↔Baynes (42%).
56	image_comentario	pair	36%	36%	moderate_align	Alineación moderada	Wenn das Gras auf dem Berge abbrennt, so gibt es einen hellen Schein. Aber das Feuer verweilt nicht, sondern wandert der neuen Nahrung nach.…	When the grass burns on the mountain, there is a bright glow. But the fire does not stay, but follows the new food. It is just a temporary p…	When grass on a mountain takes fire, there is bright light. However, the fire does not linger in one place, but travels on to new fuel. It i…	Primera línea alineada (Jaccard 36%). | Solapamiento léxico moderado MT↔Baynes (36%).
57	image_comentario	pair	31%	31%	moderate_align	Alineación moderada	Das Eindringliche des Windes beruht auf seiner Unaufhörlichkeit. Dadurch wird er so machtvoll. Er nimmt die Zeit als Mittel zur Wirkung. So …	The force of the wind is due to its incessancy. This is what makes him so powerful. He uses time as a means to effect. So the ruler's though…	The penetrating quality of the wind depends upon its ceaselessness. This is what makes it so powerful; time is its instrument. In the same w…	Primera línea poco alineada (Jaccard 31%). | Solapamiento léxico moderado MT↔Baynes (31%).
58	image_comentario	pair	48%	29%	strong_align	Alineación fuerte	Ein See verdunstet nach oben und erschöpft sich dadurch allmählich. Wenn aber zwei Seen miteinander in Verbindung sind, so erschöpfen sie si…	A lake evaporates upwards and gradually becomes exhausted. But when two lakes are connected, they are not so easily exhausted because one en…	A lake evaporates upward and thus gradually dries up; but when two lakes are joined they do not dry up so readily, for one replenishes the o…	Primera línea poco alineada (Jaccard 29%). | Solapamiento léxico alto MT↔Baynes (48%).
59	image_comentario	pair	32%	28%	moderate_align	Alineación moderada	Das Wasser beginnt im Herbst und Winter zu erstarren und zu Eis zu gefrieren. Wenn die milden Lüfte des Frühlings kommen, löst sich die Erst…	The water begins to solidify and freeze into ice in autumn and winter. When the mild air of spring arrives, the rigidity is released and wha…	In the autumn and winter, water begins to freeze into ice. When the warm breezes of spring come, the rigidity is dissolved, and the elements…	Primera línea poco alineada (Jaccard 28%). | Solapamiento léxico moderado MT↔Baynes (32%).
60	image_comentario	pair	38%	29%	moderate_align	Alineación moderada	Der See ist etwas Endliches; das Wasser ist unerschöpflich. Der See kann nur ein bestimmtes Maß des unendlichen Wassers fassen. Darin besteh…	The lake is something finite; the water is inexhaustible. The lake can only hold a certain amount of infinite water. This is his peculiarity…	A lake is something limited. Water is inexhaustible. A lake can contain only a definite amount of the infinite quantity of water; this is it…	Primera línea poco alineada (Jaccard 29%). | Solapamiento léxico moderado MT↔Baynes (38%).
61	image_comentario	pair	43%	27%	moderate_align	Alineación moderada	Der Wind bewegt das Wasser, weil er in seine Zwischenräume einzudringen vermag. So sucht der Edle, wo er Fehler der Menschen abzuurteilen ha…	The wind moves the water because it can penetrate into the spaces between it. So the noble person, when he has to judge people's mistakes, s…	Wind stirs water by penetrating it. Thus the superior man, when obliged to judge the mistakes of men, tries to penetrate their minds with un…	Primera línea poco alineada (Jaccard 27%). | Solapamiento léxico moderado MT↔Baynes (43%).
62	image_comentario	pair	37%	31%	moderate_align	Alineación moderada	Der Donner auf dem Berge ist anders als der in der Ebene. In den Bergen ist der Donner viel näher, während er außerhalb der Gebirge weniger …	The thunder on the mountain is different from that on the plain. In the mountains the thunder is much closer, while outside the mountains it…	Thunder on the mountain is different from thunder on the plain. In the mountains, thunder seems much nearer; outside the mountains, it is le…	Primera línea poco alineada (Jaccard 31%). | Solapamiento léxico moderado MT↔Baynes (37%).
63	image_comentario	pair	46%	24%	strong_align	Alineación fuerte	Wenn das Wasser im Kessel über dem Feuer hängt, so stehen beide Elemente in Beziehung, und es wird dadurch Kraft erzeugt. (Vgl. die Entstehu…	When the water in the cauldron hangs over the fire, both elements are related and power is generated. (Compare the creation of steam.) The r…	When water in a kettle hangs over fire, the two elements stand in relation and thus generate energy (cf. the production of steam). But the r…	Primera línea poco alineada (Jaccard 24%). | Solapamiento léxico alto MT↔Baynes (46%).
64	image_comentario	pair	41%	31%	moderate_align	Alineación moderada	Wenn das Feuer, das ohnehin nach oben dringt, oben und das Wasser, dessen Bewegung abwärts geht, unten ist, so gehen ihre Wirkungen auseinan…	If the fire, which moves upwards anyway, is at the top and the water, whose movement is downwards, is at the bottom, their effects diverge a…	When fire, which by nature flames upward, is above, and water, which flows downward, is below, their effects take opposite directions and re…	Primera línea poco alineada (Jaccard 31%). | Solapamiento léxico moderado MT↔Baynes (41%).
1	L1_etiqueta	pair	40%	40%	moderate_align	Alineación moderada	Anfangs eine Neun bedeutet:	Initially a nine means:	Nine at the beginning means:	Primera línea alineada (Jaccard 40%). | Solapamiento léxico moderado MT↔Baynes (40%).
2	L1_etiqueta	pair	40%	40%	moderate_align	Alineación moderada	Anfangs eine Sechs bedeutet:	Initially a six means:	Six at the beginning means:	Primera línea alineada (Jaccard 40%). | Solapamiento léxico moderado MT↔Baynes (40%).
3	L1_etiqueta	pair	40%	40%	moderate_align	Alineación moderada	Anfangs eine Neun bedeutet:	Initially a nine means:	Nine at the beginning means:	Primera línea alineada (Jaccard 40%). | Solapamiento léxico moderado MT↔Baynes (40%).
4	L1_etiqueta	pair	40%	40%	moderate_align	Alineación moderada	Anfangs eine Sechs bedeutet:	Initially a six means:	Six at the beginning means:	Primera línea alineada (Jaccard 40%). | Solapamiento léxico moderado MT↔Baynes (40%).
5	L1_etiqueta	pair	40%	40%	moderate_align	Alineación moderada	Anfangs eine Neun bedeutet:	Initially a nine means:	Nine at the beginning means:	Primera línea alineada (Jaccard 40%). | Solapamiento léxico moderado MT↔Baynes (40%).
6	L1_etiqueta	pair	40%	40%	moderate_align	Alineación moderada	Anfangs eine Sechs bedeutet:	Initially a six means:	Six at the beginning means:	Primera línea alineada (Jaccard 40%). | Solapamiento léxico moderado MT↔Baynes (40%).
7	L1_etiqueta	pair	40%	40%	moderate_align	Alineación moderada	Anfangs eine Sechs bedeutet:	Initially a six means:	Six at the beginning means:	Primera línea alineada (Jaccard 40%). | Solapamiento léxico moderado MT↔Baynes (40%).
8	L1_etiqueta	pair	40%	40%	moderate_align	Alineación moderada	Anfangs eine Sechs bedeutet:	Initially a six means:	Six at the beginning means:	Primera línea alineada (Jaccard 40%). | Solapamiento léxico moderado MT↔Baynes (40%).
9	L1_etiqueta	pair	40%	40%	moderate_align	Alineación moderada	Anfangs eine Neun bedeutet:	Initially a nine means:	Nine at the beginning means:	Primera línea alineada (Jaccard 40%). | Solapamiento léxico moderado MT↔Baynes (40%).
10	L1_etiqueta	pair	40%	40%	moderate_align	Alineación moderada	Anfangs eine Neun bedeutet:	Initially a nine means:	Nine at the beginning means:	Primera línea alineada (Jaccard 40%). | Solapamiento léxico moderado MT↔Baynes (40%).
11	L1_etiqueta	pair	40%	40%	moderate_align	Alineación moderada	Anfangs eine Neun bedeutet:	Initially a nine means:	Nine at the beginning means:	Primera línea alineada (Jaccard 40%). | Solapamiento léxico moderado MT↔Baynes (40%).
12	L1_etiqueta	pair	40%	40%	moderate_align	Alineación moderada	Anfangs eine Sechs bedeutet:	Initially a six means:	Six at the beginning means:	Primera línea alineada (Jaccard 40%). | Solapamiento léxico moderado MT↔Baynes (40%).
13	L1_etiqueta	pair	40%	40%	moderate_align	Alineación moderada	Anfangs eine Neun bedeutet:	Initially a nine means:	Nine at the beginning means:	Primera línea alineada (Jaccard 40%). | Solapamiento léxico moderado MT↔Baynes (40%).
14	L1_etiqueta	pair	40%	40%	moderate_align	Alineación moderada	Anfangs eine Neun bedeutet:	Initially a nine means:	Nine at the beginning means:	Primera línea alineada (Jaccard 40%). | Solapamiento léxico moderado MT↔Baynes (40%).
15	L1_etiqueta	pair	40%	40%	moderate_align	Alineación moderada	Anfangs eine Sechs bedeutet:	Initially a six means:	Six at the beginning means:	Primera línea alineada (Jaccard 40%). | Solapamiento léxico moderado MT↔Baynes (40%).
16	L1_etiqueta	pair	40%	40%	moderate_align	Alineación moderada	Anfangs eine Sechs bedeutet:	Initially a six means:	Six at the beginning means:	Primera línea alineada (Jaccard 40%). | Solapamiento léxico moderado MT↔Baynes (40%).
17	L1_etiqueta	pair	40%	40%	moderate_align	Alineación moderada	Anfangs eine Neun bedeutet:	Initially a nine means:	Nine at the beginning means:	Primera línea alineada (Jaccard 40%). | Solapamiento léxico moderado MT↔Baynes (40%).
18	L1_etiqueta	pair	40%	40%	moderate_align	Alineación moderada	Anfangs eine Sechs bedeutet:	Initially a six means:	Six at the beginning means:	Primera línea alineada (Jaccard 40%). | Solapamiento léxico moderado MT↔Baynes (40%).
19	L1_etiqueta	pair	40%	40%	moderate_align	Alineación moderada	Anfangs eine Neun bedeutet:	Initially a nine means:	Nine at the beginning means:	Primera línea alineada (Jaccard 40%). | Solapamiento léxico moderado MT↔Baynes (40%).
20	L1_etiqueta	pair	40%	40%	moderate_align	Alineación moderada	Anfangs eine Sechs bedeutet:	Initially a six means:	Six at the beginning means:	Primera línea alineada (Jaccard 40%). | Solapamiento léxico moderado MT↔Baynes (40%).
21	L1_etiqueta	pair	40%	40%	moderate_align	Alineación moderada	Anfangs eine Neun bedeutet:	Initially a nine means:	Nine at the beginning means:	Primera línea alineada (Jaccard 40%). | Solapamiento léxico moderado MT↔Baynes (40%).
22	L1_etiqueta	pair	40%	40%	moderate_align	Alineación moderada	Anfangs eine Neun bedeutet:	Initially a nine means:	Nine at the beginning means:	Primera línea alineada (Jaccard 40%). | Solapamiento léxico moderado MT↔Baynes (40%).
23	L1_etiqueta	pair	40%	40%	moderate_align	Alineación moderada	Anfangs eine Sechs bedeutet:	Initially a six means:	Six at the beginning means:	Primera línea alineada (Jaccard 40%). | Solapamiento léxico moderado MT↔Baynes (40%).
24	L1_etiqueta	pair	40%	40%	moderate_align	Alineación moderada	Anfangs eine Neun bedeutet:	Initially a nine means:	Nine at the beginning means:	Primera línea alineada (Jaccard 40%). | Solapamiento léxico moderado MT↔Baynes (40%).
25	L1_etiqueta	pair	40%	40%	moderate_align	Alineación moderada	Anfangs eine Neun bedeutet:	Initially a nine means:	Nine at the beginning means:	Primera línea alineada (Jaccard 40%). | Solapamiento léxico moderado MT↔Baynes (40%).
26	L1_etiqueta	pair	40%	40%	moderate_align	Alineación moderada	Anfangs eine Neun bedeutet:	Initially a nine means:	Nine at the beginning means:	Primera línea alineada (Jaccard 40%). | Solapamiento léxico moderado MT↔Baynes (40%).
27	L1_etiqueta	pair	40%	40%	moderate_align	Alineación moderada	Anfangs eine Neun bedeutet:	Initially a nine means:	Nine at the beginning means:	Primera línea alineada (Jaccard 40%). | Solapamiento léxico moderado MT↔Baynes (40%).
28	L1_etiqueta	pair	40%	40%	moderate_align	Alineación moderada	Anfangs eine Sechs bedeutet:	Initially a six means:	Six at the beginning means:	Primera línea alineada (Jaccard 40%). | Solapamiento léxico moderado MT↔Baynes (40%).
29	L1_etiqueta	pair	40%	40%	moderate_align	Alineación moderada	Anfangs eine Sechs bedeutet:	Initially a six means:	Six at the beginning means:	Primera línea alineada (Jaccard 40%). | Solapamiento léxico moderado MT↔Baynes (40%).
30	L1_etiqueta	pair	40%	40%	moderate_align	Alineación moderada	Anfangs eine Neun bedeutet:	Initially a nine means:	Nine at the beginning means:	Primera línea alineada (Jaccard 40%). | Solapamiento léxico moderado MT↔Baynes (40%).
31	L1_etiqueta	pair	40%	40%	moderate_align	Alineación moderada	Anfangs eine Sechs bedeutet:	Initially a six means:	Six at the beginning means:	Primera línea alineada (Jaccard 40%). | Solapamiento léxico moderado MT↔Baynes (40%).
32	L1_etiqueta	pair	40%	40%	moderate_align	Alineación moderada	Anfangs eine Sechs bedeutet:	Initially a six means:	Six at the beginning means:	Primera línea alineada (Jaccard 40%). | Solapamiento léxico moderado MT↔Baynes (40%).
33	L1_etiqueta	pair	40%	40%	moderate_align	Alineación moderada	Anfangs eine Sechs bedeutet:	Initially a six means:	Six at the beginning means:	Primera línea alineada (Jaccard 40%). | Solapamiento léxico moderado MT↔Baynes (40%).
34	L1_etiqueta	pair	40%	40%	moderate_align	Alineación moderada	Anfangs eine Neun bedeutet:	Initially a nine means:	Nine at the beginning means:	Primera línea alineada (Jaccard 40%). | Solapamiento léxico moderado MT↔Baynes (40%).
35	L1_etiqueta	pair	40%	40%	moderate_align	Alineación moderada	Anfangs eine Sechs bedeutet:	Initially a six means:	Six at the beginning means:	Primera línea alineada (Jaccard 40%). | Solapamiento léxico moderado MT↔Baynes (40%).
36	L1_etiqueta	pair	40%	40%	moderate_align	Alineación moderada	Anfangs eine Neun bedeutet:	Initially a nine means:	Nine at the beginning means:	Primera línea alineada (Jaccard 40%). | Solapamiento léxico moderado MT↔Baynes (40%).
37	L1_etiqueta	pair	40%	40%	moderate_align	Alineación moderada	Anfangs eine Neun bedeutet:	Initially a nine means:	Nine at the beginning means:	Primera línea alineada (Jaccard 40%). | Solapamiento léxico moderado MT↔Baynes (40%).
38	L1_etiqueta	pair	40%	40%	moderate_align	Alineación moderada	Anfangs eine Neun bedeutet:	Initially a nine means:	Nine at the beginning means:	Primera línea alineada (Jaccard 40%). | Solapamiento léxico moderado MT↔Baynes (40%).
39	L1_etiqueta	pair	40%	40%	moderate_align	Alineación moderada	Anfangs eine Sechs bedeutet:	Initially a six means:	Six at the beginning means:	Primera línea alineada (Jaccard 40%). | Solapamiento léxico moderado MT↔Baynes (40%).
40	L1_etiqueta	pair	40%	40%	moderate_align	Alineación moderada	Anfangs eine Sechs bedeutet:	Initially a six means:	Six at the beginning means:	Primera línea alineada (Jaccard 40%). | Solapamiento léxico moderado MT↔Baynes (40%).
41	L1_etiqueta	pair	40%	40%	moderate_align	Alineación moderada	Anfangs eine Neun bedeutet:	Initially a nine means:	Nine at the beginning means:	Primera línea alineada (Jaccard 40%). | Solapamiento léxico moderado MT↔Baynes (40%).
42	L1_etiqueta	pair	40%	40%	moderate_align	Alineación moderada	Anfangs eine Neun bedeutet:	Initially a nine means:	Nine at the beginning means:	Primera línea alineada (Jaccard 40%). | Solapamiento léxico moderado MT↔Baynes (40%).
43	L1_etiqueta	pair	40%	40%	moderate_align	Alineación moderada	Anfangs eine Neun bedeutet:	Initially a nine means:	Nine at the beginning means:	Primera línea alineada (Jaccard 40%). | Solapamiento léxico moderado MT↔Baynes (40%).
44	L1_etiqueta	pair	40%	40%	moderate_align	Alineación moderada	Anfangs eine Sechs bedeutet:	Initially a six means:	Six at the beginning means:	Primera línea alineada (Jaccard 40%). | Solapamiento léxico moderado MT↔Baynes (40%).
45	L1_etiqueta	pair	40%	40%	moderate_align	Alineación moderada	Anfangs eine Sechs bedeutet:	Initially a six means:	Six at the beginning means:	Primera línea alineada (Jaccard 40%). | Solapamiento léxico moderado MT↔Baynes (40%).
46	L1_etiqueta	pair	40%	40%	moderate_align	Alineación moderada	Anfangs eine Sechs bedeutet:	Initially a six means:	Six at the beginning means:	Primera línea alineada (Jaccard 40%). | Solapamiento léxico moderado MT↔Baynes (40%).
47	L1_etiqueta	pair	40%	40%	moderate_align	Alineación moderada	Anfangs eine Sechs bedeutet:	Initially a six means:	Six at the beginning means:	Primera línea alineada (Jaccard 40%). | Solapamiento léxico moderado MT↔Baynes (40%).
48	L1_etiqueta	pair	40%	40%	moderate_align	Alineación moderada	Anfangs eine Sechs bedeutet:	Initially a six means:	Six at the beginning means:	Primera línea alineada (Jaccard 40%). | Solapamiento léxico moderado MT↔Baynes (40%).
49	L1_etiqueta	pair	40%	40%	moderate_align	Alineación moderada	Anfangs eine Neun bedeutet:	Initially a nine means:	Nine at the beginning means:	Primera línea alineada (Jaccard 40%). | Solapamiento léxico moderado MT↔Baynes (40%).
50	L1_etiqueta	pair	40%	40%	moderate_align	Alineación moderada	Anfangs eine Sechs bedeutet:	Initially a six means:	Six at the beginning means:	Primera línea alineada (Jaccard 40%). | Solapamiento léxico moderado MT↔Baynes (40%).
51	L1_etiqueta	pair	40%	40%	moderate_align	Alineación moderada	Anfangs eine Neun bedeutet:	Initially a nine means:	Nine at the beginning means:	Primera línea alineada (Jaccard 40%). | Solapamiento léxico moderado MT↔Baynes (40%).
52	L1_etiqueta	pair	40%	40%	moderate_align	Alineación moderada	Anfangs eine Sechs bedeutet:	Initially a six means:	Six at the beginning means:	Primera línea alineada (Jaccard 40%). | Solapamiento léxico moderado MT↔Baynes (40%).
53	L1_etiqueta	pair	40%	40%	moderate_align	Alineación moderada	Anfangs eine Sechs bedeutet:	Initially a six means:	Six at the beginning means:	Primera línea alineada (Jaccard 40%). | Solapamiento léxico moderado MT↔Baynes (40%).
54	L1_etiqueta	pair	40%	40%	moderate_align	Alineación moderada	Anfangs eine Neun bedeutet:	Initially a nine means:	Nine at the beginning means:	Primera línea alineada (Jaccard 40%). | Solapamiento léxico moderado MT↔Baynes (40%).
55	L1_etiqueta	pair	40%	40%	moderate_align	Alineación moderada	Anfangs eine Neun bedeutet:	Initially a nine means:	Nine at the beginning means:	Primera línea alineada (Jaccard 40%). | Solapamiento léxico moderado MT↔Baynes (40%).
56	L1_etiqueta	pair	40%	40%	moderate_align	Alineación moderada	Anfangs eine Sechs bedeutet:	Initially a six means:	Six at the beginning means:	Primera línea alineada (Jaccard 40%). | Solapamiento léxico moderado MT↔Baynes (40%).
57	L1_etiqueta	pair	40%	40%	moderate_align	Alineación moderada	Anfangs eine Sechs bedeutet:	Initially a six means:	Six at the beginning means:	Primera línea alineada (Jaccard 40%). | Solapamiento léxico moderado MT↔Baynes (40%).
58	L1_etiqueta	pair	40%	40%	moderate_align	Alineación moderada	Anfangs eine Neun bedeutet:	Initially a nine means:	Nine at the beginning means:	Primera línea alineada (Jaccard 40%). | Solapamiento léxico moderado MT↔Baynes (40%).
59	L1_etiqueta	pair	40%	40%	moderate_align	Alineación moderada	Anfangs eine Sechs bedeutet:	Initially a six means:	Six at the beginning means:	Primera línea alineada (Jaccard 40%). | Solapamiento léxico moderado MT↔Baynes (40%).
60	L1_etiqueta	pair	40%	40%	moderate_align	Alineación moderada	Anfangs eine Neun bedeutet:	Initially a nine means:	Nine at the beginning means:	Primera línea alineada (Jaccard 40%). | Solapamiento léxico moderado MT↔Baynes (40%).
61	L1_etiqueta	pair	40%	40%	moderate_align	Alineación moderada	Anfangs eine Neun bedeutet:	Initially a nine means:	Nine at the beginning means:	Primera línea alineada (Jaccard 40%). | Solapamiento léxico moderado MT↔Baynes (40%).
62	L1_etiqueta	pair	40%	40%	moderate_align	Alineación moderada	Anfangs eine Sechs bedeutet:	Initially a six means:	Six at the beginning means:	Primera línea alineada (Jaccard 40%). | Solapamiento léxico moderado MT↔Baynes (40%).
63	L1_etiqueta	pair	40%	40%	moderate_align	Alineación moderada	Anfangs eine Neun bedeutet:	Initially a nine means:	Nine at the beginning means:	Primera línea alineada (Jaccard 40%). | Solapamiento léxico moderado MT↔Baynes (40%).
64	L1_etiqueta	pair	40%	40%	moderate_align	Alineación moderada	Anfangs eine Sechs bedeutet:	Initially a six means:	Six at the beginning means:	Primera línea alineada (Jaccard 40%). | Solapamiento léxico moderado MT↔Baynes (40%).
1	L1_oraculo	pair	60%	60%	strong_align	Alineación fuerte	Verdeckter Drache. Handle nicht.	Hidden Dragon. Don't act.	Hidden dragon. Do not act.	Primera línea alineada (Jaccard 60%). | Solapamiento léxico alto MT↔Baynes (60%).
2	L1_oraculo	pair	15%	0%	weak_align	Alineación débil	Tritt man auf Reif, so naht das feste Eis.	If you step on frost, solid ice is approaching.	When there is hoarfrost underfoot, Solid ice is not far off.	Primera línea poco alineada (Jaccard 0%). | Solapamiento léxico bajo MT↔Baynes (15%).
3	L1_oraculo	pair	20%	50%	weak_align	Alineación débil	Zögern und Hemmung. Fördernd ist es, beharrlich zu bleiben. Fördernd ist es, Gehilfen einzusetzen.	Hesitation and inhibition. It is beneficial to remain persistent. It is helpful to use assistants.	Hesitation and hindrance. It furthers one to remain persevering. It furthers one to appoint helpers.	Primera línea alineada (Jaccard 50%). | Solapamiento léxico moderado MT↔Baynes (20%).
4	L1_oraculo	pair	23%	20%	weak_align	Alineación débil	Um den Toren zu entwickeln, ist es fördernd, den Menschen in Zucht zu nehmen. Man soll die Fesseln abnehmen. So weitermachen bringt Beschämu…	To develop the goals, it is beneficial to discipline people. You should take off your shackles. Continuing like this brings shame.	To make a fool develop It furthers one to apply discipline. The fetters should be removed. To go on in this way brings humiliation.	Primera línea poco alineada (Jaccard 20%). | Solapamiento léxico moderado MT↔Baynes (23%).
5	L1_oraculo	pair	21%	50%	weak_align	Alineación débil	Warten auf dem Anger. Fördernd ist es, im Dauernden zu bleiben. Kein Makel.	Waiting on the grass. It is beneficial to stay in what is permanent. No flaw.	Waiting in the meadow. It furthers one to abide in what endures. No blame.	Primera línea alineada (Jaccard 50%). | Solapamiento léxico moderado MT↔Baynes (21%).
6	L1_oraculo	pair	33%	22%	moderate_align	Alineación moderada	Wenn man die Sache nicht verewigt, so gibt es ein kleines Gerede. Am Ende kommt Heil.	If you don't perpetuate the thing, so there is a little talk. In the end salvation comes.	If one does not perpetuate the affair, There is a little gossip. In the end, good fortune comes.	Primera línea poco alineada (Jaccard 22%). | Solapamiento léxico moderado MT↔Baynes (33%).
7	L1_oraculo	pair	29%	33%	moderate_align	Alineación moderada	Ein Heer muß ausziehen nach der Ordnung. Ist die nicht gut, droht Unheil.	An army must move out according to order. If it's not good, there's a threat of disaster.	An army must set forth in proper order. If the order is not good, misfortune threatens.	Primera línea poco alineada (Jaccard 33%). | Solapamiento léxico moderado MT↔Baynes (29%).
8	L1_oraculo	pair	29%	20%	moderate_align	Alineación moderada	Halte wahr und treu zu ihm: das ist kein Makel. Wahrheit wie eine volle Tonschüssel: So kommt schließlich von außen her das Heil.	Be true and faithful to him: that is not a flaw. Truth like a full clay bowl: Ultimately, salvation comes from outside.	Hold to him in truth and loyalty; This is without blame. Truth, like a full earthen bowl: Thus in the end Good fortune comes from without.	Primera línea poco alineada (Jaccard 20%). | Solapamiento léxico moderado MT↔Baynes (29%).
9	L1_oraculo	pair	6%	0%	divergent	Divergente	Wiederkehr auf den Weg. Wie wäre das ein Makel! Heil!	Get back on track. How would that be a flaw! Unhurt!	Return to the way. How could there be blame in this? Good fortune.	Primera línea poco alineada (Jaccard 0%). | Solapamiento léxico bajo MT↔Baynes (6%).
10	L1_oraculo	pair	43%	43%	moderate_align	Alineación moderada	Einfaches Auftreten. Fortschreiten ohne Makel.	Simple demeanor. Progress without blemish.	Simple conduct. Progress without blame.	Primera línea alineada (Jaccard 43%). | Solapamiento léxico moderado MT↔Baynes (43%).
11	L1_oraculo	pair	38%	31%	moderate_align	Alineación moderada	Zieht man Bandgras aus, so geht der Rasen mit. Jeder nach seiner Art. Unternehmungen bringen Heil.	If you pull out ribbon grass, the lawn goes with it. Each according to his own kind. Enterprises bring salvation.	When ribbon grass is pulled up, the sod comes with it. Each according to his kind. Undertakings bring good fortune.	Primera línea poco alineada (Jaccard 31%). | Solapamiento léxico moderado MT↔Baynes (38%).
12	L1_oraculo	pair	42%	31%	moderate_align	Alineación moderada	Zieht man Bandgras aus, so geht der Rasen mit. Jeder nach seiner Art. Beharrlichkeit bringt Heil und Gelingen.	If you pull out ribbon grass, the lawn goes with it. Each according to his own kind. Persistence brings salvation and success.	When ribbon grass is pulled up, the sod comes with it. Each according to his kind. Perseverance brings good fortune and success.	Primera línea poco alineada (Jaccard 31%). | Solapamiento léxico moderado MT↔Baynes (42%).
13	L1_oraculo	pair	33%	38%	moderate_align	Alineación moderada	Gemeinschaft mit Menschen im Tore. Kein Makel.	Community with people in the gate. No flaw.	Fellowship with men at the gate. No blame.	Primera línea alineada (Jaccard 38%). | Solapamiento léxico moderado MT↔Baynes (33%).
14	L1_oraculo	pair	24%	38%	weak_align	Alineación débil	Keine Beziehung zu Schädlichem, das ist nicht ein Makel. Bleibt man der Schwierigkeit bewußt, so bleibt man ohne Makel.	No relationship with anything harmful, that is not a flaw. If you remain aware of the difficulty, so you remain without blemishes.	No relationship with what is harmful; There is no blame in this. If one remains conscious of difficulty, One remains without blame.	Primera línea alineada (Jaccard 38%). | Solapamiento léxico moderado MT↔Baynes (24%).
15	L1_oraculo	pair	24%	0%	weak_align	Alineación débil	Ein bescheiden-bescheidener Edler mag das große Wasser durchqueren. Heil!	A humble, humble nobleman may cross the great waters. Unhurt!	A superior man modest about his modesty May cross the great water. Good fortune.	Primera línea poco alineada (Jaccard 0%). | Solapamiento léxico moderado MT↔Baynes (24%).
16	L1_oraculo	pair	71%	67%	strong_align	Alineación fuerte	Begeisterung, die sich äußert, bringt Unheil.	Enthusiasm that expresses itself brings disaster.	Enthusiasm that expresses itself Brings misfortune.	Primera línea alineada (Jaccard 67%). | Solapamiento léxico alto MT↔Baynes (71%).
17	L1_oraculo	pair	25%	0%	moderate_align	Alineación moderada	Das Maßgebende ändert sich. Beharrlichkeit bringt Heil. Zur Tür hinausgehen im Verkehr schafft Werke.	What matters changes. Perseverance brings salvation. Walking out the door in traffic creates works.	The standard is changing. Perseverance brings good fortune. To go out of the door in company Produces deeds.	Primera línea poco alineada (Jaccard 0%). | Solapamiento léxico moderado MT↔Baynes (25%).
18	L1_oraculo	pair	25%	27%	moderate_align	Alineación moderada	Zurechtbringen des vom Vater Verdorbenen. Wenn ein Sohn da ist, bleibt auf dem heimgegangenen Vater kein Makel. Gefahr. Schließlich Heil.	Correcting what was corrupted by the father. If there is a son, no stain remains on the father who has gone home. Danger. Finally, salvation…	Setting right what has been spoiled by the father. If there is a son, No blame rests upon the departed father. Danger. In the end good fortu…	Primera línea poco alineada (Jaccard 27%). | Solapamiento léxico moderado MT↔Baynes (25%).
19	L1_oraculo	pair	57%	40%	strong_align	Alineación fuerte	Gemeinsame Annäherung. Beharrlichkeit bringt Heil.	Joint approach. Perseverance brings salvation.	Joint approach. Perseverance brings good fortune.	Primera línea alineada (Jaccard 40%). | Solapamiento léxico alto MT↔Baynes (57%).
20	L1_oraculo	pair	6%	0%	divergent	Divergente	Knabenhaftes Betrachten. Für einen geringen Menschen kein Makel. Für einen Edlen beschämend.	Boyish looking. Not a flaw for a lowly person. Shameful for a nobleman.	Boylike contemplation. For an inferior man, no blame. For a superior man, humiliation.	Primera línea poco alineada (Jaccard 0%). | Solapamiento léxico bajo MT↔Baynes (6%).
21	L1_oraculo	pair	36%	17%	moderate_align	Alineación moderada	Steckt mit den Füßen im Block, daß die Zehen verschwinden. Kein Makel.	Stick your feet in the block so that your toes disappear. No flaw.	His feet are fastened in the stocks, So that his toes disappear. No blame.	Primera línea poco alineada (Jaccard 17%). | Solapamiento léxico moderado MT↔Baynes (36%).
22	L1_oraculo	pair	36%	36%	moderate_align	Alineación moderada	Macht seine Zehen anmutig, verläßt den Wagen und geht.	Flexes his toes gracefully, gets out of the car and walks.	He lends grace to his toes, leaves the carriage, and walks.	Primera línea alineada (Jaccard 36%). | Solapamiento léxico moderado MT↔Baynes (36%).
23	L1_oraculo	pair	43%	60%	moderate_align	Alineación moderada	Das Bett wird zersplittert am Bein. Die Beharrlichen werden vernichtet. Unheil.	The bed is splintered on the leg. Those who persist will be destroyed. Mischief.	The leg of the bed is split. Those who persevere are destroyed. Misfortune.	Primera línea alineada (Jaccard 60%). | Solapamiento léxico moderado MT↔Baynes (43%).
24	L1_oraculo	pair	54%	100%	strong_align	Alineación fuerte	Wiederkehr aus geringer Entfernung. Es bedarf keiner Reue. Großes Heil!	Return from a short distance. There is no need for regret. Great salvation!	Return from a short distance. No need for remorse. Great good fortune.	Primera línea alineada (Jaccard 100%). | Solapamiento léxico alto MT↔Baynes (54%).
25	L1_oraculo	pair	29%	29%	moderate_align	Alineación moderada	Unschuldiger Wandel bringt Heil!	Innocent conduct brings salvation!	Innocent behavior brings good fortune.	Primera línea poco alineada (Jaccard 29%). | Solapamiento léxico moderado MT↔Baynes (29%).
26	L1_oraculo	pair	11%	11%	divergent	Divergente	Es ist Gefahr da. Fördernd ist es, abzustehen.	There is danger there. It is helpful to stand back.	Danger is at hand. It furthers one to desist.	Primera línea poco alineada (Jaccard 11%). | Solapamiento léxico bajo MT↔Baynes (11%).
27	L1_oraculo	pair	56%	57%	strong_align	Alineación fuerte	Du läßt Deine Zauberschildkröte fahren und blickst nach mir mit herabhängenden Mundwinkeln. Unheil!	You let your magic turtle drive and you look at me with the corners of your mouth hanging down. Mischief!	You let your magic tortoise go, And look at me with the corners of your mouth drooping. Misfortune.	Primera línea alineada (Jaccard 57%). | Solapamiento léxico alto MT↔Baynes (56%).
28	L1_oraculo	pair	10%	11%	divergent	Divergente	Unterlegen mit weißem Schilfgras. Kein Makel.	Underlaid with white reed grass. No flaw.	To spread white rushes underneath. No blame.	Primera línea poco alineada (Jaccard 11%). | Solapamiento léxico bajo MT↔Baynes (10%).
29	L1_oraculo	pair	21%	50%	weak_align	Alineación débil	Wiederholung des Abgründigen. Man gerät im Abgrund in ein Loch. Unheil.	Repetition of the abyssal. You end up in a hole in the abyss. Mischief.	Repetition of the Abysmal. In the abyss one falls into a pit. Misfortune.	Primera línea alineada (Jaccard 50%). | Solapamiento léxico moderado MT↔Baynes (21%).
30	L1_oraculo	pair	20%	43%	weak_align	Alineación débil	Die Fußspuren laufen kreuz und quer. Wenn man ernst dabei ist: kein Makel.	The footprints run all over the place. If you're serious about it: no fault.	The footprints run crisscross. If one is seriously intent, no blame.	Primera línea alineada (Jaccard 43%). | Solapamiento léxico moderado MT↔Baynes (20%).
31	L1_oraculo	pair	50%	50%	strong_align	Alineación fuerte	Die Einwirkung äußert sich in der großen Zehe.	The impact manifests itself in the big toe.	The influence shows itself in the big toe.	Primera línea alineada (Jaccard 50%). | Solapamiento léxico alto MT↔Baynes (50%).
32	L1_oraculo	pair	28%	15%	moderate_align	Alineación moderada	Zu rasch Dauer wollen, bringt beharrlich Unheil. Nichts, was fördernd wäre.	Wanting time to last too quickly brings persistent harm. Nothing that would be helpful.	Seeking duration too hastily brings misfortune persistently. Nothing that would further.	Primera línea poco alineada (Jaccard 15%). | Solapamiento léxico moderado MT↔Baynes (28%).
33	L1_oraculo	pair	22%	50%	weak_align	Alineación débil	Beim Rückzug am Schwanz: das ist gefährlich. Man darf nicht etwas unternehmen wollen.	When pulling back on the tail: this is dangerous. You can't want to do something.	At the tail in retreat. This is dangerous. One must not wish to undertake anything.	Primera línea alineada (Jaccard 50%). | Solapamiento léxico moderado MT↔Baynes (22%).
34	L1_oraculo	pair	64%	100%	strong_align	Alineación fuerte	Macht in den Zehen. Fortmachen bringt Unheil. Das ist gewißlich wahr.	Power in the toes. Continuing brings disaster. That is certainly true.	Power in the toes. Continuing brings misfortune. This is certainly true.	Primera línea alineada (Jaccard 100%). | Solapamiento léxico alto MT↔Baynes (64%).
35	L1_oraculo	pair	16%	17%	weak_align	Alineación débil	Fortschreitend, aber zurückgewiesen. Beharrlichkeit bringt Heil.	Progressive but rejected. Perseverance brings salvation.	Progressing, but turned back. Perseverance brings good fortune. If one meets with no confidence, one should remain calm. No mistake.	Primera línea poco alineada (Jaccard 17%). | Solapamiento léxico bajo MT↔Baynes (16%).
36	L1_oraculo	pair	19%	33%	weak_align	Alineación débil	Verfinsterung des Lichts im Fluge. Er senkt seine Flügel.	Eclipse of light in flight. He lowers his wings.	Darkening of the light during flight. He lowers his wings. The superior man does not eat for three days On his wanderings. But he has somewh…	Primera línea poco alineada (Jaccard 33%). | Solapamiento léxico bajo MT↔Baynes (19%).
37	L1_oraculo	pair	17%	20%	weak_align	Alineación débil	Fester Abschluß innerhalb der Sippe. Reue schwindet.	Solid closure within the clan. Regret fades.	Firm seclusion within the family. Remorse disappears.	Primera línea poco alineada (Jaccard 20%). | Solapamiento léxico bajo MT↔Baynes (17%).
38	L1_oraculo	pair	31%	0%	moderate_align	Alineación moderada	Die Reue schwindet. Wenn du dein Pferd verlierst, so lauf ihm nicht nach. Es kommt von selber wieder.	The regret fades. If you lose your horse, don't run after him. It comes back on its own.	Remorse disappears. If you lose your horse, do not run after it; It will come back of its own accord. When you see evil people, Guard yourse…	Primera línea poco alineada (Jaccard 0%). | Solapamiento léxico moderado MT↔Baynes (31%).
39	L1_oraculo	pair	44%	29%	moderate_align	Alineación moderada	Gehen führt in Hemmnis, Kommen findet Lob.	Going leads to obstacles, coming finds praise.	Going leads to obstructions, Coming meets with praise.	Primera línea poco alineada (Jaccard 29%). | Solapamiento léxico moderado MT↔Baynes (44%).
40	L1_oraculo	pair	33%	33%	moderate_align	Alineación moderada	Ohne Makel.	Without flaw.	Without blame.	Primera línea poco alineada (Jaccard 33%). | Solapamiento léxico moderado MT↔Baynes (33%).
41	L1_oraculo	pair	25%	30%	moderate_align	Alineación moderada	Wenn die Geschäfte fertig sind, rasch hingehen, ist kein Makel. Doch muß man überlegen, wie weit man andere mindern darf.	When the business is finished, go there quickly, is not a flaw. But you have to consider how far one can diminish others.	Going quickly when one's tasks are finished Is without blame. But one must reflect on how much one may decrease others.	Primera línea poco alineada (Jaccard 30%). | Solapamiento léxico moderado MT↔Baynes (25%).
42	L1_oraculo	pair	23%	50%	weak_align	Alineación débil	Fördernd ist es, große Taten zu vollbringen. Erhabenes Heil! Kein Makel.	It is encouraging to accomplish great deeds. Glorious salvation! No flaw.	It furthers one to accomplish great deeds. Supreme good fortune. No blame.	Primera línea alineada (Jaccard 50%). | Solapamiento léxico moderado MT↔Baynes (23%).
43	L1_oraculo	pair	32%	43%	moderate_align	Alineación moderada	Mächtig in den vorwärtsschreitenden Zehen. Geht man hin und ist der Sache nicht gewachsen, so macht man einen Fehler.	Powerful in the forward-stretching toes. If you go there and are not up to the task, that's how you make a mistake.	Mighty in the forward-striding toes. When one goes and is not equal to the task, One makes a mistake.	Primera línea alineada (Jaccard 43%). | Solapamiento léxico moderado MT↔Baynes (32%).
44	L1_oraculo	pair	6%	9%	divergent	Divergente	Man muß es hemmen mit ehernem Radschuh. Beharrlichkeit ist von Heil. Wenn man es hingehen läßt, so erfährt man Unheil.	You have to stop it with a brazen wheel shoe. Perseverance is of salvation. If you let it go, you will experience disaster.	It must be checked with a brake of bronze. Perseverance brings good fortune. If one lets it take its course, one experiences misfortune. Eve…	Primera línea poco alineada (Jaccard 9%). | Solapamiento léxico bajo MT↔Baynes (6%).
45	L1_oraculo	pair	31%	75%	moderate_align	Alineación moderada	Wenn du wahrhaftig bist, doch nicht bis zum Ende, so gibt es bald Verwirrung, bald Sammlung.	If you are truthful, but not to the end, so there is now confusion, now gathering.	If you are sincere, but not to the end, There will sometimes be confusion, sometimes gathering together. If you call out, Then after one gra…	Primera línea alineada (Jaccard 75%). | Solapamiento léxico moderado MT↔Baynes (31%).
46	L1_oraculo	pair	23%	9%	weak_align	Alineación débil	Empordringen, das Zutrauen findet, bringt großes Heil.	Ascending, finding confidence, brings great salvation.	Pushing upward that meets with confidence Brings great good fortune.	Primera línea poco alineada (Jaccard 9%). | Solapamiento léxico moderado MT↔Baynes (23%).
47	L1_oraculo	pair	38%	33%	moderate_align	Alineación moderada	Man sitzt bedrängt unter einem kahlen Baum und gerät in ein finsteres Tal. Drei Jahre lang sieht man nichts.	You sit harried under a bare tree and falls into a dark valley. You don't see anything for three years.	One sits oppressed under a bare tree And strays into a gloomy valley. For three years one sees nothing.	Primera línea poco alineada (Jaccard 33%). | Solapamiento léxico moderado MT↔Baynes (38%).
48	L1_oraculo	pair	54%	44%	strong_align	Alineación fuerte	Der Schlamm des Brunnens wird nicht getrunken. Zu einem alten Brunnen kommen keine Tiere.	The mud from the well is not drunk. Animals don't come to an old well.	One does not drink the mud of the well. No animals come to an old well.	Primera línea alineada (Jaccard 44%). | Solapamiento léxico alto MT↔Baynes (54%).
49	L1_oraculo	pair	50%	50%	strong_align	Alineación fuerte	Man wird eingewickelt in das Fell einer gelben Kuh.	You are wrapped in the fur of a yellow cow.	Wrapped in the hide of a yellow cow.	Primera línea alineada (Jaccard 50%). | Solapamiento léxico alto MT↔Baynes (50%).
50	L1_oraculo	pair	42%	29%	moderate_align	Alineación moderada	Ein Tiegel mit umgekippten Beinen. Fördernd zur Entfernung des Stockenden. Man nimmt eine Nebenfrau um ihres Sohns willen. Kein Makel.	A crucible with legs tipped over. Conducive to removing the stagnation. One takes a concubine for the sake of her son. No flaw.	A ting with legs upturned. Furthers removal of stagnating stuff. One takes a concubine for the sake of her son. No blame.	Primera línea poco alineada (Jaccard 29%). | Solapamiento léxico moderado MT↔Baynes (42%).
51	L1_oraculo	pair	23%	25%	weak_align	Alineación débil	Das Erschüttern kommt: Hu, Hu! Darauf folgen lachende Worte: Ha, Ha! Heil!	The shaking comes: Hu, Hu! This is followed by laughing words: Ha, Ha! Unhurt!	Shock comes—oh, oh! Then follow laughing words—ha, ha! Good fortune.	Primera línea poco alineada (Jaccard 25%). | Solapamiento léxico moderado MT↔Baynes (23%).
52	L1_oraculo	pair	33%	100%	moderate_align	Alineación moderada	Stillehalten seiner Zehen. Kein Makel. Fördernd ist dauernde Beharrlichkeit.	Keeping his toes still. No flaw. Constant persistence is beneficial.	Keeping his toes still. No blame. Continued perseverance furthers.	Primera línea alineada (Jaccard 100%). | Solapamiento léxico moderado MT↔Baynes (33%).
53	L1_oraculo	pair	53%	40%	strong_align	Alineación fuerte	Die Wildgans zieht allmählich dem Ufer zu. Der junge Sohn ist in Gefahr. Es gibt Gerede. Kein Makel.	The wild goose gradually moves towards the bank. The young son is in danger. There is talk. No flaw.	The wild goose gradually draws near the shore. The young son is in danger. There is talk. No blame.	Primera línea alineada (Jaccard 40%). | Solapamiento léxico alto MT↔Baynes (53%).
54	L1_oraculo	pair	24%	25%	weak_align	Alineación débil	Das heiratende Mädchen als Nebenfrau. Ein Lahmer, der auftreten kann. Unternehmungen bringen Heil.	The girl who gets married as a concubine. A lame that can occur. Enterprises bring salvation.	The marrying maiden as a concubine. A lame man who is able to tread. Undertakings bring good fortune.	Primera línea poco alineada (Jaccard 25%). | Solapamiento léxico moderado MT↔Baynes (24%).
55	L1_oraculo	pair	36%	9%	moderate_align	Alineación moderada	Wenn man seinem bestimmten Herrn begegnet, so mag man zehn Tage beisammen sein, und es ist kein Fehler. Hingehen findet Anerkennung.	When you meet your designated master, so be it You can be together for ten days and it's not a mistake. Going there is recognized.	When a man meets his destined ruler, They can be together ten days, And it is not a mistake. Going meets with recognition.	Primera línea poco alineada (Jaccard 9%). | Solapamiento léxico moderado MT↔Baynes (36%).
56	L1_oraculo	pair	47%	44%	strong_align	Alineación fuerte	Wenn der Wanderer sich mit kleinlichen Dingen abgibt, so zieht er sich dadurch Unglück zu.	If the wanderer bothers with petty things, thus he brings misfortune upon himself.	If the wanderer busies himself with trivial things, He draws down misfortune upon himself.	Primera línea alineada (Jaccard 44%). | Solapamiento léxico alto MT↔Baynes (47%).
57	L1_oraculo	pair	50%	40%	strong_align	Alineación fuerte	Beim Vorgehen und Rückweichen ist fördernd die Beharrlichkeit eines Kriegers.	When approaching and retreating is encouraging the perseverance of a warrior.	In advancing and in retreating, The perseverance of a warrior furthers.	Primera línea alineada (Jaccard 40%). | Solapamiento léxico alto MT↔Baynes (50%).
58	L1_oraculo	pair	0%	0%	divergent	Divergente	Zufriedene Heiterkeit. Heil!	Satisfied cheerfulness. Unhurt!	Contented joyousness. Good fortune.	Primera línea poco alineada (Jaccard 0%). | Solapamiento léxico bajo MT↔Baynes (0%).
59	L1_oraculo	pair	56%	71%	strong_align	Alineación fuerte	Er bringt Hilfe mit der Macht eines Pferdes.	He brings help with the power of a horse.	He brings help with the strength of a horse. Good fortune.	Primera línea alineada (Jaccard 71%). | Solapamiento léxico alto MT↔Baynes (56%).
60	L1_oraculo	pair	46%	56%	strong_align	Alineación fuerte	Nicht zu Tür und Hof hinausgehen ist kein Makel.	Not going out the door or yard is not a fault.	Not going out of the door and the courtyard Is without blame.	Primera línea alineada (Jaccard 56%). | Solapamiento léxico alto MT↔Baynes (45%).
61	L1_oraculo	pair	36%	50%	moderate_align	Alineación moderada	Bereitsein bringt Heil. Sind Hintergedanken da, so ist das beunruhigend.	Being prepared brings salvation. If there are ulterior motives, it is worrying.	Being prepared brings good fortune. If there are secret designs, it is disquieting.	Primera línea alineada (Jaccard 50%). | Solapamiento léxico moderado MT↔Baynes (36%).
62	L1_oraculo	pair	30%	30%	moderate_align	Alineación moderada	Der Vogel kommt durch Fliegen ins Unheil.	The bird gets into trouble by flying.	The bird meets with misfortune through flying.	Primera línea poco alineada (Jaccard 30%). | Solapamiento léxico moderado MT↔Baynes (30%).
63	L1_oraculo	pair	55%	100%	strong_align	Alineación fuerte	Er hemmt seine Räder. Er kommt mit dem Schwanz ins Wasser. Kein Makel.	He brakes his wheels. He enters the water with his tail. No flaw.	He brakes his wheels. He gets his tail in the water. No blame.	Primera línea alineada (Jaccard 100%). | Solapamiento léxico alto MT↔Baynes (55%).
64	L1_oraculo	pair	44%	57%	moderate_align	Alineación moderada	Er kommt mit dem Schwanz ins Wasser. Beschämend.	He enters the water with his tail. Shameful.	He gets his tail in the water. Humiliating.	Primera línea alineada (Jaccard 57%). | Solapamiento léxico moderado MT↔Baynes (44%).
1	L1_comentario	pair	44%	41%	moderate_align	Alineación moderada	Der Drache hat in China eine ganz andere Bedeutung als in der westlichen Auffassung. Der Drache ist das Symbol der beweglich-elektrischen, s…	The dragon has a completely different meaning in China than in the West. The dragon is the symbol of the mobile-electric, strong, stimulatin…	In China the dragon has a meaning altogether different from that given it in the Western world. The dragon is a symbol of the electrically c…	Primera línea alineada (Jaccard 41%). | Solapamiento léxico moderado MT↔Baynes (44%).
2	L1_comentario	pair	37%	48%	moderate_align	Alineación moderada	Wie die lichte Kraft das Leben darstellt, so die schattige Kraft den Tod. Im Herbst, wenn der Frühreif fällt, ist die Kraft des Dunkels und …	Just as the light force represents life, so the shadowy force represents death. In autumn, when the early ripeness falls, the power of the d…	Just as the light-giving power represents life, so the dark power, the shadowy, represents death. When the first hoarfrost comes in the autu…	Primera línea alineada (Jaccard 48%). | Solapamiento léxico moderado MT↔Baynes (36%).
3	L1_comentario	pair	33%	27%	moderate_align	Alineación moderada	Wenn man zu Anfang einer Unternehmung auf Hemmung stößt, so darf man den Fortschritt nicht erzwingen wollen, sondern muß vorsichtig innehalt…	If you encounter inhibitions at the beginning of an undertaking, you should not try to force progress, but rather you must pause carefully. …	If a person encounters a hindrance at the beginning of an enterprise, he must not try to force advance but must pause and take thought. Howe…	Primera línea poco alineada (Jaccard 27%). | Solapamiento léxico moderado MT↔Baynes (33%).
4	L1_comentario	pair	37%	37%	moderate_align	Alineación moderada	Am Anfang der Erziehung steht das Gesetz. Die Unerfahrenheit der Jugend ist geneigt, zunächst alles lässig und spielerisch zu nehmen. Da muß…	At the beginning of education there is the law. The inexperience of young people tends to initially take everything casually and playfully. …	Law is the beginning of education. Youth in its inexperience is inclined at first to take everything carelessly and playfully. It must be sh…	Primera línea alineada (Jaccard 37%). | Solapamiento léxico moderado MT↔Baynes (37%).
5	L1_comentario	pair	31%	31%	moderate_align	Alineación moderada	Die Gefahr ist noch fern. Man wartet noch auf weiter Ebene. Die Verhältnisse sind noch einfach. Es liegt nur etwas in der Luft, das kommen w…	The danger is still far away. We're still waiting for a further level. The conditions are still simple. There's just something in the air th…	The danger is not yet close. One is still waiting on the open plain. Conditions are still simple, yet there is a feeling of something impend…	Primera línea poco alineada (Jaccard 31%). | Solapamiento léxico moderado MT↔Baynes (31%).
6	L1_comentario	pair	33%	33%	moderate_align	Alineación moderada	Solange der Streit noch im ersten Anfang ist, tut man am besten, ihn fallen zu lassen. Zumal einem stärkeren Gegner gegenüber ist es nicht r…	While the argument is still in its early stages, it's best to let it go. Especially when faced with a stronger opponent, it is not advisable…	While a conflict is in the incipient stage, the best thing to do is to drop the issue. Especially when the adversary is stronger, it is not …	Primera línea poco alineada (Jaccard 33%). | Solapamiento léxico moderado MT↔Baynes (33%).
7	L1_comentario	pair	62%	62%	strong_align	Alineación fuerte	Zu Beginn einer kriegerischen Unternehmung muß Ordnung herrschen. Es muß ein gerechter und triftiger Grund da sein, und der Gehorsam und das…	At the beginning of a military operation, order must prevail. There must be a just and valid reason, and the obedience and coordination of t…	At the beginning of a military enterprise, order is imperative. A just and valid cause must exist, and the obedience and coordination of the…	Primera línea alineada (Jaccard 62%). | Solapamiento léxico alto MT↔Baynes (62%).
8	L1_comentario	pair	44%	44%	moderate_align	Alineación moderada	Wenn es sich um Anknüpfen von Beziehungen handelt, ist volle Wahrhaftigkeit die einzig richtige Grundlage. Diese Gesinnung, die unter dem Bi…	When it comes to establishing relationships, complete truthfulness is the only correct basis. This attitude, which is represented under the …	Fundamental sincerity is the only proper basis for forming relationships. This attitude, symbolized by a full earthen bowl, in which the con…	Primera línea alineada (Jaccard 44%). | Solapamiento léxico moderado MT↔Baynes (44%).
9	L1_comentario	pair	30%	30%	moderate_align	Alineación moderada	In der Natur des Starken liegt es, voran zu drängen. Damit begibt er sich aber in den Hemmungsbereich. Darum kehrt er auf den seiner Lage en…	It is in the nature of the strong to push forward. But this puts him in the inhibition area. Therefore he returns to the path appropriate to…	It lies in the nature of a strong man to press forward. In so doing he encounters obstructions. Therefore he returns to the way suited to hi…	Primera línea poco alineada (Jaccard 30%). | Solapamiento léxico moderado MT↔Baynes (30%).
10	L1_comentario	pair	33%	32%	moderate_align	Alineación moderada	Man befindet sich in einer Lage, in der man noch nicht gebunden ist durch die Verpflichtungen des Verkehrs. Wenn man einfach auftritt, bleib…	You find yourself in a position in which you are not yet bound by the obligations of transport. If you simply perform, you remain free from …	The situation is one in which we are still not bound by any obligations of social intercourse. If our conduct is simple, we remain free of t…	Primera línea poco alineada (Jaccard 31%). | Solapamiento léxico moderado MT↔Baynes (33%).
11	L1_comentario	pair	34%	34%	moderate_align	Alineación moderada	In Zeiten der Blüte zieht jeder tüchtige Mann, der auf einen Posten berufen wird, sofort andere Gleichgesinnte nach sich, wie man beim Herau…	In times of flowering, every capable man who is appointed to a post immediately attracts other like-minded people, just as when pulling out …	In times of prosperity every able man called to fill an office draws like-minded people along with him, just as in pulling up ribbon grass o…	Primera línea poco alineada (Jaccard 34%). | Solapamiento léxico moderado MT↔Baynes (34%).
12	L1_comentario	pair	28%	27%	moderate_align	Alineación moderada	Der Text ist beinahe derselbe wie bei der ersten Linie des letzten Zeichens, nur im umgekehrten Sinn. Dort zieht einer den andern nach sich …	The text is almost the same as the first line of the last character, just in reverse. There one pulls the other after him on the way to an o…	The text is almost the same as that of the first line of the preceding hexagram, but with a contrary meaning. In the latter a man is drawing…	Primera línea poco alineada (Jaccard 27%). | Solapamiento léxico moderado MT↔Baynes (28%).
13	L1_comentario	pair	38%	38%	moderate_align	Alineación moderada	Der Beginn einer Vereinigung von Menschen soll vor der Tür stattfinden. Alle stehen einander gleich nahe. Irgendwelche Sonderbestrebungen be…	The beginning of a union of people should take place at the door. Everyone is equally close to each other. There are no special efforts of a…	The beginning of union among people should take place before the door. All are equally close to one another. No divergent aims have yet aris…	Primera línea alineada (Jaccard 38%). | Solapamiento léxico moderado MT↔Baynes (38%).
14	L1_comentario	pair	38%	38%	moderate_align	Alineación moderada	Großer Besitz, der noch im Anfangsstadium ist und noch keine Anfechtung erfahren hat, ist ohne Makel; denn es ist noch gar keine Gelegenheit…	Great possessions that are still in their infancy and have not yet been challenged are without blemish; because there is no opportunity to m…	Great possession that is still in its beginnings and that has not yet been challenged brings no blame, since there has been no opportunity t…	Primera línea alineada (Jaccard 38%). | Solapamiento léxico moderado MT↔Baynes (38%).
15	L1_comentario	pair	30%	25%	moderate_align	Alineación moderada	Eine gefährliche Unternehmung, wie das Durchqueren eines großen Wassers, ist sehr erschwert, wenn viele Ansprüche und Rücksichten dabei in B…	A dangerous undertaking, such as crossing a large body of water, is very difficult when many demands and considerations are involved. On the…	A dangerous enterprise, such as the crossing of a great stream, is made much more difficult if many claims and considerations have to be tak…	Primera línea poco alineada (Jaccard 25%). | Solapamiento léxico moderado MT↔Baynes (30%).
16	L1_comentario	pair	48%	48%	strong_align	Alineación fuerte	Jemand in untergeordneter Stellung hat vornehme Beziehungen, deren er sich begeistert rühmt. Durch diesen Übermut zieht er mit Notwendigkeit…	Someone in a subordinate position has distinguished relationships about which he enthusiastically boasts. Through this arrogance he inevitab…	A man in an inferior position has aristocratic connections about which he boasts enthusiastically. This arrogance inevitably invites misfort…	Primera línea alineada (Jaccard 48%). | Solapamiento léxico alto MT↔Baynes (48%).
17	L1_comentario	pair	34%	23%	moderate_align	Alineación moderada	Es gibt Ausnahmezustände, da das Verhältnis von Leiter und Geleitetem sich ändert. In der Idee der Anpassung und Nachfolge liegt es, daß man…	There are exceptional circumstances because the relationship between the leader and the led changes. The idea of ​​adaptation and succession…	There are exceptional conditions in which the relation between leader and followers changes. It is implicit in the idea of following and ada…	Primera línea poco alineada (Jaccard 23%). | Solapamiento léxico moderado MT↔Baynes (34%).
18	L1_comentario	pair	45%	38%	moderate_align	Alineación moderada	Das starre Stehenbleiben beim Hergebrachten hat Verderben zur Folge gehabt. Aber das Verderben ist noch nicht tief eingewurzelt, darum kann …	Sticking rigidly to what has been brought has resulted in ruin. But the corruption is not yet deeply rooted, so it can still be easily impro…	Rigid adherence to tradition has resulted in decay. But the decay has not yet penetrated deeply and so can still be easily remedied. It is a…	Primera línea alineada (Jaccard 38%). | Solapamiento léxico moderado MT↔Baynes (45%).
19	L1_comentario	pair	21%	21%	weak_align	Alineación débil	Das Gute beginnt sich durchzusetzen und findet an einflußreicher Stelle Entgegenkommen. Von dort geht die Anregung an den tüchtigen Menschen…	The good begins to assert itself and finds accommodation in influential places. From there comes the inspiration for the capable people to c…	The good begins to prevail and to find response in influential circles. This in turn is an incentive to men of ability. It is well to join t…	Primera línea poco alineada (Jaccard 21%). | Solapamiento léxico moderado MT↔Baynes (21%).
20	L1_comentario	pair	42%	40%	moderate_align	Alineación moderada	Ein verständnisloses Betrachten aus der Ferne ist hier gezeichnet. Es ist jemand da, der wirkt, aber dessen Wirkungen von den geringen Mensc…	An uncomprehending view from a distance is depicted here. There is someone who works, but whose effects are not understood by the lesser peo…	This means contemplation from a distance, without comprehension. A man of influence is at hand, but his influence is not understood by the c…	Primera línea alineada (Jaccard 40%). | Solapamiento léxico moderado MT↔Baynes (42%).
21	L1_comentario	pair	36%	36%	moderate_align	Alineación moderada	Wenn jemand sofort beim ersten Versuch, etwas Böses zu tun, der Strafe verfällt, so ist die Strafe nur leicht. Es werden nur die Zehen vom B…	If someone is punished the first time he tries to do something evil, the punishment is light. Only the toes are covered by the block. This p…	If a sentence is imposed the first time a man attempts to do wrong, the penalty is a mild one. Only the toes are put in the stocks. This pre…	Primera línea alineada (Jaccard 36%). | Solapamiento léxico moderado MT↔Baynes (36%).
22	L1_comentario	pair	20%	20%	weak_align	Alineación débil	Die Stellung zu Beginn und an untergeordnetem Platze bringt es mit sich, daß man die Mühe des Vorankommens selbst auf sich nehmen muß. Man h…	The position at the beginning and in a subordinate place means that one has to take on the effort of moving forward oneself. You would have …	A beginner in a subordinate place must take upon himself the labor of advancing. There might be an opportunity of surreptitiously easing the…	Primera línea poco alineada (Jaccard 20%). | Solapamiento léxico bajo MT↔Baynes (20%).
23	L1_comentario	pair	46%	46%	strong_align	Alineación fuerte	Die Gemeinen kommen heran und fangen heimlich von unten an mit ihrer zerstörenden Wühlarbeit, um auf diese Weise den Platz, auf dem der Edle…	The commoners approach and secretly begin their destructive digging from below in order to undermine the place on which the noble rests. The…	Inferior people are on the rise and stealthily begin their destructive burrowing from below in order to undermine the place where the superi…	Primera línea alineada (Jaccard 46%). | Solapamiento léxico alto MT↔Baynes (46%).
24	L1_comentario	pair	43%	43%	moderate_align	Alineación moderada	Kleine Abweichungen vom Guten sind nicht zu vermeiden. Man muß nur rechtzeitig umkehren, ehe man zu weit gegangen. Das ist besonders bei der…	Small deviations from good cannot be avoided. You just have to turn back in time before you go too far. This is particularly important when …	Slight digressions from the good cannot be avoided, but one must turn back in time, before going too far. This is especially important in th…	Primera línea alineada (Jaccard 43%). | Solapamiento léxico moderado MT↔Baynes (43%).
25	L1_comentario	pair	44%	44%	moderate_align	Alineación moderada	Die ersten ursprünglichen Regungen des Herzens sind immer gut, so daß man ihnen getrost folgen kann und gewiß sein darf, daß man Glück hat u…	The first, original impulses of the heart are always good, so that you can confidently follow them and be sure that you will be lucky and ac…	The original impulses of the heart are always good, so that we may follow them confidently, assured of good fortune and achievement of our a…	Primera línea alineada (Jaccard 44%). | Solapamiento léxico moderado MT↔Baynes (44%).
26	L1_comentario	pair	19%	19%	weak_align	Alineación débil	Man wünschte wohl ein kräftiges Fortschreiten. Allein in den Verhältnissen liegt eine Behinderung. Man sieht sich festgehalten. Wollte man d…	One would probably wish for vigorous progress. There is a disability in the circumstances alone. You see yourself being held. If one wanted …	A man wishes to make vigorous advance, but circumstances present an obstacle. He sees himself held back firmly. If he should attempt to forc…	Primera línea poco alineada (Jaccard 19%). | Solapamiento léxico bajo MT↔Baynes (19%).
27	L1_comentario	pair	37%	35%	moderate_align	Alineación moderada	Die Zauberschildkröte ist ein Wesen, das keiner irdischen Nahrung bedarf, sondern solche Zauberkraft besitzt, daß es von der Luft leben kann…	The magic turtle is a creature that does not need any earthly food, but has such magical power that it can live on air. The image says that …	The magic tortoise is a creature possessed of such supernatural powers that it lives on air and needs no earthly nourishment. The image mean…	Primera línea poco alineada (Jaccard 35%). | Solapamiento léxico moderado MT↔Baynes (37%).
28	L1_comentario	pair	23%	23%	weak_align	Alineación débil	Wenn man in außerordentlichen Zeiten etwas beginnen will, so muß man außerordentliche Vorsicht walten lassen, wie man etwas Schweres, das au…	If you want to start something in extraordinary times, you have to exercise extraordinary caution, just as you carefully place reeds under s…	When a man wishes to undertake an enterprise in extraordinary times, he must be extraordinarily cautious, just as when setting a heavy thing…	Primera línea poco alineada (Jaccard 23%). | Solapamiento léxico moderado MT↔Baynes (23%).
29	L1_comentario	pair	29%	29%	moderate_align	Alineación moderada	Gewohnheit des Gefährlichen bewirkt leicht, daß die Gefahr ins eigne Wesen eingeht. Man weiß Bescheid und gewöhnt sich ans Böse. Damit hat m…	The habit of being dangerous easily causes danger to enter one's own being. You know what's going on and you get used to evil. This means th…	By growing used to what is dangerous, a man can easily allow it to become part of him. He is familiar with it and grows used to evil. With t…	Primera línea poco alineada (Jaccard 29%). | Solapamiento léxico moderado MT↔Baynes (29%).
30	L1_comentario	pair	32%	32%	moderate_align	Alineación moderada	Es ist früher Morgen. Die Arbeit beginnt. Nachdem im Schlaf die Seele von der Außenwelt abgeschlossen war, fangen nun die Beziehungen zur We…	It's early morning. The work begins. After the soul was closed off from the outside world during sleep, relationships with the world begin a…	It is early morning and work begins. The mind has been closed to the outside world in sleep; now its connections with the world begin again.…	Primera línea poco alineada (Jaccard 32%). | Solapamiento léxico moderado MT↔Baynes (32%).
31	L1_comentario	pair	65%	65%	strong_align	Alineación fuerte	Eine Bewegung, ehe sie wirklich ausgeführt wird, äußert sich zunächst in den Zehen. Der Gedanke der Einwirkung ist schon da. Aber er tritt z…	Before a movement is actually carried out, it first appears in the toes. The idea of ​​influence is already there. But he does not initially…	A movement, before it is actually carried out, shows itself first in the toes. The idea of an influence is already present, but it is not im…	Primera línea alineada (Jaccard 65%). | Solapamiento léxico alto MT↔Baynes (65%).
32	L1_comentario	pair	35%	35%	moderate_align	Alineación moderada	Etwas Dauerndes läßt sich nur allmählich durch lange Arbeit und sorgfältiges Nachdenken schaffen. »Wenn man etwas zusammendrücken will, muß …	Something lasting can only be created gradually, through long work and careful thought. “If you want to compress something, you first have t…	Whatever endures can be created only gradually by long-continued work and careful reflection. In the same sense Lao-tse says: ""If we wish to…	Primera línea poco alineada (Jaccard 34%). | Solapamiento léxico moderado MT↔Baynes (34%).
33	L1_comentario	pair	43%	43%	moderate_align	Alineación moderada	Da das Zeichen das Abbild von etwas sich Zurückziehendem ist, so ist der erste Strich der Schwanz und der oberste der Kopf. Beim Rückzug ist…	Since the sign is the image of something retreating, the first line is the tail and the top line is the head. When retreating, it is advanta…	Since the hexagram is the picture of something that is retreating, the lowest line represents the tail and the top line the head. In a retre…	Primera línea alineada (Jaccard 43%). | Solapamiento léxico moderado MT↔Baynes (43%).
34	L1_comentario	pair	46%	46%	strong_align	Alineación fuerte	Die Zehen sind ganz unten und sind bereit voranzuschreiten. So ist große Macht an niederer Stelle geneigt, gewaltsam den Fortschritt zu erzw…	The toes are all the way down and ready to move forward. So great power in a lower place is inclined to force progress. But if we continue l…	The toes are in the lowest place and are ready to advance. So likewise great power in lowly station is inclined to effect advance by force. …	Primera línea alineada (Jaccard 46%). | Solapamiento léxico alto MT↔Baynes (46%).
35	L1_comentario	pair	32%	2%	moderate_align	Alineación moderada	Wenn man kein Vertrauen findet, so bleibe man gelassen. Kein Fehler. Zu einer Zeit, da alles nach Fortschritt drängt, befindet man sich noch…	If you don't find trust, stay calm. No mistake. At a time when everything is pushing for progress, one is still uncertain whether progress m…	At a time when all elements are pressing for progress, we are still uncertain whether in the course of advance we may not meet with a rebuff…	Primera línea poco alineada (Jaccard 2%). | Solapamiento léxico moderado MT↔Baynes (32%).
36	L1_comentario	pair	30%	8%	moderate_align	Alineación moderada	Der Edle auf seiner Wanderschaft ißt drei Tage nichts. Aber er hat, wohin er geht. Der Wirt hat über ihn zu reden. In großartigem Entschluß …	The nobleman on his journey does not eat anything for three days. But he has where he's going. The innkeeper has to talk about him. With gre…	With grandiose resolve a man endeavors to soar above all obstacles, but thus encounters a hostile fate. He retreats and evades the issue. Th…	Primera línea poco alineada (Jaccard 8%). | Solapamiento léxico moderado MT↔Baynes (30%).
37	L1_comentario	pair	43%	36%	moderate_align	Alineación moderada	Die Familie muß eine festbegrenzte Einheit bilden, innerhalb deren jedes Glied seinen Platz kennt. Von Anfang an müssen die Kinder an feste …	The family must form a clearly defined unit within which each member knows his place. From the very beginning, children must be accustomed t…	The family must form a well-defined unit within which each member knows his place. From the beginning each child must be accustomed to firml…	Primera línea alineada (Jaccard 36%). | Solapamiento léxico moderado MT↔Baynes (43%).
38	L1_comentario	pair	36%	3%	moderate_align	Alineación moderada	Wenn du böse Menschen siehst, so hüte dich vor Fehlern. Auch in Zeiten des Gegensatzes kann man so handeln, daß man frei von Fehlern bleibt,…	When you see evil people, beware of mistakes. Even in times of contrast, one can act in such a way that one remains free from mistakes so th…	Even in times when oppositions prevail, mistakes can be avoided, so that remorse disappears. When opposition begins to manifest itself, a ma…	Primera línea poco alineada (Jaccard 3%). | Solapamiento léxico moderado MT↔Baynes (36%).
39	L1_comentario	pair	35%	35%	moderate_align	Alineación moderada	Wenn man sich einem Hemmnis gegenüber sieht, so handelt es sich darum, zu überlegen, wie man damit am besten fertig wird. Wenn eine Gefahr u…	When faced with an obstacle, it is a matter of considering how best to deal with it. When danger threatens us, we must not strive forward bl…	When one encounters an obstruction, the important thing is to reflect on how best to deal with it. When threatened with danger, one should n…	Primera línea alineada (Jaccard 35%). | Solapamiento léxico moderado MT↔Baynes (35%).
40	L1_comentario	pair	38%	38%	moderate_align	Alineación moderada	Es werden nicht viele Worte gemacht, entsprechend der Situation. Die Hemmung ist vorüber, die Befreiung ist da. Man erholt sich in Ruhe und …	Not many words are said, depending on the situation. The inhibition is over, the liberation is here. You recover in peace and keep still. Th…	In keeping with the situation, few words are needed. The hindrance is past, deliverance has come. One recuperates in peace and keeps still. …	Primera línea alineada (Jaccard 38%). | Solapamiento léxico moderado MT↔Baynes (38%).
41	L1_comentario	pair	53%	43%	strong_align	Alineación fuerte	Es ist selbstlos und gut, wenn man nach Erledigung der unmittelbar wichtigen eigenen Aufgaben seine Kraft in den Dienst der anderen stellt u…	It is selfless and good if, after completing your own immediately important tasks, you put your strength at the service of others and, witho…	It is unselfish and good when a man, after completing his own urgent tasks, uses his strength in the service of others, and without bragging…	Primera línea alineada (Jaccard 43%). | Solapamiento léxico alto MT↔Baynes (53%).
42	L1_comentario	pair	28%	28%	moderate_align	Alineación moderada	Wenn man von oben her eine große Förderung erfährt, muß man den Kraftzuwachs, den man so erhält, dazu benützen, etwas Großes zu leisten, zu …	When you receive great support from above, you have to use the increase in strength you receive to accomplish something great that you might…	If great help comes to a man from on high, this increased strength must be used to achieve something great for which he might otherwise neve…	Primera línea poco alineada (Jaccard 28%). | Solapamiento léxico moderado MT↔Baynes (28%).
43	L1_comentario	pair	38%	38%	moderate_align	Alineación moderada	In Zeiten entschlossenen Voranschreitens ist besonders der erste Anfang schwierig. Man fühlt sich zu entschlossenem Voranschreiten begeister…	In times of determined progress, the first beginning is particularly difficult. One feels inspired to move forward decisively. But the resis…	In times of a resolute advance, the beginning is especially difficult. We feel inspired to press forward but resistance is still strong; the…	Primera línea alineada (Jaccard 38%). | Solapamiento léxico moderado MT↔Baynes (38%).
44	L1_comentario	pair	41%	7%	moderate_align	Alineación moderada	Auch ein mageres Schwein hat die Anlage dazu, umherzutoben. Wenn ein minderwertiges Element sich eingeschlichen hat, so muß man es sofort en…	Even a skinny pig has the ability to run around. If an inferior element has crept in, one must immediately and energetically inhibit it. By …	If an inferior element has wormed its way in, it must be energetically checked at once. By consistently checking it, bad effects can be avoi…	Primera línea poco alineada (Jaccard 7%). | Solapamiento léxico moderado MT↔Baynes (41%).
45	L1_comentario	pair	29%	2%	moderate_align	Alineación moderada	Wenn du rufst, so kannst du nach einem Griff wieder lachen. Bedaure nichts. Hingehen ist ohne Makel. Die Lage ist hier, daß man sich sammeln…	If you call out, you can laugh again after a touch. Don't regret anything. Going there is without blemish. The situation here is that people…	The situation is this: people desire to gather around a leader to whom they look up. But they are in a large group, by which they allow them…	Primera línea poco alineada (Jaccard 2%). | Solapamiento léxico moderado MT↔Baynes (29%).
46	L1_comentario	pair	36%	36%	moderate_align	Alineación moderada	Hier ist die Anfangslage des Aufstiegs. Wie das Holz für sein Empordringen die Kraft aus der Wurzel entnimmt, die an sich ganz unten ist, so…	Here is the initial position of the climb. Just as the wood draws the strength for its upward growth from the root, which is itself at the v…	This is the situation at the beginning of ascent. Just as wood draws strength for its upward push from the root, which in itself is in the l…	Primera línea alineada (Jaccard 36%). | Solapamiento léxico moderado MT↔Baynes (36%).
47	L1_comentario	pair	43%	43%	moderate_align	Alineación moderada	Wenn man in Not kommt, ist es vor allem wichtig, stark zu sein und die Not innerlich zu überwinden. Wenn man aber schwach ist, dann übermann…	When you get into trouble, the most important thing is to be strong and overcome the trouble internally. But when you are weak, distress ove…	When adversity befalls a man, it is important above all things for him to be strong and to overcome the trouble inwardly. If he is weak, the…	Primera línea alineada (Jaccard 43%). | Solapamiento léxico moderado MT↔Baynes (43%).
48	L1_comentario	pair	40%	40%	moderate_align	Alineación moderada	Wenn sich jemand in den sumpfigen Niederungen umhertreibt, so versinkt sein Leben im Schlamm. Ein solcher Mensch verliert seine Bedeutung fü…	If anyone wanders around in the swampy lowlands, his life sinks into the mud. Such a person loses his importance for humanity. If you throw …	If a man wanders around in swampy lowlands, his life is submerged in mud. Such a man loses all significance for mankind. He who throws himse…	Primera línea alineada (Jaccard 40%). | Solapamiento léxico moderado MT↔Baynes (40%).
49	L1_comentario	pair	27%	27%	moderate_align	Alineación moderada	Änderungen darf man erst unternehmen, wenn es nicht mehr anders möglich ist. Darum ist zunächst äußerste Zurückhaltung nötig. Man muß innerl…	Changes can only be made when it is no longer possible to do otherwise. That is why extreme restraint is necessary at first. You have to be …	Changes ought to be undertaken only when there is nothing else to be done. Therefore at first the utmost restraint is necessary. One must be…	Primera línea poco alineada (Jaccard 27%). | Solapamiento léxico moderado MT↔Baynes (27%).
50	L1_comentario	pair	36%	43%	moderate_align	Alineación moderada	Wenn man den Tiegel umkehrt, ehe man ihn in Gebrauch nimmt, so hat das nichts zu sagen; im Gegenteil, der Unrat kommt auf diese Weise heraus…	If you turn the crucible upside down before using it, that means nothing; on the contrary, the rubbish comes out this way. A concubine is in…	If a ting is turned upside down before being used, no harm is done—on the contrary, this clears it of refuse. A concubine's position is lowl…	Primera línea alineada (Jaccard 43%). | Solapamiento léxico moderado MT↔Baynes (35%).
51	L1_comentario	pair	27%	27%	moderate_align	Alineación moderada	Furcht und Zittern der Erschütterung kommt zuerst an einen, so daß man den andern gegenüber sich in Nachteil gestellt sieht. Aber das ist nu…	The fear and trembling of shock comes first to one, so that one sees the other at a disadvantage compared to oneself. But that's only tempor…	The fear and trembling engendered by shock come to an individual at first in such a way that he sees himself placed at a disadvantage as aga…	Primera línea poco alineada (Jaccard 27%). | Solapamiento léxico moderado MT↔Baynes (27%).
52	L1_comentario	pair	41%	43%	moderate_align	Alineación moderada	Das Ruhigbleiben der Zehen bedeutet ein Stehenbleiben, noch ehe man angefangen hat, sich zu bewegen. Der Anfang ist die Zeit, da man wenig F…	Keeping your toes still means stopping before you even start moving. The beginning is the time when you make few mistakes. One is still in a…	Keeping the toes still means halting before one has even begun to move. The beginning is the time of few mistakes. At that time one is still…	Primera línea alineada (Jaccard 43%). | Solapamiento léxico moderado MT↔Baynes (41%).
53	L1_comentario	pair	38%	31%	moderate_align	Alineación moderada	Die einzelnen Linien haben alle den allmählichen Zug der Wildgans zum Bild. Die Wildgans ist das Symbol der ehelichen Treue. Es heißt von ih…	The individual lines all have the gradual migration of the wild goose as their image. The wild goose is the symbol of marital fidelity. It i…	All the individual lines in this hexagram symbolize the gradual flight of the wild goose. The wild goose is the symbol of conjugal fidelity,…	Primera línea poco alineada (Jaccard 31%). | Solapamiento léxico moderado MT↔Baynes (38%).
54	L1_comentario	pair	47%	49%	strong_align	Alineación fuerte	Die Fürsten des Altertums hatten eine feste Rangordnung unter den Palastdamen, die der Königin unterstellt waren wie die jüngeren Schwestern…	The ancient princes had a fixed hierarchy among the palace ladies, who were subordinate to the queen like the younger sisters of the eldest.…	The princes of ancient China maintained a fixed order of rank among the court ladies, who were subordinated to the queen as are younger sist…	Primera línea alineada (Jaccard 49%). | Solapamiento léxico alto MT↔Baynes (47%).
55	L1_comentario	pair	47%	47%	strong_align	Alineación fuerte	Um eine Zeit der Fülle herbeizuführen, bedarf es der Vereinigung von Klarheit und energischer Bewegung. Wo diese beiden Eigenschaften in zwe…	Bringing about a time of abundance requires the union of clarity and energetic movement. Where these two characteristics are found in two pe…	To bring about a time of abundance, a union of clarity with energetic movement is needed. Two individuals possessed of these two attributes …	Primera línea alineada (Jaccard 47%). | Solapamiento léxico alto MT↔Baynes (47%).
56	L1_comentario	pair	41%	41%	moderate_align	Alineación moderada	Ein Wanderer darf sich nicht entwürdigen und sich mit gemeinen Dingen am Weg abgeben. Gerade je niedriger und wehrloser seine Stellung nach …	A hiker must not degrade himself and engage in mean things along the way. The lower and more defenseless his position is externally, the mor…	A wanderer should not demean himself or busy himself with inferior things he meets with along the way. The humbler and more defenseless his …	Primera línea alineada (Jaccard 41%). | Solapamiento léxico moderado MT↔Baynes (41%).
57	L1_comentario	pair	29%	29%	moderate_align	Alineación moderada	Das sanfte Wesen geht oft bis zur Unentschlossenheit. Man fühlt nicht die Kraft, entschlossen fortzuschreiten. Tausend Bedenken erheben sich…	The gentle nature often goes to the point of indecision. One does not feel the strength to move forward decisively. A thousand concerns aris…	Inborn gentleness is often carried to the point of indecisiveness. One does not feel strong enough to advance resolutely. A thousand doubts …	Primera línea poco alineada (Jaccard 29%). | Solapamiento léxico moderado MT↔Baynes (29%).
58	L1_comentario	pair	61%	61%	strong_align	Alineación fuerte	Eine stille, wortlose, in sich gesammelte Freude, die nichts von außen begehrt und mit allem zufrieden ist, bleibt frei von allen egoistisch…	A quiet, wordless, self-contained joy that desires nothing from outside and is content with everything, remains free from all egoistic likes…	A quiet, wordless, self-contained joy, desiring nothing from without and resting content with everything, remains free of all egotistic like…	Primera línea alineada (Jaccard 61%). | Solapamiento léxico alto MT↔Baynes (61%).
59	L1_comentario	pair	27%	27%	moderate_align	Alineación moderada	Hier handelt es sich darum, daß, noch ehe die Trennung vollzogen ist, die ersten Anfänge dazu überwunden werden; daß die Wolken zerstreut we…	The point here is that, even before the separation is complete, the first beginnings of it are overcome; that the clouds will be scattered b…	It is important that disunion should be overcome at the outset, before it has become complete—that the clouds should be dispersed before the…	Primera línea poco alineada (Jaccard 27%). | Solapamiento léxico moderado MT↔Baynes (27%).
60	L1_comentario	pair	29%	30%	moderate_align	Alineación moderada	Oft möchte man etwas unternehmen, sieht sich aber unübersteigbaren Schranken gegenüber. Da gilt es, die Einsicht zu haben, wo man innehalten…	Often you want to do something, but are faced with insurmountable barriers. It is important to have the insight where you have to pause. If …	Often a man who would like to undertake something finds himself confronted by insurmountable limitations. Then he must know where to stop. I…	Primera línea poco alineada (Jaccard 30%). | Solapamiento léxico moderado MT↔Baynes (29%).
61	L1_comentario	pair	27%	25%	moderate_align	Alineación moderada	Die Hauptsache für die Kraft innerer Wahrheit ist, daß man in sich gefestigt und bereit ist. Aus dieser inneren Haltung entspringt das richt…	The main thing for the power of inner truth is that one is stable within oneself and ready. The correct behavior towards the outside world a…	The force of inner truth depends chiefly on inner stability and preparedness. From this state of mind springs the correct attitude toward th…	Primera línea poco alineada (Jaccard 25%). | Solapamiento léxico moderado MT↔Baynes (27%).
62	L1_comentario	pair	32%	32%	moderate_align	Alineación moderada	Der Vogel soll zunächst im Nest bleiben, bis er flügge ist. Will er vorher fliegen, so zieht er sich Unheil zu. Außerordentliche Maßnahmen d…	The bird should initially stay in the nest until it has fledged. If he wants to fly first, he will bring disaster on himself. Extraordinary …	A bird ought to remain in the nest until it is fledged. If it tries to fly before this, it invites misfortune. Extraordinary measures should…	Primera línea poco alineada (Jaccard 32%). | Solapamiento léxico moderado MT↔Baynes (32%).
63	L1_comentario	pair	48%	31%	strong_align	Alineación fuerte	In Zeiten nach einem großen Übergang ist alles auf Fortschritt und Entwicklung aus und drängt voran. Aber dieses Vorwärtsdrängen zu Beginn i…	In times after a major transition, everything is focused on progress and development and is pushing forward. But this pushing forward at the…	In times following a great transition, everything is pressing forward, striving in the direction of development and progress. But this press…	Primera línea poco alineada (Jaccard 31%). | Solapamiento léxico alto MT↔Baynes (48%).
64	L1_comentario	pair	29%	29%	moderate_align	Alineación moderada	In Zeiten der Unordnung ist es verlockend, sich möglichst rasch vorzudrängen, um etwas Sichtbares zu leisten. Aber diese Begeisterung führt …	In times of disorder, it's tempting to rush forward as quickly as possible to accomplish something visible. But this enthusiasm leads to not…	In times of disorder there is a temptation to advance oneself as rapidly as possible in order to accomplish something tangible. But this ent…	Primera línea poco alineada (Jaccard 29%). | Solapamiento léxico moderado MT↔Baynes (29%).
1	L2_etiqueta	pair	80%	80%	strong_align	Alineación fuerte	Neun auf zweitem Platz bedeutet:	Nine in second place means:	Nine in the second place means:	Primera línea alineada (Jaccard 80%). | Solapamiento léxico alto MT↔Baynes (80%).
2	L2_etiqueta	pair	80%	80%	strong_align	Alineación fuerte	Sechs auf zweitem Platz bedeutet:	Six in second place means:	Six in the second place means:	Primera línea alineada (Jaccard 80%). | Solapamiento léxico alto MT↔Baynes (80%).
3	L2_etiqueta	pair	80%	80%	strong_align	Alineación fuerte	Sechs auf zweitem Platz bedeutet:	Six in second place means:	Six in the second place means:	Primera línea alineada (Jaccard 80%). | Solapamiento léxico alto MT↔Baynes (80%).
4	L2_etiqueta	pair	80%	80%	strong_align	Alineación fuerte	Neun auf zweitem Platz bedeutet:	Nine in second place means:	Nine in the second place means:	Primera línea alineada (Jaccard 80%). | Solapamiento léxico alto MT↔Baynes (80%).
5	L2_etiqueta	pair	80%	80%	strong_align	Alineación fuerte	Neun auf zweitem Platz bedeutet:	Nine in second place means:	Nine in the second place means:	Primera línea alineada (Jaccard 80%). | Solapamiento léxico alto MT↔Baynes (80%).
6	L2_etiqueta	pair	80%	80%	strong_align	Alineación fuerte	Neun auf zweitem Platz bedeutet:	Nine in second place means:	Nine in the second place means:	Primera línea alineada (Jaccard 80%). | Solapamiento léxico alto MT↔Baynes (80%).
7	L2_etiqueta	pair	80%	80%	strong_align	Alineación fuerte	Neun auf zweitem Platz bedeutet:	Nine in second place means:	Nine in the second place means:	Primera línea alineada (Jaccard 80%). | Solapamiento léxico alto MT↔Baynes (80%).
8	L2_etiqueta	pair	80%	80%	strong_align	Alineación fuerte	Sechs auf zweitem Platz bedeutet:	Six in second place means:	Six in the second place means:	Primera línea alineada (Jaccard 80%). | Solapamiento léxico alto MT↔Baynes (80%).
9	L2_etiqueta	pair	80%	80%	strong_align	Alineación fuerte	Neun auf zweitem Platz bedeutet:	Nine in second place means:	Nine in the second place means:	Primera línea alineada (Jaccard 80%). | Solapamiento léxico alto MT↔Baynes (80%).
10	L2_etiqueta	pair	80%	80%	strong_align	Alineación fuerte	Neun auf zweitem Platz bedeutet:	Nine in second place means:	Nine in the second place means:	Primera línea alineada (Jaccard 80%). | Solapamiento léxico alto MT↔Baynes (80%).
11	L2_etiqueta	pair	80%	80%	strong_align	Alineación fuerte	Neun auf zweitem Platz bedeutet:	Nine in second place means:	Nine in the second place means:	Primera línea alineada (Jaccard 80%). | Solapamiento léxico alto MT↔Baynes (80%).
12	L2_etiqueta	pair	80%	80%	strong_align	Alineación fuerte	Sechs auf zweitem Platz bedeutet:	Six in second place means:	Six in the second place means:	Primera línea alineada (Jaccard 80%). | Solapamiento léxico alto MT↔Baynes (80%).
13	L2_etiqueta	pair	80%	80%	strong_align	Alineación fuerte	Sechs auf zweitem Platz bedeutet:	Six in second place means:	Six in the second place means:	Primera línea alineada (Jaccard 80%). | Solapamiento léxico alto MT↔Baynes (80%).
14	L2_etiqueta	pair	80%	80%	strong_align	Alineación fuerte	Neun auf zweitem Platz bedeutet:	Nine in second place means:	Nine in the second place means:	Primera línea alineada (Jaccard 80%). | Solapamiento léxico alto MT↔Baynes (80%).
15	L2_etiqueta	pair	80%	80%	strong_align	Alineación fuerte	Sechs auf zweitem Platz bedeutet:	Six in second place means:	Six in the second place means:	Primera línea alineada (Jaccard 80%). | Solapamiento léxico alto MT↔Baynes (80%).
16	L2_etiqueta	pair	80%	80%	strong_align	Alineación fuerte	Sechs auf zweitem Platz bedeutet:	Six in second place means:	Six in the second place means:	Primera línea alineada (Jaccard 80%). | Solapamiento léxico alto MT↔Baynes (80%).
17	L2_etiqueta	pair	80%	80%	strong_align	Alineación fuerte	Sechs auf zweitem Platz bedeutet:	Six in second place means:	Six in the second place means:	Primera línea alineada (Jaccard 80%). | Solapamiento léxico alto MT↔Baynes (80%).
18	L2_etiqueta	pair	80%	80%	strong_align	Alineación fuerte	Neun auf zweitem Platz bedeutet:	Nine in second place means:	Nine in the second place means:	Primera línea alineada (Jaccard 80%). | Solapamiento léxico alto MT↔Baynes (80%).
19	L2_etiqueta	pair	80%	80%	strong_align	Alineación fuerte	Neun auf zweitem Platz bedeutet:	Nine in second place means:	Nine in the second place means:	Primera línea alineada (Jaccard 80%). | Solapamiento léxico alto MT↔Baynes (80%).
20	L2_etiqueta	pair	80%	80%	strong_align	Alineación fuerte	Sechs auf zweitem Platz bedeutet:	Six in second place means:	Six in the second place means:	Primera línea alineada (Jaccard 80%). | Solapamiento léxico alto MT↔Baynes (80%).
21	L2_etiqueta	pair	80%	80%	strong_align	Alineación fuerte	Sechs auf zweitem Platz bedeutet:	Six in second place means:	Six in the second place means:	Primera línea alineada (Jaccard 80%). | Solapamiento léxico alto MT↔Baynes (80%).
22	L2_etiqueta	pair	80%	80%	strong_align	Alineación fuerte	Sechs auf zweitem Platz bedeutet:	Six in second place means:	Six in the second place means:	Primera línea alineada (Jaccard 80%). | Solapamiento léxico alto MT↔Baynes (80%).
23	L2_etiqueta	pair	80%	80%	strong_align	Alineación fuerte	Sechs auf zweitem Platz bedeutet:	Six in second place means:	Six in the second place means:	Primera línea alineada (Jaccard 80%). | Solapamiento léxico alto MT↔Baynes (80%).
24	L2_etiqueta	pair	80%	80%	strong_align	Alineación fuerte	Sechs auf zweitem Platz bedeutet:	Six in second place means:	Six in the second place means:	Primera línea alineada (Jaccard 80%). | Solapamiento léxico alto MT↔Baynes (80%).
25	L2_etiqueta	pair	80%	80%	strong_align	Alineación fuerte	Sechs auf zweitem Platz bedeutet:	Six in second place means:	Six in the second place means:	Primera línea alineada (Jaccard 80%). | Solapamiento léxico alto MT↔Baynes (80%).
26	L2_etiqueta	pair	80%	80%	strong_align	Alineación fuerte	Neun auf zweitem Platz bedeutet:	Nine in second place means:	Nine in the second place means:	Primera línea alineada (Jaccard 80%). | Solapamiento léxico alto MT↔Baynes (80%).
27	L2_etiqueta	pair	80%	80%	strong_align	Alineación fuerte	Sechs auf zweitem Platz bedeutet:	Six in second place means:	Six in the second place means:	Primera línea alineada (Jaccard 80%). | Solapamiento léxico alto MT↔Baynes (80%).
28	L2_etiqueta	pair	80%	80%	strong_align	Alineación fuerte	Neun auf zweitem Platz bedeutet:	Nine in second place means:	Nine in the second place means:	Primera línea alineada (Jaccard 80%). | Solapamiento léxico alto MT↔Baynes (80%).
29	L2_etiqueta	pair	80%	80%	strong_align	Alineación fuerte	Neun auf zweitem Platz bedeutet:	Nine in second place means:	Nine in the second place means:	Primera línea alineada (Jaccard 80%). | Solapamiento léxico alto MT↔Baynes (80%).
30	L2_etiqueta	pair	80%	80%	strong_align	Alineación fuerte	Sechs auf zweitem Platz bedeutet:	Six in second place means:	Six in the second place means:	Primera línea alineada (Jaccard 80%). | Solapamiento léxico alto MT↔Baynes (80%).
31	L2_etiqueta	pair	80%	80%	strong_align	Alineación fuerte	Sechs auf zweitem Platz bedeutet:	Six in second place means:	Six in the second place means:	Primera línea alineada (Jaccard 80%). | Solapamiento léxico alto MT↔Baynes (80%).
32	L2_etiqueta	pair	80%	80%	strong_align	Alineación fuerte	Neun auf zweitem Platz bedeutet:	Nine in second place means:	Nine in the second place means:	Primera línea alineada (Jaccard 80%). | Solapamiento léxico alto MT↔Baynes (80%).
33	L2_etiqueta	pair	80%	80%	strong_align	Alineación fuerte	Sechs auf zweitem Platz bedeutet:	Six in second place means:	Six in the second place means:	Primera línea alineada (Jaccard 80%). | Solapamiento léxico alto MT↔Baynes (80%).
34	L2_etiqueta	pair	80%	80%	strong_align	Alineación fuerte	Neun auf zweitem Platz bedeutet:	Nine in second place means:	Nine in the second place means:	Primera línea alineada (Jaccard 80%). | Solapamiento léxico alto MT↔Baynes (80%).
35	L2_etiqueta	pair	80%	80%	strong_align	Alineación fuerte	Sechs auf zweitem Platz bedeutet:	Six in second place means:	Six in the second place means:	Primera línea alineada (Jaccard 80%). | Solapamiento léxico alto MT↔Baynes (80%).
36	L2_etiqueta	pair	80%	80%	strong_align	Alineación fuerte	Sechs auf zweitem Platz bedeutet:	Six in second place means:	Six in the second place means:	Primera línea alineada (Jaccard 80%). | Solapamiento léxico alto MT↔Baynes (80%).
37	L2_etiqueta	pair	80%	80%	strong_align	Alineación fuerte	Sechs auf zweitem Platz bedeutet:	Six in second place means:	Six in the second place means:	Primera línea alineada (Jaccard 80%). | Solapamiento léxico alto MT↔Baynes (80%).
38	L2_etiqueta	pair	80%	80%	strong_align	Alineación fuerte	Neun auf zweitem Platz bedeutet:	Nine in second place means:	Nine in the second place means:	Primera línea alineada (Jaccard 80%). | Solapamiento léxico alto MT↔Baynes (80%).
39	L2_etiqueta	pair	80%	80%	strong_align	Alineación fuerte	Sechs auf zweitem Platz bedeutet:	Six in second place means:	Six in the second place means:	Primera línea alineada (Jaccard 80%). | Solapamiento léxico alto MT↔Baynes (80%).
40	L2_etiqueta	pair	80%	80%	strong_align	Alineación fuerte	Neun auf zweitem Platz bedeutet:	Nine in second place means:	Nine in the second place means:	Primera línea alineada (Jaccard 80%). | Solapamiento léxico alto MT↔Baynes (80%).
41	L2_etiqueta	pair	80%	80%	strong_align	Alineación fuerte	Neun auf zweitem Platz bedeutet:	Nine in second place means:	Nine in the second place means:	Primera línea alineada (Jaccard 80%). | Solapamiento léxico alto MT↔Baynes (80%).
42	L2_etiqueta	pair	80%	80%	strong_align	Alineación fuerte	Sechs auf zweitem Platz bedeutet:	Six in second place means:	Six in the second place means:	Primera línea alineada (Jaccard 80%). | Solapamiento léxico alto MT↔Baynes (80%).
43	L2_etiqueta	pair	80%	80%	strong_align	Alineación fuerte	Neun auf zweitem Platz bedeutet:	Nine in second place means:	Nine in the second place means:	Primera línea alineada (Jaccard 80%). | Solapamiento léxico alto MT↔Baynes (80%).
44	L2_etiqueta	pair	80%	80%	strong_align	Alineación fuerte	Neun auf zweitem Platz bedeutet:	Nine in second place means:	Nine in the second place means:	Primera línea alineada (Jaccard 80%). | Solapamiento léxico alto MT↔Baynes (80%).
45	L2_etiqueta	pair	80%	80%	strong_align	Alineación fuerte	Sechs auf zweitem Platz bedeutet:	Six in second place means:	Six in the second place means:	Primera línea alineada (Jaccard 80%). | Solapamiento léxico alto MT↔Baynes (80%).
46	L2_etiqueta	pair	80%	80%	strong_align	Alineación fuerte	Neun auf zweitem Platz bedeutet:	Nine in second place means:	Nine in the second place means:	Primera línea alineada (Jaccard 80%). | Solapamiento léxico alto MT↔Baynes (80%).
47	L2_etiqueta	pair	80%	80%	strong_align	Alineación fuerte	Neun auf zweitem Platz bedeutet:	Nine in second place means:	Nine in the second place means:	Primera línea alineada (Jaccard 80%). | Solapamiento léxico alto MT↔Baynes (80%).
48	L2_etiqueta	pair	80%	80%	strong_align	Alineación fuerte	Neun auf zweitem Platz bedeutet:	Nine in second place means:	Nine in the second place means:	Primera línea alineada (Jaccard 80%). | Solapamiento léxico alto MT↔Baynes (80%).
49	L2_etiqueta	pair	80%	80%	strong_align	Alineación fuerte	Sechs auf zweitem Platz bedeutet:	Six in second place means:	Six in the second place means:	Primera línea alineada (Jaccard 80%). | Solapamiento léxico alto MT↔Baynes (80%).
50	L2_etiqueta	pair	80%	80%	strong_align	Alineación fuerte	Neun auf zweitem Platz bedeutet:	Nine in second place means:	Nine in the second place means:	Primera línea alineada (Jaccard 80%). | Solapamiento léxico alto MT↔Baynes (80%).
51	L2_etiqueta	pair	80%	80%	strong_align	Alineación fuerte	Sechs auf zweitem Platz bedeutet:	Six in second place means:	Six in the second place means:	Primera línea alineada (Jaccard 80%). | Solapamiento léxico alto MT↔Baynes (80%).
52	L2_etiqueta	pair	80%	80%	strong_align	Alineación fuerte	Sechs auf zweitem Platz bedeutet:	Six in second place means:	Six in the second place means:	Primera línea alineada (Jaccard 80%). | Solapamiento léxico alto MT↔Baynes (80%).
53	L2_etiqueta	pair	80%	80%	strong_align	Alineación fuerte	Sechs auf zweitem Platz bedeutet:	Six in second place means:	Six in the second place means:	Primera línea alineada (Jaccard 80%). | Solapamiento léxico alto MT↔Baynes (80%).
54	L2_etiqueta	pair	80%	80%	strong_align	Alineación fuerte	Neun auf zweitem Platz bedeutet:	Nine in second place means:	Nine in the second place means:	Primera línea alineada (Jaccard 80%). | Solapamiento léxico alto MT↔Baynes (80%).
55	L2_etiqueta	pair	80%	80%	strong_align	Alineación fuerte	Sechs auf zweitem Platz bedeutet:	Six in second place means:	Six in the second place means:	Primera línea alineada (Jaccard 80%). | Solapamiento léxico alto MT↔Baynes (80%).
56	L2_etiqueta	pair	80%	80%	strong_align	Alineación fuerte	Sechs auf zweitem Platz bedeutet:	Six in second place means:	Six in the second place means:	Primera línea alineada (Jaccard 80%). | Solapamiento léxico alto MT↔Baynes (80%).
57	L2_etiqueta	pair	80%	80%	strong_align	Alineación fuerte	Neun auf zweitem Platz bedeutet:	Nine in second place means:	Nine in the second place means:	Primera línea alineada (Jaccard 80%). | Solapamiento léxico alto MT↔Baynes (80%).
58	L2_etiqueta	pair	80%	80%	strong_align	Alineación fuerte	Neun auf zweitem Platz bedeutet:	Nine in second place means:	Nine in the second place means:	Primera línea alineada (Jaccard 80%). | Solapamiento léxico alto MT↔Baynes (80%).
59	L2_etiqueta	pair	80%	80%	strong_align	Alineación fuerte	Neun auf zweitem Platz bedeutet:	Nine in second place means:	Nine in the second place means:	Primera línea alineada (Jaccard 80%). | Solapamiento léxico alto MT↔Baynes (80%).
60	L2_etiqueta	pair	80%	80%	strong_align	Alineación fuerte	Neun auf zweitem Platz bedeutet:	Nine in second place means:	Nine in the second place means:	Primera línea alineada (Jaccard 80%). | Solapamiento léxico alto MT↔Baynes (80%).
61	L2_etiqueta	pair	80%	80%	strong_align	Alineación fuerte	Neun auf zweitem Platz bedeutet:	Nine in second place means:	Nine in the second place means:	Primera línea alineada (Jaccard 80%). | Solapamiento léxico alto MT↔Baynes (80%).
62	L2_etiqueta	pair	80%	80%	strong_align	Alineación fuerte	Sechs auf zweitem Platz bedeutet:	Six in second place means:	Six in the second place means:	Primera línea alineada (Jaccard 80%). | Solapamiento léxico alto MT↔Baynes (80%).
63	L2_etiqueta	pair	80%	80%	strong_align	Alineación fuerte	Sechs auf zweitem Platz bedeutet:	Six in second place means:	Six in the second place means:	Primera línea alineada (Jaccard 80%). | Solapamiento léxico alto MT↔Baynes (80%).
64	L2_etiqueta	pair	80%	80%	strong_align	Alineación fuerte	Neun auf zweitem Platz bedeutet:	Nine in second place means:	Nine in the second place means:	Primera línea alineada (Jaccard 80%). | Solapamiento léxico alto MT↔Baynes (80%).
1	L2_oraculo	pair	70%	100%	strong_align	Alineación fuerte	Erscheinender Drache auf dem Feld. Fördernd ist es, den großen Mann zu sehen.	Appearing dragon on the field. It is encouraging to see the great man.	Dragon appearing in the field. It furthers one to see the great man.	Primera línea alineada (Jaccard 100%). | Solapamiento léxico alto MT↔Baynes (70%).
2	L2_oraculo	pair	20%	17%	weak_align	Alineación débil	Gerade, rechtwinklig, groß. Ohne Absicht bleibt doch nichts ungefördert.	Straight, right-angled, big. Without intention, nothing goes unsupported.	Straight, square, great. Without purpose, Yet nothing remains unfurthered.	Primera línea poco alineada (Jaccard 17%). | Solapamiento léxico moderado MT↔Baynes (20%).
3	L2_oraculo	pair	37%	25%	moderate_align	Alineación moderada	Schwierigkeiten türmen sich. Pferd und Wagen trennen sich. Nicht Räuber er ist, Will freien zur Frist. Das Mädchen ist keusch, verspricht si…	Difficulties are piling up. The horse and carriage separate. He is not a robber, Wants to be free at the deadline. The girl is chaste and do…	Difficulties pile up. Horse and wagon part. He is not a robber; He wants to woo when the time comes. The maiden is chaste, She does not pled…	Primera línea poco alineada (Jaccard 25%). | Solapamiento léxico moderado MT↔Baynes (37%).
4	L2_oraculo	pair	38%	30%	moderate_align	Alineación moderada	Die Toren ertragen in Milde, bringt Heil. Die Frauen zu nehmen wissen, bringt Heil. Der Sohn ist dem Hauswesen gewachsen.	Bear with fools in gentleness, bring salvation. Knowing how to take women brings salvation. The son is up to the task of managing the house.	To bear with fools in kindliness brings good fortune. To know how to take women Brings good fortune. The son is capable of taking charge of …	Primera línea poco alineada (Jaccard 30%). | Solapamiento léxico moderado MT↔Baynes (38%).
5	L2_oraculo	pair	46%	100%	strong_align	Alineación fuerte	Warten auf dem Sand. Es gibt ein wenig Gerede. Das Ende bringt Heil.	Waiting on the sand. There is a little chatter. The end brings salvation.	Waiting on the sand. There is some gossip. The end brings good fortune.	Primera línea alineada (Jaccard 100%). | Solapamiento léxico alto MT↔Baynes (46%).
6	L2_oraculo	pair	36%	0%	moderate_align	Alineación moderada	Man kann nicht streiten, kehrt heim und weicht aus. Die Menschen seiner Stadt, dreihundert Häuser, bleiben frei von Schuld.	You can't argue, you go home and avoid it. The people of his city, three hundred houses, remain free of guilt.	One cannot engage in conflict; One returns home, gives way. The people of his town, Three hundred households, Remain free of guilt.	Primera línea poco alineada (Jaccard 0%). | Solapamiento léxico moderado MT↔Baynes (36%).
7	L2_oraculo	pair	27%	50%	moderate_align	Alineación moderada	Inmitten des Heeres! Heil! Kein Makel! Der König verleiht dreifache Auszeichnung.	In the middle of the army! Unhurt! No flaw! The king gives triple honors.	In the midst of the army. Good fortune. No blame. The king bestows a triple decoration.	Primera línea alineada (Jaccard 50%). | Solapamiento léxico moderado MT↔Baynes (27%).
8	L2_oraculo	pair	27%	11%	moderate_align	Alineación moderada	Halte zu ihm im Innern. Beharrlichkeit bringt Heil.	Stick with him within. Perseverance brings salvation.	Hold to him inwardly. Perseverance brings good fortune.	Primera línea poco alineada (Jaccard 11%). | Solapamiento léxico moderado MT↔Baynes (27%).
9	L2_oraculo	pair	8%	9%	divergent	Divergente	Läßt sich mitziehen zur Wiederkehr. Heil!	Let yourself be drawn along to the return. Unhurt!	He allows himself to be drawn into returning. Good fortune.	Primera línea poco alineada (Jaccard 9%). | Solapamiento léxico bajo MT↔Baynes (8%).
10	L2_oraculo	pair	33%	14%	moderate_align	Alineación moderada	Auftreten auf schlichter, ebener Bahn. Eines dunkeln Mannes Beharrlichkeit bringt Heil.	Appearance on a simple, level path. A dark man's perseverance brings salvation.	Treading a smooth, level course. The perseverance of a dark man Brings good fortune.	Primera línea poco alineada (Jaccard 14%). | Solapamiento léxico moderado MT↔Baynes (33%).
11	L2_oraculo	pair	16%	29%	weak_align	Alineación débil	Die Ungebildeten in Milde tragen, entschlossen den Fluß durchschreiten, das Ferne nicht vernachlässigen, die Genossen nicht berücksichtigen:	Bear the uneducated in gentleness, resolutely cross the river, do not neglect what is far away, do not take the comrades into account:	Bearing with the uncultured in gentleness, Fording the river with resolution, Not neglecting what is distant, Not regarding one's companions…	Primera línea poco alineada (Jaccard 29%). | Solapamiento léxico bajo MT↔Baynes (16%).
12	L2_oraculo	pair	36%	60%	moderate_align	Alineación moderada	Sie tragen und dulden, das bedeutet für die Gemeinen Heil. Dem großen Mann dient die Stockung zum Gelingen.	They bear and tolerate, that means salvation for the community. For the great man, the stagnation serves to succeed.	They bear and endure; This means good fortune for inferior people. The standstill serves to help the great man to attain success.	Primera línea alineada (Jaccard 60%). | Solapamiento léxico moderado MT↔Baynes (36%).
13	L2_oraculo	pair	33%	38%	moderate_align	Alineación moderada	Gemeinschaft mit Menschen im Klan: Beschämung.	Association with people in the clan: shame.	Fellowship with men in the clan. Humiliation.	Primera línea alineada (Jaccard 38%). | Solapamiento léxico moderado MT↔Baynes (33%).
14	L2_oraculo	pair	23%	40%	weak_align	Alineación débil	Ein großer Wagen zum Beladen. Man mag etwas unternehmen. Kein Makel.	A big wagon to load. You can do something. No flaw.	A big wagon for loading. One may undertake something. No blame.	Primera línea alineada (Jaccard 40%). | Solapamiento léxico moderado MT↔Baynes (23%).
15	L2_oraculo	pair	30%	13%	moderate_align	Alineación moderada	Sich äußernde Bescheidenheit. Beharrlichkeit bringt Heil.	Expressing modesty. Perseverance brings salvation.	Modesty that comes to expression. Perseverance brings good fortune.	Primera línea poco alineada (Jaccard 13%). | Solapamiento léxico moderado MT↔Baynes (30%).
16	L2_oraculo	pair	42%	43%	moderate_align	Alineación moderada	Fest wie ein Stein. Kein ganzer Tag. Beharrlichkeit bringt Heil.	Solid as a stone. Not a whole day. Perseverance brings salvation.	Firm as a rock. Not a whole day. Perseverance brings good fortune.	Primera línea alineada (Jaccard 43%). | Solapamiento léxico moderado MT↔Baynes (42%).
17	L2_oraculo	pair	39%	43%	moderate_align	Alineación moderada	Hängt man sich an den kleinen Knaben, so verliert man den starken Mann.	If you cling to the little boy, that's how you lose the strong man.	If one clings to the little boy, One loses the strong man.	Primera línea alineada (Jaccard 43%). | Solapamiento léxico moderado MT↔Baynes (38%).
18	L2_oraculo	pair	33%	50%	moderate_align	Alineación moderada	Zurechtbringen des von der Mutter Verdorbenen. Man darf nicht zu beharrlich sein.	Correcting what has been corrupted by the mother. You can't be too persistent.	Setting right what has been spoiled by the mother. One must not be too persevering.	Primera línea alineada (Jaccard 50%). | Solapamiento léxico moderado MT↔Baynes (33%).
19	L2_oraculo	pair	38%	40%	moderate_align	Alineación moderada	Gemeinsame Annäherung. Heil! Alles ist fördernd.	Joint approach. Unhurt! Everything is supportive.	Joint approach. Good fortune. Everything furthers.	Primera línea alineada (Jaccard 40%). | Solapamiento léxico moderado MT↔Baynes (38%).
20	L2_oraculo	pair	55%	67%	strong_align	Alineación fuerte	Betrachtung durch die Türspalte. Fördernd für die Beharrlichkeit einer Frau.	Looking through the crack in the door. Encouraging a woman's perseverance.	Contemplation through the crack of the door. Furthering for the perseverance of a woman.	Primera línea alineada (Jaccard 67%). | Solapamiento léxico alto MT↔Baynes (55%).
21	L2_oraculo	pair	39%	20%	moderate_align	Alineación moderada	Beißt durch weiches Fleisch, daß die Nase verschwindet. Kein Makel.	Bites through soft flesh so that the nose disappears. No flaw.	Bites through tender meat, So that his nose disappears. No blame.	Primera línea poco alineada (Jaccard 20%). | Solapamiento léxico moderado MT↔Baynes (38%).
22	L2_oraculo	pair	11%	11%	divergent	Divergente	Macht seinen Kinnbart anmutig.	Makes his goatee graceful.	Lends grace to the beard on his chin.	Primera línea poco alineada (Jaccard 11%). | Solapamiento léxico bajo MT↔Baynes (11%).
23	L2_oraculo	pair	40%	50%	moderate_align	Alineación moderada	Das Bett wird zersplittert am Rand. Die Beharrlichen werden vernichtet. Unheil.	The bed becomes splintered at the edge. Those who persist will be destroyed. Mischief.	The bed is split at the edge. Those who persevere are destroyed. Misfortune.	Primera línea alineada (Jaccard 50%). | Solapamiento léxico moderado MT↔Baynes (40%).
24	L2_oraculo	pair	40%	40%	moderate_align	Alineación moderada	Ruhige Wiederkehr. Heil!	Quiet return. Unhurt!	Quiet return. Good fortune.	Primera línea alineada (Jaccard 40%). | Solapamiento léxico moderado MT↔Baynes (40%).
25	L2_oraculo	pair	23%	15%	weak_align	Alineación débil	Wenn man beim Pflügen nicht ans Ernten denkt und beim Roden nicht an das Benützen des Feldes: dann ist es fördernd, etwas zu unternehmen.	If you don't think about harvesting while plowing and when clearing, do not think about using the field: then it is encouraging to do someth…	If one does not count on the harvest while plowing, Nor on the use of the ground while clearing it, It furthers one to undertake something.	Primera línea poco alineada (Jaccard 15%). | Solapamiento léxico moderado MT↔Baynes (23%).
26	L2_oraculo	pair	30%	30%	moderate_align	Alineación moderada	Dem Wagen werden die Achsenlager abgenommen.	The axle bearings are removed from the car.	The axletrees are taken from the wagon.	Primera línea poco alineada (Jaccard 30%). | Solapamiento léxico moderado MT↔Baynes (30%).
27	L2_oraculo	pair	26%	25%	moderate_align	Alineación moderada	Nach dem Gipfel sich wenden um Ernährung. Vom Wege abweichen, um von dem Hügel Ernährung zu suchen: Wenn man so fortmacht, bringt es Unheil.	After the summit turn to nutrition. Deviate from the path to get off the hill Nutrition to look for: If you continue like this, it will brin…	Turning to the summit for nourishment, Deviating from the path To seek nourishment from the hill. Continuing to do this brings misfortune.	Primera línea poco alineada (Jaccard 25%). | Solapamiento léxico moderado MT↔Baynes (26%).
28	L2_oraculo	pair	47%	57%	strong_align	Alineación fuerte	Ein trockener Pappelbaum treibt einen Wurzelsproß. Ein älterer Mann bekommt eine junge Frau. Alles ist fördernd.	A dry poplar tree sprouts a root shoot. An older man gets a young woman. Everything is supportive.	A dry poplar sprouts at the root. An older man takes a young wife. Everything furthers.	Primera línea alineada (Jaccard 57%). | Solapamiento léxico alto MT↔Baynes (47%).
29	L2_oraculo	pair	62%	40%	strong_align	Alineación fuerte	Der Abgrund hat Gefahr. Man soll nur Kleines zu erreichen streben.	The abyss has danger. One should only strive to achieve small things.	The abyss is dangerous. One should strive to attain small things only.	Primera línea alineada (Jaccard 40%). | Solapamiento léxico alto MT↔Baynes (62%).
30	L2_oraculo	pair	13%	13%	weak_align	Alineación débil	Gelber Schein. Erhabenes Heil.	Yellow glow. Sublime salvation.	Yellow light. Supreme good fortune.	Primera línea poco alineada (Jaccard 13%). | Solapamiento léxico bajo MT↔Baynes (13%).
31	L2_oraculo	pair	25%	38%	moderate_align	Alineación moderada	Die Einwirkung äußert sich in den Waden. Unheil! Verweilen bringt Heil.	The impact manifests itself in the calves. Mischief! Staying brings salvation.	The influence shows itself in the calves of the legs. Misfortune. Tarrying brings good fortune.	Primera línea alineada (Jaccard 38%). | Solapamiento léxico moderado MT↔Baynes (25%).
32	L2_oraculo	pair	0%	0%	divergent	Divergente	Reue schwindet.	Regret fades.	Remorse disappears.	Primera línea poco alineada (Jaccard 0%). | Solapamiento léxico bajo MT↔Baynes (0%).
33	L2_oraculo	pair	54%	57%	strong_align	Alineación fuerte	Er hält ihn fest mit gelbem Ochsenleder. Niemand vermag ihn loszureißen.	He holds it tight with yellow oxhide. Nobody can tear him away.	He holds him fast with yellow oxhide. No one can tear him loose.	Primera línea alineada (Jaccard 57%). | Solapamiento léxico alto MT↔Baynes (54%).
34	L2_oraculo	pair	40%	40%	moderate_align	Alineación moderada	Beharrlichkeit bringt Heil.	Perseverance brings salvation.	Perseverance brings good fortune.	Primera línea alineada (Jaccard 40%). | Solapamiento léxico moderado MT↔Baynes (40%).
35	L2_oraculo	pair	33%	50%	moderate_align	Alineación moderada	Fortschreitend, aber in Trauer. Beharrlichkeit bringt Heil. Man bekommt dann großes Glück von seiner Ahnfrau.	Progressing but in mourning. Perseverance brings salvation. You then get great luck from your ancestor.	Progressing, but in sorrow. Perseverance brings good fortune. Then one obtains great happiness from one's ancestress.	Primera línea alineada (Jaccard 50%). | Solapamiento léxico moderado MT↔Baynes (33%).
36	L2_oraculo	pair	35%	40%	moderate_align	Alineación moderada	Die Verfinsterung des Lichts verletzt ihn am linken Schenkel. Er wirkt Hilfe mit der Macht eines Pferdes. Heil.	The eclipse of the light hurts his left thigh. He casts aid with the power of a horse. Unhurt.	Darkening of the light injures him in the left thigh. He gives aid with the strength of a horse. Good fortune.	Primera línea alineada (Jaccard 40%). | Solapamiento léxico moderado MT↔Baynes (35%).
37	L2_oraculo	pair	29%	38%	moderate_align	Alineación moderada	Sie soll nicht ihrer Laune folgen. Sie soll im Innern für Speise sorgen. Beharrlichkeit bringt Heil.	She shouldn't follow her whim. It is supposed to provide food inside. Perseverance brings salvation.	She should not follow her whims. She must attend within to the food. Perseverance brings good fortune.	Primera línea alineada (Jaccard 38%). | Solapamiento léxico moderado MT↔Baynes (29%).
38	L2_oraculo	pair	17%	20%	weak_align	Alineación débil	Man begegnet seinem Herrn in enger Gasse. Kein Makel.	You meet your master in a narrow street. No flaw.	One meets his lord in a narrow street. No blame.	Primera línea poco alineada (Jaccard 20%). | Solapamiento léxico bajo MT↔Baynes (17%).
39	L2_oraculo	pair	75%	57%	strong_align	Alineación fuerte	Des Königs Diener ist in Hemmnis über Hemmnis. Aber es ist nicht seine eigene Schuld.	The king's servant is in obstacle upon obstacle. But it's not his own fault.	The king's servant is beset by obstruction upon obstruction, But it is not his own fault.	Primera línea alineada (Jaccard 57%). | Solapamiento léxico alto MT↔Baynes (75%).
40	L2_oraculo	pair	44%	50%	moderate_align	Alineación moderada	Auf dem Feld erlegt man drei Füchse und bekommt einen gelben Pfeil. Beharrlichkeit ist von Heil.	You kill three foxes in the field and gets a yellow arrow. Perseverance is of salvation.	One kills three foxes in the field And receives a yellow arrow. Perseverance brings good fortune.	Primera línea alineada (Jaccard 50%). | Solapamiento léxico moderado MT↔Baynes (44%).
41	L2_oraculo	pair	13%	0%	weak_align	Alineación débil	Fördernd ist Beharrlichkeit. Etwas zu unternehmen, ist von Unheil. Ohne sich selbst zu mindern, vermag man die andern zu mehren.	Persistence is beneficial. To do anything is disastrous. Without diminishing yourself, one can multiply the others.	Perseverance furthers. To undertake something brings misfortune. Without decreasing oneself, One is able to bring increase to others.	Primera línea poco alineada (Jaccard 0%). | Solapamiento léxico bajo MT↔Baynes (13%).
42	L2_oraculo	pair	38%	14%	moderate_align	Alineación moderada	Es mehrt ihn wohl jemand. Zehn Paar Schildkröten können dem nicht widerstreben. Dauernde Beharrlichkeit bringt Heil. Der König stellt ihn da…	Someone is probably increasing it. Ten pairs of turtles can't resist this. Enduring perseverance brings salvation. The king presents him bef…	Someone does indeed increase him; Ten pairs of tortoises cannot oppose it. Constant perseverance brings good fortune. The king presents him …	Primera línea poco alineada (Jaccard 14%). | Solapamiento léxico moderado MT↔Baynes (38%).
43	L2_oraculo	pair	55%	44%	strong_align	Alineación fuerte	Alarmruf. Abends und nachts Waffen. Fürchte nichts.	Alarm call. Weapons in the evening and at night. Fear nothing.	A cry of alarm. Arms at evening and at night. Fear nothing.	Primera línea alineada (Jaccard 44%). | Solapamiento léxico alto MT↔Baynes (55%).
44	L2_oraculo	pair	42%	43%	moderate_align	Alineación moderada	Im Behälter ist ein Fisch. Kein Makel! Nicht fördernd für Gäste.	There is a fish in the container. No flaw! Not conducive to guests.	There is a fish in the tank. No blame. Does not further guests.	Primera línea alineada (Jaccard 43%). | Solapamiento léxico moderado MT↔Baynes (42%).
45	L2_oraculo	pair	17%	10%	weak_align	Alineación débil	Sich ziehen lassen bringt Heil und bleibt ohne Makel. Wenn man wahrhaftig ist,	Letting yourself go brings salvation and remains without blemish. If you are truthful,	Letting oneself be drawn Brings good fortune and remains blameless. If one is sincere, It furthers one to bring even a small offering.	Primera línea poco alineada (Jaccard 10%). | Solapamiento léxico bajo MT↔Baynes (17%).
46	L2_oraculo	pair	6%	0%	divergent	Divergente	Wenn man wahrhaftig ist, so ist es auch fördernd, ein kleines Opfer zu bringen. Kein Makel.	If you are truthful, It is also beneficial to make a small sacrifice. No flaw.	If one is sincere, It furthers one to bring even a small offering. No blame.	Primera línea poco alineada (Jaccard 0%). | Solapamiento léxico bajo MT↔Baynes (6%).
47	L2_oraculo	pair	33%	20%	moderate_align	Alineación moderada	Man ist bedrängt bei Wein und Speisen. Der Mann mit den scharlachroten Kniebinden kommt eben. Fördernd ist es, Opfer darzubringen. Aufbreche…	One is pressed for wine and food. The man with the scarlet knee-bands is just coming. It is beneficial to offer sacrifices. To break away is…	One is oppressed while at meat and drink. The man with the scarlet knee bands is just coming. It furthers one to offer sacrifice. To set for…	Primera línea poco alineada (Jaccard 20%). | Solapamiento léxico moderado MT↔Baynes (33%).
48	L2_oraculo	pair	27%	10%	moderate_align	Alineación moderada	Am Brunnenloch schießt man Fische. Der Krug ist zerbrochen und rinnt.	You shoot fish at the well hole. The jug is broken and is leaking.	At the wellhole one shoots fishes. The jug is broken and leaks.	Primera línea poco alineada (Jaccard 10%). | Solapamiento léxico moderado MT↔Baynes (27%).
49	L2_oraculo	pair	14%	15%	weak_align	Alineación débil	Am eigenen Tage, da mag man umwälzen. Aufbruch bringt Heil. Kein Makel.	On your own day, you can change things. Departure brings salvation. No flaw.	When one's own day comes, one may create revolution. Starting brings good fortune. No blame.	Primera línea poco alineada (Jaccard 15%). | Solapamiento léxico bajo MT↔Baynes (14%).
50	L2_oraculo	pair	47%	60%	strong_align	Alineación fuerte	Im Tiegel ist Nahrung. Meine Genossen haben Neid, aber sie können mir nichts anhaben. Heil!	There is food in the crucible. My comrades are jealous but they can't harm me. Unhurt!	There is food in the ting. My comrades are envious, But they cannot harm me. Good fortune.	Primera línea alineada (Jaccard 60%). | Solapamiento léxico alto MT↔Baynes (47%).
51	L2_oraculo	pair	61%	33%	strong_align	Alineación fuerte	Das Erschüttern kommt mit Gefahr. Hunderttausendfach verlierst du deine Schätze und mußt auf die neun Hügel steigen. Jage ihnen nicht nach. …	Shaking comes with danger. You lose your treasures hundreds of thousands of times and you must climb the nine hills. Don't chase them. You w…	Shock comes bringing danger. A hundred thousand times You lose your treasures And must climb the nine hills. Do not go in pursuit of them. A…	Primera línea poco alineada (Jaccard 33%). | Solapamiento léxico alto MT↔Baynes (61%).
52	L2_oraculo	pair	41%	60%	moderate_align	Alineación moderada	Stillehalten seiner Waden. Er kann den nicht retten, dem er folgt. Sein Herz ist nicht froh.	Holding his calves still. He cannot save the one he follows. His heart is not happy.	Keeping his calves still. He cannot rescue him whom he follows. His heart is not glad.	Primera línea alineada (Jaccard 60%). | Solapamiento léxico moderado MT↔Baynes (41%).
53	L2_oraculo	pair	42%	40%	moderate_align	Alineación moderada	Die Wildgans zieht allmählich dem Felsen zu. Essen und Trinken in Frieden und Eintracht. Heil!	The wild goose gradually moves towards the rock. Eating and drinking in peace and harmony. Unhurt!	The wild goose gradually draws near the cliff. Eating and drinking in peace and concord. Good fortune.	Primera línea alineada (Jaccard 40%). | Solapamiento léxico moderado MT↔Baynes (42%).
54	L2_oraculo	pair	50%	71%	strong_align	Alineación fuerte	Ein Einäugiger, der sehen kann. Fördernd ist die Beharrlichkeit eines einsamen Menschen.	A one-eyed man who can see. The perseverance of a lonely person is encouraging.	A one-eyed man who is able to see. The perseverance of a solitary man furthers.	Primera línea alineada (Jaccard 71%). | Solapamiento léxico alto MT↔Baynes (50%).
55	L2_oraculo	pair	35%	100%	moderate_align	Alineación moderada	Der Vorhang ist von solcher Fülle, daß man am Mittag die Polsterne sieht. Durch Hingehen erreicht man Mißtrauen und Haß. Wenn man durch Wahr…	The curtain is of such fullness, that you can see the upholstered ones at midday. By going there you get distrust and hatred. If you awaken …	The curtain is of such fullness That the polestars can be seen at noon. Through going one meets with mistrust and hate. If one rouses him th…	Primera línea alineada (Jaccard 100%). | Solapamiento léxico moderado MT↔Baynes (35%).
56	L2_oraculo	pair	53%	60%	strong_align	Alineación fuerte	Der Wanderer kommt zur Herberge. Er hat seinen Besitz bei sich. Er erlangt eines jungen Dieners Beharrlichkeit.	The hiker comes to the inn. He has his possessions with him. He gains a young servant's perseverance.	The wanderer comes to an inn. He has his property with him. He wins the steadfastness of a young servant.	Primera línea alineada (Jaccard 60%). | Solapamiento léxico alto MT↔Baynes (53%).
57	L2_oraculo	pair	50%	100%	strong_align	Alineación fuerte	Eindringen unter das Bett. Man benützt Priester und Magier in großer Zahl. Heil! Kein Makel.	Penetration under the bed. Priests and magicians are used in large numbers. Unhurt! No flaw.	Penetration under the bed. Priests and magicians are used in great number. Good fortune. No blame.	Primera línea alineada (Jaccard 100%). | Solapamiento léxico alto MT↔Baynes (50%).
58	L2_oraculo	pair	0%	0%	divergent	Divergente	Wahrhaftige Heiterkeit. Heil! Die Reue schwindet.	True hilarity. Unhurt! The regret fades.	Sincere joyousness. Good fortune. Remorse disappears.	Primera línea poco alineada (Jaccard 0%). | Solapamiento léxico bajo MT↔Baynes (0%).
59	L2_oraculo	pair	13%	33%	weak_align	Alineación débil	Bei der Auflösung läuft er seiner Stütze zu. Die Reue schwindet.	At the dissolution he runs towards his support. The regret fades.	At the dissolution He hurries to that which supports him. Remorse disappears.	Primera línea poco alineada (Jaccard 33%). | Solapamiento léxico bajo MT↔Baynes (13%).
60	L2_oraculo	pair	64%	60%	strong_align	Alineación fuerte	Nicht zu Tor und Hof hinausgehen bringt Unheil.	Not going out to the gate and yard brings harm.	Not going out of the gate and the courtyard Brings misfortune.	Primera línea alineada (Jaccard 60%). | Solapamiento léxico alto MT↔Baynes (64%).
61	L2_oraculo	pair	22%	60%	weak_align	Alineación débil	Ein rufender Kranich im Schatten. Sein Junges antwortet ihm.	A calling crane in the shadows. His cub answers him.	A crane calling in the shade. Its young answers it. I have a good goblet. I will share it with you.	Primera línea alineada (Jaccard 60%). | Solapamiento léxico moderado MT↔Baynes (22%).
62	L2_oraculo	pair	53%	33%	strong_align	Alineación fuerte	Sie geht an ihrem Ahnherrn vorbei und trifft die Ahnfrau. Er erreicht nicht seinen Fürsten und trifft den Beamten. Kein Makel.	She walks past her ancestor and meets the ancestor. He doesn't reach his prince and meets the official. No flaw.	She passes by her ancestor And meets her ancestress. He does not reach his prince And meets the official. No blame.	Primera línea poco alineada (Jaccard 33%). | Solapamiento léxico alto MT↔Baynes (53%).
63	L2_oraculo	pair	69%	71%	strong_align	Alineación fuerte	Die Frau verliert ihren Wagenvorhang. Lauf ihm nicht nach, am siebten Tage bekommst du es.	The woman loses her car curtain. Don't run after it, you'll get it on the seventh day.	The woman loses the curtain of her carriage. Do not run after it; On the seventh day you will get it.	Primera línea alineada (Jaccard 71%). | Solapamiento léxico alto MT↔Baynes (69%).
64	L2_oraculo	pair	63%	100%	strong_align	Alineación fuerte	Er hemmt seine Räder. Beharrlichkeit bringt Heil.	He brakes his wheels. Perseverance brings salvation.	He brakes his wheels. Perseverance brings good fortune.	Primera línea alineada (Jaccard 100%). | Solapamiento léxico alto MT↔Baynes (63%).
1	L2_comentario	pair	48%	44%	strong_align	Alineación fuerte	Hier beginnen die Wirkungen der lichten Kraft sich zu zeigen. Auf menschliche Verhältnisse übertragen bedeutet das, daß der große Mann auf d…	Here the effects of the light force begin to show themselves. Applied to human conditions, this means that the great man appears in the fiel…	Here the effects of the light-giving power begin to manifest themselves. In terms of human affairs, this means that the great man makes his …	Primera línea alineada (Jaccard 44%). | Solapamiento léxico alto MT↔Baynes (48%).
2	L2_comentario	pair	37%	20%	moderate_align	Alineación moderada	Der Himmel hat als Symbol den Kreis, die Erde das rechtwinklige Quadrat. Somit ist das Rechtwinklige eine ursprüngliche Eigenschaft der Erde…	The sky has a circle as a symbol, the earth has a right-angled square. Rectangularity is therefore an original property of the earth. In con…	The symbol of heaven is the circle, and that of earth is the square. Thus squareness is a primary quality of the earth. On the other hand, m…	Primera línea poco alineada (Jaccard 20%). | Solapamiento léxico moderado MT↔Baynes (37%).
3	L2_comentario	pair	42%	24%	moderate_align	Alineación moderada	Man befindet sich in Schwierigkeit und Hemmung. Da zeigt sich plötzlich eine Wendung, wie wenn jemand mit Wagen und Pferden herankäme und au…	You find yourself in difficulty and inhibition. Suddenly there is a turn of events, as if someone came with a cart and horses and was unharn…	We find ourselves beset by difficulties and hindrances. Suddenly there is a turn of affairs, as if someone were coming up with a horse and w…	Primera línea poco alineada (Jaccard 24%). | Solapamiento léxico moderado MT↔Baynes (42%).
4	L2_comentario	pair	38%	32%	moderate_align	Alineación moderada	Hier ist ein Mann gezeichnet, der keine äußere Macht hat, aber die nötige Geisteskraft, um die auf ihm lastende Verantwortung zu tragen. Er …	Here is a man who has no external power, but the mental strength necessary to bear the responsibility that weighs on him. He has the inner s…	These lines picture a man who has no external power, but who has enough strength of mind to bear his burden of responsibility. He has the in…	Primera línea poco alineada (Jaccard 32%). | Solapamiento léxico moderado MT↔Baynes (38%).
5	L2_comentario	pair	29%	29%	moderate_align	Alineación moderada	Die Gefahr rückt allmählich näher. Der Sand ist dem Ufer des Stromes, der die Gefahr bedeutet, nahe. Es beginnen sich Unzuträglichkeiten zu …	The danger is gradually approaching. The sand is close to the bank of the stream that represents danger. Disadvantages begin to appear. A ge…	The danger gradually comes closer. Sand is near the bank of the river, and the water means danger. Disagreements crop up. General unrest can…	Primera línea poco alineada (Jaccard 29%). | Solapamiento léxico moderado MT↔Baynes (29%).
6	L2_comentario	pair	33%	33%	moderate_align	Alineación moderada	Im Kampf mit einem überlegenen Gegner ist Rückzug keine Schande. Wenn man sich rechtzeitig zurückzieht, vermeidet man üble Folgen. Wollte ma…	In a fight with a superior opponent, there is no shame in retreating. If you withdraw in time, you will avoid bad consequences. If one wante…	In a struggle with an enemy of superior strength, retreat is no disgrace. Timely withdrawal prevents bad consequences. If, out of a false se…	Primera línea poco alineada (Jaccard 33%). | Solapamiento léxico moderado MT↔Baynes (33%).
7	L2_comentario	pair	36%	36%	moderate_align	Alineación moderada	Der Führer muß inmitten seines Heeres sein. Er muß Fühlung mit ihm haben und Gutes und Böses mit den Massen teilen, die er führt. Nur auf di…	The leader must be in the midst of his army. He must be in touch with him and share good and evil with the masses he leads. Only in this way…	The leader should be in the midst of his army, in touch with it, sharing good and bad with the masses he leads. This alone makes him equal t…	Primera línea alineada (Jaccard 36%). | Solapamiento léxico moderado MT↔Baynes (36%).
8	L2_comentario	pair	39%	39%	moderate_align	Alineación moderada	Wenn man auf rechte und beharrliche Weise den Bitten, die von oben her zum Wirken uns auffordern, entgegenkommt, so sind die Beziehungen zum…	If one responds correctly and persistently to the requests that call us from above to work, then the relationships with others are primarily…	If a person responds perseveringly and in the right way to the behests from above that summon him to action, his relations with others are i…	Primera línea alineada (Jaccard 39%). | Solapamiento léxico moderado MT↔Baynes (39%).
9	L2_comentario	pair	30%	26%	moderate_align	Alineación moderada	Man möchte an sich voran. Aber ehe man noch weiterkommt, sieht man an dem Beispiel anderer gleichgearteter Menschen, daß dieser Weg behinder…	You want to move forward. But before you get any further, you can see from the example of other people of the same kind that this path is hi…	One would like to press forward, but before going farther one sees from the example of others like oneself that this way is blocked. In such…	Primera línea poco alineada (Jaccard 26%). | Solapamiento léxico moderado MT↔Baynes (30%).
10	L2_comentario	pair	36%	36%	moderate_align	Alineación moderada	Es ist hier die Lage eines einsamen Weisen gezeichnet. Er hält sich von dem Weltgetriebe fern, sucht nichts, will von niemandem etwas und lä…	The situation of a lonely wise man is depicted here. He stays away from the world's hustle and bustle, doesn't look for anything, doesn't wa…	The situation of a lonely sage is indicated here. He remains withdrawn from the bustle of life, seeks nothing, asks nothing of anyone, and i…	Primera línea alineada (Jaccard 36%). | Solapamiento léxico moderado MT↔Baynes (36%).
11	L2_comentario	pair	43%	3%	moderate_align	Alineación moderada	so mag man es fertigbringen, in der Mitte zu wandeln. In Zeiten der Blüte ist es vor allem wichtig, daß man die innere Größe besitzt, auch d…	so one may manage to walk in the middle. In times of blossoming, it is especially important to have the inner greatness to bear even the imp…	In times of prosperity it is important above all to possess enough greatness of soul to bear with imperfect people. For in the hands of a gr…	Primera línea poco alineada (Jaccard 3%). | Solapamiento léxico moderado MT↔Baynes (43%).
12	L2_comentario	pair	53%	53%	strong_align	Alineación fuerte	Die Gemeinen sind bereit, in kriecherischer Weise ihren Vorgesetzten zu schmeicheln. Sie würden auch den Edlen dulden, wenn er ihnen behilfl…	The commoners are ready to fawningly flatter their superiors. They would also tolerate the noble one if he would help them solve the confusi…	Inferior people are ready to flatter their superiors in a servile way. They would also endure the superior man if he would put an end to the…	Primera línea alineada (Jaccard 53%). | Solapamiento léxico alto MT↔Baynes (53%).
13	L2_comentario	pair	31%	31%	moderate_align	Alineación moderada	Hier ist die Gefahr einer Sonderpartei auf Grund von persönlichen und selbstsüchtigen Interessen. Solche Parteiungen, die ausschließend sind…	Here is the danger of a special party based on personal and selfish interests. Such factions, which are exclusive and do not have room for e…	There is danger here of formation of a separate faction on the basis of personal and egotistic interests. Such factions, which are exclusive…	Primera línea poco alineada (Jaccard 31%). | Solapamiento léxico moderado MT↔Baynes (31%).
14	L2_comentario	pair	37%	32%	moderate_align	Alineación moderada	Großer Besitz besteht nicht allein in der Menge der Güter, die einem zur Verfügung stehen, sondern vor allem in ihrer Beweglichkeit und Verw…	Great possessions consist not only in the amount of goods that are available to you, but above all in their mobility and usability. Then you…	Great possession consists not only in the quantity of goods at one's disposal, but, first and foremost, in their mobility and utility, for t…	Primera línea poco alineada (Jaccard 32%). | Solapamiento léxico moderado MT↔Baynes (37%).
15	L2_comentario	pair	37%	37%	moderate_align	Alineación moderada	Wes das Herz voll ist, des geht der Mund über. Wenn jemand innerlich so bescheiden ist, daß sich diese Gesinnung in seinem äußeren Benehmen …	When the heart is full, the mouth overflows. If someone is so humble inwardly that this attitude shows itself in his outward behavior, then …	""Out of the fullness of the heart the mouth speaketh."" When a man's attitude of mind is so modest that this expresses itself in his outward …	Primera línea alineada (Jaccard 37%). | Solapamiento léxico moderado MT↔Baynes (37%).
16	L2_comentario	pair	38%	29%	moderate_align	Alineación moderada	Es wird hier jemand gezeichnet, der sich von keinen Illusionen betören läßt. Während andere durch Begeisterung sich blenden lassen, erkennt …	What is depicted here is someone who does not allow himself to be seduced by any illusions. While others allow themselves to be blinded by e…	This describes a person who does not allow himself to be misled by any illusions. While others are letting themselves be dazzled by enthusia…	Primera línea poco alineada (Jaccard 29%). | Solapamiento léxico moderado MT↔Baynes (38%).
17	L2_comentario	pair	34%	34%	moderate_align	Alineación moderada	Bei Freundschaft und engen Beziehungen muß man in der Auswahl vorsichtig sein. Man macht sich entweder eine gute oder eine schlechte Gesells…	When it comes to friendship and close relationships, you have to be careful when choosing. You either make good company or bad company. You …	In friendships and close relationships an individual must make a careful choice. He surrounds himself either with good or with bad company; …	Primera línea poco alineada (Jaccard 34%). | Solapamiento léxico moderado MT↔Baynes (34%).
18	L2_comentario	pair	20%	20%	weak_align	Alineación débil	Es handelt sich um Fehler, die aus Schwachheit das Verderben veranlaßt haben. Daher das Symbol des von der Mutter Verdorbenen. Da ist beim A…	These are mistakes that caused ruin through weakness. Hence the symbol of the one corrupted by the mother. A certain amount of delicate cons…	This refers to mistakes that as a result of weakness have brought about decay—hence the symbol, ""what has been spoiled by the mother."" In se…	Primera línea poco alineada (Jaccard 20%). | Solapamiento léxico bajo MT↔Baynes (20%).
19	L2_comentario	pair	26%	23%	moderate_align	Alineación moderada	Da man sich in der Lage befindet, von oben her zum Herbeikommen angeregt zu sein, und da man in sich selbst die Stärke und Konsequenz besitz…	Since one is in a position to be stimulated to come from above, and since one has within oneself the strength and consistency that needs no …	When the stimulus to approach comes from a high place, and when a man has the inner strength and consistency that need no admonition, good f…	Primera línea poco alineada (Jaccard 23%). | Solapamiento léxico moderado MT↔Baynes (26%).
20	L2_comentario	pair	35%	27%	moderate_align	Alineación moderada	Durch die Türspalte hat man einen beschränkten Ausblick. Man sieht von innen nach außen. Die Betrachtungsweise ist subjektiv beschränkt. Man…	There is a limited view through the crack in the door. You see from the inside out. The perspective is subjectively limited. You relate ever…	Through the crack of the door one has a limited outlook; one looks outward from within. Contemplation is subjectively limited. One tends to …	Primera línea poco alineada (Jaccard 27%). | Solapamiento léxico moderado MT↔Baynes (35%).
21	L2_comentario	pair	33%	33%	moderate_align	Alineación moderada	Recht und Unrecht lassen sich im vorliegenden Fall leicht unterscheiden. Es ist, wie wenn man durch weiches Fleisch beißt. Aber man trifft a…	Right and wrong can be easily distinguished in this case. It's like biting through soft flesh. But you meet a tough sinner. That's why when …	It is easy to discriminate between right and wrong in this case; it is like biting through tender meat. But one encounters a hardened sinner…	Primera línea poco alineada (Jaccard 33%). | Solapamiento léxico moderado MT↔Baynes (33%).
22	L2_comentario	pair	46%	32%	strong_align	Alineación fuerte	Der Bart ist nichts Selbständiges. Er kann nur mit dem Kinn zusammen bewegt werden. Das Bild bedeutet daher, daß die Form nur im Gefolge und…	The beard is not something independent. It can only be moved with the chin together. The image therefore means that the form only comes into…	The beard is not an independent thing; it moves only with the chin. The image therefore means that form is to be considered only as a result…	Primera línea poco alineada (Jaccard 32%). | Solapamiento léxico alto MT↔Baynes (46%).
23	L2_comentario	pair	35%	35%	moderate_align	Alineación moderada	Die Macht der Gemeinen wächst. Schon naht sich die Gefahr der eigenen Person. Es kommen schon deutliche Anzeichen. Die Ruhe wird gestört. Wä…	The power of the commonwealth is growing. The danger to yourself is already approaching. There are already clear signs. The peace is disturb…	The power of the inferior people is growing. The danger draws close to one's person; already there are dear indications, and rest is disturb…	Primera línea poco alineada (Jaccard 35%). | Solapamiento léxico moderado MT↔Baynes (35%).
24	L2_comentario	pair	28%	28%	moderate_align	Alineación moderada	Die Umkehr bedarf immer eines Entschlusses und ist ein Akt der Selbstbezwingung. Sie wird erleichtert, wenn man in guter Gesellschaft ist. W…	Repentance always requires a decision and is an act of self-conquest. It is made easier when you are in good company. If you can bring yours…	Return always calls for a decision and is an act of self-mastery. It is made easier if a man is in good company. If he can bring himself to …	Primera línea poco alineada (Jaccard 28%). | Solapamiento léxico moderado MT↔Baynes (28%).
25	L2_comentario	pair	35%	35%	moderate_align	Alineación moderada	Man soll jede Arbeit um ihrer selbst willen tun, wie Zeit und Ort sie verlangen, und nicht nach dem Erfolg schielen, dann gerät sie, und was…	One should do every work for its own sake, as the time and place require it, and not aim for success, then it will fail, and whatever one un…	We should do every task for its own sake as time and place demand and not with an eye to the result. Then each task turns out well, and anyt…	Primera línea alineada (Jaccard 35%). | Solapamiento léxico moderado MT↔Baynes (35%).
26	L2_comentario	pair	33%	28%	moderate_align	Alineación moderada	Hier ist das Fortschreiten gehemmt, ähnlich wie bei des Kleinen Zähmungskraft (Nr. 9, Neun auf drittem Platz). Aber während dort die hemmend…	Here the progression is inhibited, similar to the small one's taming power (No. 9, Nine in third place). But while there the inhibiting forc…	Here advance is checked just as in the third line of THE TAMING POWER OF THE SMALL (9). However, in the latter the restraining force is slig…	Primera línea poco alineada (Jaccard 28%). | Solapamiento léxico moderado MT↔Baynes (33%).
27	L2_comentario	pair	20%	20%	weak_align	Alineación débil	Das Normale ist, daß man für seine Nahrung selbst sorgt oder sich von denen, die Pflicht und Recht dazu haben, auf rechtmäßige Weise ernähre…	The normal thing is to provide one's own food or to be fed in a lawful manner by those who have the duty and right to do so. If one is unabl…	Normally a person either provides his own means of nourishment or is supported in a proper way by those whose duty and privilege it is to pr…	Primera línea poco alineada (Jaccard 20%). | Solapamiento léxico moderado MT↔Baynes (20%).
28	L2_comentario	pair	54%	60%	strong_align	Alineación fuerte	Das Holz steht am Wasser, daher das Bild einer alten Pappel, die einen Wurzelsproß treibt. Das ist eine außerordentliche Wiederbelebung des …	The wood is by the water, hence the image of an old poplar tree sprouting roots. This is an extraordinary revival of the growth process. The…	Wood is near water; hence the image of an old poplar sprouting at the root. This means an extraordinary reanimation of the processes of grow…	Primera línea alineada (Jaccard 60%). | Solapamiento léxico alto MT↔Baynes (54%).
29	L2_comentario	pair	41%	41%	moderate_align	Alineación moderada	Innerhalb der Gefahr darf man nicht ohne weiteres danach trachten, unter allen Umständen herauszukommen, sondern muß sich zunächst zufrieden…	When faced with danger, one must not simply strive to get out of it at all costs, but must first be satisfied if one is not overcome by the …	When we are in danger we ought not to attempt to get out of it immediately, regardless of circumstances; at first we must content ourselves …	Primera línea alineada (Jaccard 41%). | Solapamiento léxico moderado MT↔Baynes (41%).
30	L2_comentario	pair	42%	42%	moderate_align	Alineación moderada	Der Mittag des Tages ist erreicht. Die Sonne strahlt in gelbem Schein. Gelb ist die Farbe der Mitte und des Maßes. Gelber Schein ist daher d…	The midday of the day has been reached. The sun shines in a yellow glow. Yellow is the color of center and measure. Yellow glow is therefore…	Midday has come; the sun shines with a yellow light. Yellow is the color of measure and mean. Yellow light is therefore a symbol of the high…	Primera línea alineada (Jaccard 42%). | Solapamiento léxico moderado MT↔Baynes (42%).
31	L2_comentario	pair	35%	35%	moderate_align	Alineación moderada	Die Wade folgt dem Fuß in der Bewegung. Sie kann nicht von selbst vorwärts und nicht allein stehenbleiben. Es ist eine Bewegung, die unselbs…	The calf follows the foot in movement. It cannot move forward on its own or stand still on its own. It is a movement that is dependent and, …	In movement, the calf of the leg follows the foot; by itself it can neither go forward nor stand still. Since the movement is not self-gover…	Primera línea poco alineada (Jaccard 35%). | Solapamiento léxico moderado MT↔Baynes (35%).
32	L2_comentario	pair	33%	33%	moderate_align	Alineación moderada	Die Situation ist abnorm. Die Kraft des Charakters ist stärker als die zu Gebote stehende materielle Macht. Da könnte man vielleicht fürchte…	The situation is abnormal. The power of character is stronger than the material power at hand. One could perhaps fear that one would allow o…	The situation is abnormal. A man's force of character is greater than the available material power. Thus he might be afraid of allowing hims…	Primera línea poco alineada (Jaccard 33%). | Solapamiento léxico moderado MT↔Baynes (33%).
33	L2_comentario	pair	36%	33%	moderate_align	Alineación moderada	Gelb ist die Farbe der Mitte. Sie deutet auf das Korrekte, Pflichtgemäße. Das Leder eines Ochsen ist fest und unzerreißbar. Während die Edle…	Yellow is the color of the middle. It points to the correct, dutiful thing. The leather of an ox is strong and unbreakable. While the noble …	Yellow is the color of the middle. It indicates that which is correct and in line with duty. Oxhide is strong and not to be torn. While the …	Primera línea poco alineada (Jaccard 33%). | Solapamiento léxico moderado MT↔Baynes (36%).
34	L2_comentario	pair	30%	30%	moderate_align	Alineación moderada	Die vorausgesetzte Lage ist, daß die Pforten des Erfolgs sich zu öffnen beginnen. Der Widerstand beginnt zu weichen. Man kommt machtvoll vor…	The presupposed situation is that the gates of success are beginning to open. The resistance begins to give way. You move forward powerfully…	The premise here is that the gates to success are beginning to open. Resistance gives way and we forge ahead. This is the point at which, on…	Primera línea poco alineada (Jaccard 30%). | Solapamiento léxico moderado MT↔Baynes (30%).
35	L2_comentario	pair	33%	17%	moderate_align	Alineación moderada	Der Fortschritt wird aufgehalten, man sieht sich gehindert, mit dem Menschen an leitender Stelle, zu dem man in Beziehung steht, in Verbindu…	Progress is held up, you find yourself prevented from coming into contact with the person in charge with whom you have a relationship. That …	Progress is halted; an individual is kept from getting in touch with the man in authority with whom he has a connection. When this happens, …	Primera línea poco alineada (Jaccard 17%). | Solapamiento léxico moderado MT↔Baynes (33%).
36	L2_comentario	pair	37%	37%	moderate_align	Alineación moderada	Hier ist der Herr des Lichts an untergeordnetem Platz. Er wird verletzt vom Herrn der Finsternis. Aber die Verwundung ist nicht lebensgefähr…	Here the Lord of Light is of secondary importance. He is injured by the Lord of Darkness. But the wound is not life-threatening, just a hind…	Here the Lord of Light is in a subordinate place and is wounded by the Lord of Darkness. But the injury is not fatal; it is only a hindrance…	Primera línea alineada (Jaccard 37%). | Solapamiento léxico moderado MT↔Baynes (37%).
37	L2_comentario	pair	39%	38%	moderate_align	Alineación moderada	Die Frau soll sich immer nach dem Willen des Hausherrn richten, sei es des Vaters, des Gatten oder des erwachsenen Sohnes. Ihre Stellung ist…	The woman should always conform to the will of the head of the house, be it the father, the husband or the adult son. Their position is in t…	The wife must always be guided by the will of the master of the house, be he father, husband, or grown son. Her place is within the house. T…	Primera línea alineada (Jaccard 38%). | Solapamiento léxico moderado MT↔Baynes (39%).
38	L2_comentario	pair	38%	38%	moderate_align	Alineación moderada	Infolge der Mißverständnisse ist es nicht möglich, daß Menschen, die ihrer Art nach zusammengehören, auf ganz korrekte Weise zusammenkommen.…	As a result of misunderstandings, it is not possible for people who belong together by nature to come together in a completely correct way. …	As a result of misunderstandings, it has become impossible for people who by nature belong together to meet in the correct way. This being s…	Primera línea alineada (Jaccard 38%). | Solapamiento léxico moderado MT↔Baynes (38%).
39	L2_comentario	pair	46%	44%	strong_align	Alineación fuerte	Während man normalerweise das Hemmnis am besten umgeht und auf der Linie des geringsten Widerstands zu überwinden sucht, gibt es doch einen …	While it is normally best to avoid the obstacle and try to overcome it along the line of least resistance, there is still a case in which on…	Ordinarily it is best to go around an obstacle and try to overcome it along the line of least resistance. But there is one instance in which…	Primera línea alineada (Jaccard 44%). | Solapamiento léxico alto MT↔Baynes (46%).
40	L2_comentario	pair	47%	38%	strong_align	Alineación fuerte	Das Bild ist von der Jagd genommen. Der Jäger fängt drei listige Füchse und erhält zur Belohnung einen gelben Pfeil. Die Hemmnisse des öffen…	The picture is taken from hunting. The hunter catches three cunning foxes and receives a yellow arrow as a reward. The obstacles to public l…	The image is taken from the hunt. The hunter catches three cunning foxes and receives a yellow arrow as a reward. The obstacles in public li…	Primera línea alineada (Jaccard 38%). | Solapamiento léxico alto MT↔Baynes (47%).
41	L2_comentario	pair	41%	41%	moderate_align	Alineación moderada	Ein edles Selbstbewußtsein und konsequenter Ernst, der sich nichts vergibt, ist die Gesinnung, die notwendig ist, wenn man andern dienen wil…	A noble self-confidence and consistent seriousness that forgives nothing is the attitude that is necessary if one wants to serve others. Any…	A high-minded self-awareness and a consistent seriousness with no forfeit of dignity are necessary if a man wants to be of service to others…	Primera línea alineada (Jaccard 41%). | Solapamiento léxico moderado MT↔Baynes (41%).
42	L2_comentario	pair	43%	29%	moderate_align	Alineación moderada	Die wirkliche Mehrung kommt dadurch, daß man in sich die Bedingungen dafür schafft: Aufnahmebereitschaft und Liebe zum Guten. Dadurch kommt …	The real increase comes from creating the conditions within oneself: receptivity and love for the good. As a result, what is desired comes o…	A man brings about real increase by producing in himself the conditions for it, that is, through receptivity to and love of the good. Thus t…	Primera línea poco alineada (Jaccard 29%). | Solapamiento léxico moderado MT↔Baynes (43%).
43	L2_comentario	pair	31%	14%	moderate_align	Alineación moderada	Bereit sein ist alles. Entschlossenheit ist mit Vorsicht untrennbar verbunden. Wenn man sorgfältig und besonnen ist, so braucht man nicht zu…	Being ready is everything. Determination is inseparable from caution. If you are careful and prudent, you don't need to be frightened or exc…	Readiness is everything. Resolution is indissolubly bound up with caution. If an individual is careful and keeps his wits about him, he need…	Primera línea poco alineada (Jaccard 14%). | Solapamiento léxico moderado MT↔Baynes (31%).
44	L2_comentario	pair	32%	32%	moderate_align	Alineación moderada	Das niedere Element wird nicht vergewaltigt, aber unter sanfter Kontrolle gehalten. Dann ist nichts Schlimmes zu befürchten. Nur muß man daf…	The lower element is not raped, but is kept under gentle control. Then there is nothing bad to fear. You just have to make sure that it does…	The inferior element is not overcome by violence but is kept under gentle control. Then nothing evil is to be feared. But care must be taken…	Primera línea poco alineada (Jaccard 31%). | Solapamiento léxico moderado MT↔Baynes (31%).
45	L2_comentario	pair	40%	4%	moderate_align	Alineación moderada	ist es auch fördernd, ein kleines Opfer zu bringen. Man soll in Zeiten der Sammlung seinen Weg nicht willkürlich wählen. Es sind geheime Krä…	It is also beneficial to make a small sacrifice. In times of gathering one should not choose one's path arbitrarily. There are secret forces…	In the time of GATHERING TOGETHER, we should make no arbitrary choice of the way. There are secret forces at work, leading together those wh…	Primera línea poco alineada (Jaccard 4%). | Solapamiento léxico moderado MT↔Baynes (40%).
46	L2_comentario	pair	26%	26%	moderate_align	Alineación moderada	Es ist hier ein starker Mann vorausgesetzt. Er paßt zwar insofern nicht in seine Umgebung, als er zu rauh ist und zu wenig auf Formen gibt. …	A strong man is required here. He doesn't fit into his surroundings in that he's too rough and doesn't care enough about forms. But he is si…	Here a strong man is presupposed. It is true that he does not fit in with his environment, inasmuch as he is too brusque and pays too little…	Primera línea poco alineada (Jaccard 26%). | Solapamiento léxico moderado MT↔Baynes (26%).
47	L2_comentario	pair	37%	30%	moderate_align	Alineación moderada	Hier ist es eine innere Bedrängnis, in der man sich befindet. Äußerlich geht alles gut; man hat zu essen und zu trinken. Aber man ist erschö…	Here it is an inner distress that one finds oneself in. On the outside everything goes well; you have to eat and drink. But you are exhauste…	This pictures a state of inner oppression. Externally, all is well, one has meat and drink. But one is exhausted by the commonplaces of life…	Primera línea poco alineada (Jaccard 30%). | Solapamiento léxico moderado MT↔Baynes (37%).
48	L2_comentario	pair	38%	59%	moderate_align	Alineación moderada	Das Wasser ist an sich klar. Aber man gebraucht es nicht. So halten sich nur Fische im Brunnen auf, und wer kommt, kommt nur, um Fische zu f…	The water itself is clear. But you don't need it. So only fish stay in the well, and whoever comes comes only to catch fish; but the jar is …	The water itself is clear, but it is not being used. Thus the well is a place where only fish will stay, and whoever comes to it, comes only…	Primera línea alineada (Jaccard 59%). | Solapamiento léxico moderado MT↔Baynes (38%).
49	L2_comentario	pair	41%	32%	moderate_align	Alineación moderada	Wenn man alles versucht hat, um die Verhältnisse zu reformieren, ohne daß es einen Erfolg hatte, dann ergibt sich die Notwendigkeit einer Re…	If everything has been tried to reform conditions without success, then the need for a revolution arises. But such a profound upheaval must …	When we have tried in every way to bring about reforms, but without success, revolution becomes necessary. But such a thoroughgoing upheaval…	Primera línea poco alineada (Jaccard 32%). | Solapamiento léxico moderado MT↔Baynes (41%).
50	L2_comentario	pair	31%	31%	moderate_align	Alineación moderada	In Zeiten hoher Kultur kommt alles darauf an, daß man wirklich etwas leistet. Wenn man sich nur auf diese wirklichen Leistungen verläßt, so …	In times of high culture, everything depends on you actually achieving something. If you only rely on these real achievements, you may exper…	In a period of advanced culture, it is of the greatest importance that one should achieve something significant. If a man concentrates on su…	Primera línea poco alineada (Jaccard 31%). | Solapamiento léxico moderado MT↔Baynes (31%).
51	L2_comentario	pair	37%	33%	moderate_align	Alineación moderada	Es ist eine Lage gezeichnet, da man durch eine Erschütterung in Gefahr gerät und große Verluste erleidet. Die Verhältnisse sind so, daß Wide…	A situation is drawn up in which one is in danger due to a shock and suffers great losses. The circumstances are such that resistance goes a…	This pictures a situation in which a shock endangers a man and he suffers great losses. Resistance would be contrary to the movement of the …	Primera línea poco alineada (Jaccard 33%). | Solapamiento léxico moderado MT↔Baynes (37%).
52	L2_comentario	pair	43%	42%	moderate_align	Alineación moderada	Das Bein kann sich nicht selbständig bewegen, sondern ist in seiner Bewegung abhängig von der Bewegung des Leibes. Wenn der Leib in starker …	The leg cannot move independently, but its movement depends on the movement of the body. If the body is in strong movement and the leg is su…	The leg cannot move independently; it depends on the movement of the body. If a leg is suddenly stopped while the whole body is in vigorous …	Primera línea alineada (Jaccard 42%). | Solapamiento léxico moderado MT↔Baynes (43%).
53	L2_comentario	pair	36%	33%	moderate_align	Alineación moderada	Der Fels ist ein sicherer Platz am Ufer. Die Entwicklung ist einen Schritt weiter. Man ist über die anfängliche Unsicherheit hinaus und hat …	The rock is a safe place on the shore. The development is one step further. You have moved beyond your initial insecurity and have found a s…	The cliff is a safe place on shore. The development has gone a step further. The initial insecurity has been overcome, and a safe position i…	Primera línea poco alineada (Jaccard 33%). | Solapamiento léxico moderado MT↔Baynes (36%).
54	L2_comentario	pair	66%	66%	strong_align	Alineación fuerte	Die Lage ist hier so, daß das Mädchen sich mit einem Manne verbunden hat, der sie enttäuscht. Mann und Frau sollen zusammenwirken wie die be…	The situation here is that the girl has married a man who disappoints her. Man and woman should work together like the two eyes. The girl is…	Here the situation is that of a girl married to a man who has disappointed her. Man and wife ought to work together like a pair of eyes. Her…	Primera línea alineada (Jaccard 66%). | Solapamiento léxico alto MT↔Baynes (66%).
55	L2_comentario	pair	54%	39%	strong_align	Alineación fuerte	Oft kommt es vor, daß sich zwischen den Herrscher, der das Große will, und den Mann, der das Große ausführen könnte, Intrigen und Parteiränk…	It often happens that intrigues and party intrigues come between the ruler who wants the great thing and the man who could carry out the gre…	It often happens that plots and party intrigues, which have the darkening effect of an eclipse of the sun, come between a ruler intent on gr…	Primera línea alineada (Jaccard 39%). | Solapamiento léxico alto MT↔Baynes (54%).
56	L2_comentario	pair	32%	32%	moderate_align	Alineación moderada	Der Wanderer, der hier gezeichnet wird, ist bescheiden und zurückhaltend. Innerlich verliert er sich nicht selbst, darum findet er einen Ruh…	The hiker depicted here is modest and reserved. He doesn't lose himself inside, so he finds a place to rest. Outwardly he doesn't lose peopl…	The wanderer here described is modest and reserved. He does not lose touch with his inner being, hence he finds a resting place. In the outs…	Primera línea poco alineada (Jaccard 32%). | Solapamiento léxico moderado MT↔Baynes (32%).
57	L2_comentario	pair	42%	36%	moderate_align	Alineación moderada	Zuweilen hat man es mit verborgenen Feinden zu tun, ungreifbaren Einflüssen, die sich in die dunkelsten Winkel verkriechen und von dort aus …	Sometimes you have to deal with hidden enemies, intangible influences that hide in the darkest corners and from there have a suggestive infl…	At times one has to deal with hidden enemies, intangible influences that slink into dark corners and from this hiding affect people by sugge…	Primera línea alineada (Jaccard 36%). | Solapamiento léxico moderado MT↔Baynes (42%).
58	L2_comentario	pair	23%	16%	weak_align	Alineación débil	Oft befindet man sich in Beziehung zu minderwertigen Menschen, aus deren Mitte andere Freuden winken, als sie dem höheren Menschen gemäß sin…	One often finds oneself in a relationship with inferior people, from whose midst there beckon other joys than those appropriate to the highe…	We often find ourselves associating with inferior people in whose company we are tempted by pleasures that are inappropriate for the superio…	Primera línea poco alineada (Jaccard 16%). | Solapamiento léxico moderado MT↔Baynes (23%).
59	L2_comentario	pair	28%	24%	moderate_align	Alineación moderada	Wenn man in sich selbst die Anfänge der Entfremdung von andern, des Menschenhasses und der Mißstimmung entdeckt, dann gilt es, diese Stockun…	If you discover within yourself the beginnings of alienation from others, of hatred of people and of discontent, then it is important to dis…	When an individual discovers within himself the beginnings of alienation from others, of misanthropy and ill humor, he must set about dissol…	Primera línea poco alineada (Jaccard 24%). | Solapamiento léxico moderado MT↔Baynes (28%).
60	L2_comentario	pair	45%	30%	moderate_align	Alineación moderada	Wenn die Zeit des Handelns gekommen ist, gilt es rasches Zugreifen. Wie das Wasser anfangs in einem See sich sammelt, ohne hinauszufließen, …	When the time to act comes, you need to act quickly. Just as water initially collects in a lake without flowing out, but a path certainly op…	When the time for action has come, the moment must be quickly seized. Just as water first collects in a lake without flowing out, yet is cer…	Primera línea poco alineada (Jaccard 30%). | Solapamiento léxico moderado MT↔Baynes (45%).
61	L2_comentario	pair	38%	2%	moderate_align	Alineación moderada	Ich habe einen guten Becher. Ich will ihn mit dir teilen. Hier ist von unwillkürlichem Einfluß des inneren Wesens auf gleichgestimmte Mensch…	I have a good mug. I want to share it with you. Here we are talking about the involuntary influence of the inner being on people of the same…	This refers to the involuntary influence of a man's inner being upon persons of kindred spirit. The crane need not show itself on a high hil…	Primera línea poco alineada (Jaccard 2%). | Solapamiento léxico moderado MT↔Baynes (38%).
62	L2_comentario	pair	46%	31%	strong_align	Alineación fuerte	Zwei Ausnahmefälle sind hier genannt: Im Ahnentempel, wo Generationenwechsel stattfindet, steht der Enkel auf derselben Seite wie der Großva…	Two exceptional cases are mentioned here: In the ancestral temple, where generational change takes place, the grandson is on the same side a…	Two exceptional situations are instanced here. In the temple of ancestors, where alternation of generations prevails, the grandson stands on…	Primera línea poco alineada (Jaccard 31%). | Solapamiento léxico alto MT↔Baynes (46%).
63	L2_comentario	pair	38%	33%	moderate_align	Alineación moderada	Wenn eine Frau im Wagen fuhr, hatte sie einen Vorhang, der sie den Blicken der Neugierigen verbarg. Kam dieser Vorhang abhanden, so wäre es …	When a woman rode in a carriage, she had a curtain that hid her from the eyes of curious people. If this curtain were lost, it would have be…	When a woman drove out in her carriage, she had a curtain that hid her from the glances of the curious. It was regarded as a breach of propr…	Primera línea poco alineada (Jaccard 33%). | Solapamiento léxico moderado MT↔Baynes (38%).
64	L2_comentario	pair	36%	29%	moderate_align	Alineación moderada	Auch hier ist die Zeit zum Handeln noch nicht gekommen. Aber die Geduld, die vonnöten ist, darf nicht ein träges Warten sein, das in den Tag…	Here, too, the time for action has not yet come. But the patience that is needed must not be a lazy waiting that lives on into the day. That…	Here again the time to act has not yet come. But the patience needed is not that of idle waiting without thought of the morrow. Kept up inde…	Primera línea poco alineada (Jaccard 29%). | Solapamiento léxico moderado MT↔Baynes (35%).
1	L3_etiqueta	pair	80%	80%	strong_align	Alineación fuerte	Neun auf drittem Platz bedeutet:	Nine in third place means:	Nine in the third place means:	Primera línea alineada (Jaccard 80%). | Solapamiento léxico alto MT↔Baynes (80%).
2	L3_etiqueta	pair	80%	80%	strong_align	Alineación fuerte	Sechs auf drittem Platz bedeutet:	Six in third place means:	Six in the third place means:	Primera línea alineada (Jaccard 80%). | Solapamiento léxico alto MT↔Baynes (80%).
3	L3_etiqueta	pair	80%	80%	strong_align	Alineación fuerte	Sechs auf drittem Platz bedeutet:	Six in third place means:	Six in the third place means:	Primera línea alineada (Jaccard 80%). | Solapamiento léxico alto MT↔Baynes (80%).
4	L3_etiqueta	pair	80%	80%	strong_align	Alineación fuerte	Sechs auf drittem Platz bedeutet:	Six in third place means:	Six in the third place means:	Primera línea alineada (Jaccard 80%). | Solapamiento léxico alto MT↔Baynes (80%).
5	L3_etiqueta	pair	80%	80%	strong_align	Alineación fuerte	Neun auf drittem Platz bedeutet:	Nine in third place means:	Nine in the third place means:	Primera línea alineada (Jaccard 80%). | Solapamiento léxico alto MT↔Baynes (80%).
6	L3_etiqueta	pair	80%	80%	strong_align	Alineación fuerte	Sechs auf drittem Platz bedeutet:	Six in third place means:	Six in the third place means:	Primera línea alineada (Jaccard 80%). | Solapamiento léxico alto MT↔Baynes (80%).
7	L3_etiqueta	pair	80%	80%	strong_align	Alineación fuerte	Sechs auf drittem Platz bedeutet:	Six in third place means:	Six in the third place means:	Primera línea alineada (Jaccard 80%). | Solapamiento léxico alto MT↔Baynes (80%).
8	L3_etiqueta	pair	80%	80%	strong_align	Alineación fuerte	Sechs auf drittem Platz bedeutet:	Six in third place means:	Six in the third place means:	Primera línea alineada (Jaccard 80%). | Solapamiento léxico alto MT↔Baynes (80%).
9	L3_etiqueta	pair	80%	80%	strong_align	Alineación fuerte	Neun auf drittem Platz bedeutet:	Nine in third place means:	Nine in the third place means:	Primera línea alineada (Jaccard 80%). | Solapamiento léxico alto MT↔Baynes (80%).
10	L3_etiqueta	pair	80%	80%	strong_align	Alineación fuerte	Sechs auf drittem Platz bedeutet:	Six in third place means:	Six in the third place means:	Primera línea alineada (Jaccard 80%). | Solapamiento léxico alto MT↔Baynes (80%).
11	L3_etiqueta	pair	80%	80%	strong_align	Alineación fuerte	Neun auf drittem Platz bedeutet:	Nine in third place means:	Nine in the third place means:	Primera línea alineada (Jaccard 80%). | Solapamiento léxico alto MT↔Baynes (80%).
12	L3_etiqueta	pair	80%	80%	strong_align	Alineación fuerte	Sechs auf drittem Platz bedeutet:	Six in third place means:	Six in the third place means:	Primera línea alineada (Jaccard 80%). | Solapamiento léxico alto MT↔Baynes (80%).
13	L3_etiqueta	pair	80%	80%	strong_align	Alineación fuerte	Neun auf drittem Platz bedeutet:	Nine in third place means:	Nine in the third place means:	Primera línea alineada (Jaccard 80%). | Solapamiento léxico alto MT↔Baynes (80%).
14	L3_etiqueta	pair	80%	80%	strong_align	Alineación fuerte	Neun auf drittem Platz bedeutet:	Nine in third place means:	Nine in the third place means:	Primera línea alineada (Jaccard 80%). | Solapamiento léxico alto MT↔Baynes (80%).
15	L3_etiqueta	pair	80%	80%	strong_align	Alineación fuerte	Neun auf drittem Platz bedeutet:	Nine in third place means:	Nine in the third place means:	Primera línea alineada (Jaccard 80%). | Solapamiento léxico alto MT↔Baynes (80%).
16	L3_etiqueta	pair	80%	80%	strong_align	Alineación fuerte	Sechs auf drittem Platz bedeutet:	Six in third place means:	Six in the third place means:	Primera línea alineada (Jaccard 80%). | Solapamiento léxico alto MT↔Baynes (80%).
17	L3_etiqueta	pair	80%	80%	strong_align	Alineación fuerte	Sechs auf drittem Platz bedeutet:	Six in third place means:	Six in the third place means:	Primera línea alineada (Jaccard 80%). | Solapamiento léxico alto MT↔Baynes (80%).
18	L3_etiqueta	pair	80%	80%	strong_align	Alineación fuerte	Neun auf drittem Platz bedeutet:	Nine in third place means:	Nine in the third place means:	Primera línea alineada (Jaccard 80%). | Solapamiento léxico alto MT↔Baynes (80%).
19	L3_etiqueta	pair	80%	80%	strong_align	Alineación fuerte	Sechs auf drittem Platz bedeutet:	Six in third place means:	Six in the third place means:	Primera línea alineada (Jaccard 80%). | Solapamiento léxico alto MT↔Baynes (80%).
20	L3_etiqueta	pair	80%	80%	strong_align	Alineación fuerte	Sechs auf drittem Platz bedeutet:	Six in third place means:	Six in the third place means:	Primera línea alineada (Jaccard 80%). | Solapamiento léxico alto MT↔Baynes (80%).
21	L3_etiqueta	pair	80%	80%	strong_align	Alineación fuerte	Sechs auf drittem Platz bedeutet:	Six in third place means:	Six in the third place means:	Primera línea alineada (Jaccard 80%). | Solapamiento léxico alto MT↔Baynes (80%).
22	L3_etiqueta	pair	80%	80%	strong_align	Alineación fuerte	Neun auf drittem Platz bedeutet:	Nine in third place means:	Nine in the third place means:	Primera línea alineada (Jaccard 80%). | Solapamiento léxico alto MT↔Baynes (80%).
23	L3_etiqueta	pair	80%	80%	strong_align	Alineación fuerte	Sechs auf drittem Platz bedeutet:	Six in third place means:	Six in the third place means:	Primera línea alineada (Jaccard 80%). | Solapamiento léxico alto MT↔Baynes (80%).
24	L3_etiqueta	pair	80%	80%	strong_align	Alineación fuerte	Sechs auf drittem Platz bedeutet:	Six in third place means:	Six in the third place means:	Primera línea alineada (Jaccard 80%). | Solapamiento léxico alto MT↔Baynes (80%).
25	L3_etiqueta	pair	80%	80%	strong_align	Alineación fuerte	Sechs auf drittem Platz bedeutet:	Six in third place means:	Six in the third place means:	Primera línea alineada (Jaccard 80%). | Solapamiento léxico alto MT↔Baynes (80%).
26	L3_etiqueta	pair	80%	80%	strong_align	Alineación fuerte	Neun auf drittem Platz bedeutet:	Nine in third place means:	Nine in the third place means:	Primera línea alineada (Jaccard 80%). | Solapamiento léxico alto MT↔Baynes (80%).
27	L3_etiqueta	pair	80%	80%	strong_align	Alineación fuerte	Sechs auf drittem Platz bedeutet:	Six in third place means:	Six in the third place means:	Primera línea alineada (Jaccard 80%). | Solapamiento léxico alto MT↔Baynes (80%).
28	L3_etiqueta	pair	80%	80%	strong_align	Alineación fuerte	Neun auf drittem Platz bedeutet:	Nine in third place means:	Nine in the third place means:	Primera línea alineada (Jaccard 80%). | Solapamiento léxico alto MT↔Baynes (80%).
29	L3_etiqueta	pair	80%	80%	strong_align	Alineación fuerte	Sechs auf drittem Platz bedeutet:	Six in third place means:	Six in the third place means:	Primera línea alineada (Jaccard 80%). | Solapamiento léxico alto MT↔Baynes (80%).
30	L3_etiqueta	pair	80%	80%	strong_align	Alineación fuerte	Neun auf drittem Platz bedeutet:	Nine in third place means:	Nine in the third place means:	Primera línea alineada (Jaccard 80%). | Solapamiento léxico alto MT↔Baynes (80%).
31	L3_etiqueta	pair	80%	80%	strong_align	Alineación fuerte	Neun auf drittem Platz bedeutet:	Nine in third place means:	Nine in the third place means:	Primera línea alineada (Jaccard 80%). | Solapamiento léxico alto MT↔Baynes (80%).
32	L3_etiqueta	pair	80%	80%	strong_align	Alineación fuerte	Neun auf drittem Platz bedeutet:	Nine in third place means:	Nine in the third place means:	Primera línea alineada (Jaccard 80%). | Solapamiento léxico alto MT↔Baynes (80%).
33	L3_etiqueta	pair	80%	80%	strong_align	Alineación fuerte	Neun auf drittem Platz bedeutet:	Nine in third place means:	Nine in the third place means:	Primera línea alineada (Jaccard 80%). | Solapamiento léxico alto MT↔Baynes (80%).
34	L3_etiqueta	pair	80%	80%	strong_align	Alineación fuerte	Neun auf drittem Platz bedeutet:	Nine in third place means:	Nine in the third place means:	Primera línea alineada (Jaccard 80%). | Solapamiento léxico alto MT↔Baynes (80%).
35	L3_etiqueta	pair	80%	80%	strong_align	Alineación fuerte	Sechs auf drittem Platz bedeutet:	Six in third place means:	Six in the third place means:	Primera línea alineada (Jaccard 80%). | Solapamiento léxico alto MT↔Baynes (80%).
36	L3_etiqueta	pair	80%	80%	strong_align	Alineación fuerte	Neun auf drittem Platz bedeutet:	Nine in third place means:	Nine in the third place means:	Primera línea alineada (Jaccard 80%). | Solapamiento léxico alto MT↔Baynes (80%).
37	L3_etiqueta	pair	80%	80%	strong_align	Alineación fuerte	Neun auf drittem Platz bedeutet:	Nine in third place means:	Nine in the third place means:	Primera línea alineada (Jaccard 80%). | Solapamiento léxico alto MT↔Baynes (80%).
38	L3_etiqueta	pair	80%	80%	strong_align	Alineación fuerte	Sechs auf drittem Platz bedeutet:	Six in third place means:	Six in the third place means:	Primera línea alineada (Jaccard 80%). | Solapamiento léxico alto MT↔Baynes (80%).
39	L3_etiqueta	pair	80%	80%	strong_align	Alineación fuerte	Neun auf drittem Platz bedeutet:	Nine in third place means:	Nine in the third place means:	Primera línea alineada (Jaccard 80%). | Solapamiento léxico alto MT↔Baynes (80%).
40	L3_etiqueta	pair	80%	80%	strong_align	Alineación fuerte	Sechs auf drittem Platz bedeutet:	Six in third place means:	Six in the third place means:	Primera línea alineada (Jaccard 80%). | Solapamiento léxico alto MT↔Baynes (80%).
41	L3_etiqueta	pair	80%	80%	strong_align	Alineación fuerte	Sechs auf drittem Platz bedeutet:	Six in third place means:	Six in the third place means:	Primera línea alineada (Jaccard 80%). | Solapamiento léxico alto MT↔Baynes (80%).
42	L3_etiqueta	pair	80%	80%	strong_align	Alineación fuerte	Sechs auf drittem Platz bedeutet:	Six in third place means:	Six in the third place means:	Primera línea alineada (Jaccard 80%). | Solapamiento léxico alto MT↔Baynes (80%).
43	L3_etiqueta	pair	80%	80%	strong_align	Alineación fuerte	Neun auf drittem Platz bedeutet:	Nine in third place means:	Nine in the third place means:	Primera línea alineada (Jaccard 80%). | Solapamiento léxico alto MT↔Baynes (80%).
44	L3_etiqueta	pair	80%	80%	strong_align	Alineación fuerte	Neun auf drittem Platz bedeutet:	Nine in third place means:	Nine in the third place means:	Primera línea alineada (Jaccard 80%). | Solapamiento léxico alto MT↔Baynes (80%).
45	L3_etiqueta	pair	80%	80%	strong_align	Alineación fuerte	Sechs auf drittem Platz bedeutet:	Six in third place means:	Six in the third place means:	Primera línea alineada (Jaccard 80%). | Solapamiento léxico alto MT↔Baynes (80%).
46	L3_etiqueta	pair	80%	80%	strong_align	Alineación fuerte	Neun auf drittem Platz bedeutet:	Nine in third place means:	Nine in the third place means:	Primera línea alineada (Jaccard 80%). | Solapamiento léxico alto MT↔Baynes (80%).
47	L3_etiqueta	pair	80%	80%	strong_align	Alineación fuerte	Sechs auf drittem Platz bedeutet:	Six in third place means:	Six in the third place means:	Primera línea alineada (Jaccard 80%). | Solapamiento léxico alto MT↔Baynes (80%).
48	L3_etiqueta	pair	80%	80%	strong_align	Alineación fuerte	Neun auf drittem Platz bedeutet:	Nine in third place means:	Nine in the third place means:	Primera línea alineada (Jaccard 80%). | Solapamiento léxico alto MT↔Baynes (80%).
49	L3_etiqueta	pair	80%	80%	strong_align	Alineación fuerte	Neun auf drittem Platz bedeutet:	Nine in third place means:	Nine in the third place means:	Primera línea alineada (Jaccard 80%). | Solapamiento léxico alto MT↔Baynes (80%).
50	L3_etiqueta	pair	80%	80%	strong_align	Alineación fuerte	Neun auf drittem Platz bedeutet:	Nine in third place means:	Nine in the third place means:	Primera línea alineada (Jaccard 80%). | Solapamiento léxico alto MT↔Baynes (80%).
51	L3_etiqueta	pair	80%	80%	strong_align	Alineación fuerte	Sechs auf drittem Platz bedeutet:	Six in third place means:	Six in the third place means:	Primera línea alineada (Jaccard 80%). | Solapamiento léxico alto MT↔Baynes (80%).
52	L3_etiqueta	pair	80%	80%	strong_align	Alineación fuerte	Neun auf drittem Platz bedeutet:	Nine in third place means:	Nine in the third place means:	Primera línea alineada (Jaccard 80%). | Solapamiento léxico alto MT↔Baynes (80%).
53	L3_etiqueta	pair	80%	80%	strong_align	Alineación fuerte	Neun auf drittem Platz bedeutet:	Nine in third place means:	Nine in the third place means:	Primera línea alineada (Jaccard 80%). | Solapamiento léxico alto MT↔Baynes (80%).
54	L3_etiqueta	pair	80%	80%	strong_align	Alineación fuerte	Sechs auf drittem Platz bedeutet:	Six in third place means:	Six in the third place means:	Primera línea alineada (Jaccard 80%). | Solapamiento léxico alto MT↔Baynes (80%).
55	L3_etiqueta	pair	80%	80%	strong_align	Alineación fuerte	Neun auf drittem Platz bedeutet:	Nine in third place means:	Nine in the third place means:	Primera línea alineada (Jaccard 80%). | Solapamiento léxico alto MT↔Baynes (80%).
56	L3_etiqueta	pair	80%	80%	strong_align	Alineación fuerte	Neun auf drittem Platz bedeutet:	Nine in third place means:	Nine in the third place means:	Primera línea alineada (Jaccard 80%). | Solapamiento léxico alto MT↔Baynes (80%).
57	L3_etiqueta	pair	80%	80%	strong_align	Alineación fuerte	Neun auf drittem Platz bedeutet:	Nine in third place means:	Nine in the third place means:	Primera línea alineada (Jaccard 80%). | Solapamiento léxico alto MT↔Baynes (80%).
58	L3_etiqueta	pair	80%	80%	strong_align	Alineación fuerte	Sechs auf drittem Platz bedeutet:	Six in third place means:	Six in the third place means:	Primera línea alineada (Jaccard 80%). | Solapamiento léxico alto MT↔Baynes (80%).
59	L3_etiqueta	pair	80%	80%	strong_align	Alineación fuerte	Sechs auf drittem Platz bedeutet:	Six in third place means:	Six in the third place means:	Primera línea alineada (Jaccard 80%). | Solapamiento léxico alto MT↔Baynes (80%).
60	L3_etiqueta	pair	80%	80%	strong_align	Alineación fuerte	Sechs auf drittem Platz bedeutet:	Six in third place means:	Six in the third place means:	Primera línea alineada (Jaccard 80%). | Solapamiento léxico alto MT↔Baynes (80%).
61	L3_etiqueta	pair	80%	80%	strong_align	Alineación fuerte	Sechs auf drittem Platz bedeutet:	Six in third place means:	Six in the third place means:	Primera línea alineada (Jaccard 80%). | Solapamiento léxico alto MT↔Baynes (80%).
62	L3_etiqueta	pair	80%	80%	strong_align	Alineación fuerte	Neun auf drittem Platz bedeutet:	Nine in third place means:	Nine in the third place means:	Primera línea alineada (Jaccard 80%). | Solapamiento léxico alto MT↔Baynes (80%).
63	L3_etiqueta	pair	80%	80%	strong_align	Alineación fuerte	Neun auf drittem Platz bedeutet:	Nine in third place means:	Nine in the third place means:	Primera línea alineada (Jaccard 80%). | Solapamiento léxico alto MT↔Baynes (80%).
64	L3_etiqueta	pair	80%	80%	strong_align	Alineación fuerte	Sechs auf drittem Platz bedeutet:	Six in third place means:	Six in the third place means:	Primera línea alineada (Jaccard 80%). | Solapamiento léxico alto MT↔Baynes (80%).
1	L3_oraculo	pair	23%	36%	weak_align	Alineación débil	Der Edle ist den ganzen Tag schöpferisch tätig. Des Abends noch ist er voll innerer Sorge. Gefahr. Kein Makel.	The noble person is creative all day long. That evening he is still full of inner worry. Danger. No flaw.	All day long the superior man is creatively active. At nightfall his mind is still beset with cares. Danger. No blame.	Primera línea alineada (Jaccard 36%). | Solapamiento léxico moderado MT↔Baynes (23%).
2	L3_oraculo	pair	38%	40%	moderate_align	Alineación moderada	Verborgene Linien; man vermag beharrlich zu bleiben. Folgst du etwa eines Königs Diensten, so suche nicht Werke, aber vollende!	Hidden Lines; you can persevere. If you follow a king's service, then do not seek works, but accomplish them.	Hidden lines. One is able to remain persevering. If by chance you are in the service of a king, Seek not works, but bring to completion.	Primera línea alineada (Jaccard 40%). | Solapamiento léxico moderado MT↔Baynes (38%).
3	L3_oraculo	pair	40%	100%	moderate_align	Alineación moderada	Wer den Hirsch jagt ohne Förster, der verirrt sich nur im Wald. Der Edle versteht die Zeichen der Zeit und steht lieber ab. Weitermachen bri…	Whoever hunts the deer without a forester, he just gets lost in the forest. The noble understands the signs of the times and prefers to stan…	Whoever hunts deer without the forester Only loses his way in the forest. The superior man understands the signs of the time And prefers to …	Primera línea alineada (Jaccard 100%). | Solapamiento léxico moderado MT↔Baynes (40%).
4	L3_oraculo	pair	26%	8%	moderate_align	Alineación moderada	Nicht sollst du ein Mädchen nehmen, das einen ehernen Mann sieht und sich nicht im Besitz behält. Nichts ist fördernd.	You shouldn't take a girl that sees a man of bronze and does not retain ownership. Nothing is encouraging.	Take not a maiden who, when she sees a man of bronze, Loses possession of herself. Nothing furthers.	Primera línea poco alineada (Jaccard 8%). | Solapamiento léxico moderado MT↔Baynes (26%).
5	L3_oraculo	pair	44%	100%	moderate_align	Alineación moderada	Warten im Schlamm bewirkt das Kommen des Feindes.	Waiting in the mud causes the enemy to come.	Waiting in the mud Brings about the arrival of the enemy.	Primera línea alineada (Jaccard 100%). | Solapamiento léxico moderado MT↔Baynes (44%).
6	L3_oraculo	pair	48%	22%	strong_align	Alineación fuerte	Von alter Tugend sich nähren, gibt Beharrlichkeit. Gefahr, am Ende kommt Heil. Folgst du etwa eines Königs Diensten, so suche nicht Werke.	Feeding on old virtue gives perseverance. Danger, salvation comes in the end. If you follow a king's service, so do not seek works.	To nourish oneself on ancient virtue induces perseverance. Danger. In the end, good fortune comes. If by chance you are in the service of a …	Primera línea poco alineada (Jaccard 22%). | Solapamiento léxico alto MT↔Baynes (48%).
7	L3_oraculo	pair	44%	50%	moderate_align	Alineación moderada	Das Heer führt etwa im Wagen Leichen. Unheil!	The army carries corpses in wagons. Mischief!	Perchance the army carries corpses in the wagon. Misfortune.	Primera línea alineada (Jaccard 50%). | Solapamiento léxico moderado MT↔Baynes (44%).
8	L3_oraculo	pair	39%	50%	moderate_align	Alineación moderada	Du hältst zusammen mit Menschen, die nicht die rechten sind.	You stick together with people, who are not the right ones.	You hold together with the wrong people.	Primera línea alineada (Jaccard 50%). | Solapamiento léxico moderado MT↔Baynes (38%).
9	L3_oraculo	pair	44%	22%	moderate_align	Alineación moderada	Dem Wagen springen die Speichen ab. Mann und Frau verdrehen die Augen.	The spokes fall off the car. Man and woman roll their eyes.	The spokes burst out of the wagon wheels. Man and wife roll their eyes.	Primera línea poco alineada (Jaccard 22%). | Solapamiento léxico moderado MT↔Baynes (44%).
10	L3_oraculo	pair	39%	50%	moderate_align	Alineación moderada	Ein Einäugiger kann sehen, ein Lahmer kann auftreten. Er tritt auf des Tigers Schwanz. Der beißt den Menschen. Unheil! Ein Krieger handelt s…	A one-eyed man can see, a lame man can appear. He steps on the tiger's tail. It bites people. Mischief! A warrior acts like this for his gre…	A one-eyed man is able to see, A lame man is able to tread. He treads on the tail of the tiger. The tiger bites the man. Misfortune. Thus do…	Primera línea alineada (Jaccard 50%). | Solapamiento léxico moderado MT↔Baynes (39%).
11	L3_oraculo	pair	48%	67%	strong_align	Alineación fuerte	Keine Ebene, auf die nicht ein Abhang folgt, kein Hingang, auf den nicht die Wiederkehr folgt. Ohne Makel ist, wer beharrlich bleibt in Gefa…	There is no plain that is not followed by a slope, no departure that is not followed by return. He who persists in danger is blameless. Don'…	No plain not followed by a slope. No going not followed by a return. He who remains persevering in danger Is without blame. Do not complain …	Primera línea alineada (Jaccard 67%). | Solapamiento léxico alto MT↔Baynes (48%).
12	L3_oraculo	pair	50%	50%	strong_align	Alineación fuerte	Sie tragen Scham.	They carry shame.	They bear shame.	Primera línea alineada (Jaccard 50%). | Solapamiento léxico alto MT↔Baynes (50%).
13	L3_oraculo	pair	80%	100%	strong_align	Alineación fuerte	Versteckt Waffen im Dickicht, steigt auf den hohen Hügel davor. Drei Jahre lang erhebt er sich nicht.	Hides weapons in the thicket, climbs the high hill in front of it. He doesn't rise for three years.	He hides weapons in the thicket; He climbs the high hill in front of it. For three years he does not rise up.	Primera línea alineada (Jaccard 100%). | Solapamiento léxico alto MT↔Baynes (80%).
14	L3_oraculo	pair	36%	83%	moderate_align	Alineación moderada	Ein Fürst bringt ihn dem Sohn des Himmels dar. Ein kleiner Mensch kann das nicht.	A prince offers him to the Son of Heaven. A little person can't do that.	A prince offers it to the Son of Heaven. A petty man cannot do this.	Primera línea alineada (Jaccard 83%). | Solapamiento léxico moderado MT↔Baynes (36%).
15	L3_oraculo	pair	7%	11%	divergent	Divergente	Ein verdienstvoll-bescheidener Edler bringt zu Ende. Heil!	A meritorious and humble nobleman finishes. Unhurt!	A superior man of modesty and merit Carries things to conclusion. Good fortune.	Primera línea poco alineada (Jaccard 11%). | Solapamiento léxico bajo MT↔Baynes (7%).
16	L3_oraculo	pair	40%	25%	moderate_align	Alineación moderada	Nach oben blickende Begeisterung schafft Reue. Zögern bringt Reue.	Looking up, enthusiasm creates regret. Hesitation brings regret.	Enthusiasm that looks upward creates remorse. Hesitation brings remorse.	Primera línea poco alineada (Jaccard 25%). | Solapamiento léxico moderado MT↔Baynes (40%).
17	L3_oraculo	pair	29%	43%	moderate_align	Alineación moderada	Hängt man dem starken Mann an, so verliert man den kleinen Knaben. Durch Nachfolge findet man, was man sucht. Fördernd ist es, beharrlich zu…	If you follow the strong man, that's how you lose the little boy. Through discipleship you find what you are looking for. It is beneficial t…	If one clings to the strong man, One loses the little boy. Through following one finds what one seeks. It furthers one to remain persevering…	Primera línea alineada (Jaccard 43%). | Solapamiento léxico moderado MT↔Baynes (29%).
18	L3_oraculo	pair	23%	27%	weak_align	Alineación débil	Zurechtbringen des vom Vater Verdorbenen. Ein wenig wird es Reue geben. Kein großer Makel.	Correcting what was corrupted by the father. There will be some regrets. Not a big flaw.	Setting right what has been spoiled by the father. There will be a little remorse. No great blame.	Primera línea poco alineada (Jaccard 27%). | Solapamiento léxico moderado MT↔Baynes (23%).
19	L3_oraculo	pair	44%	33%	moderate_align	Alineación moderada	Behagliche Annäherung. Nichts, das fördernd wäre. Erreicht man Trauer darüber, so wird man ohne Makel.	Comfortable approach. Nothing that would be helpful. If one reaches grief over it, one becomes without blemish.	Comfortable approach. Nothing that would further. If one is induced to grieve over it, One becomes free of blame.	Primera línea poco alineada (Jaccard 33%). | Solapamiento léxico moderado MT↔Baynes (44%).
20	L3_oraculo	pair	36%	100%	moderate_align	Alineación moderada	Betrachtung meines Lebens entscheidet über Fortschritt oder Rückzug.	Contemplation of my life decides whether to progress or retreat.	Contemplation of my life Decides the choice Between advance and retreat.	Primera línea alineada (Jaccard 100%). | Solapamiento léxico moderado MT↔Baynes (36%).
21	L3_oraculo	pair	31%	22%	moderate_align	Alineación moderada	Beißt auf altes Dörrfleisch und trifft auf Giftiges. Kleine Beschämung. Kein Makel.	Bites on old jerky and encounters something poisonous. Small embarrassment. No flaw.	Bites on old dried meat And strikes on something poisonous. Slight humiliation. No blame.	Primera línea poco alineada (Jaccard 22%). | Solapamiento léxico moderado MT↔Baynes (31%).
22	L3_oraculo	pair	50%	100%	strong_align	Alineación fuerte	Anmutig und feucht. Dauernde Beharrlichkeit bringt Heil.	Graceful and moist. Enduring perseverance brings salvation.	Graceful and moist. Constant perseverance brings good fortune.	Primera línea alineada (Jaccard 100%). | Solapamiento léxico alto MT↔Baynes (50%).
23	L3_oraculo	pair	33%	33%	moderate_align	Alineación moderada	Er zersplittert sich mit ihnen. Kein Makel.	He fragments with them. No flaw.	He splits with them. No blame.	Primera línea poco alineada (Jaccard 33%). | Solapamiento léxico moderado MT↔Baynes (33%).
24	L3_oraculo	pair	14%	14%	weak_align	Alineación débil	Mehrfache Wiederkehr. Gefahr. Kein Makel.	Multiple returns. Danger. No flaw.	Repeated return. Danger. No blame.	Primera línea poco alineada (Jaccard 14%). | Solapamiento léxico bajo MT↔Baynes (14%).
25	L3_oraculo	pair	71%	33%	strong_align	Alineación fuerte	Unverschuldetes Unglück: Die Kuh, die von jemand angebunden war, ist des Wanderers Gewinn, des Bürgers Verlust.	Unintentional misfortune: The cow that was tied up by someone is the wanderer's gain, the citizen's loss.	Undeserved misfortune. The cow that was tethered by someone Is the wanderer's gain, the citizen's loss.	Primera línea poco alineada (Jaccard 33%). | Solapamiento léxico alto MT↔Baynes (71%).
26	L3_oraculo	pair	39%	100%	moderate_align	Alineación moderada	Ein gutes Pferd, das andern folgt. Fördernd ist Bewußtsein der Gefahr und Beharrlichkeit. Täglich übe dich im Wagenfahren und Waffenschutz. …	A good horse that follows others. Awareness of danger and perseverance are beneficial. Practice driving a car and protecting your weapons ev…	A good horse that follows others. Awareness of danger, With perseverance, furthers. Practice chariot driving and armed defense daily. It fur…	Primera línea alineada (Jaccard 100%). | Solapamiento léxico moderado MT↔Baynes (39%).
27	L3_oraculo	pair	10%	17%	divergent	Divergente	Abweichen von der Ernährung. Beharrlichkeit bringt Unheil.	Deviation from diet. Persistence brings disaster.	Turning away from nourishment. Perseverance brings misfortune. Do not act thus for ten years. Nothing serves to further.	Primera línea poco alineada (Jaccard 17%). | Solapamiento léxico bajo MT↔Baynes (10%).
28	L3_oraculo	pair	10%	11%	divergent	Divergente	Der Firstbalken biegt sich durch. Unheil.	The ridge beam bends. Mischief.	The ridgepole sags to the breaking point. Misfortune.	Primera línea poco alineada (Jaccard 11%). | Solapamiento léxico bajo MT↔Baynes (10%).
29	L3_oraculo	pair	44%	80%	moderate_align	Alineación moderada	Vorwärts und rückwärts, Abgrund über Abgrund. In solcher Gefahr halte zunächst inne, sonst kommst du im Abgrund in ein Loch. Handle nicht so…	Forward and backward, abyss upon abyss. In such danger, stop first, otherwise you will end up in a hole in the abyss. Don't act like that.	Forward and backward, abyss on abyss. In danger like this, pause at first and wait, Otherwise you will fall into a pit in the abyss. Do not …	Primera línea alineada (Jaccard 80%). | Solapamiento léxico moderado MT↔Baynes (44%).
30	L3_oraculo	pair	37%	60%	moderate_align	Alineación moderada	Beim Schein der untergehenden Sonne schlagen die Menschen entweder auf den Topf und singen,	In the glow of the setting sun people either hit the pot and sing,	In the light of the setting sun, Men either beat the pot and sing Or loudly bewail the approach of old age. Misfortune.	Primera línea alineada (Jaccard 60%). | Solapamiento léxico moderado MT↔Baynes (37%).
31	L3_oraculo	pair	22%	43%	weak_align	Alineación débil	Die Einwirkung äußert sich in den Schenkeln. Hält sich an das, was ihm folgt. Weitermachen ist beschämend.	The impact manifests itself in the thighs. Sticks to what follows him. Continuing is shameful.	The influence shows itself in the thighs. Holds to that which follows it. To continue is humiliating.	Primera línea alineada (Jaccard 43%). | Solapamiento léxico moderado MT↔Baynes (22%).
32	L3_oraculo	pair	32%	56%	moderate_align	Alineación moderada	Wer seinem Charakter nicht Dauer gibt, dem bietet man Schande. Beharrliche Beschämung.	Whoever does not give his character permanence to whom one offers shame. Persistent shaming.	He who does not give duration to his character Meets with disgrace. Persistent humiliation.	Primera línea alineada (Jaccard 56%). | Solapamiento léxico moderado MT↔Baynes (32%).
33	L3_oraculo	pair	20%	0%	weak_align	Alineación débil	Aufgehaltener Rückzug ist peinlich und gefahrvoll. Die Menschen als Knechte und Mägde zu halten, bringt Heil.	Delayed withdrawal is embarrassing and dangerous. Keeping people as servants and maids brings salvation.	A halted retreat Is nerve-wracking and dangerous. To retain people as men- and maidservants Brings good fortune.	Primera línea poco alineada (Jaccard 0%). | Solapamiento léxico moderado MT↔Baynes (20%).
34	L3_oraculo	pair	36%	39%	moderate_align	Alineación moderada	Der Gemeine wirkt durch Macht, der Edle wirkt nicht so. Fortmachen ist gefährlich. Ein Ziegenbock stößt gegen eine Hecke und verwickelt sein…	The common man works through power, the noble man does not work that way. Continuing is dangerous. A billy goat crashes into a hedge and ent…	The inferior man works through power. The superior man does not act thus. To continue is dangerous. A goat butts against a hedge And gets it…	Primera línea alineada (Jaccard 38%). | Solapamiento léxico moderado MT↔Baynes (36%).
35	L3_oraculo	pair	0%	0%	divergent	Divergente	Alle sind einverstanden. Die Reue schwindet.	Everyone agrees. The regret fades.	All are in accord. Remorse disappears.	Primera línea poco alineada (Jaccard 0%). | Solapamiento léxico bajo MT↔Baynes (0%).
36	L3_oraculo	pair	30%	33%	moderate_align	Alineación moderada	Die Verfinsterung des Lichts auf der Jagd im Süden. Man bekommt ihr großes Haupt. Man darf nicht zu eilig Beharrlichkeit erwarten.	The eclipse of the light while hunting in the south. You get her big head. One should not expect perseverance too quickly.	Darkening of the light during the hunt in the south. Their great leader is captured. One must not expect perseverance too soon.	Primera línea poco alineada (Jaccard 33%). | Solapamiento léxico moderado MT↔Baynes (30%).
37	L3_oraculo	pair	22%	22%	weak_align	Alineación débil	Wenn es in der Sippe hitzig zugeht, so entsteht Reue über zu große Strenge. Doch Heil! Wenn Weib und Kind tändeln und lachen, so führt das s…	When things get heated in the clan, This is how remorse arises for being too strict. But hail! When wife and child frolic and laugh, This ul…	When tempers flare up in the family, Too great severity brings remorse. Good fortune nonetheless. When woman and child dally and laugh, It l…	Primera línea poco alineada (Jaccard 22%). | Solapamiento léxico moderado MT↔Baynes (22%).
38	L3_oraculo	pair	30%	8%	moderate_align	Alineación moderada	Man sieht den Wagen nach hinten gezerrt, die Rinder festgehalten, dem Menschen Haare und Nase abgeschnitten. Kein guter Anfang, aber ein gut…	You can see the car pulled backwards, the cattle held, Human hair and nose cut off. Not a good start, but a good ending.	One sees the wagon dragged back, The oxen halted, A man's hair and nose cut off. Not a good beginning, but a good end.	Primera línea poco alineada (Jaccard 8%). | Solapamiento léxico moderado MT↔Baynes (30%).
39	L3_oraculo	pair	33%	13%	moderate_align	Alineación moderada	Gehen führt in Hemmnisse; da kommt er zurück.	Walking leads to obstacles; then he comes back.	Going leads to obstructions; Hence he comes back.	Primera línea poco alineada (Jaccard 13%). | Solapamiento léxico moderado MT↔Baynes (33%).
40	L3_oraculo	pair	25%	22%	moderate_align	Alineación moderada	Wenn einer eine Last auf dem Rücken trägt und trotzdem auf dem Wagen fährt, veranlaßt er dadurch die Räuber, herbeizukommen. Beharrlichkeit …	When someone carries a load on their back and still rides on the wagon, He thereby causes the robbers to come. Persistence leads to embarras…	If a man carries a burden on his back And nonetheless rides in a carriage, He thereby encourages robbers to draw near. Perseverance leads to…	Primera línea poco alineada (Jaccard 22%). | Solapamiento léxico moderado MT↔Baynes (25%).
41	L3_oraculo	pair	32%	67%	moderate_align	Alineación moderada	Wenn drei Menschen miteinander wandern, so vermindern sie sich um einen Menschen. Wenn ein Mensch wandert, so findet er seinen Gefährten.	When three people walk together, so they decrease by one person. When a person wanders, this is how he finds his companion.	When three people journey together, Their number decreases by one. When one man journeys alone, He finds a companion.	Primera línea alineada (Jaccard 67%). | Solapamiento léxico moderado MT↔Baynes (32%).
42	L3_oraculo	pair	57%	29%	strong_align	Alineación fuerte	Man wird gemehrt durch unheilvolle Ereignisse. Kein Makel, wenn du wahrhaftig bist und in der Mitte wandelst und dem Fürsten berichtest mit …	One is increased by disastrous events. No flaw if you are truthful and walk in the middle and report to the prince with a seal.	One is enriched through unfortunate events. No blame, if you are sincere And walk in the middle, And report with a seal to the prince.	Primera línea poco alineada (Jaccard 29%). | Solapamiento léxico alto MT↔Baynes (57%).
43	L3_oraculo	pair	52%	50%	strong_align	Alineación fuerte	Mächtig in den Backenknochen zu sein bringt Unheil. Der Edle ist fest entschlossen. Er wandelt einsam und kommt in den Regen. Er wird bespri…	Being powerful in the cheekbones brings misfortune. The noble man is determined. He walks alone and comes into the rain. He is splashed and …	To be powerful in the cheekbones Brings misfortune. The superior man is firmly resolved. He walks alone and is caught in the rain. He is bes…	Primera línea alineada (Jaccard 50%). | Solapamiento léxico alto MT↔Baynes (52%).
44	L3_oraculo	pair	36%	60%	moderate_align	Alineación moderada	An den Oberschenkeln ist keine Haut, und das Gehen fällt schwer. Wenn man der Gefahr eingedenk ist, macht man keinen großen Fehler.	There is no skin on the thighs, and walking is difficult. When you consider the danger, you don't make a big mistake.	There is no skin on his thighs, And walking comes hard. If one is mindful of the danger, No great mistake is made.	Primera línea alineada (Jaccard 60%). | Solapamiento léxico moderado MT↔Baynes (36%).
45	L3_oraculo	pair	30%	10%	moderate_align	Alineación moderada	Sammlung unter Seufzen. Nichts, das fördernd wäre. Hingehen ist ohne Makel. Kleine Beschämung.	Collection with sighs. Nothing that would be helpful. Going there is without blemish. Small embarrassment.	Gathering together amid sighs. Nothing that would further. Going is without blame. Slight humiliation.	Primera línea poco alineada (Jaccard 10%). | Solapamiento léxico moderado MT↔Baynes (30%).
46	L3_oraculo	pair	38%	38%	moderate_align	Alineación moderada	Man dringt empor in eine leere Stadt.	You emerge into an empty city.	One pushes upward into an empty city.	Primera línea alineada (Jaccard 38%). | Solapamiento léxico moderado MT↔Baynes (38%).
47	L3_oraculo	pair	30%	25%	moderate_align	Alineación moderada	Man läßt sich bedrängen durch Stein und stützt sich auf Dornen und Disteln.	You allow yourself to be oppressed by stone and leans on thorns and thistles.	A man permits himself to be oppressed by stone, And leans on thorns and thistles. He enters his house and does not see his wife. Misfortune.	Primera línea poco alineada (Jaccard 25%). | Solapamiento léxico moderado MT↔Baynes (30%).
48	L3_oraculo	pair	39%	50%	moderate_align	Alineación moderada	Der Brunnen ist gereinigt, aber man trinkt nicht daraus. Das ist meines Herzens Leid; denn man könnte daraus schöpfen. Wäre der König klar, …	The well is cleaned, but you don't drink from it. This is the sorrow of my heart; because you could draw from it. If the king were clear, Th…	The well is cleaned, but no one drinks from it. This is my heart's sorrow, For one might draw from it. If the king were clear-minded, Good f…	Primera línea alineada (Jaccard 50%). | Solapamiento léxico moderado MT↔Baynes (39%).
49	L3_oraculo	pair	24%	14%	weak_align	Alineación débil	Aufbruch bringt Unheil. Beharrlichkeit bringt Gefahr. Wenn die Rede von der Umwälzung dreimal ergangen ist,	Departure brings disaster. Persistence brings danger. When talk of upheaval has been spoken three times,	Starting brings misfortune. Perseverance brings danger. When talk of revolution has gone the rounds three times, One may commit himself, And…	Primera línea poco alineada (Jaccard 14%). | Solapamiento léxico moderado MT↔Baynes (24%).
50	L3_oraculo	pair	19%	25%	weak_align	Alineación débil	Der Henkel des Tiegels ist verändert. Man ist behindert in seinem Wandel. Das Fett des Fasans wird nicht gegessen.	The handle of the crucible has been changed. You are hindered in your change. The fat of the pheasant is not eaten.	The handle of the ting is altered. One is impeded in his way of life. The fat of the pheasant is not eaten. Once rain falls, remorse is spen…	Primera línea poco alineada (Jaccard 25%). | Solapamiento léxico bajo MT↔Baynes (19%).
51	L3_oraculo	pair	33%	18%	moderate_align	Alineación moderada	Das Erschüttern kommt und macht fassungslos. Wenn man infolge des Erschütterns handelt, so bleibt man frei von Unglück.	The shaking comes and leaves you stunned. If one acts as a result of the shock, this way one remains free from misfortune.	Shock comes and makes one distraught. If shock spurs to action One remains free of misfortune.	Primera línea poco alineada (Jaccard 18%). | Solapamiento léxico moderado MT↔Baynes (33%).
52	L3_oraculo	pair	54%	40%	strong_align	Alineación fuerte	Stillehalten seiner Hüften. Steifmachen seines Kreuzbeins. Gefährlich. Das Herz erstickt.	Stilling his hips. Stiffening his sacrum. Dangerous. The heart suffocates.	Keeping his hips still. Making his sacrum stiff. Dangerous. The heart suffocates.	Primera línea alineada (Jaccard 40%). | Solapamiento léxico alto MT↔Baynes (54%).
53	L3_oraculo	pair	27%	56%	moderate_align	Alineación moderada	Die Wildgans zieht allmählich der Hochebene zu. Der Mann zieht aus und kehrt nicht wieder.	The wild goose is gradually moving towards the plateau. The man moves out and doesn't return.	The wild goose gradually draws near the plateau. The man goes forth and does not return. The woman carries a child but does not bring it for…	Primera línea alineada (Jaccard 56%). | Solapamiento léxico moderado MT↔Baynes (27%).
54	L3_oraculo	pair	75%	60%	strong_align	Alineación fuerte	Das heiratende Mädchen als Sklavin. Sie heiratet als Nebenfrau.	The marrying girl as a slave. She marries as a concubine.	The marrying maiden as a slave. She marries as a concubine.	Primera línea alineada (Jaccard 60%). | Solapamiento léxico alto MT↔Baynes (75%).
55	L3_oraculo	pair	48%	60%	strong_align	Alineación fuerte	Das Gestrüpp ist von solcher Fülle, daß man am Mittag die kleinen Sterne sieht. Er bricht seinen rechten Arm. Kein Makel.	The undergrowth is of such abundance, that you can see the little stars at midday. He breaks his right arm. No flaw.	The underbrush is of such abundance That the small stars can be seen at noon. He breaks his right arm. No blame.	Primera línea alineada (Jaccard 60%). | Solapamiento léxico alto MT↔Baynes (48%).
56	L3_oraculo	pair	69%	67%	strong_align	Alineación fuerte	Dem Wanderer verbrennt seine Herberge. Er verliert die Beharrlichkeit seines jungen Dieners. Gefahr.	The hiker's inn burns down. He loses his young servant's persistence. Danger.	The wanderer's inn burns down. He loses the steadfastness of his young servant. Danger.	Primera línea alineada (Jaccard 67%). | Solapamiento léxico alto MT↔Baynes (69%).
57	L3_oraculo	pair	50%	50%	strong_align	Alineación fuerte	Wiederholtes Eindringen. Beschämung.	Repeated penetration. Mortification.	Repeated penetration. Humiliation.	Primera línea alineada (Jaccard 50%). | Solapamiento léxico alto MT↔Baynes (50%).
58	L3_oraculo	pair	20%	20%	weak_align	Alineación débil	Kommende Heiterkeit. Unheil!	Coming hilarity. Mischief!	Coming joyousness. Misfortune.	Primera línea poco alineada (Jaccard 20%). | Solapamiento léxico moderado MT↔Baynes (20%).
59	L3_oraculo	pair	60%	60%	strong_align	Alineación fuerte	Er löst sein Ich auf. Keine Reue.	He dissolves his self. No regrets.	He dissolves his self. No remorse.	Primera línea alineada (Jaccard 60%). | Solapamiento léxico alto MT↔Baynes (60%).
60	L3_oraculo	pair	33%	25%	moderate_align	Alineación moderada	Wer keine Beschränkung kennt, wird zu klagen haben. Kein Makel.	Anyone who knows no restrictions will have to complain. No flaw.	He who knows no limitation Will have cause to lament. No blame.	Primera línea poco alineada (Jaccard 25%). | Solapamiento léxico moderado MT↔Baynes (33%).
61	L3_oraculo	pair	55%	100%	strong_align	Alineación fuerte	Er findet einen Genossen, bald trommelt er, bald hört er auf. Bald schluchzt er, bald singt er.	He finds a comrade, now he drums, now he stops. Sometimes he sobs, sometimes he sings.	He finds a comrade. Now he beats the drum, now he stops. Now he sobs, now he sings.	Primera línea alineada (Jaccard 100%). | Solapamiento léxico alto MT↔Baynes (55%).
62	L3_oraculo	pair	13%	0%	weak_align	Alineación débil	Wenn man sich nicht außerordentlich vorsieht, so kommt etwa einer von hinten und schlägt einen. Unheil!	If you don't take extra care, For example, someone comes from behind and hits you. Mischief!	If one is not extremely careful, Somebody may come up from behind and strike him. Misfortune.	Primera línea poco alineada (Jaccard 0%). | Solapamiento léxico bajo MT↔Baynes (13%).
63	L3_oraculo	pair	35%	29%	moderate_align	Alineación moderada	Der hohe Ahn züchtigt das Teufelsland. Nach drei Jahren überwindet er es. Gemeine darf man nicht verwenden.	The great ancestor chastises the devil country. After three years he overcomes it. Common ones are not allowed to be used.	The Illustrious Ancestor Disciplines the Devil's Country. After three years he conquers it. Inferior people must not be employed.	Primera línea poco alineada (Jaccard 29%). | Solapamiento léxico moderado MT↔Baynes (35%).
64	L3_oraculo	pair	50%	67%	strong_align	Alineación fuerte	Vor der Vollendung bringt Angriff Unheil. Fördernd ist es, das große Wasser zu durchqueren.	Before completion, attack brings disaster. It is beneficial to cross the big water.	Before completion, attack brings misfortune. It furthers one to cross the great water.	Primera línea alineada (Jaccard 67%). | Solapamiento léxico alto MT↔Baynes (50%).
1	L3_comentario	pair	38%	29%	moderate_align	Alineación moderada	Ein Wirkungskreis eröffnet sich für den bedeutenden Mann. Sein Ruhm beginnt sich auszubreiten. Die Massen fallen ihm zu. Seine innere Kraft …	A sphere of influence opens up for the important man. His fame begins to spread. The masses fall to him. His inner strength is equal to the …	A sphere of influence opens up for the great man. His fame begins to spread. The masses flock to him. His inner power is adequate to the inc…	Primera línea poco alineada (Jaccard 29%). | Solapamiento léxico moderado MT↔Baynes (38%).
2	L3_comentario	pair	33%	29%	moderate_align	Alineación moderada	Wenn man frei von Eitelkeit ist, so vermag man seine Vorzüge so zu verdecken, daß sie nicht vorzeitig die öffentliche Aufmerksamkeit auf sic…	If one is free from vanity, one can conceal one's advantages in such a way that they do not prematurely attract public attention. This is ho…	If a man is free of vanity he is able to conceal his abilities and keep them from attracting attention too soon; thus he can mature undistur…	Primera línea poco alineada (Jaccard 29%). | Solapamiento léxico moderado MT↔Baynes (33%).
3	L3_comentario	pair	27%	23%	moderate_align	Alineación moderada	Wenn man keinen Führer hat und in einem fremden Walde jagen will, so verirrt man sich. Man darf sich aus den Schwierigkeiten, in denen man s…	If you don't have a guide and want to hunt in a foreign forest, you'll get lost. You shouldn't want to sneak out of the difficulties you're …	If a man tries to hunt in a strange forest and has no guide, he loses his way. When he finds himself in difficulties he must not try to stea…	Primera línea poco alineada (Jaccard 23%). | Solapamiento léxico moderado MT↔Baynes (27%).
4	L3_comentario	pair	41%	31%	moderate_align	Alineación moderada	Ein schwacher, unerfahrener Mensch, der nach oben strebt, verliert leicht seine persönliche Eigenart, wenn er an hoher Stelle eine starke Pe…	A weak, inexperienced person striving for the top easily loses his personal idiosyncrasy when he sees a strong personality in a high place, …	A weak, inexperienced man, struggling to rise, easily loses his own individuality when he slavishly imitates a strong personality of higher …	Primera línea poco alineada (Jaccard 31%). | Solapamiento léxico moderado MT↔Baynes (41%).
5	L3_comentario	pair	39%	39%	moderate_align	Alineación moderada	Der Schlamm, der schon vom Wasser des Stromes bespült wird, ist kein günstiger Ort für das Warten. Statt die Kräfte zu sammeln, um in einem …	The mud, already washed by the water of the stream, is not a favorable place to wait. Instead of gathering the strength to cross the water i…	Mud is no place for waiting, since it is already being washed by the water of the stream. Instead of having gathered strength to cross the s…	Primera línea alineada (Jaccard 39%). | Solapamiento léxico moderado MT↔Baynes (39%).
6	L3_comentario	pair	37%	22%	moderate_align	Alineación moderada	Es wird hier vor der Gefahr gewarnt, die die Neigung zum Umsichgreifen bringt. Nur was durch frühere Verdienste ehrlich verdient ist, bleibt…	There is a warning here about the danger that comes with the tendency to encroach. Only what is honestly earned through previous merits rema…	This is a warning of the danger that goes with an expansive disposition. Only that which has been honestly acquired through merit remains a …	Primera línea poco alineada (Jaccard 22%). | Solapamiento léxico moderado MT↔Baynes (36%).
7	L3_comentario	pair	38%	14%	moderate_align	Alineación moderada	Die eine Erklärung deutet auf eine Niederlage infolge davon, daß ein anderer als der berufene Führer sich in die Leitung einmischt. Die ande…	One explanation points to a defeat resulting from someone other than the appointed leader interfering in the leadership. The other explanati…	Here we have a choice of two explanations. One points to defeat because someone other than the chosen leader interferes with the command; th…	Primera línea poco alineada (Jaccard 14%). | Solapamiento léxico moderado MT↔Baynes (38%).
8	L3_comentario	pair	40%	40%	moderate_align	Alineación moderada	Man ist oft unter lauter Menschen, die nicht zur eigenen Sphäre gehören. Da darf man sich nicht zu einer falschen Vertraulichkeit durch die …	You are often surrounded by people who do not belong to your sphere. You shouldn't allow yourself to be carried away by the force of habit i…	We are often among people who do not belong to our own sphere. In that case we must beware of being drawn into false intimacy through force …	Primera línea alineada (Jaccard 40%). | Solapamiento léxico moderado MT↔Baynes (40%).
9	L3_comentario	pair	35%	19%	moderate_align	Alineación moderada	Hier wird der Versuch gemacht, gewaltsam vorzudringen, im Bewußtsein davon, daß die hemmende Macht nur gering ist. Allein da den Umständen e…	Here the attempt is made to advance by force, in the knowledge that the inhibiting power is only small. But since, given the circumstances, …	Here an attempt is made to press forward forcibly, in the consciousness that the obstructing power is slight. But since, under the circumsta…	Primera línea poco alineada (Jaccard 19%). | Solapamiento léxico moderado MT↔Baynes (35%).
10	L3_comentario	pair	28%	26%	moderate_align	Alineación moderada	Ein Einäugiger kann wohl sehen, aber es reicht ihm nicht zum klaren Sehen. Ein Lahmer kann wohl auftreten, aber es reicht ihm nicht zum Vora…	A one-eyed person can see, but it is not enough for him to see clearly. A lame person can appear, but it is not enough for him to move forwa…	A one-eyed man can indeed see, but not enough for clear vision. A lame man can indeed tread, but not enough to make progress. If in spite of…	Primera línea poco alineada (Jaccard 26%). | Solapamiento léxico moderado MT↔Baynes (28%).
11	L3_comentario	pair	30%	24%	moderate_align	Alineación moderada	Alles Irdische ist dem Wechsel unterworfen. Auf Blüte folgt Niedergang. Das ist das ewige Gesetz auf Erden. Das Schlechte kann wohl zurückge…	Everything earthly is subject to change. Bloom follows decline. This is the eternal law on earth. The bad can be pushed back, but not perman…	Everything on earth is subject to change. Prosperity is followed by decline: this is the eternal law on earth. Evil can indeed be held in ch…	Primera línea poco alineada (Jaccard 24%). | Solapamiento léxico moderado MT↔Baynes (29%).
12	L3_comentario	pair	50%	50%	strong_align	Alineación fuerte	Die Gemeinen, die auf unrechtmäßige Weise emporgekommen sind, fühlen sich der Verantwortung, die sie auf sich genommen haben, nicht gewachse…	The commoners who have risen in an illegitimate way do not feel equal to the responsibility they have taken upon themselves. They begin – at…	Inferior people who have risen to power illegitimately do not feel equal to the responsibility they have taken upon themselves. In their hea…	Primera línea alineada (Jaccard 50%). | Solapamiento léxico alto MT↔Baynes (50%).
13	L3_comentario	pair	32%	25%	moderate_align	Alineación moderada	Hier ist die Gemeinschaft in Mißtrauen umgeschlagen. Man mißtraut den andern, legt geheimen Hinterhalt und sucht von ferne den andern auszus…	Here the community has turned into mistrust. People mistrust others, lay secret ambushes and try to spy on others from a distance. You are d…	Here fellowship has changed about to mistrust. Each man distrusts the other, plans a secret ambush, and seeks to spy on his fellow from afar…	Primera línea poco alineada (Jaccard 25%). | Solapamiento léxico moderado MT↔Baynes (32%).
14	L3_comentario	pair	35%	27%	moderate_align	Alineación moderada	Es ist die Sache eines hochherzigen, freisinnigen Menschen, daß er seinen Besitz nicht als sein ausschließliches persönliches Eigentum betra…	It is the responsibility of a generous, liberal person not to view his possessions as his exclusive personal property, but to make them avai…	A magnanimous, liberal-minded man should not regard what he possesses as his exclusive personal property, but should place it at the disposa…	Primera línea poco alineada (Jaccard 27%). | Solapamiento léxico moderado MT↔Baynes (35%).
15	L3_comentario	pair	30%	27%	moderate_align	Alineación moderada	Hier ist das Zentrum des Zeichens, wo sein Geheimnis ausgesprochen wird. Durch große Leistungen erwirbt man sich bald einen bedeutenden Name…	Here is the center of the sign, where its secret is expressed. Great achievements will soon earn you an important name. If you allow yoursel…	This is the center of the hexagram, where its secret is disclosed. A distinguished name is readily earned by great achievements. If a man al…	Primera línea poco alineada (Jaccard 27%). | Solapamiento léxico moderado MT↔Baynes (30%).
16	L3_comentario	pair	36%	36%	moderate_align	Alineación moderada	Es ist hier das Gegenteil der vorigen Linie; dort Selbständigkeit, hier das begeisterte Emporblicken. Zögert man zu lange, so schafft auch d…	It is the opposite of the previous line here; there independence, here enthusiastic looking up. If you hesitate for too long, it also create…	This line is the opposite of the preceding one: the latter bespeaks self-reliance, while here there is enthusiastic looking up to a leader. …	Primera línea alineada (Jaccard 36%). | Solapamiento léxico moderado MT↔Baynes (36%).
17	L3_comentario	pair	33%	33%	moderate_align	Alineación moderada	Wenn man den rechten Anschluß bei bedeutenden Menschen gefunden hat, so ist damit naturgemäß ein gewisser Verlust verbunden. Man muß sich vo…	If you have found the right connection with important people, there is of course a certain loss associated with it. You have to separate you…	When the right connection with distinguished people has been found, a certain loss naturally ensues. A man must part company with the inferi…	Primera línea poco alineada (Jaccard 33%). | Solapamiento léxico moderado MT↔Baynes (33%).
18	L3_comentario	pair	43%	43%	moderate_align	Alineación moderada	Es ist hier jemand gezeichnet, der beim Zurechtbringen der Fehler der Vergangenheit etwas zu energisch vorgeht. Dadurch werden sicher dann u…	What is depicted here is someone who is a little too forceful in correcting the mistakes of the past. This will certainly cause minor annoya…	This describes a man who proceeds a little too energetically in righting the mistakes of the past. Now and then, as a result, minor discords…	Primera línea alineada (Jaccard 43%). | Solapamiento léxico moderado MT↔Baynes (43%).
19	L3_comentario	pair	34%	33%	moderate_align	Alineación moderada	Es geht fröhlich voran. Man kommt zu Macht und Einfluß. Aber das birgt die Gefahr, daß man im Vertrauen auf seine Stellung sich behaglich fü…	Things are progressing happily. You gain power and influence. But this carries the danger that one feels comfortable in one's confidence in …	Things are going well for a man: he achieves power and influence. But in this lies the danger that he may relax, and confident of his positi…	Primera línea poco alineada (Jaccard 33%). | Solapamiento léxico moderado MT↔Baynes (34%).
20	L3_comentario	pair	36%	27%	moderate_align	Alineación moderada	Es ist hier der Platz des Übergangs. Man blickt nicht mehr nach außen, um mehr oder weniger beschränkte oder verwirrte Bilder zu erhalten, s…	This is the place of transition. One no longer looks outwards to obtain more or less limited or confused images, but rather one directs one'…	This is the place of transition. We no longer look outward to receive pictures that are more or less limited and confused, but direct our co…	Primera línea poco alineada (Jaccard 27%). | Solapamiento léxico moderado MT↔Baynes (36%).
21	L3_comentario	pair	36%	30%	moderate_align	Alineación moderada	Es soll jemand eine Strafe vollziehen, zu der er nicht genügend Macht und Ansehen besitzt. Darum fügen sich die Bestraften nicht. Es handelt…	Someone is supposed to carry out a punishment for which he does not have enough power and prestige. That is why the punished do not submit. …	Punishment is to be carried out by someone who lacks the power and authority to do so. Therefore the culprits do not submit. The matter at i…	Primera línea poco alineada (Jaccard 30%). | Solapamiento léxico moderado MT↔Baynes (36%).
22	L3_comentario	pair	30%	30%	moderate_align	Alineación moderada	Es ist eine höchst anmutige Lebenslage, in der man sich befindet. Anmut und feuchtverklärter Glanz umgeben einen. Diese Anmut kann wohl schm…	It is a most graceful situation to be in. Grace and moist, transfigured shine surround you. This grace can decorate, but it can also sink. H…	This represents a very charming life situation. One is under the spell of grace and the mellow mood induced by wine. This grace can adorn, b…	Primera línea poco alineada (Jaccard 30%). | Solapamiento léxico moderado MT↔Baynes (30%).
23	L3_comentario	pair	33%	33%	moderate_align	Alineación moderada	Man steht mitten drin in einer schlechten Umgebung, mit der man auch durch äußere Verbindungen zusammenhängt. Doch besteht eine innere Bezie…	You are in the middle of a bad environment, with which you are also connected through external connections. But there is an inner relationsh…	An individual finds himself in an evil environment to which he is committed by external ties. But he has an inner relationship with a superi…	Primera línea poco alineada (Jaccard 33%). | Solapamiento léxico moderado MT↔Baynes (33%).
24	L3_comentario	pair	34%	34%	moderate_align	Alineación moderada	Es gibt Menschen von einer gewissen inneren Unbestän digkeit. Für sie ist fortwährend Umkehr der Willensrichtung nötig. In diesem fortwähren…	There are people with a certain inner instability. For them, constant reversal of the direction of the will is necessary. There is a danger …	There are people of a certain inner instability who feel a constant urge to reverse themselves. There is danger in continually deserting the…	Primera línea poco alineada (Jaccard 34%). | Solapamiento léxico moderado MT↔Baynes (34%).
25	L3_comentario	pair	40%	40%	moderate_align	Alineación moderada	Manchmal kommt unverschuldetes Unglück über einen, das von einem andern veranlaßt wird, wie etwa, wenn ein Mann des Weges kommt und eine ang…	Sometimes misfortune comes upon one through no fault of one's own, caused by another, as when a man comes along the way and lets a tethered …	Sometimes undeserved misfortune befalls a man at the hands of another, as for instance when someone passes by and takes a tethered cow along…	Primera línea alineada (Jaccard 40%). | Solapamiento léxico moderado MT↔Baynes (40%).
26	L3_comentario	pair	39%	37%	moderate_align	Alineación moderada	Der Weg öffnet sich. Die Hemmung hat aufgehört. Man steht in Beziehung zu einem starken Willen, der in gleicher Richtung wirkt. Man kommt vo…	The path opens. The inhibition has stopped. You are in a relationship with a strong will that works in the same direction. You move forward …	The way opens; the hindrance has been cleared away. A man is in contact with a strong will acting in the same direction as his own, and goes…	Primera línea alineada (Jaccard 37%). | Solapamiento léxico moderado MT↔Baynes (39%).
27	L3_comentario	pair	43%	10%	moderate_align	Alineación moderada	Zehn Jahre handle nicht danach. Nichts ist fördernd. Wer Nahrung sucht, die nicht nährt, der taumelt von Begierde zu Genuß, und im Genuß ver…	Don't act on it for ten years. Nothing is encouraging. He who seeks food that does not nourish staggers from desire to pleasure, and in plea…	He who seeks nourishment that does not nourish reels from desire to gratification and in gratification craves desire. Mad pursuit of pleasur…	Primera línea poco alineada (Jaccard 10%). | Solapamiento léxico moderado MT↔Baynes (43%).
28	L3_comentario	pair	17%	17%	weak_align	Alineación débil	Es ist eine Persönlichkeit gezeichnet, die in Zeiten des Übergewichts des Großen heftig durchfahren will. Sie nimmt von den andern keinen Ra…	A personality is drawn that wants to push through violently in times when the big one is predominant. She doesn't take advice from the other…	This indicates a type of man who in times of preponderance of the great insists on pushing ahead. He accepts no advice from others, and ther…	Primera línea poco alineada (Jaccard 17%). | Solapamiento léxico bajo MT↔Baynes (17%).
29	L3_comentario	pair	32%	32%	moderate_align	Alineación moderada	Jeder Schritt vorwärts und rückwärts bringt in Gefahr. An ein Entkommen ist nicht zu denken. Darum darf man sich nicht zum Handeln verleiten…	Every step forward and backward brings danger. Escape is out of the question. That's why you shouldn't allow yourself to be tempted to act t…	Here every step, forward or backward, leads into danger. Escape is out of the question. Therefore we must not be misled into action, as a re…	Primera línea poco alineada (Jaccard 31%). | Solapamiento léxico moderado MT↔Baynes (31%).
30	L3_comentario	pair	29%	4%	moderate_align	Alineación moderada	oder sie seufzen laut über das nahende Greisenalter. Unheil. Hier ist das Ende des Tages. Der Schein der niedergehenden Sonne erinnert an di…	or they sigh loudly about approaching old age. Mischief. Here is the end of the day. The glow of the setting sun reminds us of the condition…	Here the end of the day has come. The light of the setting sun calls to mind the fact that life is transitory and conditional. Caught in thi…	Primera línea poco alineada (Jaccard 4%). | Solapamiento léxico moderado MT↔Baynes (29%).
31	L3_comentario	pair	41%	26%	moderate_align	Alineación moderada	Jede Stimmung des Herzens regt zu einer Bewegung an. Wonach das Herz strebt, dahin laufen die Schenkel, ohne sich zu besinnen; sie halten si…	Every mood of the heart stimulates a movement. What the heart strives for, the thighs run towards without thinking about it; they hold on to…	Every mood of the heart influences us to movement. What the heart desires, the thighs run after without a moment's hesitation; they hold to …	Primera línea poco alineada (Jaccard 26%). | Solapamiento léxico moderado MT↔Baynes (41%).
32	L3_comentario	pair	37%	36%	moderate_align	Alineación moderada	Wenn man in seinem Wesen umgetrieben wird von Stimmungen, die von der Außenwelt durch Furcht und Hoffnung erregt werden, so verliert man die…	If one's being is driven by moods that are aroused by fear and hope from the outside world, one loses the inner consistency of one's charact…	If a man remains at the mercy of moods of hope or fear aroused by the outer world, he loses his inner consistency of character. Such inconsi…	Primera línea alineada (Jaccard 36%). | Solapamiento léxico moderado MT↔Baynes (37%).
33	L3_comentario	pair	45%	36%	moderate_align	Alineación moderada	Wenn es Zeit ist, sich zurückzuziehen, und man wird zurückgehalten, so ist das unangenehm und gefährlich zugleich, da einem die Freiheit des…	When it is time to withdraw and you are held back, it is both unpleasant and dangerous because your freedom to act is taken away. In such a …	When it is time to retreat it is both unpleasant and dangerous to be held back, because then one no longer has freedom of action. In such a …	Primera línea alineada (Jaccard 36%). | Solapamiento léxico moderado MT↔Baynes (45%).
34	L3_comentario	pair	39%	39%	moderate_align	Alineación moderada	Das Pochen auf Macht führt zu Verwicklungen, wie ein Bock, der gegen eine Hecke stößt, seine Hörner verwickelt. Während der Gemeine, wenn er…	Pushing for power leads to entanglements, just as a buck bumping into a hedge entangles its horns. While the common man, when in possession …	Making a boast of power leads to entanglements, just as a goat entangles its horns when it butts against a hedge. Whereas an inferior man re…	Primera línea alineada (Jaccard 39%). | Solapamiento léxico moderado MT↔Baynes (39%).
35	L3_comentario	pair	33%	33%	moderate_align	Alineación moderada	Man strebt voran, und zwar in Gemeinschaft mit andern, durch deren Einverständnis man gehoben wird. Dadurch verschwindet der Anlaß zum Bedau…	One strives forward, in community with others, through whose consent one is elevated. This eliminates the cause for regret that would arise …	A man strives onward, in association with others whose backing encourages him. This dispels any cause for regret over the fact that he does …	Primera línea poco alineada (Jaccard 33%). | Solapamiento léxico moderado MT↔Baynes (33%).
36	L3_comentario	pair	39%	39%	moderate_align	Alineación moderada	Scheinbar ist ein Spiel des Zufalls am Werk. Während der Starke und Getreue bestrebt ist, in eifriger Tätigkeit Ordnung zu schaffen, ohne al…	Apparently a game of chance is at work. While the strong and faithful strive to create order through diligent activity, without any ulterior…	It seems as if chance were at work. While the strong, loyal man is striving eagerly and in good faith to create order, he meets the ringlead…	Primera línea alineada (Jaccard 38%). | Solapamiento léxico moderado MT↔Baynes (38%).
37	L3_comentario	pair	44%	44%	moderate_align	Alineación moderada	In der Familie soll die rechte Mitte zwischen Härte und Läßlichkeit herrschen. Zu große Strenge gegen das eigene Fleisch und Blut führt zu R…	In the family, the right balance between harshness and laziness should prevail. Too much severity toward one's own flesh and blood leads to …	In the family the proper mean between severity and indulgence ought to prevail. Too great severity toward one's own flesh and blood leads to…	Primera línea alineada (Jaccard 44%). | Solapamiento léxico moderado MT↔Baynes (44%).
38	L3_comentario	pair	30%	25%	moderate_align	Alineación moderada	Manchmal sieht es so aus, als ob sich alles gegen einen verschworen habe; man sieht sich im Fortschritt gehemmt und zurückgehalten, man sieh…	Sometimes it seems as if everything is conspiring against you; One sees oneself hindered and held back in one's progress, one sees oneself i…	Often it seems to a man as though everything were conspiring against him. He sees himself checked and hindered in his progress, insulted and…	Primera línea poco alineada (Jaccard 25%). | Solapamiento léxico moderado MT↔Baynes (30%).
39	L3_comentario	pair	49%	49%	strong_align	Alineación fuerte	Während die vorige Linie den Beamten zeigt, der um der Pflicht willen den Weg der Gefahr gehen muß, ist hier der Mann gezeigt, der als Famil…	While the previous line shows the official who has to take the path of danger for the sake of duty, here the man is shown who has to act as …	While the preceding line shows the official compelled by duty to follow the way of danger, this line shows the man who must act as father of…	Primera línea alineada (Jaccard 49%). | Solapamiento léxico alto MT↔Baynes (49%).
40	L3_comentario	pair	30%	27%	moderate_align	Alineación moderada	Ein Mensch ist aus ärmlichen Verhältnissen heraus in eine bequeme Lage gekommen, da er von Not befreit ist. Wenn er nun nach Art eines Empor…	A person has come from a poor background to a comfortable situation because he is freed from hardship. If he wants to make himself comfortab…	This refers to a man who has come out of needy circumstances into comfort and freedom from want. If now, in the manner of an upstart, he tri…	Primera línea poco alineada (Jaccard 27%). | Solapamiento léxico moderado MT↔Baynes (30%).
41	L3_comentario	pair	46%	46%	strong_align	Alineación fuerte	Wo drei zusammen sind, da gibt es Eifersucht. Da muß einer weichen. Engste Verbindung ist nur zu zweien möglich. Wo aber einer einsam ist, d…	Where three are together, there is jealousy. Someone has to give way. The closest connection is only possible between two people. But where …	When there are three people together, jealousy arises. One of them will have to go. A very close bond is possible only between two people. B…	Primera línea alineada (Jaccard 46%). | Solapamiento léxico alto MT↔Baynes (46%).
42	L3_comentario	pair	50%	50%	strong_align	Alineación fuerte	Eine Zeit des Segens und der Bereicherung ist in ihrer Wirkung so stark, daß selbst sonst unheilvolle Ereignisse denen zum besten dienen müs…	A time of blessing and enrichment is so powerful in its effect that even otherwise disastrous events must serve the best of those who are af…	A time of blessing and enrichment has such powerful effects that even events ordinarily unfortunate must turn out to the advantage of those …	Primera línea alineada (Jaccard 50%). | Solapamiento léxico alto MT↔Baynes (50%).
43	L3_comentario	pair	38%	23%	moderate_align	Alineación moderada	Die Lage, in der man sich befindet, ist zweideutig. Während alle im entschlossenen Kampf gegen das Gemeine begriffen sind, ist man allein in…	The situation you find yourself in is ambiguous. While everyone is engaged in a determined struggle against the common man, one alone is in …	Here we have a man in an ambiguous situation. While all others are engaged in a resolute fight against all that is inferior, he alone has a …	Primera línea poco alineada (Jaccard 23%). | Solapamiento léxico moderado MT↔Baynes (38%).
44	L3_comentario	pair	34%	34%	moderate_align	Alineación moderada	Man ist innerlich in Versuchung, sich mit dem schlechten Element, das sich einem anbietet, einzulassen. Das ist eine sehr gefährliche Lage. …	You are internally tempted to get involved with the bad element that presents itself to you. This is a very dangerous situation. Fortunately…	There is a temptation to fall in with the evil element offering itself—a very dangerous situation. Fortunately circumstances prevent this; o…	Primera línea poco alineada (Jaccard 34%). | Solapamiento léxico moderado MT↔Baynes (34%).
45	L3_comentario	pair	33%	25%	moderate_align	Alineación moderada	Man hat oft das Bedürfnis des Anschlusses, aber alle andern in der Umgebung haben sich schon untereinander zusammengeschlossen, so daß man i…	You often feel the need to connect, but everyone else around you has already joined forces with each other, so you remain isolated. The whol…	Often a man feels an urge to unite with others, but the individuals around him have already formed themselves into a group, so that he remai…	Primera línea poco alineada (Jaccard 25%). | Solapamiento léxico moderado MT↔Baynes (33%).
46	L3_comentario	pair	26%	22%	moderate_align	Alineación moderada	Hier fallen alle Hemmungen weg, die dem Vordringen sonst gesteckt sind. Es geht mit merkwürdiger Leichtigkeit voran. Unbedenklich folgt man …	Here all the obstacles that would otherwise be present to advances are removed. It progresses with strange ease. You follow this road withou…	All obstructions that generally block progress fall away here. Things proceed with remarkable ease. Unhesitatingly one follows this road, in…	Primera línea poco alineada (Jaccard 22%). | Solapamiento léxico moderado MT↔Baynes (26%).
47	L3_comentario	pair	40%	6%	moderate_align	Alineación moderada	Man geht in sein Haus und sieht nicht seine Frau. Unheil! Es zeigt sich hier ein Mann, der unruhig und unentschieden ist in Zeiten der Not. …	You go into your house and you don't see your wife. Mischief! This shows a man who is restless and indecisive in times of need. At first he …	This shows a man who is restless and indecisive in times of adversity. At first he wants to push ahead, then he encounters obstructions that…	Primera línea poco alineada (Jaccard 6%). | Solapamiento léxico moderado MT↔Baynes (40%).
48	L3_comentario	pair	36%	36%	moderate_align	Alineación moderada	Hier ist ein tüchtiger Mann vorhanden. Er gleicht einem gereinigten Brunnen, dessen Wasser man trinken könnte. Aber er wird nicht gebraucht.…	There is a capable man here. It is like a purified well whose water one could drink. But he is not needed. This is the suffering of the peop…	An able man is available. He is like a purified well whose water is drinkable. But no use is made of him. This is the sorrow of those who kn…	Primera línea alineada (Jaccard 36%). | Solapamiento léxico moderado MT↔Baynes (36%).
49	L3_comentario	pair	40%	7%	moderate_align	Alineación moderada	dann mag man sich ihm zuwenden und wird Glauben finden. Wenn Wechsel nötig ist, dann gibt es zwei Fehler, die man vermeiden muß. Der eine is…	then one may turn to him and find faith. When change is necessary, there are two mistakes that must be avoided. One is to act too quickly an…	When change is necessary, there are two mistakes to be avoided. One lies in excessive haste and ruthlessness, which bring disaster. The othe…	Primera línea poco alineada (Jaccard 7%). | Solapamiento léxico moderado MT↔Baynes (40%).
50	L3_comentario	pair	31%	4%	moderate_align	Alineación moderada	Wenn erst der Regen fällt, dann erschöpft sich die Reue. Endlich kommt Heil. Der Henkel ist die Stelle, an der der Tiegel aufgehoben wird. W…	Once the rain falls, then the regrets are exhausted. Finally salvation comes. The handle is the place where the crucible is picked up. If th…	The handle is the means for lifting up the ting. If the handle is altered, the ting cannot be lifted up and used, and, sad to say, the delic…	Primera línea poco alineada (Jaccard 4%). | Solapamiento léxico moderado MT↔Baynes (31%).
51	L3_comentario	pair	48%	27%	strong_align	Alineación fuerte	Es gibt dreierlei Erschütterungen: die Erschütterung des Himmels, das ist der Donner, ferner die Erschütterung des Schicksals und endlich di…	There are three kinds of shocks: the shock of heaven, which is thunder, the shock of fate, and finally the shock of the heart. This is less …	There are three kinds of shock—the shock of heaven, which is thunder, the shock of fate, and, finally, the shock of the heart. The present h…	Primera línea poco alineada (Jaccard 27%). | Solapamiento léxico alto MT↔Baynes (48%).
52	L3_comentario	pair	46%	32%	strong_align	Alineación fuerte	Es handelt sich hier um erzwungene Ruhe. Das Herz, das in der Unruhe ist, soll gewaltsam gebändigt werden. Aber das Feuer, das gewaltsam zur…	This is a case of forced calm. The heart that is in unrest should be subdued by force. But the fire, which is forcibly suppressed, turns int…	This refers to enforced quiet. The restless heart is to be subdued by forcible means. But fire when it is smothered changes into acrid smoke…	Primera línea poco alineada (Jaccard 32%). | Solapamiento léxico alto MT↔Baynes (46%).
53	L3_comentario	pair	36%	3%	moderate_align	Alineación moderada	Die Frau trägt ein Kind, aber bringt es nicht zur Welt. Unheil! Fördernd ist es, Räuber abzuwehren. Die trockene Hochebene ist nicht für die…	The woman carries a child but does not give birth to it. Mischief! It is helpful to ward off robbers. The dry plateau is not for the wild go…	The high plateau is dry and unsuitable for the wild goose. If it goes there, it has lost its way and gone too far. This is contrary to the l…	Primera línea poco alineada (Jaccard 3%). | Solapamiento léxico moderado MT↔Baynes (36%).
54	L3_comentario	pair	33%	42%	moderate_align	Alineación moderada	Ein Mädchen, das sich in geringer Stellung befindet und keinen Mann bekommt, kann als Nebenfrau unter Umständen noch unterkommen. Die Situat…	A girl who is in a low position and cannot find a husband may still be able to find accommodation as a concubine. The situation is that one …	A girl who is in a lowly position and finds no husband may, in some circumstances, still win shelter as a concubine. This pictures the situa…	Primera línea alineada (Jaccard 42%). | Solapamiento léxico moderado MT↔Baynes (32%).
55	L3_comentario	pair	36%	33%	moderate_align	Alineación moderada	Hier wird als Bild die fortschreitende Bedeckung der Sonne geschildert. An diesem Punkt ist die Totalität erreicht, darum sieht man am Mitta…	The progressive occultation of the sun is described here as an image. At this point totality has been reached, which is why you can see even…	The image is that of a progressive covering over of the sun. Here the eclipse reaches totality, therefore even the small stars can be seen a…	Primera línea poco alineada (Jaccard 33%). | Solapamiento léxico moderado MT↔Baynes (36%).
56	L3_comentario	pair	35%	35%	moderate_align	Alineación moderada	Ein gewalttätiger Fremder weiß sich nicht zu benehmen. Er mischt sich in Angelegenheiten und Streitigkeiten, die ihn nichts angehen. Dadurch…	A violent stranger doesn't know how to behave. He interferes in matters and disputes that do not concern him. This causes him to lose his re…	A truculent stranger does not know how to behave properly. He meddles in affairs and controversies that do not concern him; thus he loses hi…	Primera línea poco alineada (Jaccard 35%). | Solapamiento léxico moderado MT↔Baynes (35%).
57	L3_comentario	pair	19%	19%	weak_align	Alineación débil	Das eindringliche Nachdenken darf nicht zu weit getrieben werden, sonst hemmt es die Entschlußfähigkeit. Wenn eine Sache gründlich durchgeda…	Insistent reflection must not be carried too far, otherwise it will inhibit the ability to make decisions. When something has been thoroughl…	Penetrating reflection must not be pushed too far, lest it cripple the power of decision. After a matter has been thoroughly pondered, it is…	Primera línea poco alineada (Jaccard 19%). | Solapamiento léxico bajo MT↔Baynes (19%).
58	L3_comentario	pair	50%	43%	strong_align	Alineación fuerte	Die wahre Freude muß aus dem eigenen Innern quellen. Wenn man aber innerlich leer ist, so daß man sich an die Außenwelt verliert, so kommen …	True joy must come from within yourself. But if one is empty inside, so that one loses oneself to the outside world, then the joys come from…	True joy must spring from within. But if one is empty within and wholly given over to the world, idle pleasures come streaming in from witho…	Primera línea alineada (Jaccard 43%). | Solapamiento léxico alto MT↔Baynes (50%).
59	L3_comentario	pair	29%	29%	moderate_align	Alineación moderada	Die Arbeit kann unter Umständen so schwer werden, daß man nicht mehr an sich selbst denken kann. Man muß die eigene Person vollkommen auf di…	The work can sometimes become so difficult that you can no longer think about yourself. You have to put your own person completely aside and…	Under certain circumstances, a man's work may become so difficult that he can no longer think of himself. He must set aside all personal des…	Primera línea poco alineada (Jaccard 29%). | Solapamiento léxico moderado MT↔Baynes (29%).
60	L3_comentario	pair	29%	29%	moderate_align	Alineación moderada	Wenn man nur auf Freuden und Genuß bedacht ist, verliert man leicht das Gefühl für die notwendigen Schranken. Aber wenn man sich der Verschw…	If one is only concerned with pleasure and enjoyment, one easily loses the sense of the necessary limitations. But if one indulges in wastef…	If an individual is bent only on pleasures and enjoyment, it is easy for him to lose his sense of the limits that are necessary. If he gives…	Primera línea poco alineada (Jaccard 29%). | Solapamiento léxico moderado MT↔Baynes (29%).
61	L3_comentario	pair	43%	35%	moderate_align	Alineación moderada	Hier ist die Kraftquelle nicht im eigenen Ich, sondern in der Beziehung zu andern Menschen. Wenn man auch noch so nahe mit ihnen steht, wenn…	Here the source of strength is not in one's own self, but in the relationship with other people. No matter how close you are to them, when o…	Here the source of a man's strength lies not in himself but in his relation to other people. No matter how close to them he may be, if his c…	Primera línea alineada (Jaccard 35%). | Solapamiento léxico moderado MT↔Baynes (43%).
62	L3_comentario	pair	42%	33%	moderate_align	Alineación moderada	Zuzeiten ist außerordentliche Vorsicht unbedingt nötig. Aber gerade in solchen Lebenslagen gibt es gerade und starke Persönlichkeiten, die i…	Extraordinary caution is absolutely necessary at times. But it is precisely in such life situations that there are strong and strong persona…	At certain times extraordinary caution is absolutely necessary. But it is just in such life situations that we find upright and strong perso…	Primera línea poco alineada (Jaccard 33%). | Solapamiento léxico moderado MT↔Baynes (42%).
63	L3_comentario	pair	36%	35%	moderate_align	Alineación moderada	Der »hohe Ahn« ist der dynastische Titel des Herrschers Wu Ding aus der Yin-Dynastie. Nachdem er mit starker Hand die Zustände im Reich geor…	The ""High Ancestor"" is the dynastic title of the ruler Wu Ding of the Yin Dynasty. After he had brought order to the situation in the empire…	""Illustrious Ancestor"" is the dynastic title of the Emperor Wu Ting of the Yin dynasty. After putting his realm in order with a strong hand,…	Primera línea poco alineada (Jaccard 35%). | Solapamiento léxico moderado MT↔Baynes (36%).
64	L3_comentario	pair	46%	46%	strong_align	Alineación fuerte	Die Zeit des Übergangs ist da. Aber man hat nicht die Kraft, den Übergang zu vollenden. Wollte man versuchen, ihn zu erzwingen, so wäre das …	The time of transition is here. But you don't have the strength to complete the transition. If one tried to force it, it would be disastrous…	The time of transition has arrived, but one lacks the strength to complete the transition. If one should attempt to force it, disaster would…	Primera línea alineada (Jaccard 46%). | Solapamiento léxico alto MT↔Baynes (46%).
1	L4_etiqueta	pair	80%	80%	strong_align	Alineación fuerte	Neun auf viertem Platz bedeutet:	Nine in fourth place means:	Nine in the fourth place means:	Primera línea alineada (Jaccard 80%). | Solapamiento léxico alto MT↔Baynes (80%).
2	L4_etiqueta	pair	80%	80%	strong_align	Alineación fuerte	Sechs auf viertem Platz bedeutet:	Six in fourth place means:	Six in the fourth place means:	Primera línea alineada (Jaccard 80%). | Solapamiento léxico alto MT↔Baynes (80%).
3	L4_etiqueta	pair	80%	80%	strong_align	Alineación fuerte	Sechs auf viertem Platz bedeutet:	Six in fourth place means:	Six in the fourth place means:	Primera línea alineada (Jaccard 80%). | Solapamiento léxico alto MT↔Baynes (80%).
4	L4_etiqueta	pair	80%	80%	strong_align	Alineación fuerte	Sechs auf viertem Platz bedeutet:	Six in fourth place means:	Six in the fourth place means:	Primera línea alineada (Jaccard 80%). | Solapamiento léxico alto MT↔Baynes (80%).
5	L4_etiqueta	pair	80%	80%	strong_align	Alineación fuerte	Sechs auf viertem Platz bedeutet:	Six in fourth place means:	Six in the fourth place means:	Primera línea alineada (Jaccard 80%). | Solapamiento léxico alto MT↔Baynes (80%).
6	L4_etiqueta	pair	80%	80%	strong_align	Alineación fuerte	Neun auf viertem Platz bedeutet:	Nine in fourth place means:	Nine in the fourth place means:	Primera línea alineada (Jaccard 80%). | Solapamiento léxico alto MT↔Baynes (80%).
7	L4_etiqueta	pair	80%	80%	strong_align	Alineación fuerte	Sechs auf viertem Platz bedeutet:	Six in fourth place means:	Six in the fourth place means:	Primera línea alineada (Jaccard 80%). | Solapamiento léxico alto MT↔Baynes (80%).
8	L4_etiqueta	pair	80%	80%	strong_align	Alineación fuerte	Sechs auf viertem Platz bedeutet:	Six in fourth place means:	Six in the fourth place means:	Primera línea alineada (Jaccard 80%). | Solapamiento léxico alto MT↔Baynes (80%).
9	L4_etiqueta	pair	80%	80%	strong_align	Alineación fuerte	Sechs auf viertem Platz bedeutet:	Six in fourth place means:	Six in the fourth place means:	Primera línea alineada (Jaccard 80%). | Solapamiento léxico alto MT↔Baynes (80%).
10	L4_etiqueta	pair	80%	80%	strong_align	Alineación fuerte	Neun auf viertem Platz bedeutet:	Nine in fourth place means:	Nine in the fourth place means:	Primera línea alineada (Jaccard 80%). | Solapamiento léxico alto MT↔Baynes (80%).
11	L4_etiqueta	pair	80%	80%	strong_align	Alineación fuerte	Sechs auf viertem Platz bedeutet:	Six in fourth place means:	Six in the fourth place means:	Primera línea alineada (Jaccard 80%). | Solapamiento léxico alto MT↔Baynes (80%).
12	L4_etiqueta	pair	80%	80%	strong_align	Alineación fuerte	Neun auf viertem Platz bedeutet:	Nine in fourth place means:	Nine in the fourth place means:	Primera línea alineada (Jaccard 80%). | Solapamiento léxico alto MT↔Baynes (80%).
13	L4_etiqueta	pair	80%	80%	strong_align	Alineación fuerte	Neun auf viertem Platz bedeutet:	Nine in fourth place means:	Nine in the fourth place means:	Primera línea alineada (Jaccard 80%). | Solapamiento léxico alto MT↔Baynes (80%).
14	L4_etiqueta	pair	80%	80%	strong_align	Alineación fuerte	Neun auf viertem Platz bedeutet:	Nine in fourth place means:	Nine in the fourth place means:	Primera línea alineada (Jaccard 80%). | Solapamiento léxico alto MT↔Baynes (80%).
15	L4_etiqueta	pair	80%	80%	strong_align	Alineación fuerte	Sechs auf viertem Platz bedeutet:	Six in fourth place means:	Six in the fourth place means:	Primera línea alineada (Jaccard 80%). | Solapamiento léxico alto MT↔Baynes (80%).
16	L4_etiqueta	pair	80%	80%	strong_align	Alineación fuerte	Neun auf viertem Platz bedeutet:	Nine in fourth place means:	Nine in the fourth place means:	Primera línea alineada (Jaccard 80%). | Solapamiento léxico alto MT↔Baynes (80%).
17	L4_etiqueta	pair	80%	80%	strong_align	Alineación fuerte	Neun auf viertem Platz bedeutet:	Nine in fourth place means:	Nine in the fourth place means:	Primera línea alineada (Jaccard 80%). | Solapamiento léxico alto MT↔Baynes (80%).
18	L4_etiqueta	pair	80%	80%	strong_align	Alineación fuerte	Sechs auf viertem Platz bedeutet:	Six in fourth place means:	Six in the fourth place means:	Primera línea alineada (Jaccard 80%). | Solapamiento léxico alto MT↔Baynes (80%).
19	L4_etiqueta	pair	80%	80%	strong_align	Alineación fuerte	Sechs auf viertem Platz bedeutet:	Six in fourth place means:	Six in the fourth place means:	Primera línea alineada (Jaccard 80%). | Solapamiento léxico alto MT↔Baynes (80%).
20	L4_etiqueta	pair	80%	80%	strong_align	Alineación fuerte	Sechs auf viertem Platz bedeutet:	Six in fourth place means:	Six in the fourth place means:	Primera línea alineada (Jaccard 80%). | Solapamiento léxico alto MT↔Baynes (80%).
21	L4_etiqueta	pair	80%	80%	strong_align	Alineación fuerte	Neun auf viertem Platz bedeutet:	Nine in fourth place means:	Nine in the fourth place means:	Primera línea alineada (Jaccard 80%). | Solapamiento léxico alto MT↔Baynes (80%).
22	L4_etiqueta	pair	80%	80%	strong_align	Alineación fuerte	Sechs auf viertem Platz bedeutet:	Six in fourth place means:	Six in the fourth place means:	Primera línea alineada (Jaccard 80%). | Solapamiento léxico alto MT↔Baynes (80%).
23	L4_etiqueta	pair	80%	80%	strong_align	Alineación fuerte	Sechs auf viertem Platz bedeutet:	Six in fourth place means:	Six in the fourth place means:	Primera línea alineada (Jaccard 80%). | Solapamiento léxico alto MT↔Baynes (80%).
24	L4_etiqueta	pair	80%	80%	strong_align	Alineación fuerte	Sechs auf viertem Platz bedeutet:	Six in fourth place means:	Six in the fourth place means:	Primera línea alineada (Jaccard 80%). | Solapamiento léxico alto MT↔Baynes (80%).
25	L4_etiqueta	pair	80%	80%	strong_align	Alineación fuerte	Neun auf viertem Platz bedeutet:	Nine in fourth place means:	Nine in the fourth place means:	Primera línea alineada (Jaccard 80%). | Solapamiento léxico alto MT↔Baynes (80%).
26	L4_etiqueta	pair	80%	80%	strong_align	Alineación fuerte	Sechs auf viertem Platz bedeutet:	Six in fourth place means:	Six in the fourth place means:	Primera línea alineada (Jaccard 80%). | Solapamiento léxico alto MT↔Baynes (80%).
27	L4_etiqueta	pair	80%	80%	strong_align	Alineación fuerte	Sechs auf viertem Platz bedeutet:	Six in fourth place means:	Six in the fourth place means:	Primera línea alineada (Jaccard 80%). | Solapamiento léxico alto MT↔Baynes (80%).
28	L4_etiqueta	pair	80%	80%	strong_align	Alineación fuerte	Neun auf viertem Platz bedeutet:	Nine in fourth place means:	Nine in the fourth place means:	Primera línea alineada (Jaccard 80%). | Solapamiento léxico alto MT↔Baynes (80%).
29	L4_etiqueta	pair	80%	80%	strong_align	Alineación fuerte	Sechs auf viertem Platz bedeutet:	Six in fourth place means:	Six in the fourth place means:	Primera línea alineada (Jaccard 80%). | Solapamiento léxico alto MT↔Baynes (80%).
30	L4_etiqueta	pair	80%	80%	strong_align	Alineación fuerte	Neun auf viertem Platz bedeutet:	Nine in fourth place means:	Nine in the fourth place means:	Primera línea alineada (Jaccard 80%). | Solapamiento léxico alto MT↔Baynes (80%).
31	L4_etiqueta	pair	80%	80%	strong_align	Alineación fuerte	Neun auf viertem Platz bedeutet:	Nine in fourth place means:	Nine in the fourth place means:	Primera línea alineada (Jaccard 80%). | Solapamiento léxico alto MT↔Baynes (80%).
32	L4_etiqueta	pair	80%	80%	strong_align	Alineación fuerte	Neun auf viertem Platz bedeutet:	Nine in fourth place means:	Nine in the fourth place means:	Primera línea alineada (Jaccard 80%). | Solapamiento léxico alto MT↔Baynes (80%).
33	L4_etiqueta	pair	80%	80%	strong_align	Alineación fuerte	Neun auf viertem Platz bedeutet:	Nine in fourth place means:	Nine in the fourth place means:	Primera línea alineada (Jaccard 80%). | Solapamiento léxico alto MT↔Baynes (80%).
34	L4_etiqueta	pair	80%	80%	strong_align	Alineación fuerte	Neun auf viertem Platz bedeutet:	Nine in fourth place means:	Nine in the fourth place means:	Primera línea alineada (Jaccard 80%). | Solapamiento léxico alto MT↔Baynes (80%).
35	L4_etiqueta	pair	80%	80%	strong_align	Alineación fuerte	Neun auf viertem Platz bedeutet:	Nine in fourth place means:	Nine in the fourth place means:	Primera línea alineada (Jaccard 80%). | Solapamiento léxico alto MT↔Baynes (80%).
36	L4_etiqueta	pair	80%	80%	strong_align	Alineación fuerte	Sechs auf viertem Platz bedeutet:	Six in fourth place means:	Six in the fourth place means:	Primera línea alineada (Jaccard 80%). | Solapamiento léxico alto MT↔Baynes (80%).
37	L4_etiqueta	pair	80%	80%	strong_align	Alineación fuerte	Sechs auf viertem Platz bedeutet:	Six in fourth place means:	Six in the fourth place means:	Primera línea alineada (Jaccard 80%). | Solapamiento léxico alto MT↔Baynes (80%).
38	L4_etiqueta	pair	80%	80%	strong_align	Alineación fuerte	Neun auf viertem Platz bedeutet:	Nine in fourth place means:	Nine in the fourth place means:	Primera línea alineada (Jaccard 80%). | Solapamiento léxico alto MT↔Baynes (80%).
39	L4_etiqueta	pair	80%	80%	strong_align	Alineación fuerte	Sechs auf viertem Platz bedeutet:	Six in fourth place means:	Six in the fourth place means:	Primera línea alineada (Jaccard 80%). | Solapamiento léxico alto MT↔Baynes (80%).
40	L4_etiqueta	pair	80%	80%	strong_align	Alineación fuerte	Neun auf viertem Platz bedeutet:	Nine in fourth place means:	Nine in the fourth place means:	Primera línea alineada (Jaccard 80%). | Solapamiento léxico alto MT↔Baynes (80%).
41	L4_etiqueta	pair	80%	80%	strong_align	Alineación fuerte	Sechs auf viertem Platz bedeutet:	Six in fourth place means:	Six in the fourth place means:	Primera línea alineada (Jaccard 80%). | Solapamiento léxico alto MT↔Baynes (80%).
42	L4_etiqueta	pair	80%	80%	strong_align	Alineación fuerte	Sechs auf viertem Platz bedeutet:	Six in fourth place means:	Six in the fourth place means:	Primera línea alineada (Jaccard 80%). | Solapamiento léxico alto MT↔Baynes (80%).
43	L4_etiqueta	pair	80%	80%	strong_align	Alineación fuerte	Neun auf viertem Platz bedeutet:	Nine in fourth place means:	Nine in the fourth place means:	Primera línea alineada (Jaccard 80%). | Solapamiento léxico alto MT↔Baynes (80%).
44	L4_etiqueta	pair	80%	80%	strong_align	Alineación fuerte	Neun auf viertem Platz bedeutet:	Nine in fourth place means:	Nine in the fourth place means:	Primera línea alineada (Jaccard 80%). | Solapamiento léxico alto MT↔Baynes (80%).
45	L4_etiqueta	pair	80%	80%	strong_align	Alineación fuerte	Neun auf viertem Platz bedeutet:	Nine in fourth place means:	Nine in the fourth place means:	Primera línea alineada (Jaccard 80%). | Solapamiento léxico alto MT↔Baynes (80%).
46	L4_etiqueta	pair	80%	80%	strong_align	Alineación fuerte	Sechs auf viertem Platz bedeutet:	Six in fourth place means:	Six in the fourth place means:	Primera línea alineada (Jaccard 80%). | Solapamiento léxico alto MT↔Baynes (80%).
47	L4_etiqueta	pair	80%	80%	strong_align	Alineación fuerte	Neun auf viertem Platz bedeutet:	Nine in fourth place means:	Nine in the fourth place means:	Primera línea alineada (Jaccard 80%). | Solapamiento léxico alto MT↔Baynes (80%).
48	L4_etiqueta	pair	80%	80%	strong_align	Alineación fuerte	Sechs auf viertem Platz bedeutet:	Six in fourth place means:	Six in the fourth place means:	Primera línea alineada (Jaccard 80%). | Solapamiento léxico alto MT↔Baynes (80%).
49	L4_etiqueta	pair	80%	80%	strong_align	Alineación fuerte	Neun auf viertem Platz bedeutet:	Nine in fourth place means:	Nine in the fourth place means:	Primera línea alineada (Jaccard 80%). | Solapamiento léxico alto MT↔Baynes (80%).
50	L4_etiqueta	pair	80%	80%	strong_align	Alineación fuerte	Neun auf viertem Platz bedeutet:	Nine in fourth place means:	Nine in the fourth place means:	Primera línea alineada (Jaccard 80%). | Solapamiento léxico alto MT↔Baynes (80%).
51	L4_etiqueta	pair	80%	80%	strong_align	Alineación fuerte	Neun auf viertem Platz bedeutet:	Nine in fourth place means:	Nine in the fourth place means:	Primera línea alineada (Jaccard 80%). | Solapamiento léxico alto MT↔Baynes (80%).
52	L4_etiqueta	pair	80%	80%	strong_align	Alineación fuerte	Sechs auf viertem Platz bedeutet:	Six in fourth place means:	Six in the fourth place means:	Primera línea alineada (Jaccard 80%). | Solapamiento léxico alto MT↔Baynes (80%).
53	L4_etiqueta	pair	80%	80%	strong_align	Alineación fuerte	Sechs auf viertem Platz bedeutet:	Six in fourth place means:	Six in the fourth place means:	Primera línea alineada (Jaccard 80%). | Solapamiento léxico alto MT↔Baynes (80%).
54	L4_etiqueta	pair	80%	80%	strong_align	Alineación fuerte	Neun auf viertem Platz bedeutet:	Nine in fourth place means:	Nine in the fourth place means:	Primera línea alineada (Jaccard 80%). | Solapamiento léxico alto MT↔Baynes (80%).
55	L4_etiqueta	pair	80%	80%	strong_align	Alineación fuerte	Neun auf viertem Platz bedeutet:	Nine in fourth place means:	Nine in the fourth place means:	Primera línea alineada (Jaccard 80%). | Solapamiento léxico alto MT↔Baynes (80%).
56	L4_etiqueta	pair	80%	80%	strong_align	Alineación fuerte	Neun auf viertem Platz bedeutet:	Nine in fourth place means:	Nine in the fourth place means:	Primera línea alineada (Jaccard 80%). | Solapamiento léxico alto MT↔Baynes (80%).
57	L4_etiqueta	pair	80%	80%	strong_align	Alineación fuerte	Sechs auf viertem Platz bedeutet:	Six in fourth place means:	Six in the fourth place means:	Primera línea alineada (Jaccard 80%). | Solapamiento léxico alto MT↔Baynes (80%).
58	L4_etiqueta	pair	80%	80%	strong_align	Alineación fuerte	Neun auf viertem Platz bedeutet:	Nine in fourth place means:	Nine in the fourth place means:	Primera línea alineada (Jaccard 80%). | Solapamiento léxico alto MT↔Baynes (80%).
59	L4_etiqueta	pair	80%	80%	strong_align	Alineación fuerte	Sechs auf viertem Platz bedeutet:	Six in fourth place means:	Six in the fourth place means:	Primera línea alineada (Jaccard 80%). | Solapamiento léxico alto MT↔Baynes (80%).
60	L4_etiqueta	pair	80%	80%	strong_align	Alineación fuerte	Sechs auf viertem Platz bedeutet:	Six in fourth place means:	Six in the fourth place means:	Primera línea alineada (Jaccard 80%). | Solapamiento léxico alto MT↔Baynes (80%).
61	L4_etiqueta	pair	80%	80%	strong_align	Alineación fuerte	Sechs auf viertem Platz bedeutet:	Six in fourth place means:	Six in the fourth place means:	Primera línea alineada (Jaccard 80%). | Solapamiento léxico alto MT↔Baynes (80%).
62	L4_etiqueta	pair	80%	80%	strong_align	Alineación fuerte	Neun auf viertem Platz bedeutet:	Nine in fourth place means:	Nine in the fourth place means:	Primera línea alineada (Jaccard 80%). | Solapamiento léxico alto MT↔Baynes (80%).
63	L4_etiqueta	pair	80%	80%	strong_align	Alineación fuerte	Sechs auf viertem Platz bedeutet:	Six in fourth place means:	Six in the fourth place means:	Primera línea alineada (Jaccard 80%). | Solapamiento léxico alto MT↔Baynes (80%).
64	L4_etiqueta	pair	80%	80%	strong_align	Alineación fuerte	Neun auf viertem Platz bedeutet:	Nine in fourth place means:	Nine in the fourth place means:	Primera línea alineada (Jaccard 80%). | Solapamiento léxico alto MT↔Baynes (80%).
1	L4_oraculo	pair	10%	11%	divergent	Divergente	Schwankender Aufschwung über die Tiefe. Kein Makel.	Fluctuating upswing over depth. No flaw.	Wavering flight over the depths. No blame.	Primera línea poco alineada (Jaccard 11%). | Solapamiento léxico bajo MT↔Baynes (10%).
2	L4_oraculo	pair	33%	33%	moderate_align	Alineación moderada	Zugebundener Sack. Kein Makel; kein Lob.	Tied bag. No flaw; no praise.	A tied-up sack. No blame, no praise.	Primera línea poco alineada (Jaccard 33%). | Solapamiento léxico moderado MT↔Baynes (33%).
3	L4_oraculo	pair	29%	29%	moderate_align	Alineación moderada	Pferd und Wagen trennen sich. Suche nach Vereinigung. Hingehen bringt Heil. Alles wirkt fördernd.	The horse and carriage separate. Search for union. Going brings salvation. Everything seems encouraging.	Horse and wagon part. Strive for union. To go brings good fortune. Everything acts to further.	Primera línea poco alineada (Jaccard 29%). | Solapamiento léxico moderado MT↔Baynes (29%).
4	L4_oraculo	pair	33%	33%	moderate_align	Alineación moderada	Beschränkte Torheit bringt Beschämung.	Restricted folly brings shame.	Entangled folly brings humiliation.	Primera línea poco alineada (Jaccard 33%). | Solapamiento léxico moderado MT↔Baynes (33%).
5	L4_oraculo	pair	71%	100%	strong_align	Alineación fuerte	Warten im Blut. Heraus aus dem Loch.	Waiting in blood. Get out of the hole.	Waiting in blood. Get out of the pit.	Primera línea alineada (Jaccard 100%). | Solapamiento léxico alto MT↔Baynes (71%).
6	L4_oraculo	pair	38%	0%	moderate_align	Alineación moderada	Man kann nicht streiten, kehrt um und fügt sich dem Geschick, ändert sich und findet Frieden in Beharrlichkeit. Heil!	You can't argue turns back and submits to fate, changes and finds peace in persistence. Unhurt!	One cannot engage in conflict. One turns back and submits to fate, Changes one's attitude, And finds peace in perseverance. Good fortune.	Primera línea poco alineada (Jaccard 0%). | Solapamiento léxico moderado MT↔Baynes (38%).
7	L4_oraculo	pair	33%	33%	moderate_align	Alineación moderada	Das Heer zieht sich zurück. Kein Makel.	The army is retreating. No flaw.	The army retreats. No blame.	Primera línea poco alineada (Jaccard 33%). | Solapamiento léxico moderado MT↔Baynes (33%).
8	L4_oraculo	pair	36%	22%	moderate_align	Alineación moderada	Auch äußerlich halte zu ihm. Beharrlichkeit bringt Heil.	Stick to him outwardly too. Perseverance brings salvation.	Hold to him outwardly also. Perseverance brings good fortune.	Primera línea poco alineada (Jaccard 22%). | Solapamiento léxico moderado MT↔Baynes (36%).
9	L4_oraculo	pair	54%	64%	strong_align	Alineación fuerte	Bist du wahrhaftig, so schwindet Blut und weicht Angst. Kein Makel.	If you are truthful, blood disappears and fear gives way. No flaw.	If you are sincere, blood vanishes and fear gives way. No blame.	Primera línea alineada (Jaccard 64%). | Solapamiento léxico alto MT↔Baynes (54%).
10	L4_oraculo	pair	40%	60%	moderate_align	Alineación moderada	Er tritt auf des Tigers Schwanz. Vorsicht und Behutsamkeit führt endlich zum Heil.	He steps on the tiger's tail. Caution and gentleness finally lead to salvation.	He treads on the tail of the tiger. Caution and circumspection Lead ultimately to good fortune.	Primera línea alineada (Jaccard 60%). | Solapamiento léxico moderado MT↔Baynes (40%).
11	L4_oraculo	pair	60%	57%	strong_align	Alineación fuerte	Er flattert hernieder, nicht pochend auf Reichtum, zusammen mit seinem Nächsten, arglos und wahrhaftig.	He flutters down, not insisting on wealth, together with his neighbor, innocently and truthfully.	He flutters down, not boasting of his wealth, Together with his neighbor, Guileless and sincere.	Primera línea alineada (Jaccard 57%). | Solapamiento léxico alto MT↔Baynes (60%).
12	L4_oraculo	pair	29%	17%	moderate_align	Alineación moderada	Wer auf Befehl des Höchsten wirkt, bleibt ohne Makel. Die Gleichgesinnten genießen des Segens.	Whoever works at the command of the Most High remains without blemish. Like-minded people enjoy the blessing.	He who acts at the command of the highest Remains without blame. Those of like mind partake of the blessing.	Primera línea poco alineada (Jaccard 17%). | Solapamiento léxico moderado MT↔Baynes (29%).
13	L4_oraculo	pair	56%	71%	strong_align	Alineación fuerte	Er steigt auf seine Mauer, er kann nicht angreifen. Heil!	He climbs onto his wall, he cannot attack. Unhurt!	He climbs up on his wall; he cannot attack. Good fortune.	Primera línea alineada (Jaccard 71%). | Solapamiento léxico alto MT↔Baynes (56%).
14	L4_oraculo	pair	46%	100%	strong_align	Alineación fuerte	Er macht einen Unterschied zwischen sich und seinem Nächsten. Kein Makel.	He makes a difference between yourself and your neighbor. No flaw.	He makes a difference Between himself and his neighbor. No blame.	Primera línea alineada (Jaccard 100%). | Solapamiento léxico alto MT↔Baynes (45%).
15	L4_oraculo	pair	27%	25%	moderate_align	Alineación moderada	Nichts, das nicht fördernd wäre für Bescheidenheit in der Bewegung.	Nothing that wouldn't be encouraging for humility in movement.	Nothing that would not further modesty In movement.	Primera línea poco alineada (Jaccard 25%). | Solapamiento léxico moderado MT↔Baynes (27%).
16	L4_oraculo	pair	58%	29%	strong_align	Alineación fuerte	Der Ursprung der Begeisterung. Er erreicht Großes. Zweifle nicht. Die Freunde scharen sich um dich wie um eine Haarspange.	The origin of enthusiasm. He achieves great things. Don't doubt. The friends gather around you like a hair clip.	The source of enthusiasm. He achieves great things. Doubt not. You gather friends around you As a hair clasp gathers the hair.	Primera línea poco alineada (Jaccard 29%). | Solapamiento léxico alto MT↔Baynes (58%).
17	L4_oraculo	pair	28%	29%	moderate_align	Alineación moderada	Die Nachfolge schafft Erfolg. Beharrlichkeit bringt Unheil. Mit Wahrhaftigkeit auf dem Weg zu wandeln, bringt Klarheit. Wie könnte das ein M…	Succession creates success. Persistence brings disaster. To walk the path with truthfulness, brings clarity. How could that be a flaw?	Following creates success. Perseverance brings misfortune. To go one's way with sincerity brings clarity. How could there be blame in this?	Primera línea poco alineada (Jaccard 29%). | Solapamiento léxico moderado MT↔Baynes (28%).
18	L4_oraculo	pair	38%	75%	moderate_align	Alineación moderada	Dulden des vom Vater Verdorbenen. Beim Fortmachen sieht man Beschämung.	Tolerating what has been corrupted by the father. As you move on, you see embarrassment.	Tolerating what has been spoiled by the father. In continuing one sees humiliation.	Primera línea alineada (Jaccard 75%). | Solapamiento léxico moderado MT↔Baynes (38%).
19	L4_oraculo	pair	20%	25%	weak_align	Alineación débil	Vollkommene Annäherung. Kein Makel.	Complete approximation. No flaw.	Complete approach. No blame.	Primera línea poco alineada (Jaccard 25%). | Solapamiento léxico moderado MT↔Baynes (20%).
20	L4_oraculo	pair	50%	100%	strong_align	Alineación fuerte	Betrachtung des Lichtes des Reichs. Fördernd ist es, als Gast eines Königs zu wirken.	Contemplation of the Light of the Kingdom. It is beneficial to act as a guest of a king.	Contemplation of the light of the kingdom. It furthers one to exert influence as the guest of a king.	Primera línea alineada (Jaccard 100%). | Solapamiento léxico alto MT↔Baynes (50%).
21	L4_oraculo	pair	35%	60%	moderate_align	Alineación moderada	Beißt auf getrocknetes Knorpelfleisch. Erhält Metallpfeile. Fördernd ist es,	Bites on dried cartilage meat. Receives metal arrows. It is encouraging	Bites on dried gristly meat. Receives metal arrows. It furthers one to be mindful of difficulties And to be persevering. Good fortune.	Primera línea alineada (Jaccard 60%). | Solapamiento léxico moderado MT↔Baynes (35%).
22	L4_oraculo	pair	47%	100%	strong_align	Alineación fuerte	Anmut oder Einfachheit? Ein weißes Pferd kommt wie geflogen: Nicht Räuber er ist, Will freien zur Frist.	Grace or simplicity? A white horse comes flying: He is not a robber, Wants to be free at the deadline.	Grace or simplicity? A white horse comes as if on wings. He is not a robber, He will woo at the right time.	Primera línea alineada (Jaccard 100%). | Solapamiento léxico alto MT↔Baynes (47%).
23	L4_oraculo	pair	38%	43%	moderate_align	Alineación moderada	Das Bett wird zersplittert bis zur Haut. Unheil.	The bed is splintered down to the skin. Mischief.	The bed is split up to the skin. Misfortune.	Primera línea alineada (Jaccard 43%). | Solapamiento léxico moderado MT↔Baynes (38%).
24	L4_oraculo	pair	56%	100%	strong_align	Alineación fuerte	In der Mitte der andern wandelnd, kehrt man allein wieder.	Walking in the midst of others, you return alone.	Walking in the midst of others, One returns alone.	Primera línea alineada (Jaccard 100%). | Solapamiento léxico alto MT↔Baynes (56%).
25	L4_oraculo	pair	17%	10%	weak_align	Alineación débil	Wer vermag beharrlich zu sein, bleibt ohne Makel.	Those who are able to persevere remain without blemish.	He who can be persevering Remains without blame.	Primera línea poco alineada (Jaccard 10%). | Solapamiento léxico bajo MT↔Baynes (17%).
26	L4_oraculo	pair	40%	50%	moderate_align	Alineación moderada	Das Schutzbrett eines jungen Stieres. Großes Heil!	The protective board of a young bull. Great salvation!	The headboard of a young bull. Great good fortune.	Primera línea alineada (Jaccard 50%). | Solapamiento léxico moderado MT↔Baynes (40%).
27	L4_oraculo	pair	33%	25%	moderate_align	Alineación moderada	Nach dem Gipfel sich wenden um Ernährung bringt Heil. Mit scharfen Augen wie ein Tiger umherspähen in unersättlichem Begehren. Kein Makel.	After the summit, turn to nutrition brings healing. Peeking around with sharp eyes like a tiger in insatiable desire. No flaw.	Turning to the summit For provision of nourishment Brings good fortune. Spying about with sharp eyes Like a tiger with insatiable craving. N…	Primera línea poco alineada (Jaccard 25%). | Solapamiento léxico moderado MT↔Baynes (33%).
28	L4_oraculo	pair	33%	11%	moderate_align	Alineación moderada	Der Firstbalken wird gestützt. Heil. Sind Hintergedanken da, ist es beschämend.	The ridge beam is supported. Unhurt. If there are ulterior motives, it is shameful.	The ridgepole is braced. Good fortune. If there are ulterior motives, it is humiliating.	Primera línea poco alineada (Jaccard 11%). | Solapamiento léxico moderado MT↔Baynes (33%).
29	L4_oraculo	pair	33%	50%	moderate_align	Alineación moderada	Ein Krug Wein, eine Reisschale als Zugabe, Tongeschirr, einfach zum Fenster hineingereicht. Das ist durchaus kein Makel.	A jug of wine, a rice bowl as an addition, earthenware dishes, simply passed in through the window. That's not a flaw at all.	A jug of wine, a bowl of rice with it; Earthen vessels Simply handed in through the window. There is certainly no blame in this.	Primera línea alineada (Jaccard 50%). | Solapamiento léxico moderado MT↔Baynes (33%).
30	L4_oraculo	pair	50%	50%	strong_align	Alineación fuerte	Plötzlich ist sein Kommen; es brennt auf, erstirbt, wird weggeworfen.	His coming is sudden; it burns up, dies, is thrown away.	Its coming is sudden; It flames up, dies down, is thrown away.	Primera línea alineada (Jaccard 50%). | Solapamiento léxico alto MT↔Baynes (50%).
31	L4_oraculo	pair	23%	25%	weak_align	Alineación débil	Beharrlichkeit bringt Heil. Die Reue schwindet. Wenn man aufgeregt hin und her denkt, so folgen nur die Freunde, auf die man bewußte Gedanke…	Perseverance brings salvation. The regret fades. If you think back and forth excitedly, so only the friends follow, towards which one direct…	Perseverance brings good fortune. Remorse disappears. If a man is agitated in mind, And his thoughts go hither and thither, Only those frien…	Primera línea poco alineada (Jaccard 25%). | Solapamiento léxico moderado MT↔Baynes (23%).
32	L4_oraculo	pair	75%	75%	strong_align	Alineación fuerte	Im Feld ist kein Wild.	There is no game in the field.	No game in the field.	Primera línea alineada (Jaccard 75%). | Solapamiento léxico alto MT↔Baynes (75%).
33	L4_oraculo	pair	25%	36%	moderate_align	Alineación moderada	Freiwilliger Rückzug bringt dem Edlen Heil, dem Gemeinen Niedergang.	Voluntary retreat brings salvation to the noble one, the common decline.	Voluntary retreat brings good fortune to the superior man And downfall to the inferior man.	Primera línea alineada (Jaccard 36%). | Solapamiento léxico moderado MT↔Baynes (25%).
34	L4_oraculo	pair	29%	40%	moderate_align	Alineación moderada	Beharrlichkeit bringt Heil. Die Reue schwindet. Die Hecke öffnet sich, es gibt keine Verwicklung.	Perseverance brings salvation. The regret fades. The hedge opens, there is no tangle.	Perseverance brings good fortune. Remorse disappears. The hedge opens; there is no entanglement. Power depends upon the axle of a big cart.	Primera línea alineada (Jaccard 40%). | Solapamiento léxico moderado MT↔Baynes (29%).
35	L4_oraculo	pair	71%	100%	strong_align	Alineación fuerte	Fortschritt wie ein Hamster. Beharrlichkeit bringt Gefahr.	Progress like a hamster. Persistence brings danger.	Progress like a hamster. Perseverance brings danger.	Primera línea alineada (Jaccard 100%). | Solapamiento léxico alto MT↔Baynes (71%).
36	L4_oraculo	pair	36%	43%	moderate_align	Alineación moderada	Er dringt in die linke Bauchhöhle ein. Man erhält das Herz der Verfinsterung des Lichts und verläßt Tor und Hof.	It penetrates the left abdominal cavity. You will receive the Heart of Eclipse of Light and leaves the gate and yard.	He penetrates the left side of the belly. One gets at the very heart of the darkening of the light, And leaves gate and courtyard.	Primera línea alineada (Jaccard 43%). | Solapamiento léxico moderado MT↔Baynes (36%).
37	L4_oraculo	pair	44%	60%	moderate_align	Alineación moderada	Sie ist der Reichtum des Hauses. Großes Heil!	She is the wealth of the house. Great salvation!	She is the treasure of the house. Great good fortune.	Primera línea alineada (Jaccard 60%). | Solapamiento léxico moderado MT↔Baynes (44%).
38	L4_oraculo	pair	40%	25%	moderate_align	Alineación moderada	Durch Gegensatz vereinsamt, trifft man auf einen Gleichgesinnten, mit dem man in Treuen verkehren kann. Trotz der Gefahr kein Makel.	Isolated by contrast, you meet a like-minded person, with whom one can communicate faithfully. Despite the danger, no flaw.	Isolated through opposition, One meets a like-minded man With whom one can associate in good faith. Despite the danger, no blame.	Primera línea poco alineada (Jaccard 25%). | Solapamiento léxico moderado MT↔Baynes (40%).
39	L4_oraculo	pair	43%	20%	moderate_align	Alineación moderada	Gehen führt in Hemmnisse, Kommen führt zur Vereinigung.	Walking leads to obstacles, Coming leads to union.	Going leads to obstructions, Coming leads to union.	Primera línea poco alineada (Jaccard 20%). | Solapamiento léxico moderado MT↔Baynes (43%).
40	L4_oraculo	pair	50%	22%	strong_align	Alineación fuerte	Befreie dich von deiner großen Zehe. Dann kommt der Gefährte herbei, und dem kannst du trauen.	Get rid of your big toe. Then the companion comes along, and you can trust that.	Deliver yourself from your great toe. Then the companion comes, And him you can trust.	Primera línea poco alineada (Jaccard 22%). | Solapamiento léxico alto MT↔Baynes (50%).
41	L4_oraculo	pair	13%	0%	weak_align	Alineación débil	Wenn man seine Mängel mindert, macht man, daß der andre eilig kommt und Freude hat. Kein Makel.	If you mitigate your shortcomings, one does so that the other comes quickly and has joy. No flaw.	If a man decreases his faults, It makes the other hasten to come and rejoice. No blame.	Primera línea poco alineada (Jaccard 0%). | Solapamiento léxico bajo MT↔Baynes (13%).
42	L4_oraculo	pair	65%	100%	strong_align	Alineación fuerte	Wenn du in der Mitte wandelst und dem Fürsten berichtest, so wird er folgen. Fördernd ist es, benützt zu werden bei der Verlegung der Haupts…	If you walk in the middle and report to the prince so he will follow. It is beneficial to be used when moving the capital.	If you walk in the middle And report to the prince, He will follow. It furthers one to be used In the removal of the capital.	Primera línea alineada (Jaccard 100%). | Solapamiento léxico alto MT↔Baynes (65%).
43	L4_oraculo	pair	36%	60%	moderate_align	Alineación moderada	An den Oberschenkeln ist keine Haut, und das Gehen fällt schwer. Ließe man sich führen wie ein Schaf, so würde die Reue schwinden. Wenn man …	There is no skin on the thighs, and walking is difficult. If you allowed yourself to be led like a sheep, then the remorse would disappear. …	There is no skin on his thighs, And walking comes hard. If a man were to let himself be led like a sheep, Remorse would disappear. But if th…	Primera línea alineada (Jaccard 60%). | Solapamiento léxico moderado MT↔Baynes (36%).
44	L4_oraculo	pair	27%	40%	moderate_align	Alineación moderada	Im Behälter ist kein Fisch. Daraus erhebt sich Unheil.	There is no fish in the container. From this calamity arises.	No fish in the tank. This leads to misfortune.	Primera línea alineada (Jaccard 40%). | Solapamiento léxico moderado MT↔Baynes (27%).
45	L4_oraculo	pair	17%	17%	weak_align	Alineación débil	Großes Heil! Kein Makel.	Great salvation! No flaw.	Great good fortune. No blame.	Primera línea poco alineada (Jaccard 17%). | Solapamiento léxico bajo MT↔Baynes (17%).
46	L4_oraculo	pair	40%	57%	moderate_align	Alineación moderada	Der König bringt ihn dem Berg Ki dar. Heil. Kein Makel.	The king offers it to Mount Ki. Hail. No flaw.	The king offers him Mount Ch'i. Good fortune. No blame.	Primera línea alineada (Jaccard 57%). | Solapamiento léxico moderado MT↔Baynes (40%).
47	L4_oraculo	pair	35%	33%	moderate_align	Alineación moderada	Er kommt ganz sachte, bedrängt in einem goldnen Wagen. Beschämung, aber man kommt zu Ende.	He comes very gently, harried in a golden chariot. Shameful, but you get to the end.	He comes very quietly, oppressed in a golden carriage. Humiliation, but the end is reached.	Primera línea poco alineada (Jaccard 33%). | Solapamiento léxico moderado MT↔Baynes (35%).
48	L4_oraculo	pair	38%	38%	moderate_align	Alineación moderada	Der Brunnen wird ausgemauert, kein Makel.	The well is lined with bricks, no defects.	The well is being lined. No blame.	Primera línea alineada (Jaccard 38%). | Solapamiento léxico moderado MT↔Baynes (38%).
49	L4_oraculo	pair	15%	0%	weak_align	Alineación débil	Die Reue schwindet. Man findet Glauben. Die Staatsordnung zu wechseln, bringt Heil.	The regret fades. You find faith. Changing the state order brings salvation.	Remorse disappears. Men believe him. Changing the form of government brings good fortune.	Primera línea poco alineada (Jaccard 0%). | Solapamiento léxico bajo MT↔Baynes (15%).
50	L4_oraculo	pair	32%	25%	moderate_align	Alineación moderada	Der Tiegel bricht die Beine. Das Mahl des Fürsten wird verschüttet, und die Gestalt wird befleckt. Unheil!	The crucible breaks its legs. The prince's meal is spilled, and the form is defiled. Mischief!	The legs of the ting are broken. The prince's meal is spilled And his person is soiled. Misfortune.	Primera línea poco alineada (Jaccard 25%). | Solapamiento léxico moderado MT↔Baynes (32%).
51	L4_oraculo	pair	0%	0%	divergent	Divergente	Das Erschüttern gerät in Schlamm.	The shaking turns into mud.	Shock is mired.	Primera línea poco alineada (Jaccard 0%). | Solapamiento léxico bajo MT↔Baynes (0%).
52	L4_oraculo	pair	25%	33%	moderate_align	Alineación moderada	Stillehalten seines Rumpfes. Kein Makel.	Holding his torso still. No flaw.	Keeping his trunk still. No blame.	Primera línea poco alineada (Jaccard 33%). | Solapamiento léxico moderado MT↔Baynes (25%).
53	L4_oraculo	pair	37%	56%	moderate_align	Alineación moderada	Die Wildgans zieht allmählich dem Baume zu. Vielleicht bekommt sie einen flachen Ast. Kein Makel.	The wild goose gradually moves towards the tree. Maybe she'll get a flat branch. No flaw.	The wild goose gradually draws near the tree. Perhaps it will find a flat branch. No blame.	Primera línea alineada (Jaccard 56%). | Solapamiento léxico moderado MT↔Baynes (37%).
54	L4_oraculo	pair	28%	8%	moderate_align	Alineación moderada	Das heiratende Mädchen verzögert die Frist. Eine späte Heirat kommt zu ihrer Zeit.	The girl getting married delays the deadline. A late marriage comes in its time.	The marrying maiden draws out the allotted time. A late marriage comes in due course.	Primera línea poco alineada (Jaccard 8%). | Solapamiento léxico moderado MT↔Baynes (28%).
55	L4_oraculo	pair	32%	100%	moderate_align	Alineación moderada	Der Vorhang ist von solcher Fülle, daß man am Mittag die Polsterne sieht. Er begegnet seinem gleichen Herrn. Heil!	The curtain is of such fullness, that you can see the upholstered ones at midday. He meets his same master. Unhurt!	The curtain is of such fullness That the polestars can be seen at noon. He meets his ruler, who is of like kind. Good fortune.	Primera línea alineada (Jaccard 100%). | Solapamiento léxico moderado MT↔Baynes (32%).
56	L4_oraculo	pair	41%	29%	moderate_align	Alineación moderada	Der Wanderer ruht an einem Unterkunftsort. Er erlangt seinen Besitz und eine Axt. Mein Herz ist nicht froh.	The hiker rests at a place of accommodation. He obtains his possessions and an axe. My heart is not happy.	The wanderer rests in a shelter. He obtains his property and an ax. My heart is not glad.	Primera línea poco alineada (Jaccard 29%). | Solapamiento léxico moderado MT↔Baynes (41%).
57	L4_oraculo	pair	12%	0%	divergent	Divergente	Reue schwindet. Auf der Jagd fängt man drei Arten von Wild.	Regret fades. When hunting you catch three types of game.	Remorse vanishes. During the hunt Three kinds of game are caught.	Primera línea poco alineada (Jaccard 0%). | Solapamiento léxico bajo MT↔Baynes (12%).
58	L4_oraculo	pair	19%	13%	weak_align	Alineación débil	Überlegte Heiterkeit ist nicht beruhigt. Nach Abtun der Fehler hat man Freude.	Considered cheerfulness is not reassuring. After the mistakes have been dealt with, you have joy.	Joyousness that is weighed is not at peace. After ridding himself of mistakes a man has joy.	Primera línea poco alineada (Jaccard 13%). | Solapamiento léxico bajo MT↔Baynes (19%).
59	L4_oraculo	pair	24%	9%	weak_align	Alineación débil	Er löst sich von seiner Schar. Erhabenes Heil! Durch Auflösung folgt Anhäufung. Das ist etwas, an das Gewöhnliche nicht denken.	He breaks away from his crowd. Glorious salvation! Dissolution leads to accumulation. This is something ordinary people don't think about.	He dissolves his bond with his group. Supreme good fortune. Dispersion leads in turn to accumulation. This is something that ordinary men do…	Primera línea poco alineada (Jaccard 9%). | Solapamiento léxico moderado MT↔Baynes (24%).
60	L4_oraculo	pair	0%	0%	divergent	Divergente	Zufriedene Beschränkung. Gelingen.	Satisfied restriction. Succeed.	Contented limitation. Success.	Primera línea poco alineada (Jaccard 0%). | Solapamiento léxico bajo MT↔Baynes (0%).
61	L4_oraculo	pair	39%	50%	moderate_align	Alineación moderada	Der Mond, der beinahe voll ist. Das Gespannpferd geht verloren. Kein Makel.	The moon that is almost full. The team horse is lost. No flaw.	The moon nearly at the full. The team horse goes astray. No blame.	Primera línea alineada (Jaccard 50%). | Solapamiento léxico moderado MT↔Baynes (38%).
62	L4_oraculo	pair	33%	67%	moderate_align	Alineación moderada	Kein Makel. Ohne vorbeizugehen, trifft er ihn. Hingehen bringt Gefahr. Man muß sich hüten. Handle nicht. Sei dauernd beharrlich.	No flaw. Without passing by, he meets him. Going brings danger. You have to be careful. Don't act. Be persistent all the time.	No blame. He meets him without passing by. Going brings danger. One must be on guard. Do not act. Be constantly persevering.	Primera línea alineada (Jaccard 67%). | Solapamiento léxico moderado MT↔Baynes (33%).
63	L4_oraculo	pair	58%	38%	strong_align	Alineación fuerte	Die schönsten Kleider geben Lumpen. Den ganzen Tag sei vorsichtig.	The most beautiful clothes give rags. Be careful all day long.	The finest clothes turn to rags. Be careful all day long.	Primera línea alineada (Jaccard 38%). | Solapamiento léxico alto MT↔Baynes (58%).
64	L4_oraculo	pair	16%	29%	weak_align	Alineación débil	Beharrlichkeit bringt Heil. Reue schwindet. Erschütterung, um das Teufelsland zu züchtigen.	Perseverance brings salvation. Regret fades. Convulsion to chastise the devil land.	Perseverance brings good fortune. Remorse disappears. Shock, thus to discipline the Devil's Country. For three years, great realms are award…	Primera línea poco alineada (Jaccard 29%). | Solapamiento léxico bajo MT↔Baynes (16%).
1	L4_comentario	pair	37%	26%	moderate_align	Alineación moderada	Hier ist die Stelle des Übergangs erreicht, wo die Freiheit sich betätigen kann. Eine doppelte Möglichkeit liegt vor dem bedeutenden Mann: e…	Here the point of transition has been reached where freedom can take effect. A twofold possibility lies before the great man: either to rise…	A place of transition has been reached, and free choice can enter in. A twofold possibility is presented to the great man: he can soar to th…	Primera línea poco alineada (Jaccard 26%). | Solapamiento léxico moderado MT↔Baynes (37%).
2	L4_comentario	pair	33%	24%	moderate_align	Alineación moderada	Das Schattige öffnet sich, wenn es sich bewegt, und schließt sich, wenn es ruht. Hier ist die strengste Verschlossenheit gezeichnet. Die Zei…	The shadowy opens when it moves and closes when it rests. The strictest secrecy is shown here. The time is dangerous: every step forward lea…	The dark element opens when it moves and closes when at rest. The strictest reticence is indicated here. The time is dangerous, because any …	Primera línea poco alineada (Jaccard 24%). | Solapamiento léxico moderado MT↔Baynes (33%).
3	L4_comentario	pair	36%	31%	moderate_align	Alineación moderada	Man ist in einer Lage, da man die Pflicht hat, zu handeln, aber die Kraft reicht nicht aus. Doch bietet sich Gelegenheit, Anschluß zu finden…	You are in a position where you have a duty to act, but you don't have enough strength. But there is an opportunity to make connections. It'…	We are in a situation in which it is our duty to act, but we lack sufficient power. However, an opportunity to make connections offers itsel…	Primera línea poco alineada (Jaccard 31%). | Solapamiento léxico moderado MT↔Baynes (36%).
4	L4_comentario	pair	28%	30%	moderate_align	Alineación moderada	Für die Jugendtorheit ist es das hoffnungsloseste, sich in leere Einbildungen zu verstricken. Je eigensinniger sie auf solchen wirklichkeits…	The most hopeless thing for the folly of youth is to become entangled in empty fancies. The more stubbornly she insists on such unrealistic …	For youthful folly it is the most hopeless thing to entangle itself in empty imaginings. The more obstinately it clings to such unreal fanta…	Primera línea poco alineada (Jaccard 30%). | Solapamiento léxico moderado MT↔Baynes (28%).
5	L4_comentario	pair	27%	27%	moderate_align	Alineación moderada	Es ist die Lage äußerst gefährlich. Es ist voller Ernst geworden und geht auf Leben und Tod. Blutvergießen ist unmittelbar zu erwarten. Man …	The situation is extremely dangerous. It has become very serious and is a matter of life and death. Bloodshed is expected immediately. You c…	The situation is extremely dangerous. It is of utmost gravity now—a matter of life and death. Bloodshed seems imminent. There is no going fo…	Primera línea poco alineada (Jaccard 27%). | Solapamiento léxico moderado MT↔Baynes (27%).
6	L4_comentario	pair	37%	27%	moderate_align	Alineación moderada	Die innere Gesinnung ist zunächst friedlos. Man fühlt sich in seiner Lage nicht wohl und möchte sich durch Streit eine bessere Lage verschaf…	The inner attitude is initially peaceless. You don't feel comfortable in your situation and want to get into a better situation by arguing. …	This refers to a person whose inner attitude at first lacks peace. He does not feel content with his situation and would like to improve it …	Primera línea poco alineada (Jaccard 27%). | Solapamiento léxico moderado MT↔Baynes (37%).
7	L4_comentario	pair	42%	42%	moderate_align	Alineación moderada	Wenn man einem überlegenen Feind gegenübersteht, mit dem der Kampf aussichtslos ist, so ist ein geordneter Rückzug das einzig Richtige, weil…	If you are faced with a superior enemy with whom the fight is hopeless, an orderly retreat is the only right thing to do because it protects…	In face of a superior enemy, with whom it would be hopeless to engage in battle, an orderly retreat is the only correct procedure, because i…	Primera línea alineada (Jaccard 42%). | Solapamiento léxico moderado MT↔Baynes (42%).
8	L4_comentario	pair	24%	24%	weak_align	Alineación débil	Die Beziehungen zu einem Mann, der Mittelpunkt des Zusammenhaltens ist, sind hier schon fest geregelt. Da darf und soll man seine Anhänglich…	The relationship with a man who is the focus of cohesion is already firmly established here. You can and should show your affection openly. …	Here the relations with a man who is the center of union are well established. Then we may, and indeed we should, show our attachment openly…	Primera línea poco alineada (Jaccard 24%). | Solapamiento léxico moderado MT↔Baynes (24%).
9	L4_comentario	pair	38%	38%	moderate_align	Alineación moderada	In schwerer, verantwortungsvoller Stellung soll man den Mächtigen, dem man leitend zur Seite steht, so zähmen, daß das rechte geschieht. Dar…	In a difficult, responsible position, one should tame the powerful man whom one supports in a leading role so that the right thing happens. …	If one is in the difficult and responsible position of counselor to a powerful man, one should restrain him in such a way that right may pre…	Primera línea alineada (Jaccard 38%). | Solapamiento léxico moderado MT↔Baynes (38%).
10	L4_comentario	pair	36%	36%	moderate_align	Alineación moderada	Es handelt sich um eine gefährliche Unternehmung. Es ist die innere Kraft vorhanden, sie zu bestehen. Aber die innere Kraft verbindet sich n…	It is a dangerous undertaking. There is the inner strength to get through it. But the inner strength combines externally with hesitant cauti…	This text refers to a dangerous enterprise. The inner power to carry it through is there, but this inner power is combined with hesitating c…	Primera línea alineada (Jaccard 36%). | Solapamiento léxico moderado MT↔Baynes (36%).
11	L4_comentario	pair	47%	47%	strong_align	Alineación fuerte	In Zeiten gegenseitigen Vertrauens kommen die Hohen ganz einfach, und ohne auf ihren Reichtum zu pochen, gemeinsam zu den Niedrigen. Das ist…	In times of mutual trust, the high come together to the lowly, quite simply and without insisting on their wealth. This is not forced by cir…	In times of mutual confidence, people of high rank come in close contact with the lowly quite simply and without boasting of their wealth. T…	Primera línea alineada (Jaccard 47%). | Solapamiento léxico alto MT↔Baynes (47%).
12	L4_comentario	pair	29%	29%	moderate_align	Alineación moderada	Die Zeit der Stockung naht sich dem Umschlag. Wer wieder Ordnung schaffen will, muß dazu berufen sein und das nötige Ansehen besitzen. Wer s…	The time of stagnation is approaching. Anyone who wants to restore order must be called upon to do so and have the necessary reputation. If …	The time of standstill is nearing the point of change into its opposite. Whoever wishes to restore order must feel himself called to the tas…	Primera línea poco alineada (Jaccard 29%). | Solapamiento léxico moderado MT↔Baynes (29%).
13	L4_comentario	pair	35%	35%	moderate_align	Alineación moderada	Hier rückt die Versöhnung nach der Entzweiung näher. Zwar sind noch trennende Mauern da, auf denen man sich gegenübersteht. Aber die Schwier…	Here, reconciliation after the division is getting closer. There are still dividing walls on which people face each other. But the difficult…	Here the reconciliation that follows quarrel moves nearer. It is true that there are still dividing walls on which we stand confronting one …	Primera línea poco alineada (Jaccard 35%). | Solapamiento léxico moderado MT↔Baynes (35%).
14	L4_comentario	pair	33%	33%	moderate_align	Alineación moderada	Es ist eine Stellung gekennzeichnet, die zwischen reichen und mächtigen Nachbarn steht. Das bringt Gefahr. Da gilt es, nicht rechts und nich…	A position is characterized that stands between rich and powerful neighbors. That brings danger. It is important not to look to the right or…	This characterizes the position of a man placed among rich and powerful neighbors. It is a dangerous position. He must look neither to the r…	Primera línea poco alineada (Jaccard 33%). | Solapamiento léxico moderado MT↔Baynes (33%).
15	L4_comentario	pair	40%	33%	moderate_align	Alineación moderada	Alles hat sein Maß. Auch die Bescheidenheit im Benehmen kann übertrieben werden. Hier ist sie am Platz, da die Lage zwischen einem verdienst…	Everything has its measure. Modesty in behavior can also be exaggerated. It is appropriate here because the situation between a deserving as…	Everything has its proper measure. Even modesty in behavior can be carried too far. Here, however, it is appropriate, because the place betw…	Primera línea poco alineada (Jaccard 33%). | Solapamiento léxico moderado MT↔Baynes (40%).
16	L4_comentario	pair	44%	44%	moderate_align	Alineación moderada	Jemand, der Begeisterung zu erwecken vermag durch die eigene Sicherheit und Freiheit von Bedenken: dadurch, daß er nicht zweifelt und ganz w…	Someone who is able to arouse enthusiasm through his own security and freedom from concerns: because he does not doubt and is completely tru…	This describes a man who is able to awaken enthusiasm through his own sureness and freedom from hesitation. He attracts people because he ha…	Primera línea alineada (Jaccard 44%). | Solapamiento léxico moderado MT↔Baynes (44%).
17	L4_comentario	pair	40%	31%	moderate_align	Alineación moderada	Es gelingt oft, wenn man einen gewissen Einfluß besitzt, daß man Nachfolger findet durch Leutseligkeit nach unten hin. Die Menschen, die sic…	If you have a certain amount of influence, you can often find successors through affability downwards. But the people who join you are not s…	It often happens, when a man exerts a certain amount of influence, that he obtains a following by condescension toward inferiors. But the pe…	Primera línea poco alineada (Jaccard 31%). | Solapamiento léxico moderado MT↔Baynes (40%).
18	L4_comentario	pair	30%	30%	moderate_align	Alineación moderada	Es wird hier die Lage gezeigt, daß jemand aus Schwachheit dem Verderben, das aus der Vergangenheit stammt und sich jetzt zu zeigen beginnt, …	What is shown here is the situation in which someone, out of weakness, does not confront the ruin that comes from the past and is now beginn…	This shows the situation of someone too weak to take measures against decay that has its roots in the past and is just beginning to manifest…	Primera línea poco alineada (Jaccard 30%). | Solapamiento léxico moderado MT↔Baynes (30%).
19	L4_comentario	pair	39%	39%	moderate_align	Alineación moderada	Während die drei unteren Linien das Aufsteigen zu Macht und Einfluß bezeichnen, zeigen die drei oberen das Verhalten der Höhergestellten zu …	While the three lower lines indicate the rise to power and influence, the three upper lines show the behavior of the higher-ranking people t…	While the three lower lines indicate rise to power and influence, the three upper lines show the attitude of persons in higher position towa…	Primera línea alineada (Jaccard 39%). | Solapamiento léxico moderado MT↔Baynes (39%).
20	L4_comentario	pair	49%	49%	strong_align	Alineación fuerte	Hier ist ein Mann gezeichnet, der die Geheimnisse versteht, durch die man ein Reich zur Blüte bringt. Ein solcher Mann muß an einen maßgeben…	Here is a man who understands the secrets of making an empire flourish. Such a man must be placed in an authoritative place where he can wor…	This describes a man who understands the secrets by which a kingdom can be made to flourish. Such a man must be given an authoritative posit…	Primera línea alineada (Jaccard 49%). | Solapamiento léxico alto MT↔Baynes (49%).
21	L4_comentario	pair	41%	8%	moderate_align	Alineación moderada	der Schwierigkeiten eingedenk und beharrlich zu sein. Heil! Es sind sehr große Schwierigkeiten zu überwinden. Mächtige Gegner sollen bestraf…	to be mindful of the difficulties and persevere. Unhurt! There are very great difficulties to overcome. Powerful opponents should be punishe…	There are great obstacles to be overcome, powerful opponents are to be punished. Though this is arduous, the effort succeeds. But it is nece…	Primera línea poco alineada (Jaccard 8%). | Solapamiento léxico moderado MT↔Baynes (41%).
22	L4_comentario	pair	38%	29%	moderate_align	Alineación moderada	Man ist in einer Lage, in der sich Zweifel ergeben, ob man weiterhin die Anmut äußeren Glanzes suchen soll oder ob es nicht besser ist, zur …	One is in a situation in which doubts arise as to whether one should continue to seek the grace of external splendor or whether it is not be…	An individual is in a situation in which doubts arise as to which is better—to pursue the grace of external brilliance, or to return to simp…	Primera línea poco alineada (Jaccard 29%). | Solapamiento léxico moderado MT↔Baynes (38%).
23	L4_comentario	pair	36%	36%	moderate_align	Alineación moderada	Das Unglück erreicht hier den eigenen Leib, nicht mehr nur den Ruheplatz. Eine Warnung oder sonstiger Zusatz ist nicht beigefügt. Das Unheil…	Here misfortune reaches one's own body, not just one's resting place. No warning or other addition is included. The disaster is at its heigh…	Here the disaster affects not only the resting place but even the occupant. No warning or other comment is added. Misfortune has reached its…	Primera línea alineada (Jaccard 36%). | Solapamiento léxico moderado MT↔Baynes (36%).
24	L4_comentario	pair	39%	39%	moderate_align	Alineación moderada	Man ist mitten in einer Gesellschaft von geringen Menschen, aber man hat innere Beziehungen zu einem starken und guten Freund. Infolge davon…	You are in the middle of a society of lowly people, but you have inner relationships with a strong and good friend. As a result, one turns b…	A man is in a society composed of inferior people, but is connected spiritually with a strong and good friend, and this makes him turn back …	Primera línea alineada (Jaccard 39%). | Solapamiento léxico moderado MT↔Baynes (39%).
25	L4_comentario	pair	42%	42%	moderate_align	Alineación moderada	Was einem wirklich gehört, das kann man nicht verlieren, und wenn man es wegwürfe. Man braucht darum gar nicht besorgt zu sein. Man muß nur …	You can't lose what really belongs to you, even if you throw it away. You don't need to worry about it at all. You just have to be concerned…	We cannot lose what really belongs to us, even if we throw it away. Therefore we need have no anxiety. All that need concern us is that we s…	Primera línea alineada (Jaccard 42%). | Solapamiento léxico moderado MT↔Baynes (42%).
26	L4_comentario	pair	34%	34%	moderate_align	Alineación moderada	Diese Linie und die nächstfolgende sind es, die die vorwärtsstrebenden unteren zähmen. Ehe einem Stier die Hörner gewachsen sind, bringt man…	It is this line and the next one that tame the lower ones that strive forward. Before a bull has grown its horns, a protective board is atta…	This line and the one following it are the two that tame the forward-pushing lower lines. Before a bull's horns grow out, a headboard is fas…	Primera línea poco alineada (Jaccard 34%). | Solapamiento léxico moderado MT↔Baynes (34%).
27	L4_comentario	pair	41%	34%	moderate_align	Alineación moderada	Anders als bei der Sechs auf zweitem Platz, die einen Menschen bedeutet, der geschäftig nur auf seinen eigenen Vorteil bedacht ist, bedeutet…	Unlike the six in the second place, which means a person who is busily concerned only with his own benefit, this line means a person who str…	In contrast to the six in the second place, which refers to a man bent exclusively on his own advantage, this line refers to one occupying a…	Primera línea poco alineada (Jaccard 34%). | Solapamiento léxico moderado MT↔Baynes (41%).
28	L4_comentario	pair	37%	37%	moderate_align	Alineación moderada	Durch freundliche Beziehungen zu den Unteren gelingt es einem verantwortlichen Mann, der Lage Herr zu werden. Wenn er aber seine Beziehungen…	Through friendly relations with those below, a responsible man manages to get the situation under control. But if he wanted to abuse his rel…	Through friendly relations with people of lower rank, a responsible man succeeds in becoming master of the situation. But if, instead of wor…	Primera línea alineada (Jaccard 37%). | Solapamiento léxico moderado MT↔Baynes (37%).
29	L4_comentario	pair	33%	25%	moderate_align	Alineación moderada	In Zeiten der Gefahr hören die umständlichen Formen auf. Die Hauptsache ist die wahrhaftige Gesinnung. Ein Beamter braucht für gewöhnlich, e…	In times of danger, the cumbersome forms cease. The main thing is the truthful attitude. An official usually needs certain introductory gift…	In times of danger ceremonious forms are dropped. What matters most is sincerity. Although as a rule it is customary for an official to pres…	Primera línea poco alineada (Jaccard 25%). | Solapamiento léxico moderado MT↔Baynes (32%).
30	L4_comentario	pair	33%	33%	moderate_align	Alineación moderada	Die Klarheit des Verstandes verhält sich zum Leben wie das Feuer zum Holz. Das Feuer haftet am Holz, aber es verzehrt auch das Holz. Die Ver…	The clarity of the mind is to life as fire is to wood. The fire clings to the wood, but it also consumes the wood. Clarity of mind is rooted…	Clarity of mind has the same relation to life that fire has to wood. Fire clings to wood, but also consumes it. Clarity of mind is rooted in…	Primera línea poco alineada (Jaccard 33%). | Solapamiento léxico moderado MT↔Baynes (33%).
31	L4_comentario	pair	37%	27%	moderate_align	Alineación moderada	Hier ist der Platz des Herzens erreicht. Die Anregung, die von hier ausgeht, ist am wichtigsten. Besonders ist darauf zu achten, daß der Ein…	Here the place of the heart is reached. The inspiration that comes from here is the most important. Particular care must be taken to ensure …	Here the place of the heart is reached. The impulse that springs from this source is the most important of all. It is of particular concern …	Primera línea poco alineada (Jaccard 27%). | Solapamiento léxico moderado MT↔Baynes (37%).
32	L4_comentario	pair	31%	31%	moderate_align	Alineación moderada	Wenn man auf der Jagd zu Schuß kommen will, so muß man es auf die rechte Weise anfangen. Wenn man dauernd dem Wild an einem Orte nachstellt,…	If you want to get a shot while hunting, you have to start it the right way. If you keep chasing game in a place where there is none, you ca…	If we are in pursuit of game and want to get a shot at a quarry, we must set about it in the right way. A man who persists in stalking game …	Primera línea poco alineada (Jaccard 31%). | Solapamiento léxico moderado MT↔Baynes (31%).
33	L4_comentario	pair	29%	29%	moderate_align	Alineación moderada	Beim Rückzug handelt es sich für den höheren Menschen darum, daß er in aller Freundlichkeit und gerne Abschied nimmt. Der Rückzug fällt ihm …	For the higher person, retreating is about saying goodbye in all friendliness and with pleasure. Withdrawal is also easy for him internally …	In retreating the superior man is intent on taking his departure willingly and in all friendliness. He easily adjusts his mind to retreat, b…	Primera línea poco alineada (Jaccard 29%). | Solapamiento léxico moderado MT↔Baynes (29%).
34	L4_comentario	pair	28%	7%	moderate_align	Alineación moderada	Die Macht beruht auf der Achse eines großen Wagens. Wenn man beharrlich und still fortarbeitet an der Beseitigung der Widerstände, dann geli…	Power rests on the axle of a great chariot. If you continue to work persistently and quietly to eliminate resistance, then you will eventual…	If a man goes on quietly and perseveringly working at the removal of resistances, success comes in the end. The obstructions give way and al…	Primera línea poco alineada (Jaccard 7%). | Solapamiento léxico moderado MT↔Baynes (28%).
35	L4_comentario	pair	29%	29%	moderate_align	Alineación moderada	In Zeiten des Fortschritts ist es für starke Menschen leicht, wenn sie an unrichtiger Stelle sind, sich vieles zusammenzuscharren. Aber ein …	In times of progress, it is easy for strong people to grab a lot of things when they are in the wrong place. But such behavior is shy of lig…	In times of progress it is easy for strong men in the wrong places to amass great possessions. But such conduct shuns the light. And since t…	Primera línea poco alineada (Jaccard 29%). | Solapamiento léxico moderado MT↔Baynes (29%).
36	L4_comentario	pair	44%	44%	moderate_align	Alineación moderada	Man befindet sich in der Nähe des Hauptes der Finsternis und erfährt so seine geheimsten Gedanken. Auf diese Weise erkennt man, daß Besserun…	You are close to the head of darkness and thus experience its most secret thoughts. In this way one recognizes that improvement can no longe…	We find ourselves close to the commander of darkness and so discover his most secret thoughts. In this way we realize that there is no longe…	Primera línea alineada (Jaccard 44%). | Solapamiento léxico moderado MT↔Baynes (44%).
37	L4_comentario	pair	34%	34%	moderate_align	Alineación moderada	Die Hausfrau ist es, von der der Wohlstand der Familie abhängt. Wohlstand herrscht immer dann, wenn Ausgaben und Einnahmen zueinander in ges…	It is the housewife on whom the family's prosperity depends. Prosperity always exists when there is a healthy relationship between expenditu…	It is upon the woman of the house that the well-being of the family depends. Well-being prevails when expenditures and income are soundly ba…	Primera línea poco alineada (Jaccard 34%). | Solapamiento léxico moderado MT↔Baynes (34%).
38	L4_comentario	pair	30%	30%	moderate_align	Alineación moderada	Wenn man in einer Gesellschaft ist, von der man durch einen inneren Gegensatz getrennt ist, so kommt man in Vereinsamung. Aber wenn man in s…	If you are in a society from which you are separated by an inner contradiction, you become isolated. But if in such a situation you meet a p…	If a man finds himself in a company of people from whom he is separated by an inner opposition, he becomes isolated. But if in such a situat…	Primera línea poco alineada (Jaccard 30%). | Solapamiento léxico moderado MT↔Baynes (30%).
39	L4_comentario	pair	37%	29%	moderate_align	Alineación moderada	Auch hier ist eine Lage gezeichnet, der man allein nicht gewachsen ist. In solchem Fall ist der gerade Weg nicht der kürzeste. Wollte man au…	Here, too, a situation is drawn that one cannot cope with alone. In such a case, the straight path is not the shortest. If one wanted to str…	This too describes a situation that cannot be managed singlehanded. In such a case the direct way is not the shortest. If a person were to f…	Primera línea poco alineada (Jaccard 29%). | Solapamiento léxico moderado MT↔Baynes (37%).
40	L4_comentario	pair	46%	38%	strong_align	Alineación fuerte	Zu Zeiten des Stillstandes kommt es vor, daß gemeine Menschen sich einem höheren Menschen anschließen und durch tägliche Gewohnheit mit ihm …	In times of standstill it happens that common people join a higher person and through daily habit grow together with him and become indispen…	In times of standstill it will happen that inferior people attach themselves to a superior man, and through force of daily habit they may gr…	Primera línea alineada (Jaccard 38%). | Solapamiento léxico alto MT↔Baynes (46%).
41	L4_comentario	pair	38%	38%	moderate_align	Alineación moderada	Oft hindern unsere Fehler selbst wohlgesinnte Menschen, uns näherzutreten. Diese Fehler werden oft verstärkt und schlimmer gemacht durch die…	Our mistakes often prevent even well-meaning people from approaching us. These mistakes are often compounded and made worse by the environme…	A man's faults often prevent even well-disposed people from coming closer to him. His faults are sometimes reinforced by the environment in …	Primera línea alineada (Jaccard 38%). | Solapamiento léxico moderado MT↔Baynes (38%).
42	L4_comentario	pair	44%	38%	moderate_align	Alineación moderada	Es ist von Wichtigkeit, daß es Menschen gibt, die zwischen Führern und Geführten vermitteln. Das müssen selbstlose Persönlichkeiten sein, na…	It is important that there are people who mediate between leaders and led. These must be selfless personalities, especially in times of incr…	It is important that there should be men who mediate between leaders and followers. These should be disinterested people, especially in time…	Primera línea alineada (Jaccard 38%). | Solapamiento léxico moderado MT↔Baynes (44%).
43	L4_comentario	pair	42%	42%	moderate_align	Alineación moderada	Man leidet an innerer Unruhe, so daß man nicht auf seinem Platz beharren kann. Man möchte unter allen Umständen voran und findet dabei unübe…	You suffer from inner restlessness so that you cannot hold on to your place. You want to move forward under all circumstances and find insur…	Here a man is suffering from inner restlessness and cannot abide in his place. He would like to push forward under any circumstances, but en…	Primera línea alineada (Jaccard 42%). | Solapamiento léxico moderado MT↔Baynes (42%).
44	L4_comentario	pair	30%	30%	moderate_align	Alineación moderada	Die kleinen Leute muß man dulden, damit sie einem wohlgesinnt bleiben. Dann kann man sie auch benutzen, wenn man sie einmal braucht. Wenn ma…	You have to tolerate the little people so that they remain well disposed towards you. Then you can use them when you need them. If you alien…	Insignificant people must be tolerated in order to keep them well disposed. Then we can make use of them if we should need them. If we becom…	Primera línea poco alineada (Jaccard 30%). | Solapamiento léxico moderado MT↔Baynes (30%).
45	L4_comentario	pair	53%	53%	strong_align	Alineación fuerte	Es ist hier ein Mann gezeichnet, der im Namen seines Herrn die Menschen um sich sammelt. Da er keine Sondervorteile für sich erstrebt, sonde…	A man is depicted here who gathers people around him in the name of his master. Since he does not seek any special advantages for himself, b…	This describes a man who gathers people around him in the name of his ruler. Since he is not striving for any special advantages for himself…	Primera línea alineada (Jaccard 53%). | Solapamiento léxico alto MT↔Baynes (53%).
46	L4_comentario	pair	39%	28%	moderate_align	Alineación moderada	Der Berg Ki ist im Westen Chinas, dem Stammlande des Königs Wen, von dessen Sohne, dem Herzog von Dschou, die Worte zu den Einzellinien beig…	Mount Ki is in the west of China, the ancestral homeland of King Wen, whose son, the Duke of Dschou, gave the words to the individual lines.…	Mount Ch'i is in western China, the homeland of King Wên, whose son, the Duke of Chou, added the words to the individual lines. The pronounc…	Primera línea poco alineada (Jaccard 28%). | Solapamiento léxico moderado MT↔Baynes (39%).
47	L4_comentario	pair	39%	33%	moderate_align	Alineación moderada	Ein wohlhabender Mann sieht die Not der Unteren und möchte auch ganz gerne helfen. Doch greift er nicht rasch und energisch zu, wo es nötig …	A wealthy man sees the need of those below and would like to help. However, he does not take quick and energetic action where necessary, but…	A well-to-do man sees the need of the lower classes and would like very much to be of help. But instead of proceeding with speed and energy …	Primera línea poco alineada (Jaccard 33%). | Solapamiento léxico moderado MT↔Baynes (39%).
48	L4_comentario	pair	42%	42%	moderate_align	Alineación moderada	Wenn der Brunnen ausgemauert wird, so kann man ihn zwar solange nicht benützen, aber die Arbeit ist nicht vergebens; sie bewirkt, daß das Wa…	If the well is lined with bricks, you cannot use it for a while, but the work is not in vain; it causes the water to stay clear. So there ar…	True, if a well is being lined with stone, it cannot be used while the work is going on. But the work is not in vain; the result is that the…	Primera línea alineada (Jaccard 42%). | Solapamiento léxico moderado MT↔Baynes (42%).
49	L4_comentario	pair	39%	36%	moderate_align	Alineación moderada	Grundstürzende Änderungen erfordern die nötige Autorität. Sowohl die innere Charakterstärke muß da sein als auch die einflußreiche Stellung.…	Fundamental changes require the necessary authority. Both the inner strength of character and the influential position must be there. What y…	Radical changes require adequate authority. A man must have inner strength as well as influential position. What he does must correspond wit…	Primera línea alineada (Jaccard 36%). | Solapamiento léxico moderado MT↔Baynes (39%).
50	L4_comentario	pair	37%	29%	moderate_align	Alineación moderada	Man hat eine schwere, verantwortungsvolle Aufgabe, deren Erfüllung man nicht gewachsen ist. Da man zudem sich dieser Aufgabe nicht mit volle…	You have a difficult, responsible task that you are not up to fulfilling. Furthermore, since one does not dedicate oneself to this task with…	A man has a difficult and responsible task to which he is not adequate. Moreover, he does not devote himself to it with all his strength but…	Primera línea poco alineada (Jaccard 29%). | Solapamiento léxico moderado MT↔Baynes (37%).
51	L4_comentario	pair	36%	36%	moderate_align	Alineación moderada	Die innere Bewegung hängt in ihrem Erfolg zum Teil auch von den Umständen ab. Wenn die Umstände so sind, daß weder Widerstand vorhanden ist,…	The success of the inner movement also depends in part on the circumstances. When the circumstances are such that there is neither resistanc…	Movement within the mind depends for its success partly on circumstances. If there is neither a resistance that might be vigorously combated…	Primera línea alineada (Jaccard 36%). | Solapamiento léxico moderado MT↔Baynes (36%).
52	L4_comentario	pair	49%	31%	strong_align	Alineación fuerte	Ruhighalten des Rückens, wie es in den Worten zum Gesamtzeichen erwähnt ist, bedeutet, daß man das Ich ver gißt. Das ist die höchste Stufe d…	Keeping the back still, as mentioned in the words about the overall sign, means forgetting the ego. This is the highest level of calm. This …	As has been pointed out above in the comment on the Judgment, keeping the back at rest means forgetting the ego. This is the highest stage o…	Primera línea poco alineada (Jaccard 31%). | Solapamiento léxico alto MT↔Baynes (49%).
53	L4_comentario	pair	38%	38%	moderate_align	Alineación moderada	Der Baum ist kein Platz, der für eine Wildgans geeignet ist. Aber wenn sie klug ist, findet sie einen flachen Ast, auf dem sie stehen kann. …	The tree is not a place suitable for a wild goose. But if she's smart, she'll find a flat branch to stand on. In life, as you develop, you o…	A tree is not a suitable place for a wild goose. But if it is clever, it will find a flat branch on which it can get a footing. A man's life…	Primera línea alineada (Jaccard 38%). | Solapamiento léxico moderado MT↔Baynes (38%).
54	L4_comentario	pair	37%	37%	moderate_align	Alineación moderada	Das Mädchen ist sehr gut, will sich nicht wegwerfen und versäumt darüber die übliche Zeit der Ehe. Das schadet aber nichts. Sie wird für ihr…	The girl is very good, doesn't want to throw herself away and misses the usual time of marriage. But that doesn't do any harm. She is reward…	The girl is virtuous. She does not wish to throw herself away, and allows the customary time for marriage to slip by. However, there is no h…	Primera línea alineada (Jaccard 37%). | Solapamiento léxico moderado MT↔Baynes (37%).
55	L4_comentario	pair	37%	37%	moderate_align	Alineación moderada	Hier ist die Finsternis schon im Abnehmen, darum findet sich das einander Entsprechende zusammen. Auch hier muß die Ergänzung gefunden werde…	Here the darkness is already diminishing, which is why the corresponding things are coming together. Here, too, the complement must be found…	Here the darkness is already decreasing, therefore interrelated elements come together. Here too the complement must be found—the necessary …	Primera línea alineada (Jaccard 37%). | Solapamiento léxico moderado MT↔Baynes (37%).
56	L4_comentario	pair	32%	29%	moderate_align	Alineación moderada	Hier ist ein Wanderer gezeichnet, der sich äußerlich zu bescheiden versteht, obwohl er innerlich stark und vorwärtsdringend ist. Darum finde…	Here a hiker is depicted who is too modest on the outside, although he is strong and forward-thinking on the inside. That's why he at least …	This describes a wanderer who knows how to limit his desires outwardly, though he is inwardly strong and aspiring. Therefore he finds at lea…	Primera línea poco alineada (Jaccard 29%). | Solapamiento léxico moderado MT↔Baynes (32%).
57	L4_comentario	pair	32%	32%	moderate_align	Alineación moderada	Wenn man angeborene Bescheidenheit infolge der verantwortungsvollen Stelle, die man bekleidet, und der Erfahrungen, die man gesammelt hat, m…	If one combines innate modesty resulting from the position of responsibility one holds and the experience one has gained with energetic acti…	When a responsible position and accumulated experience lead one to combine innate modesty with energetic action, great success is assured. T…	Primera línea poco alineada (Jaccard 32%). | Solapamiento léxico moderado MT↔Baynes (32%).
58	L4_comentario	pair	41%	32%	moderate_align	Alineación moderada	Oft befindet sich der Mensch mitteninne zwischen verschiedenen Arten der Freude. Solange man noch nicht entschieden ist, welche Art der Freu…	People often find themselves in the middle of different types of joy. As long as you have not yet decided which type of joy you want to choo…	Often a man finds himself weighing the choice between various kinds of pleasures, and so long as he has not decided which kind he will choos…	Primera línea poco alineada (Jaccard 32%). | Solapamiento léxico moderado MT↔Baynes (41%).
59	L4_comentario	pair	30%	30%	moderate_align	Alineación moderada	Wenn man an einer Aufgabe arbeitet, die ins große Ganze geht, muß man alle Privatfreundschaften beiseite lassen. Nur wenn man über den Parte…	When you work on a task that has a big impact, you have to put aside all personal friendships. Only when you stand above the parties can you…	When we are working at a task that affects the general welfare, we must leave all private friendships out of account. Only by rising above p…	Primera línea poco alineada (Jaccard 30%). | Solapamiento léxico moderado MT↔Baynes (30%).
60	L4_comentario	pair	42%	33%	moderate_align	Alineación moderada	Jede Beschränkung hat ihren Wert. Aber wenn diese Beschränkung noch dauernde Anstrengung erfordert, dann ist sie mit zu viel Kraftaufwand ve…	Every limitation has its value. But if this restriction still requires constant effort, then it involves too much effort. But where the rest…	Every limitation has its value, but a limitation that requires persistent effort entails a cost of too much energy. When, however, the limit…	Primera línea poco alineada (Jaccard 33%). | Solapamiento léxico moderado MT↔Baynes (42%).
61	L4_comentario	pair	44%	30%	moderate_align	Alineación moderada	Um die Kraft der inneren Wahrheit zu steigern, muß man sich dem Höheren zuwenden, von dem man Erleuchtung empfangen kann wie der Mond von de…	In order to increase the power of inner truth, one must turn to the Higher, from whom one can receive enlightenment like the moon from the s…	To intensify the power of inner truth, a man must always turn to his superior, from whom he can receive enlightenment as the moon receives l…	Primera línea poco alineada (Jaccard 30%). | Solapamiento léxico moderado MT↔Baynes (44%).
62	L4_comentario	pair	24%	24%	weak_align	Alineación débil	Die Härte des Charakters ist durch die Weichheit der Stellung gemildert, so daß man keinen Fehler macht. Man befindet sich in einer Lage, da…	The hardness of the character is tempered by the softness of the position, so that no mistake is made. You find yourself in a situation wher…	Hardness of character is tempered by yielding position, so that no mistakes are made. The situation here calls for extreme caution; one must…	Primera línea poco alineada (Jaccard 24%). | Solapamiento léxico moderado MT↔Baynes (24%).
63	L4_comentario	pair	32%	24%	moderate_align	Alineación moderada	In Zeiten der Kulturblüte kommen immer zuweilen Erschütterungen vor, die einen inneren Schaden der Gesellschaft aufdecken und dann zunächst …	In times of cultural prosperity, shocks sometimes occur that reveal internal damage to society and then initially cause a general stir. Howe…	In a time of flowering culture, an occasional convulsion is bound to occur, uncovering a hidden evil within society and at first causing a g…	Primera línea poco alineada (Jaccard 24%). | Solapamiento léxico moderado MT↔Baynes (32%).
64	L4_comentario	pair	39%	2%	moderate_align	Alineación moderada	Drei Jahre lang gibt es Belohnungen mit großen Reichen. Nun ist die Zeit des Kampfes. Der Übergang muß vollzogen werden. Man muß sich in sei…	There are great riches rewards for three years. Now is the time to fight. The transition must be made. You have to be very strong in your de…	Now it is the time of struggle. The transition must be completed. We must make ourselves strong in resolution; this brings good fortune. All…	Primera línea poco alineada (Jaccard 2%). | Solapamiento léxico moderado MT↔Baynes (39%).
1	L5_etiqueta	pair	80%	80%	strong_align	Alineación fuerte	Neun auf fünftem Platz bedeutet:	Nine in fifth place means:	Nine in the fifth place means:	Primera línea alineada (Jaccard 80%). | Solapamiento léxico alto MT↔Baynes (80%).
2	L5_etiqueta	pair	80%	80%	strong_align	Alineación fuerte	Sechs auf fünftem Platz bedeutet:	Six in fifth place means:	Six in the fifth place means:	Primera línea alineada (Jaccard 80%). | Solapamiento léxico alto MT↔Baynes (80%).
3	L5_etiqueta	pair	80%	80%	strong_align	Alineación fuerte	Neun auf fünftem Platz bedeutet:	Nine in fifth place means:	Nine in the fifth place means:	Primera línea alineada (Jaccard 80%). | Solapamiento léxico alto MT↔Baynes (80%).
4	L5_etiqueta	pair	80%	80%	strong_align	Alineación fuerte	Sechs auf fünftem Platz bedeutet:	Six in fifth place means:	Six in the fifth place means:	Primera línea alineada (Jaccard 80%). | Solapamiento léxico alto MT↔Baynes (80%).
5	L5_etiqueta	pair	80%	80%	strong_align	Alineación fuerte	Neun auf fünftem Platz bedeutet:	Nine in fifth place means:	Nine in the fifth place means:	Primera línea alineada (Jaccard 80%). | Solapamiento léxico alto MT↔Baynes (80%).
6	L5_etiqueta	pair	80%	80%	strong_align	Alineación fuerte	Neun auf fünftem Platz bedeutet:	Nine in fifth place means:	Nine in the fifth place means:	Primera línea alineada (Jaccard 80%). | Solapamiento léxico alto MT↔Baynes (80%).
7	L5_etiqueta	pair	80%	80%	strong_align	Alineación fuerte	Sechs auf fünftem Platz bedeutet:	Six in fifth place means:	Six in the fifth place means:	Primera línea alineada (Jaccard 80%). | Solapamiento léxico alto MT↔Baynes (80%).
8	L5_etiqueta	pair	80%	80%	strong_align	Alineación fuerte	Neun auf fünftem Platz bedeutet:	Nine in fifth place means:	Nine in the fifth place means:	Primera línea alineada (Jaccard 80%). | Solapamiento léxico alto MT↔Baynes (80%).
9	L5_etiqueta	pair	80%	80%	strong_align	Alineación fuerte	Neun auf fünftem Platz bedeutet:	Nine in fifth place means:	Nine in the fifth place means:	Primera línea alineada (Jaccard 80%). | Solapamiento léxico alto MT↔Baynes (80%).
10	L5_etiqueta	pair	80%	80%	strong_align	Alineación fuerte	Neun auf fünftem Platz bedeutet:	Nine in fifth place means:	Nine in the fifth place means:	Primera línea alineada (Jaccard 80%). | Solapamiento léxico alto MT↔Baynes (80%).
11	L5_etiqueta	pair	80%	80%	strong_align	Alineación fuerte	Sechs auf fünftem Platz bedeutet:	Six in fifth place means:	Six in the fifth place means:	Primera línea alineada (Jaccard 80%). | Solapamiento léxico alto MT↔Baynes (80%).
12	L5_etiqueta	pair	80%	80%	strong_align	Alineación fuerte	Neun auf fünftem Platz bedeutet:	Nine in fifth place means:	Nine in the fifth place means:	Primera línea alineada (Jaccard 80%). | Solapamiento léxico alto MT↔Baynes (80%).
13	L5_etiqueta	pair	80%	80%	strong_align	Alineación fuerte	Neun auf fünftem Platz bedeutet:	Nine in fifth place means:	Nine in the fifth place means:	Primera línea alineada (Jaccard 80%). | Solapamiento léxico alto MT↔Baynes (80%).
14	L5_etiqueta	pair	80%	80%	strong_align	Alineación fuerte	Sechs auf fünftem Platz bedeutet;	Six in fifth place means;	Six in the fifth place means:	Primera línea alineada (Jaccard 80%). | Solapamiento léxico alto MT↔Baynes (80%).
15	L5_etiqueta	pair	80%	80%	strong_align	Alineación fuerte	Sechs auf fünftem Platz bedeutet:	Six in fifth place means:	Six in the fifth place means:	Primera línea alineada (Jaccard 80%). | Solapamiento léxico alto MT↔Baynes (80%).
16	L5_etiqueta	pair	80%	80%	strong_align	Alineación fuerte	Sechs auf fünftem Platz bedeutet:	Six in fifth place means:	Six in the fifth place means:	Primera línea alineada (Jaccard 80%). | Solapamiento léxico alto MT↔Baynes (80%).
17	L5_etiqueta	pair	80%	80%	strong_align	Alineación fuerte	Neun auf fünftem Platz bedeutet:	Nine in fifth place means:	Nine in the fifth place means:	Primera línea alineada (Jaccard 80%). | Solapamiento léxico alto MT↔Baynes (80%).
18	L5_etiqueta	pair	80%	80%	strong_align	Alineación fuerte	Sechs auf fünftem Platz bedeutet:	Six in fifth place means:	Six in the fifth place means:	Primera línea alineada (Jaccard 80%). | Solapamiento léxico alto MT↔Baynes (80%).
19	L5_etiqueta	pair	80%	80%	strong_align	Alineación fuerte	Sechs auf fünftem Platz bedeutet:	Six in fifth place means:	Six in the fifth place means:	Primera línea alineada (Jaccard 80%). | Solapamiento léxico alto MT↔Baynes (80%).
20	L5_etiqueta	pair	80%	80%	strong_align	Alineación fuerte	Neun auf fünftem Platz bedeutet:	Nine in fifth place means:	Nine in the fifth place means:	Primera línea alineada (Jaccard 80%). | Solapamiento léxico alto MT↔Baynes (80%).
21	L5_etiqueta	pair	80%	80%	strong_align	Alineación fuerte	Sechs auf fünftem Platz bedeutet:	Six in fifth place means:	Six in the fifth place means:	Primera línea alineada (Jaccard 80%). | Solapamiento léxico alto MT↔Baynes (80%).
22	L5_etiqueta	pair	80%	80%	strong_align	Alineación fuerte	Sechs auf fünftem Platz bedeutet:	Six in fifth place means:	Six in the fifth place means:	Primera línea alineada (Jaccard 80%). | Solapamiento léxico alto MT↔Baynes (80%).
23	L5_etiqueta	pair	80%	80%	strong_align	Alineación fuerte	Sechs auf fünftem Platz bedeutet:	Six in fifth place means:	Six in the fifth place means:	Primera línea alineada (Jaccard 80%). | Solapamiento léxico alto MT↔Baynes (80%).
24	L5_etiqueta	pair	80%	80%	strong_align	Alineación fuerte	Sechs auf fünftem Platz bedeutet:	Six in fifth place means:	Six in the fifth place means:	Primera línea alineada (Jaccard 80%). | Solapamiento léxico alto MT↔Baynes (80%).
25	L5_etiqueta	pair	80%	80%	strong_align	Alineación fuerte	Neun auf fünftem Platz bedeutet:	Nine in fifth place means:	Nine in the fifth place means:	Primera línea alineada (Jaccard 80%). | Solapamiento léxico alto MT↔Baynes (80%).
26	L5_etiqueta	pair	80%	80%	strong_align	Alineación fuerte	Sechs auf fünftem Platz bedeutet:	Six in fifth place means:	Six in the fifth place means:	Primera línea alineada (Jaccard 80%). | Solapamiento léxico alto MT↔Baynes (80%).
27	L5_etiqueta	pair	80%	80%	strong_align	Alineación fuerte	Sechs auf fünftem Platz bedeutet:	Six in fifth place means:	Six in the fifth place means:	Primera línea alineada (Jaccard 80%). | Solapamiento léxico alto MT↔Baynes (80%).
28	L5_etiqueta	pair	80%	80%	strong_align	Alineación fuerte	Neun auf fünftem Platz bedeutet:	Nine in fifth place means:	Nine in the fifth place means:	Primera línea alineada (Jaccard 80%). | Solapamiento léxico alto MT↔Baynes (80%).
29	L5_etiqueta	pair	80%	80%	strong_align	Alineación fuerte	Neun auf fünftem Platz bedeutet:	Nine in fifth place means:	Nine in the fifth place means:	Primera línea alineada (Jaccard 80%). | Solapamiento léxico alto MT↔Baynes (80%).
30	L5_etiqueta	pair	80%	80%	strong_align	Alineación fuerte	Sechs auf fünftem Platz bedeutet:	Six in fifth place means:	Six in the fifth place means:	Primera línea alineada (Jaccard 80%). | Solapamiento léxico alto MT↔Baynes (80%).
31	L5_etiqueta	pair	80%	80%	strong_align	Alineación fuerte	Neun auf fünftem Platz bedeutet:	Nine in fifth place means:	Nine in the fifth place means:	Primera línea alineada (Jaccard 80%). | Solapamiento léxico alto MT↔Baynes (80%).
32	L5_etiqueta	pair	80%	80%	strong_align	Alineación fuerte	Sechs auf fünftem Platz bedeutet:	Six in fifth place means:	Six in the fifth place means:	Primera línea alineada (Jaccard 80%). | Solapamiento léxico alto MT↔Baynes (80%).
33	L5_etiqueta	pair	80%	80%	strong_align	Alineación fuerte	Neun auf fünftem Platz bedeutet:	Nine in fifth place means:	Nine in the fifth place means:	Primera línea alineada (Jaccard 80%). | Solapamiento léxico alto MT↔Baynes (80%).
34	L5_etiqueta	pair	80%	80%	strong_align	Alineación fuerte	Sechs auf fünftem Platz bedeutet:	Six in fifth place means:	Six in the fifth place means:	Primera línea alineada (Jaccard 80%). | Solapamiento léxico alto MT↔Baynes (80%).
35	L5_etiqueta	pair	80%	80%	strong_align	Alineación fuerte	Sechs auf fünftem Platz bedeutet:	Six in fifth place means:	Six in the fifth place means:	Primera línea alineada (Jaccard 80%). | Solapamiento léxico alto MT↔Baynes (80%).
36	L5_etiqueta	pair	80%	80%	strong_align	Alineación fuerte	Sechs auf fünftem Platz bedeutet:	Six in fifth place means:	Six in the fifth place means:	Primera línea alineada (Jaccard 80%). | Solapamiento léxico alto MT↔Baynes (80%).
37	L5_etiqueta	pair	80%	80%	strong_align	Alineación fuerte	Neun auf fünftem Platz bedeutet:	Nine in fifth place means:	Nine in the fifth place means:	Primera línea alineada (Jaccard 80%). | Solapamiento léxico alto MT↔Baynes (80%).
38	L5_etiqueta	pair	80%	80%	strong_align	Alineación fuerte	Sechs auf fünftem Platz bedeutet:	Six in fifth place means:	Six in the fifth place means:	Primera línea alineada (Jaccard 80%). | Solapamiento léxico alto MT↔Baynes (80%).
39	L5_etiqueta	pair	80%	80%	strong_align	Alineación fuerte	Neun auf fünftem Platz bedeutet:	Nine in fifth place means:	Nine in the fifth place means:	Primera línea alineada (Jaccard 80%). | Solapamiento léxico alto MT↔Baynes (80%).
40	L5_etiqueta	pair	80%	80%	strong_align	Alineación fuerte	Sechs auf fünftem Platz bedeutet:	Six in fifth place means:	Six in the fifth place means:	Primera línea alineada (Jaccard 80%). | Solapamiento léxico alto MT↔Baynes (80%).
41	L5_etiqueta	pair	80%	80%	strong_align	Alineación fuerte	Sechs auf fünftem Platz bedeutet:	Six in fifth place means:	Six in the fifth place means:	Primera línea alineada (Jaccard 80%). | Solapamiento léxico alto MT↔Baynes (80%).
42	L5_etiqueta	pair	80%	80%	strong_align	Alineación fuerte	Neun auf fünftem Platz bedeutet:	Nine in fifth place means:	Nine in the fifth place means:	Primera línea alineada (Jaccard 80%). | Solapamiento léxico alto MT↔Baynes (80%).
43	L5_etiqueta	pair	80%	80%	strong_align	Alineación fuerte	Neun auf fünftem Platz bedeutet:	Nine in fifth place means:	Nine in the fifth place means:	Primera línea alineada (Jaccard 80%). | Solapamiento léxico alto MT↔Baynes (80%).
44	L5_etiqueta	pair	80%	80%	strong_align	Alineación fuerte	Neun auf fünftem Platz bedeutet:	Nine in fifth place means:	Nine in the fifth place means:	Primera línea alineada (Jaccard 80%). | Solapamiento léxico alto MT↔Baynes (80%).
45	L5_etiqueta	pair	80%	80%	strong_align	Alineación fuerte	Neun auf fünftem Platz bedeutet:	Nine in fifth place means:	Nine in the fifth place means:	Primera línea alineada (Jaccard 80%). | Solapamiento léxico alto MT↔Baynes (80%).
46	L5_etiqueta	pair	80%	80%	strong_align	Alineación fuerte	Sechs auf fünftem Platz bedeutet:	Six in fifth place means:	Six in the fifth place means:	Primera línea alineada (Jaccard 80%). | Solapamiento léxico alto MT↔Baynes (80%).
47	L5_etiqueta	pair	80%	80%	strong_align	Alineación fuerte	Neun auf fünftem Platz bedeutet:	Nine in fifth place means:	Nine in the fifth place means:	Primera línea alineada (Jaccard 80%). | Solapamiento léxico alto MT↔Baynes (80%).
48	L5_etiqueta	pair	80%	80%	strong_align	Alineación fuerte	Neun auf fünftem Platz bedeutet:	Nine in fifth place means:	Nine in the fifth place means:	Primera línea alineada (Jaccard 80%). | Solapamiento léxico alto MT↔Baynes (80%).
49	L5_etiqueta	pair	80%	80%	strong_align	Alineación fuerte	Neun auf fünftem Platz bedeutet:	Nine in fifth place means:	Nine in the fifth place means:	Primera línea alineada (Jaccard 80%). | Solapamiento léxico alto MT↔Baynes (80%).
50	L5_etiqueta	pair	80%	80%	strong_align	Alineación fuerte	Sechs auf fünftem Platz bedeutet:	Six in fifth place means:	Six in the fifth place means:	Primera línea alineada (Jaccard 80%). | Solapamiento léxico alto MT↔Baynes (80%).
51	L5_etiqueta	pair	80%	80%	strong_align	Alineación fuerte	Sechs auf fünftem Platz bedeutet:	Six in fifth place means:	Six in the fifth place means:	Primera línea alineada (Jaccard 80%). | Solapamiento léxico alto MT↔Baynes (80%).
52	L5_etiqueta	pair	80%	80%	strong_align	Alineación fuerte	Sechs auf fünftem Platz bedeutet:	Six in fifth place means:	Six in the fifth place means:	Primera línea alineada (Jaccard 80%). | Solapamiento léxico alto MT↔Baynes (80%).
53	L5_etiqueta	pair	80%	80%	strong_align	Alineación fuerte	Neun auf fünftem Platz bedeutet:	Nine in fifth place means:	Nine in the fifth place means:	Primera línea alineada (Jaccard 80%). | Solapamiento léxico alto MT↔Baynes (80%).
54	L5_etiqueta	pair	80%	80%	strong_align	Alineación fuerte	Sechs auf fünftem Platz bedeutet:	Six in fifth place means:	Six in the fifth place means:	Primera línea alineada (Jaccard 80%). | Solapamiento léxico alto MT↔Baynes (80%).
55	L5_etiqueta	pair	80%	80%	strong_align	Alineación fuerte	Sechs auf fünftem Platz bedeutet:	Six in fifth place means:	Six in the fifth place means:	Primera línea alineada (Jaccard 80%). | Solapamiento léxico alto MT↔Baynes (80%).
56	L5_etiqueta	pair	80%	80%	strong_align	Alineación fuerte	Sechs auf fünftem Platz bedeutet:	Six in fifth place means:	Six in the fifth place means:	Primera línea alineada (Jaccard 80%). | Solapamiento léxico alto MT↔Baynes (80%).
57	L5_etiqueta	pair	80%	80%	strong_align	Alineación fuerte	Neun auf fünftem Platz bedeutet:	Nine in fifth place means:	Nine in the fifth place means:	Primera línea alineada (Jaccard 80%). | Solapamiento léxico alto MT↔Baynes (80%).
58	L5_etiqueta	pair	80%	80%	strong_align	Alineación fuerte	Neun auf fünftem Platz bedeutet:	Nine in fifth place means:	Nine in the fifth place means:	Primera línea alineada (Jaccard 80%). | Solapamiento léxico alto MT↔Baynes (80%).
59	L5_etiqueta	pair	80%	80%	strong_align	Alineación fuerte	Neun auf fünftem Platz bedeutet:	Nine in fifth place means:	Nine in the fifth place means:	Primera línea alineada (Jaccard 80%). | Solapamiento léxico alto MT↔Baynes (80%).
60	L5_etiqueta	pair	80%	80%	strong_align	Alineación fuerte	Neun auf fünftem Platz bedeutet:	Nine in fifth place means:	Nine in the fifth place means:	Primera línea alineada (Jaccard 80%). | Solapamiento léxico alto MT↔Baynes (80%).
61	L5_etiqueta	pair	80%	80%	strong_align	Alineación fuerte	Neun auf fünftem Platz bedeutet:	Nine in fifth place means:	Nine in the fifth place means:	Primera línea alineada (Jaccard 80%). | Solapamiento léxico alto MT↔Baynes (80%).
62	L5_etiqueta	pair	80%	80%	strong_align	Alineación fuerte	Sechs auf fünftem Platz bedeutet:	Six in fifth place means:	Six in the fifth place means:	Primera línea alineada (Jaccard 80%). | Solapamiento léxico alto MT↔Baynes (80%).
63	L5_etiqueta	pair	80%	80%	strong_align	Alineación fuerte	Neun auf fünftem Platz bedeutet:	Nine in fifth place means:	Nine in the fifth place means:	Primera línea alineada (Jaccard 80%). | Solapamiento léxico alto MT↔Baynes (80%).
64	L5_etiqueta	pair	80%	80%	strong_align	Alineación fuerte	Sechs auf fünftem Platz bedeutet:	Six in fifth place means:	Six in the fifth place means:	Primera línea alineada (Jaccard 80%). | Solapamiento léxico alto MT↔Baynes (80%).
1	L5_oraculo	pair	55%	60%	strong_align	Alineación fuerte	Fliegender Drache am Himmel. Fördernd ist es, den großen Mann zu sehen.	Flying dragon in the sky. It is encouraging to see the great man.	Flying dragon in the heavens. It furthers one to see the great man.	Primera línea alineada (Jaccard 60%). | Solapamiento léxico alto MT↔Baynes (55%).
2	L5_oraculo	pair	20%	20%	weak_align	Alineación débil	Gelbes Untergewand bringt erhabenes Heil.	Yellow undergarment brings sublime salvation.	A yellow lower garment brings supreme good fortune.	Primera línea poco alineada (Jaccard 20%). | Solapamiento léxico moderado MT↔Baynes (20%).
3	L5_oraculo	pair	50%	100%	strong_align	Alineación fuerte	Schwierigkeiten im Segnen. Kleine Beharrlichkeit bringt Heil, große Beharrlichkeit bringt Unheil.	Difficulties in blessing. A little perseverance brings salvation, great persistence brings disaster.	Difficulties in blessing. A little perseverance brings good fortune. Great perseverance brings misfortune.	Primera línea alineada (Jaccard 100%). | Solapamiento léxico alto MT↔Baynes (50%).
4	L5_oraculo	pair	29%	29%	moderate_align	Alineación moderada	Kindliche Torheit bringt Heil.	Childish folly brings salvation.	Childlike folly brings good fortune.	Primera línea poco alineada (Jaccard 29%). | Solapamiento léxico moderado MT↔Baynes (29%).
5	L5_oraculo	pair	33%	29%	moderate_align	Alineación moderada	Warten bei Wein und Speise. Beharrlichkeit bringt Heil.	Waiting with wine and food. Perseverance brings salvation.	Waiting at meat and drink. Perseverance brings good fortune.	Primera línea poco alineada (Jaccard 29%). | Solapamiento léxico moderado MT↔Baynes (33%).
6	L5_oraculo	pair	30%	29%	moderate_align	Alineación moderada	Streiten vor ihm bringt erhabenes Heil.	Arguing before him brings sublime salvation.	To contend before him Brings supreme good fortune.	Primera línea poco alineada (Jaccard 29%). | Solapamiento léxico moderado MT↔Baynes (30%).
7	L5_oraculo	pair	41%	43%	moderate_align	Alineación moderada	Im Feld ist ein Wild. Es ist fördernd, es zu fangen. Ohne Makel. Der Älteste führe das Heer. Der Jüngere fährt Leichen, da bringt Beharrlich…	There is a deer in the field. It's encouraging to catch it. Without flaw. The eldest leads the army. The younger one drives corpses, persist…	There is game in the field. It furthers one to catch it. Without blame. Let the eldest lead the army. The younger transports corpses; Then p…	Primera línea alineada (Jaccard 43%). | Solapamiento léxico moderado MT↔Baynes (41%).
8	L5_oraculo	pair	48%	20%	strong_align	Alineación fuerte	Offenbarung des Zusammenhaltens. Der König läßt bei der Jagd nur von drei Seiten treiben und verzichtet auf das Wild, das vorne abbiegt. Die…	Revelation of sticking together. The king only lets people hunt from three sides and foregoes the game that turns in front. Citizens do not …	Manifestation of holding together. In the hunt the king uses beaters on three sides only And foregoes game that runs off in front. The citiz…	Primera línea poco alineada (Jaccard 20%). | Solapamiento léxico alto MT↔Baynes (48%).
9	L5_oraculo	pair	50%	33%	strong_align	Alineación fuerte	Bist du wahrhaftig und treu verbunden, so bist du reich in deinem Nächsten.	Are you truly and faithfully connected, so you are rich in your neighbor.	If you are sincere and loyally attached, You are rich in your neighbor.	Primera línea poco alineada (Jaccard 33%). | Solapamiento léxico alto MT↔Baynes (50%).
10	L5_oraculo	pair	8%	0%	divergent	Divergente	Entschlossenes Auftreten. Beharrlichkeit bei Bewußtsein der Gefahr.	Determined demeanor. Persistence when aware of the danger.	Resolute conduct. Perseverance with awareness of danger.	Primera línea poco alineada (Jaccard 0%). | Solapamiento léxico bajo MT↔Baynes (8%).
11	L5_oraculo	pair	56%	14%	strong_align	Alineación fuerte	Der Herrscher I gibt seine Tochter in die Ehe. Das bringt Segen und erhabenes Heil.	The ruler I gives his daughter in marriage. This brings blessing and sublime salvation.	The sovereign I Gives his daughter in marriage. This brings blessing And supreme good fortune.	Primera línea poco alineada (Jaccard 14%). | Solapamiento léxico alto MT↔Baynes (56%).
12	L5_oraculo	pair	14%	0%	weak_align	Alineación débil	Die Stockung läßt nach. Dem großen Manne Heil! »Wenn es mißlänge, wenn es mißlänge!«	The stagnation is easing. Hail to the great man! ""If it fails, if it fails!""	Standstill is giving way. Good fortune for the great man. ""What if it should fail, what if it should fail?"" In this way he ties it to a clus…	Primera línea poco alineada (Jaccard 0%). | Solapamiento léxico bajo MT↔Baynes (14%).
13	L5_oraculo	pair	23%	17%	weak_align	Alineación débil	Die gemeinsamen Menschen weinen erst und klagen, aber nachher lachen sie.	The common people first cry and complain, but afterwards they laugh.	Men bound in fellowship first weep and lament, But afterward they laugh. After great struggles they succeed in meeting.	Primera línea poco alineada (Jaccard 17%). | Solapamiento léxico moderado MT↔Baynes (23%).
14	L5_oraculo	pair	33%	30%	moderate_align	Alineación moderada	Wessen Wahrheit umgänglich ist und doch würdig, der hat Heil.	Whoever's truth is accessible and yet worthy has salvation.	He whose truth is accessible, yet dignified, Has good fortune.	Primera línea poco alineada (Jaccard 30%). | Solapamiento léxico moderado MT↔Baynes (33%).
15	L5_oraculo	pair	29%	25%	moderate_align	Alineación moderada	Nicht pochen auf Reichtum seinem Nächsten gegenüber. Fördernd ist es, mit Gewalt anzugreifen. Nichts, das nicht fördernd wäre.	Don't insist on wealth to your neighbor. It is beneficial to attack with violence. Nothing that wouldn't be encouraging.	No boasting of wealth before one's neighbor. It is favorable to attack with force. Nothing that would not further.	Primera línea poco alineada (Jaccard 25%). | Solapamiento léxico moderado MT↔Baynes (29%).
16	L5_oraculo	pair	40%	40%	moderate_align	Alineación moderada	Beharrlich krank und stirbt doch immer nicht.	Persistently ill and yet always doesn't die.	Persistently ill, and still does not die.	Residuos alemanes en traducción automática. | Primera línea alineada (Jaccard 40%). | Solapamiento léxico moderado MT↔Baynes (40%).
17	L5_oraculo	pair	17%	17%	weak_align	Alineación débil	Wahrhaft im Guten. Heil!	Truly in good. Unhurt!	Sincere in the good. Good fortune.	Primera línea poco alineada (Jaccard 17%). | Solapamiento léxico bajo MT↔Baynes (17%).
18	L5_oraculo	pair	25%	27%	moderate_align	Alineación moderada	Zurechtbringen des vom Vater Verdorbenen. Man findet Lob.	Correcting what was corrupted by the father. There is praise.	Setting right what has been spoiled by the father. One meets with praise.	Primera línea poco alineada (Jaccard 27%). | Solapamiento léxico moderado MT↔Baynes (25%).
19	L5_oraculo	pair	29%	29%	moderate_align	Alineación moderada	Weise Annäherung. Das ist recht für einen großen Fürsten. Heil!	Wise approach. That's right for a big one Princes. Unhurt!	Wise approach. This is right for a great prince. Good fortune.	Primera línea poco alineada (Jaccard 29%). | Solapamiento léxico moderado MT↔Baynes (29%).
20	L5_oraculo	pair	40%	100%	moderate_align	Alineación moderada	Betrachtung meines Lebens. Der Edle ist ohne Makel.	Contemplation of my life. The noble one is without blemish.	Contemplation of my life. The superior man is without blame.	Primera línea alineada (Jaccard 100%). | Solapamiento léxico moderado MT↔Baynes (40%).
21	L5_oraculo	pair	44%	60%	moderate_align	Alineación moderada	Beißt auf getrocknetes Muskelfleisch. Erhält gelbes Gold. Beharrlich der Gefahr bewußt sein. Kein Makel.	Bites on dried muscle meat. Obtains yellow gold. Persistently be aware of the danger. No flaw.	Bites on dried lean meat. Receives yellow gold. Perseveringly aware of danger. No blame.	Primera línea alineada (Jaccard 60%). | Solapamiento léxico moderado MT↔Baynes (44%).
22	L5_oraculo	pair	42%	100%	moderate_align	Alineación moderada	Anmut in Hügeln und Gärten. Das Seidenbündel ist ärmlich und klein. Beschämung, doch schließlich Heil.	Grace in hills and gardens. The silk bundle is poor and small. Shame, but ultimately salvation.	Grace in hills and gardens. The roll of silk is meager and small. Humiliation, but in the end good fortune.	Primera línea alineada (Jaccard 100%). | Solapamiento léxico moderado MT↔Baynes (42%).
23	L5_oraculo	pair	40%	46%	moderate_align	Alineación moderada	Ein Zug Fische. Durch die Palastdamen kommt Gunst. Alles ist förderlich.	A train of fish. Favor comes through the palace ladies. Everything is beneficial.	A shoal of fishes. Favor comes through the court ladies. Everything acts to further.	Primera línea alineada (Jaccard 45%). | Solapamiento léxico moderado MT↔Baynes (40%).
24	L5_oraculo	pair	20%	20%	weak_align	Alineación débil	Großzügige Wiederkehr. Keine Reue.	Generous return. No regrets.	Noblehearted return. No remorse.	Primera línea poco alineada (Jaccard 20%). | Solapamiento léxico moderado MT↔Baynes (20%).
25	L5_oraculo	pair	35%	17%	moderate_align	Alineación moderada	Bei unverschuldeter Krankheit gebrauche keine Arznei. Es wird schon von selber gut werden.	If you are ill through no fault of your own, do not use any medicine. Things will get better on their own.	Use no medicine in an illness Incurred through no fault of your own. It will pass of itself.	Primera línea poco alineada (Jaccard 17%). | Solapamiento léxico moderado MT↔Baynes (35%).
26	L5_oraculo	pair	11%	14%	divergent	Divergente	Eines verschnittenen Ebers Zahn. Heil!	A cut boar's tooth. Unhurt!	The tusk of a gelded boar. Good fortune.	Primera línea poco alineada (Jaccard 14%). | Solapamiento léxico bajo MT↔Baynes (11%).
27	L5_oraculo	pair	53%	50%	strong_align	Alineación fuerte	Abweichen vom Weg. Bleiben in Beharrlichkeit bringt Heil. Man soll nicht das große Wasser durchqueren.	Deviate from the path. Persistence brings salvation. One should not cross the great water.	Turning away from the path. To remain persevering brings good fortune. One should not cross the great water.	Primera línea alineada (Jaccard 50%). | Solapamiento léxico alto MT↔Baynes (53%).
28	L5_oraculo	pair	31%	13%	moderate_align	Alineación moderada	Eine dürre Pappel treibt Blüten. Ein älteres Weib bekommt einen Mann. Kein Makel. Kein Lob.	A dry poplar tree is blooming. An older woman gets a husband. No flaw. No praise.	A withered poplar puts forth flowers. An older woman takes a husband. No blame. No praise.	Primera línea poco alineada (Jaccard 13%). | Solapamiento léxico moderado MT↔Baynes (31%).
29	L5_oraculo	pair	42%	43%	moderate_align	Alineación moderada	Der Abgrund wird nicht überfüllt, er wird nur bis zum Rand gefüllt. Kein Makel.	The abyss will not be crowded, it is only filled to the brim. No flaw.	The abyss is not filled to overflowing, It is filled only to the rim. No blame.	Primera línea alineada (Jaccard 43%). | Solapamiento léxico moderado MT↔Baynes (42%).
30	L5_oraculo	pair	30%	38%	moderate_align	Alineación moderada	Weinend in Strömen, seufzend und klagend. Heil!	Crying profusely, sighing and lamenting. Unhurt!	Tears in floods, sighing and lamenting. Good fortune.	Primera línea alineada (Jaccard 38%). | Solapamiento léxico moderado MT↔Baynes (30%).
31	L5_oraculo	pair	30%	38%	moderate_align	Alineación moderada	Die Einwirkung äußert sich im Nacken. Keine Reue.	The impact manifests itself in the neck. No regrets.	The influence shows itself in the back of the neck. No remorse.	Primera línea alineada (Jaccard 38%). | Solapamiento léxico moderado MT↔Baynes (30%).
32	L5_oraculo	pair	41%	38%	moderate_align	Alineación moderada	Seinem Charakter Dauer geben durch Beharrlichkeit, das ist für eine Frau von Heil, für einen Mann von Unheil.	To give perseverance to his character through perseverance, that is good for a woman, bad for a man.	Giving duration to one's character through perseverance. This is good fortune for a woman, misfortune for a man.	Primera línea alineada (Jaccard 38%). | Solapamiento léxico moderado MT↔Baynes (41%).
33	L5_oraculo	pair	57%	57%	strong_align	Alineación fuerte	Freundlicher Rückzug. Beharrlichkeit bringt Heil.	Friendly retreat. Perseverance brings salvation.	Friendly retreat. Perseverance brings good fortune.	Primera línea alineada (Jaccard 57%). | Solapamiento léxico alto MT↔Baynes (57%).
34	L5_oraculo	pair	38%	50%	moderate_align	Alineación moderada	Verliert den Bock in Leichtigkeit. Keine Reue.	Loses the goat in lightness. No regrets.	Loses the goat with ease. No remorse.	Primera línea alineada (Jaccard 50%). | Solapamiento léxico moderado MT↔Baynes (38%).
35	L5_oraculo	pair	26%	0%	moderate_align	Alineación moderada	Die Reue schwindet. Gewinn und Verlust nimm nicht zu Herzen. Unternehmungen bringen Heil. Alles ist fördernd.	The regret fades. Don't take profit and loss to heart. Enterprises bring salvation. Everything is supportive.	Remorse disappears. Take not gain and loss to heart. Undertakings bring good fortune. Everything serves to further.	Primera línea poco alineada (Jaccard 0%). | Solapamiento léxico moderado MT↔Baynes (26%).
36	L5_oraculo	pair	36%	57%	moderate_align	Alineación moderada	Verfinsterung des Lichts wie beim Prinzen Gi. Fördernd ist Beharrlichkeit.	Darkening of the light like Prince Gi. Persistence is beneficial.	Darkening of the light as with Prince Chi. Perseverance furthers.	Primera línea alineada (Jaccard 57%). | Solapamiento léxico moderado MT↔Baynes (36%).
37	L5_oraculo	pair	36%	43%	moderate_align	Alineación moderada	Ein König naht er seiner Sippe, fürchtet euch nicht. Heil!	A king approaches his clan, do not be afraid. Unhurt!	As a king he approaches his family. Fear not. Good fortune.	Primera línea alineada (Jaccard 43%). | Solapamiento léxico moderado MT↔Baynes (36%).
38	L5_oraculo	pair	33%	0%	moderate_align	Alineación moderada	Die Reue schwindet. Der Gefährte beißt sich durch die Hülle. Wenn man hingeht zu ihm, wie wäre das ein Fehler?	The regret fades. The companion bites through the cover. If you go to him, how would that be a mistake?	Remorse disappears. The companion bites his way through the wrappings. If one goes to him, How could it be a mistake?	Primera línea poco alineada (Jaccard 0%). | Solapamiento léxico moderado MT↔Baynes (33%).
39	L5_oraculo	pair	71%	43%	strong_align	Alineación fuerte	Inmitten der größten Hemmnisse kommen Freunde.	In the midst of the greatest obstacles, friends come.	In the midst of the greatest obstructions, Friends come.	Primera línea alineada (Jaccard 43%). | Solapamiento léxico alto MT↔Baynes (71%).
40	L5_oraculo	pair	19%	31%	weak_align	Alineación débil	Wenn der Edle sich nur befreien kann, das bringt Heil. Er zeigt so den Gemeinen, daß es ihm ernst ist.	If the noble can only free himself, that will bring salvation. In this way he shows the community that he is serious.	If only the superior man can deliver himself, It brings good fortune. Thus he proves to inferior men that he is in earnest.	Primera línea poco alineada (Jaccard 31%). | Solapamiento léxico bajo MT↔Baynes (19%).
41	L5_oraculo	pair	14%	14%	weak_align	Alineación débil	Es mehrt ihn wohl jemand. Zehn Paar Schildkröten können dem nicht widerstreben. Erhabenes Heil!	Someone is probably increasing it. Ten pairs of turtles can't resist this. Glorious salvation!	Someone does indeed increase him. Ten pairs of tortoises cannot oppose it. Supreme good fortune.	Primera línea poco alineada (Jaccard 14%). | Solapamiento léxico bajo MT↔Baynes (14%).
42	L5_oraculo	pair	29%	50%	moderate_align	Alineación moderada	Wenn du wahrhaftig ein gütiges Herz hast, so frage nicht. Erhabenes Heil!	If you truly have a kind heart, don't ask like that. Glorious salvation!	If in truth you have a kind heart, ask not. Supreme good fortune. Truly, kindness will be recognized as your virtue.	Primera línea alineada (Jaccard 50%). | Solapamiento léxico moderado MT↔Baynes (29%).
43	L5_oraculo	pair	41%	13%	moderate_align	Alineación moderada	Dem Unkraut gegenüber braucht es feste Entschlossenheit. In der Mitte wandeln bleibt frei von Makel.	It takes firm determination to face the weeds. Walking in the middle remains free from blemishes.	In dealing with weeds, Firm resolution is necessary. Walking in the middle Remains free of blame.	Primera línea poco alineada (Jaccard 13%). | Solapamiento léxico moderado MT↔Baynes (41%).
44	L5_oraculo	pair	53%	100%	strong_align	Alineación fuerte	Mit Weidenblättern bedeckte Melone: verborgene Linien. Da fällt es einem vom Himmel herunter zu.	Melon covered with willow leaves: hidden lines. Then it falls to you from the sky.	A melon covered with willow leaves. Hidden lines. Then it drops down to one from heaven.	Primera línea alineada (Jaccard 100%). | Solapamiento léxico alto MT↔Baynes (53%).
45	L5_oraculo	pair	29%	10%	moderate_align	Alineación moderada	Wenn man beim Sammeln die Stellung hat, so gibt das keinen Makel. Wenn manche noch nicht wahrhaft dabei sind, so bedarf es erhabener, dauern…	If you have the position when collecting, so there is no flaw. If some people aren't really there yet, so it requires sublime, lasting perse…	If in gathering together one has position, This brings no blame. If there are some who are not yet sincerely in the work, Sublime and enduri…	Primera línea poco alineada (Jaccard 10%). | Solapamiento léxico moderado MT↔Baynes (29%).
46	L5_oraculo	pair	27%	25%	moderate_align	Alineación moderada	Beharrlichkeit bringt Heil. Man dringt empor auf Stufen.	Perseverance brings salvation. You climb up steps.	Perseverance brings good fortune. One pushes upward by steps.	Primera línea poco alineada (Jaccard 25%). | Solapamiento léxico moderado MT↔Baynes (27%).
47	L5_oraculo	pair	54%	100%	strong_align	Alineación fuerte	Es werden ihm Nase und Füße abgeschnitten. Man ist bedrängt von dem in purpurnen Kniebinden. Sachte kommt die Freude. Fördernd ist es, Opfer…	His nose and feet are cut off. One is harassed by the one in purple knee-bands. Joy comes gently. It is encouraging to make sacrifices and d…	His nose and feet are cut off. Oppression at the hands of the man with the purple knee bands. Joy comes softly. It furthers one to make offe…	Primera línea alineada (Jaccard 100%). | Solapamiento léxico alto MT↔Baynes (54%).
48	L5_oraculo	pair	50%	71%	strong_align	Alineación fuerte	Im Brunnen ist ein klarer, kühler Quell, den man trinken kann.	In the well there is a clear, cool spring, that you can drink.	In the well there is a clear, cold spring From which one can drink.	Primera línea alineada (Jaccard 71%). | Solapamiento léxico alto MT↔Baynes (50%).
49	L5_oraculo	pair	53%	71%	strong_align	Alineación fuerte	Der große Mann ändert wie ein Tiger. Noch ehe er das Orakel fragt, findet er Glauben.	The big man changes like a tiger. Even before he asks the oracle, he finds faith.	The great man changes like a tiger. Even before he questions the oracle He is believed.	Primera línea alineada (Jaccard 71%). | Solapamiento léxico alto MT↔Baynes (53%).
50	L5_oraculo	pair	31%	42%	moderate_align	Alineación moderada	Der Tiegel hat gelbe Henkel, goldne Tragringe. Fördernd ist Beharrlichkeit.	The crucible has yellow handles and gold support rings. Persistence is beneficial.	The ting has yellow handles, golden carrying rings. Perseverance furthers.	Primera línea alineada (Jaccard 42%). | Solapamiento léxico moderado MT↔Baynes (31%).
51	L5_oraculo	pair	19%	20%	weak_align	Alineación débil	Das Erschüttern geht hin und her: Gefahr. Aber man verliert durchaus nichts, nur gibt es Geschäfte.	The shaking goes back and forth: danger. But you don't lose anything, only there are shops.	Shock goes hither and thither. Danger. However, nothing at all is lost. Yet there are things to be done.	Primera línea poco alineada (Jaccard 20%). | Solapamiento léxico bajo MT↔Baynes (19%).
52	L5_oraculo	pair	27%	17%	moderate_align	Alineación moderada	Stillehalten seiner Kinnladen. Die Worte haben Ordnung. Die Reue schwindet.	Stilling his jaw. The words are in order. The regret fades.	Keeping his jaws still. The words have order. Remorse disappears.	Primera línea poco alineada (Jaccard 17%). | Solapamiento léxico moderado MT↔Baynes (27%).
53	L5_oraculo	pair	37%	56%	moderate_align	Alineación moderada	Die Wildgans zieht allmählich dem Gipfel zu. Die Frau bekommt drei Jahre lang kein Kind. Endlich kann sie nichts verhindern. Heil!	The wild goose is gradually moving towards the summit. The woman does not have a child for three years. Finally she can't stop anything. Unh…	The wild goose gradually draws near the summit. For three years the woman has no child. In the end nothing can hinder her. Good fortune.	Primera línea alineada (Jaccard 56%). | Solapamiento léxico moderado MT↔Baynes (37%).
54	L5_oraculo	pair	29%	38%	moderate_align	Alineación moderada	Der Herrscher I verheiratet seine Tochter. Da waren die gestickten Kleider der Fürstin nicht so prächtig wie die der Dienerin. Der Mond, der…	The ruler I marries his daughter. The princess's embroidered clothes weren't like that splendid like that of the servant. The moon, which is…	The sovereign I gave his daughter in marriage. The embroidered garments of the princess Were not as gorgeous As those of the servingmaid. Th…	Primera línea alineada (Jaccard 38%). | Solapamiento léxico moderado MT↔Baynes (29%).
55	L5_oraculo	pair	31%	43%	moderate_align	Alineación moderada	Es kommen Linien, es naht Segen und Ruhm. Heil!	Lines are coming, blessings and glory are coming. Unhurt!	Lines are coming, Blessing and fame draw near. Good fortune.	Primera línea alineada (Jaccard 43%). | Solapamiento léxico moderado MT↔Baynes (31%).
56	L5_oraculo	pair	45%	33%	strong_align	Alineación fuerte	Er schießt einen Fasan; auf den ersten Pfeil fällt er. Schließlich kommt dadurch Lob und Amt.	He shoots a pheasant; he falls on the first arrow. After all, this is where praise and office come from.	He shoots a pheasant. It drops with the first arrow. In the end this brings both praise and office.	Primera línea poco alineada (Jaccard 33%). | Solapamiento léxico alto MT↔Baynes (45%).
57	L5_oraculo	pair	54%	29%	strong_align	Alineación fuerte	Beharrlichkeit bringt Heil. Reue schwindet. Nichts, das nicht fördernd ist. Kein Anfang, aber ein Ende. Vor der Änderung drei Tage, nach der…	Perseverance brings salvation. Regret fades. Nothing that isn't encouraging. Not a beginning, but an end. Three days before the change, thre…	Perseverance brings good fortune. Remorse vanishes. Nothing that does not further. No beginning, but an end. Before the change, three days. …	Primera línea poco alineada (Jaccard 29%). | Solapamiento léxico alto MT↔Baynes (54%).
58	L5_oraculo	pair	11%	11%	divergent	Divergente	Wahrhaftigkeit gegen das Zersetzende ist gefährlich.	Truthfulness against what is destructive is dangerous.	Sincerity toward disintegrating influences is dangerous.	Primera línea poco alineada (Jaccard 11%). | Solapamiento léxico bajo MT↔Baynes (11%).
59	L5_oraculo	pair	29%	33%	moderate_align	Alineación moderada	Auflösend wie Schweiß sind seine lauten Rufe. Auflösung! Ein König weilt ohne Makel.	His loud calls dissolve like sweat. Resolution! A king lives without blemish.	His loud cries are as dissolving as sweat. Dissolution! A king abides without blame.	Primera línea poco alineada (Jaccard 33%). | Solapamiento léxico moderado MT↔Baynes (29%).
60	L5_oraculo	pair	44%	50%	moderate_align	Alineación moderada	Süße Beschränkung bringt Heil. Hingehen bringt Achtung.	Sweet limitation brings salvation. Going brings respect.	Sweet limitation brings good fortune. Going brings esteem.	Primera línea alineada (Jaccard 50%). | Solapamiento léxico moderado MT↔Baynes (44%).
61	L5_oraculo	pair	10%	13%	divergent	Divergente	Er besitzt Wahrheit, die verkettet. Kein Makel.	He has truth that chains. No flaw.	He possesses truth, which links together. No blame.	Primera línea poco alineada (Jaccard 13%). | Solapamiento léxico bajo MT↔Baynes (10%).
62	L5_oraculo	pair	71%	100%	strong_align	Alineación fuerte	Dichte Wolken, kein Regen von unserm westlichen Gebiet. Der Fürst schießt und trifft jenen in der Höhle.	dense clouds, no rain from our western area. The prince shoots and hits the one in the cave.	Dense clouds, No rain from our western territory. The prince shoots and hits him who is in the cave.	Primera línea alineada (Jaccard 100%). | Solapamiento léxico alto MT↔Baynes (71%).
63	L5_oraculo	pair	42%	100%	moderate_align	Alineación moderada	Der Nachbar im Osten, der einen Ochsen schlachtet, bekommt nicht soviel wirkliches Glück	The neighbor to the east who slaughters an ox doesn't get that much real happiness	The neighbor in the east who slaughters an ox Does not attain as much real happiness As the neighbor in the west With his small offering.	Primera línea alineada (Jaccard 100%). | Solapamiento léxico moderado MT↔Baynes (42%).
64	L5_oraculo	pair	33%	33%	moderate_align	Alineación moderada	Beharrlichkeit bringt Heil. Keine Reue. Das Licht des Edlen ist wahrhaftig. Heil!	Perseverance brings salvation. No regrets. The light of the noble one is true. Unhurt!	Perseverance brings good fortune. No remorse. The light of the superior man is true. Good fortune.	Primera línea poco alineada (Jaccard 33%). | Solapamiento léxico moderado MT↔Baynes (33%).
1	L5_comentario	pair	48%	36%	strong_align	Alineación fuerte	Hier ist der große Mann in der Sphäre der Himmlischen angelangt. Sein Einfluß erstreckt sich weithin sichtbar über die ganze Welt. Jeder, de…	Here the great man has arrived in the sphere of the heavenly. His influence extends widely across the world. Anyone who sees him can conside…	Here the great man has attained the sphere of the heavenly beings. His influence spreads and becomes visible throughout the whole world. Eve…	Primera línea alineada (Jaccard 36%). | Solapamiento léxico alto MT↔Baynes (48%).
2	L5_comentario	pair	42%	42%	moderate_align	Alineación moderada	Gelb ist die Farbe der Erde und der Mitte, das Symbol des Zuverlässigen und Echten. Das Untergewand ist unauffällig verziert, das Symbol vor…	Yellow is the color of the earth and the center, the symbol of the reliable and genuine. The undergarment is discreetly decorated, a symbol …	Yellow is the color of the earth and of the middle; it is the symbol of that which is reliable and genuine. The lower garment is inconspicuo…	Primera línea alineada (Jaccard 42%). | Solapamiento léxico moderado MT↔Baynes (42%).
3	L5_comentario	pair	29%	24%	moderate_align	Alineación moderada	Man findet sich in der Lage, daß man keine Möglichkeit hat, seine guten Absichten so zum Ausdruck zu bringen, daß sie wirklich in die Ersche…	One finds oneself in a position where one has no opportunity to express one's good intentions in such a way that they can truly emerge and b…	An individual is in a position in which he cannot so express his good intentions that they will actually take shape and be understood. Other…	Primera línea poco alineada (Jaccard 23%). | Solapamiento léxico moderado MT↔Baynes (29%).
4	L5_comentario	pair	41%	41%	moderate_align	Alineación moderada	Ein unerfahrener Mensch, der kindlich und anspruchslos Belehrung sucht, ist gut daran. Denn wer vom Hochmut frei sich dem Lehrer unterstellt…	An inexperienced person who seeks instruction in a childlike and undemanding manner is well off. For whoever, free from arrogance, submits t…	An inexperienced person who seeks instruction in a childlike and unassuming way is on the right path, for the man devoid of arrogance who su…	Primera línea alineada (Jaccard 41%). | Solapamiento léxico moderado MT↔Baynes (41%).
5	L5_comentario	pair	35%	33%	moderate_align	Alineación moderada	Auch mitten in der Gefahr gibt es Ruhepausen, da es einem verhältnismäßig gut geht. Wenn man die rechte innere Stärke besitzt, so wird man d…	Even in the midst of danger, there are breaks because you are doing relatively well. If you have the right inner strength, you will take adv…	Even in the midst of danger there come intervals of peace when things go relatively well. If we possess enough inner strength, we shall take…	Primera línea poco alineada (Jaccard 33%). | Solapamiento léxico moderado MT↔Baynes (35%).
6	L5_comentario	pair	28%	28%	moderate_align	Alineación moderada	Es ist hier der Schlichter des Streits gezeigt, der machtvoll und gerecht ist und der die Kraft besitzt, dem Recht Nachdruck zu verleihen. I…	The arbitrator of the dispute is shown here, who is powerful and just and who has the power to enforce the law. You can safely refer a dispu…	This refers to an arbiter in a conflict who is powerful and just, and strong enough to lend weight to the right side. A dispute can be turne…	Primera línea poco alineada (Jaccard 28%). | Solapamiento léxico moderado MT↔Baynes (28%).
7	L5_comentario	pair	36%	28%	moderate_align	Alineación moderada	Das Wild ist im Feld, d.h. es hat seinen Aufenthaltsort, den Wald, aufgegeben und ist in die Felder verwüstend eingebrochen. Das deutet auf …	The game is in the field, i.e. it has given up its place of residence, the forest, and has broken into the fields wreaking havoc. This indic…	Game is in the field—it has left its usual haunts in the forest and is devastating the fields. This points to an enemy invasion. Energetic c…	Primera línea poco alineada (Jaccard 28%). | Solapamiento léxico moderado MT↔Baynes (36%).
8	L5_comentario	pair	43%	41%	moderate_align	Alineación moderada	Bei den königlichen Treibjagden im alten China war es üblich, daß das Wild von drei Seiten her angetrieben wurde. Auf der vierten Seite konn…	During royal hunts in ancient China, it was customary for the game to be driven from three sides. The driven game was able to turn on the fo…	In the royal hunts of ancient China it was customary to drive up the game from three sides, but on the fourth the animals had a chance to ru…	Primera línea alineada (Jaccard 41%). | Solapamiento léxico moderado MT↔Baynes (43%).
9	L5_comentario	pair	30%	30%	moderate_align	Alineación moderada	Die Treue führt zu fester Bindung, weil sie auf gegenseitiger Ergänzung beruht. Beim schwächeren Teil besteht die Treue in Hingebung, beim s…	Loyalty leads to strong bonds because it is based on mutual complementarity. In the weaker part, loyalty consists in devotion, in the strong…	Loyalty leads to firm ties because it means that each partner complements the other. In the weaker person loyalty consists in devotion, in t…	Primera línea poco alineada (Jaccard 30%). | Solapamiento léxico moderado MT↔Baynes (30%).
10	L5_comentario	pair	32%	32%	moderate_align	Alineación moderada	Es handelt sich um den Herrn des ganzen Zeichens. Man sieht sich genötigt zu entschlossenem Auftreten. Dabei muß man sich aber der Gefahr be…	It is the Lord of the whole sign. You feel compelled to act decisively. However, one must remain aware of the danger associated with such a …	This refers to the ruler of the hexagram as a whole. One sees that one has to be resolute in conduct. But at the same time one must remain c…	Primera línea poco alineada (Jaccard 32%). | Solapamiento léxico moderado MT↔Baynes (32%).
11	L5_comentario	pair	42%	42%	moderate_align	Alineación moderada	Der Herrscher I ist Tang, der Vollender. Er hatte bestimmt, daß die kaiserlichen Prinzessinnen, trotzdem sie im Rang höher standen als die G…	The Ruler I is Tang, the Finisher. He had decreed that the imperial princesses, even though they were higher in rank than the husbands to wh…	The sovereign I is T'ang the Completer. By his decree the imperial princesses, although higher in rank than their husbands, had to obey them…	Primera línea alineada (Jaccard 42%). | Solapamiento léxico moderado MT↔Baynes (42%).
12	L5_comentario	pair	32%	1%	moderate_align	Alineación moderada	Dadurch bindet er es an ein Bündel von Maulbeerstauden. Die Zeit ändert sich. Der rechte Mann ist gekommen, der wieder Ordnung schaffen kann…	In doing so, he ties it to a bunch of mulberry bushes. Time is changing. The right man has come who can restore order. Therefore, hail! But …	The time undergoes a change. The right man, able to restore order, has arrived. Hence ""Good fortune."" But such periods of transition are the…	Primera línea poco alineada (Jaccard 1%). | Solapamiento léxico moderado MT↔Baynes (32%).
13	L5_comentario	pair	37%	2%	moderate_align	Alineación moderada	Nach großen Kämpfen gelingt es ihnen, sich zu treffen. Es sind zwei Menschen äußerlich getrennt, aber im Herzen vereint. Sie sind durch ihre…	After big fights they manage to meet. Two people are separated externally, but united in their hearts. They are kept apart by their position…	Two people are outwardly separated, but in their hearts they are united. They are kept apart by their positions in life. Many difficulties a…	Primera línea poco alineada (Jaccard 2%). | Solapamiento léxico moderado MT↔Baynes (37%).
14	L5_comentario	pair	28%	28%	moderate_align	Alineación moderada	Die Lage ist sehr günstig. Ohne äußeren Zwang, nur infolge der ungesuchten Aufrichtigkeit, gewinnt man die Menschen, daß sie auch in aufrich…	The location is very convenient. Without external pressure, only as a result of unsought sincerity, you win people over so that they are loy…	The situation is very favorable. People are being won not by coercion but by unaffected sincerity, so that they are attached to us in sincer…	Primera línea poco alineada (Jaccard 28%). | Solapamiento léxico moderado MT↔Baynes (28%).
15	L5_comentario	pair	23%	23%	weak_align	Alineación débil	Bescheidenheit ist verschieden von schwächlicher Gutmütigkeit, die alles laufen läßt. Wenn man an verantwortungsvollem Posten steht, muß man…	Modesty is different from weak good-naturedness that lets everything go. If you hold a position of responsibility, you may sometimes have to…	Modesty is not to be confused with weak good nature that lets things take their own course. When a man holds a responsible position, he must…	Primera línea poco alineada (Jaccard 23%). | Solapamiento léxico moderado MT↔Baynes (23%).
16	L5_comentario	pair	31%	31%	moderate_align	Alineación moderada	Die Begeisterung wird hier verhindert. Man befindet sich unter dauerndem Druck, der nicht zu freiem Aufatmen kommen läßt. Aber dieser Druck …	Enthusiasm is prevented here. You are under constant pressure that doesn't allow you to breathe freely. But this pressure can have its benef…	Here enthusiasm is obstructed. A man is under constant pressure, which prevents him from breathing freely. However, this pressure has its ad…	Primera línea poco alineada (Jaccard 31%). | Solapamiento léxico moderado MT↔Baynes (31%).
17	L5_comentario	pair	42%	42%	moderate_align	Alineación moderada	Jeder Mensch muß etwas haben, dem er nachfolgt, das ihm als Leitstern dient. Wer dem Schönen und Guten mit Überzeugung nachfolgt, der mag si…	Every person must have something to follow, something to serve as a guiding star. Anyone who follows what is beautiful and good with convict…	Every man must have something he follows—something that serves him as a lodestar. He who follows with conviction the beautiful and the good …	Primera línea alineada (Jaccard 42%). | Solapamiento léxico moderado MT↔Baynes (42%).
18	L5_comentario	pair	26%	26%	moderate_align	Alineación moderada	Man sieht sich einem durch die Vernachlässigung früherer Zeiten entstandenen Verderben gegenüber. Man besitzt nicht die Kraft, ihm allein zu…	One is faced with a ruin brought about by the neglect of earlier times. You don't have the strength to control it alone. But you can find ca…	An individual is confronted with corruption originating from neglect in former times. He lacks the power to ward it off alone, but with able…	Primera línea poco alineada (Jaccard 26%). | Solapamiento léxico moderado MT↔Baynes (26%).
19	L5_comentario	pair	38%	30%	moderate_align	Alineación moderada	Ein Fürst oder jemand in leitender Stellung soll die Weisheit besitzen, in seine Umgebung tüchtige Menschen zu ziehen, die sachkundig sind i…	A prince or someone in a leading position should have the wisdom to attract into his environment capable people who are competent in the man…	A prince, or anyone in a leading position, must have the wisdom to attract to himself people of ability who are expert in directing affairs.…	Primera línea poco alineada (Jaccard 30%). | Solapamiento léxico moderado MT↔Baynes (38%).
20	L5_comentario	pair	47%	47%	strong_align	Alineación fuerte	Ein Mann an maßgebender Stelle, zu dem die andern aufblicken, muß dauernd zur Selbstprüfung bereit sein. Die rechte Art der Selbstprüfung be…	A man in a position of authority, whom others look up to, must constantly be ready for self-examination. However, the right kind of self-exa…	A man in an authoritative position to whom others look up must always be ready for self-examination. The right sort of self-examination, how…	Primera línea alineada (Jaccard 47%). | Solapamiento léxico alto MT↔Baynes (47%).
21	L5_comentario	pair	30%	30%	moderate_align	Alineación moderada	Man hat einen Fall zu entscheiden, der zwar nicht leicht, aber doch klar ist. Aber die eigene Natur ist zur Gutmütigkeit geneigt. Darum muß …	You have to decide a case that, although not easy, is clear. But one's own nature is inclined towards good nature. That's why you have to pu…	The case to be decided is indeed not easy but perfectly clear. Since we naturally incline to leniency, we must make every effort to be like …	Primera línea poco alineada (Jaccard 30%). | Solapamiento léxico moderado MT↔Baynes (30%).
22	L5_comentario	pair	38%	38%	moderate_align	Alineación moderada	Man zieht sich aus dem Verkehr mit den Menschen der Tiefe, die nur Pracht und Luxus suchen, zurück in die Einsamkeit der Höhen. Da findet ma…	One withdraws from association with the people of the depths, who only seek splendor and luxury, and returns to the solitude of the heights.…	A man withdraws from contact with people of the lowlands, who seek nothing but magnificence and luxury, into the solitude of the heights. Th…	Primera línea alineada (Jaccard 38%). | Solapamiento léxico moderado MT↔Baynes (38%).
23	L5_comentario	pair	39%	33%	moderate_align	Alineación moderada	Hier in unmittelbarer Nähe des oberen starken und lichten Prinzips wandelt sich die Natur des Dunklen. Es widerstrebt nicht mehr ränkevoll d…	Here, in the immediate vicinity of the upper strong and light principle, the nature of the dark changes. It no longer deliberately resists t…	Here, in immediate proximity to the strong, light-giving principle at the top, the nature of the dark force undergoes a change. It no longer…	Primera línea poco alineada (Jaccard 33%). | Solapamiento léxico moderado MT↔Baynes (39%).
24	L5_comentario	pair	33%	33%	moderate_align	Alineación moderada	Wenn die Zeit zur Umkehr da ist, dann soll man sich nicht hinter kleinliche Ausreden verstecken, sondern in sich gehen und sich prüfen. Und …	When the time comes to repent, you shouldn't hide behind petty excuses, but rather look within yourself and examine yourself. And if you hav…	When the time for return has come, a man should not take shelter in trivial excuses, but should look within and examine himself. And if he h…	Primera línea poco alineada (Jaccard 33%). | Solapamiento léxico moderado MT↔Baynes (33%).
25	L5_comentario	pair	44%	44%	moderate_align	Alineación moderada	Kommt von außen her, durch Zufall, ein unerwartetes Übel, das nicht in der eigenen Natur begründet ist und in ihr seinen Anhaltspunkt hat, s…	If an unexpected evil comes from outside, by chance, which is not based on one's own nature and does not have its basis in it, one should no…	An unexpected evil may come accidentally from without. If it does not originate in one's own nature or have a foothold there, one should not…	Primera línea alineada (Jaccard 44%). | Solapamiento léxico moderado MT↔Baynes (44%).
26	L5_comentario	pair	31%	31%	moderate_align	Alineación moderada	Hier ist die Zähmung des ungestüm Vorwärtsdrängenden auf indirekte Weise erreicht. Der Zahn des Ebers ist an sich gefährlich, aber wenn die …	Here the taming of the impetuous push forward is achieved in an indirect way. The boar's tooth is dangerous in itself, but when the boar's n…	Here the restraining of the impetuous forward drive is achieved in an indirect way. A boar's tusk is in itself dangerous, but if the boar's …	Primera línea poco alineada (Jaccard 31%). | Solapamiento léxico moderado MT↔Baynes (31%).
27	L5_comentario	pair	37%	29%	moderate_align	Alineación moderada	Man ist sich eines Mangels bewußt. Man sollte für die Ernährung der Menschen sorgen, aber man hat nicht die Kraft dazu. So muß man vom gewoh…	One is aware of a deficiency. You should feed people, but you don't have the strength to do it. So you have to deviate from the usual path a…	A man may be conscious of a deficiency in himself. He should be undertaking the nourishment of the people, but he has not the strength to do…	Primera línea poco alineada (Jaccard 29%). | Solapamiento léxico moderado MT↔Baynes (37%).
28	L5_comentario	pair	28%	32%	moderate_align	Alineación moderada	Eine dürre Pappel, die Blüten treibt, erschöpft dadurch ihre Kräfte und kommt dem Ende dadurch nur näher. Eine ältere Frau nimmt sich noch e…	A dry poplar that produces flowers exhausts its strength and only comes closer to the end. An older woman takes another man. But there is no…	A withered poplar that flowers exhausts its energies thereby and only hastens its end. An older woman may marry once more, but no renewal ta…	Primera línea poco alineada (Jaccard 32%). | Solapamiento léxico moderado MT↔Baynes (28%).
29	L5_comentario	pair	37%	37%	moderate_align	Alineación moderada	Die Gefahr entsteht daraus, daß man zu hoch hinaus will. Das Wasser in der Schlucht häuft sich nicht auf, sondern geht nur bis an den nieder…	The danger arises from aiming too high. The water in the gorge does not pile up, but only goes to the lowest edge to come out. In this way, …	Danger comes because one is too ambitious. In order to flow out of a ravine, water does not rise higher than the lowest point of the rim. So…	Primera línea alineada (Jaccard 37%). | Solapamiento léxico moderado MT↔Baynes (37%).
30	L5_comentario	pair	24%	24%	weak_align	Alineación débil	Hier ist der Höhepunkt des Lebens. Ohne Warnung würde man in dieser Position sich verzehren wie eine Flamme. Wenn man statt dessen Furcht un…	Here is the highlight of life. Without warning, you would be consumed like a flame in this position. If, instead, one gives up fear and hope…	Here the zenith of life has been reached. Were there no warning, one would at this point consume oneself like a flame. Instead, understandin…	Primera línea poco alineada (Jaccard 24%). | Solapamiento léxico moderado MT↔Baynes (24%).
31	L5_comentario	pair	54%	54%	strong_align	Alineación fuerte	Der Nacken ist der unbeweglichste Teil des Körpers. Wenn die Einwirkung hier sich äußert, so bleibt der Wille doch fest, und die Einwirkung …	The neck is the most immobile part of the body. If the influence expresses itself here, the will remains firm and the influence does not lea…	The back of the neck is the most rigid part of the body. When the influence shows itself there, the will remains firm and the influence does…	Primera línea alineada (Jaccard 54%). | Solapamiento léxico alto MT↔Baynes (54%).
32	L5_comentario	pair	40%	36%	moderate_align	Alineación moderada	Eine Frau soll ihr ganzes Leben einem Manne folgen, der Mann aber soll sich an das halten, was jeweils seine Pflicht ist; wenn er sich dauer…	A woman should follow a man all her life, but the man should stick to what is his duty; If he wanted to constantly follow the woman, that wo…	A woman should follow a man her whole life long, but a man should at all times hold to what is his duty at the given moment. Should he persi…	Primera línea alineada (Jaccard 36%). | Solapamiento léxico moderado MT↔Baynes (40%).
33	L5_comentario	pair	26%	26%	moderate_align	Alineación moderada	Es ist die Sache des Edlen, rechtzeitig zu erkennen, wann es Zeit ist, sich zurückzuziehen. Wenn man den rechten Zeitpunkt wählt zum Rückzug…	It is the business of the noble to recognize in good time when it is time to withdraw. If you choose the right time to withdraw, this withdr…	It is the business of the superior man to recognize in time that the moment for retreat has come. If the right moment is chosen, the retreat…	Primera línea poco alineada (Jaccard 26%). | Solapamiento léxico moderado MT↔Baynes (26%).
34	L5_comentario	pair	44%	44%	moderate_align	Alineación moderada	Der Bock zeichnet sich durch äußere Härte bei innerer Schwäche aus. Nun ist die Lage so, daß alles ganz leicht ist; kein Widerstand ist mehr…	The goat is characterized by external hardness and internal weakness. Now the situation is such that everything is very easy; there is no mo…	The goat is noted for hardness outwardly and weakness within. Now the situation is such that everything is easy; there is no more resistance…	Primera línea alineada (Jaccard 44%). | Solapamiento léxico moderado MT↔Baynes (44%).
35	L5_comentario	pair	33%	28%	moderate_align	Alineación moderada	Es ist hier eine Lage gezeichnet, da man in Fortschrittszeiten sich an maßgebender Stelle befindet und milde und zurückhaltend ist. Man könn…	A situation is drawn here where, in times of progress, one finds oneself in an authoritative position and is mild and reserved. One could re…	The situation described here is that of one who, finding himself in an influential position in a time of progress, remains gentle and reserv…	Primera línea poco alineada (Jaccard 28%). | Solapamiento léxico moderado MT↔Baynes (33%).
36	L5_comentario	pair	40%	37%	moderate_align	Alineación moderada	Der Prinz Gi lebte am Hof des finsteren Tyrannen Dschou Sin, der als historisches Beispiel ungenannt der ganzen Situation zugrunde liegt. De…	Prince Gi lived at the court of the dark tyrant Dschou Sin, who, as an unnamed historical example, underlies the whole situation. Prince Gi …	Prince Chi lived at the court of the evil tyrant Chou Hsin, who, although not mentioned by name, furnishes the historical example on which t…	Primera línea alineada (Jaccard 37%). | Solapamiento léxico moderado MT↔Baynes (40%).
37	L5_comentario	pair	32%	32%	moderate_align	Alineación moderada	Ein König ist das Bild eines väterlichen, innerlich reichen Mannes. Er handelt nicht so, daß man sich vor ihm fürchten muß, sondern die ganz…	A king is the image of a fatherly, inner rich man. He doesn't act in such a way that you have to be afraid of him, but the whole family can …	A king is the symbol of a fatherly man who is richly endowed in mind. He does nothing to make himself feared; on the contrary, the whole fam…	Primera línea poco alineada (Jaccard 32%). | Solapamiento léxico moderado MT↔Baynes (32%).
38	L5_comentario	pair	26%	26%	moderate_align	Alineación moderada	Man findet einen treuen Menschen, den man in der allgemeinen Entfremdung zuerst verkennt. Aber er beißt sich durch die trennenden Hüllen dur…	You find a loyal person who you initially misunderstand in the general alienation. But he bites through the dividing shells. It is now the d…	Coming upon a sincere man, one fails to recognize him at first because of the general estrangement. However, he bites his way through the wr…	Primera línea poco alineada (Jaccard 26%). | Solapamiento léxico moderado MT↔Baynes (26%).
39	L5_comentario	pair	35%	33%	moderate_align	Alineación moderada	Hier sehen wir den Mann, der berufen ist, der Not zu steuern. Er darf den Hemmnissen nicht ausweichen wollen, auch wenn sie sich noch so gef…	Here we see the man called to navigate adversity. He must not try to avoid the obstacles, no matter how dangerous they are looming in front …	Here we see a man who is called to help in an emergency. He should not seek to evade the obstructions, no matter how dangerously they pile u…	Primera línea poco alineada (Jaccard 33%). | Solapamiento léxico moderado MT↔Baynes (35%).
40	L5_comentario	pair	28%	28%	moderate_align	Alineación moderada	Befreiungszeiten bedürfen des inneren Entschlusses. Die Gemeinen sind nicht zu entfernen durch Verbote und äußere Mittel. Will man sie loswe…	Times of liberation require inner decision. The common ones cannot be removed through prohibitions and external means. If you want to get ri…	Times of deliverance demand inner resolve. Inferior people cannot be driven off by prohibitions or any external means. If one desires to be …	Primera línea poco alineada (Jaccard 28%). | Solapamiento léxico moderado MT↔Baynes (28%).
41	L5_comentario	pair	19%	19%	weak_align	Alineación débil	Wenn jemand vom Schicksal zum Glück bestimmt ist, so kommt es unweigerlich. Alle Orakel, wie sie z.B. durch Schildkrötenschalen gewonnen wer…	When someone is fated to be lucky, it inevitably happens. All oracles, such as those obtained through turtle shells, must agree in favorable…	If someone is marked out by fate for good fortune, it comes without fail. All oracles—as for instance those that are read from the shells of…	Primera línea poco alineada (Jaccard 19%). | Solapamiento léxico bajo MT↔Baynes (19%).
42	L5_comentario	pair	43%	8%	moderate_align	Alineación moderada	Wahrhaftig wird Güte als deine Tugend anerkannt werden. Wirkliche Güte rechnet und fragt nicht nach Würdigkeit und Dank, sondern sie wirkt s…	Truly goodness will be recognized as your virtue. Real goodness does not calculate and ask for worthiness and gratitude, but rather it works…	True kindness does not count upon nor ask about merit and gratitude but acts from inner necessity. And such a truly kind heart finds itself …	Primera línea poco alineada (Jaccard 8%). | Solapamiento léxico moderado MT↔Baynes (43%).
43	L5_comentario	pair	32%	32%	moderate_align	Alineación moderada	Unkraut wächst immer wieder nach und läßt sich schwer ausrotten. So bedarf der Kampf gegen einen hochstehenden Gemeinen feste Entschlossenhe…	Weeds keep growing back and are difficult to eradicate. So the fight against a high-ranking commoner requires firm determination. You are in…	Weeds always grow back again and are difficult to exterminate. So too the struggle against an inferior man in a high position demands firm r…	Primera línea poco alineada (Jaccard 32%). | Solapamiento léxico moderado MT↔Baynes (32%).
44	L5_comentario	pair	38%	31%	moderate_align	Alineación moderada	Die Melone ist wie der Fisch ein Symbol des dunklen Prinzips. Sie ist süß, aber fault leicht, weshalb sie mit Weidenblättern schützend zuged…	The melon, like the fish, is a symbol of the dark principle. It is sweet but rots easily, which is why it is covered with willow leaves to p…	The melon, like the fish, is a symbol of the principle of darkness. It is sweet but spoils easily and for this reason is protected with a co…	Primera línea poco alineada (Jaccard 31%). | Solapamiento léxico moderado MT↔Baynes (38%).
45	L5_comentario	pair	42%	31%	moderate_align	Alineación moderada	Wenn sich die Menschen von selbst um einen sammeln, so ist das, wenn es einem ungesucht zuteil wird, nur gut. Man bekommt dadurch einen gewi…	If people gather around you of their own accord, then if it comes to you without being asked for, that is only a good thing. This gives you …	When people spontaneously gather around a man, it is only a good. It gives him a certain influence that can be altogether useful. But of cou…	Primera línea poco alineada (Jaccard 31%). | Solapamiento léxico moderado MT↔Baynes (42%).
46	L5_comentario	pair	31%	31%	moderate_align	Alineación moderada	Wenn man immer weiter vorankommt, so ist es wichtig, daß man sich am Erfolg nicht berauscht. Man muß gerade bei großem Erfolg dauernd nüchte…	As you continue to make progress, it is important not to become intoxicated by success. Especially when you are very successful, you have to…	When a man is advancing farther and farther, it is important for him not to become intoxicated by success. Precisely when he experiences gre…	Primera línea poco alineada (Jaccard 31%). | Solapamiento léxico moderado MT↔Baynes (31%).
47	L5_comentario	pair	51%	44%	strong_align	Alineación fuerte	Es ist jemand, dem das Wohl der Menschen am Herzen liegt, von oben und unten her bedrängt (das ist der Sinn der abgeschnittenen Nase und Füß…	It is someone who has the well-being of people at heart, harassed from above and below (that is the meaning of the cut off nose and feet). T…	An individual who has the good of mankind at heart is oppressed from above and below (this is the meaning of the cutting off of nose and fee…	Primera línea alineada (Jaccard 44%). | Solapamiento léxico alto MT↔Baynes (51%).
48	L5_comentario	pair	46%	36%	strong_align	Alineación fuerte	Das ist ein guter Brunnen, der auf seinem Grunde eine Quelle lebendigen Wassers hat. Ein Mann, der solche Tugenden hat, ist zum Retter und F…	This is a good well, having at its bottom a spring of living water. A man who has such virtues is born to be a savior and leader of men. He …	A well that is fed by a spring of living water is a good well. A man who has virtues like a well of this sort is born to be a leader and sav…	Primera línea alineada (Jaccard 36%). | Solapamiento léxico alto MT↔Baynes (46%).
49	L5_comentario	pair	33%	33%	moderate_align	Alineación moderada	Ein Tigerfell mit seinen deutlich sichtbaren schwarzen Streifen auf gelbem Grund ist weithin sichtbar deutlich gegliedert. So ist es bei Umw…	A tiger skin with its clearly visible black stripes on a yellow background is clearly structured and can be seen from afar. This is how it i…	A tigerskin, with its highly visible black stripes on a yellow ground, shows its distinct pattern from afar. It is the same with a revolutio…	Primera línea poco alineada (Jaccard 33%). | Solapamiento léxico moderado MT↔Baynes (33%).
50	L5_comentario	pair	41%	41%	moderate_align	Alineación moderada	Es ist ein Mann an herrschender Stelle, der in seinem Wesen zugänglich und bescheiden ist. Durch diese innere Haltung gelingt es ihm, starke…	He is a man in a position of power who is approachable and modest in his nature. Through this inner attitude he succeeds in finding strong a…	Here we have, in a ruling position, a man who is approachable and modest in nature. As a result of this attitude he succeeds in finding stro…	Primera línea alineada (Jaccard 41%). | Solapamiento léxico moderado MT↔Baynes (41%).
51	L5_comentario	pair	26%	26%	moderate_align	Alineación moderada	Es ist hier nicht nur eine einmalige Erschütterung, sondern eine wiederholte, die gar keine Zeit zum Aufatmen läßt. Aber dennoch bringt die …	This is not just a one-time shock, but a repeated one that leaves no time to breathe. But the shock still brings no loss, since one is caref…	This is a case not of a single shock but of repeated shocks with no breathing space between. Nonetheless, the shock causes no loss, because …	Primera línea poco alineada (Jaccard 26%). | Solapamiento léxico moderado MT↔Baynes (26%).
52	L5_comentario	pair	23%	23%	weak_align	Alineación débil	In gefährlicher Lage, namentlich solange man der Lage nicht gewachsen ist, ist man sehr leicht mit Reden und vorlauten Scherzen bei der Hand…	In a dangerous situation, especially as long as you are not up to the task, it is very easy to talk and make cheeky jokes. But speaking care…	A man in a dangerous situation, especially when he is not adequate to it, is inclined to be very free with talk and presumptuous jokes. But …	Primera línea poco alineada (Jaccard 23%). | Solapamiento léxico moderado MT↔Baynes (23%).
53	L5_comentario	pair	37%	34%	moderate_align	Alineación moderada	Der Gipfel ist ein hoher Platz. Auf hoher Stelle gerät man leicht in Vereinsamung. Man wird verkannt von dem, auf den man angewiesen ist: di…	The summit is a high place. In high places it is easy to become isolated. One is misunderstood by those on whom one is dependent: the wife b…	The summit is a high place. In a high position one easily becomes isolated. One is misjudged by the very person on whom one is dependent—the…	Primera línea poco alineada (Jaccard 34%). | Solapamiento léxico moderado MT↔Baynes (37%).
54	L5_comentario	pair	44%	34%	moderate_align	Alineación moderada	Der Herrscher I ist Tang, der Vollender. Er hat ein Gesetz erlassen, daß die kaiserlichen Prinzessinnen in der Ehe ebenfalls ihren Männern u…	The Ruler I is Tang, the Finisher. He passed a law that the imperial princesses must also be submissive to their husbands in marriage (see N…	The sovereign I is T'ang the Completer. This ruler decreed that the imperial princesses should be subordinated to their husbands in the same…	Primera línea poco alineada (Jaccard 34%). | Solapamiento léxico moderado MT↔Baynes (44%).
55	L5_comentario	pair	33%	33%	moderate_align	Alineación moderada	Der herrschende Mann ist bescheiden, so daß er für Rat der Tüchtigen zugänglich ist. So kommen Männer in seine Umgebung, die ihm die Richtli…	The ruling man is modest, so that he is amenable to advice from the able. So men come into his environment who teach him the guidelines for …	The ruler is modest and therefore open to the counsel of able men. Thus he is surrounded by men who suggest to him the lines of action. This…	Primera línea poco alineada (Jaccard 33%). | Solapamiento léxico moderado MT↔Baynes (33%).
56	L5_comentario	pair	46%	54%	strong_align	Alineación fuerte	Die Staatsmänner auf Reisen pflegten sich bei den Fürsten durch das Geschenk eines Fasans einzuführen. Der Wanderer will hier in Fürstendien…	Traveling statesmen used to introduce themselves to the princes with the gift of a pheasant. The hiker wants to enter the service of the pri…	Traveling statesmen were in the habit of introducing themselves to local princes with the gift of a pheasant. Here the wanderer wants to ent…	Primera línea alineada (Jaccard 54%). | Solapamiento léxico alto MT↔Baynes (46%).
57	L5_comentario	pair	34%	24%	moderate_align	Alineación moderada	Während bei der »Arbeit am Verdorbenen« (Nr. 18) ein ganz neuer Ausgangspunkt geschaffen werden muß, handelt es sich hier nur um Reformen. D…	While a completely new starting point must be created in the ""Work on the Corrupted"" (No. 18), this is only a matter of reforms. The beginni…	In the situation described in Ku, WORK ON WHAT HAS BEEN SPOILED (18), an entirely new point of departure must be set up, whereas here it is …	Primera línea poco alineada (Jaccard 24%). | Solapamiento léxico moderado MT↔Baynes (34%).
58	L5_comentario	pair	40%	40%	moderate_align	Alineación moderada	Auch dem besten Menschen nahen sich gefährliche Elemente. Wenn man sich mit diesen einläßt, so wirkt ihr zersetzender Einfluß ganz langsam, …	Even the best people are exposed to dangerous elements. If one gets involved with these, their corrosive influence works very slowly but sur…	Dangerous elements approach even the best of men. If a man permits himself to have anything to do with them, their disintegrating influence …	Primera línea alineada (Jaccard 40%). | Solapamiento léxico moderado MT↔Baynes (40%).
59	L5_comentario	pair	40%	40%	moderate_align	Alineación moderada	In Zeiten allgemeiner Auflösung und Trennung ist ein großer Gedanke der Organisationspunkt der Genesung. Wie eine Krankheit durch lösenden S…	In times of general dissolution and separation, one major thought is the organizing point of recovery. Just as an illness finds its crisis t…	In times of general dispersion and separation, a great idea provides a focal point for the organization of recovery. Just as an illness reac…	Primera línea alineada (Jaccard 40%). | Solapamiento léxico moderado MT↔Baynes (40%).
60	L5_comentario	pair	30%	30%	moderate_align	Alineación moderada	Die Beschränkung muß in der richtigen Weise durchgeführt werden, um zu wirken. Wenn man nur andern Schranken auferlegen und sich selbst ihne…	The restriction must be done in the right way to be effective. If one only wants to impose limits on others and evade them oneself, these li…	The limitation must be carried out in the right way if it is to be effective. If we seek to impose restrictions on others only, while evadin…	Primera línea poco alineada (Jaccard 30%). | Solapamiento léxico moderado MT↔Baynes (30%).
61	L5_comentario	pair	44%	44%	moderate_align	Alineación moderada	Hier ist der Herr gezeichnet, der durch die Kraft seines Wesens alles zusammenhält. Nur wenn seine Charakterstärke so umfassend ist, daß er …	The Lord is depicted here, holding everything together through the power of his being. Only when his strength of character is so comprehensi…	This describes the ruler who holds all elements together by the power of his personality. Only when the strength of his character is so ampl…	Primera línea alineada (Jaccard 44%). | Solapamiento léxico moderado MT↔Baynes (44%).
62	L5_comentario	pair	47%	35%	strong_align	Alineación fuerte	Da hier ein hoher Platz ist, ist aus dem Bild des fliegenden Vogels das der fliegenden Wolken geworden. Aber ob die Wolken auch noch so dich…	Since this is a high place, the image of the flying bird has become that of the flying clouds. But no matter how dense the clouds are, they …	As a high place is pictured here, the image of a flying bird has become that of flying clouds. But dense as the clouds are, they race across…	Primera línea alineada (Jaccard 35%). | Solapamiento léxico alto MT↔Baynes (47%).
63	L5_comentario	pair	39%	4%	moderate_align	Alineación moderada	wie der Nachbar im Westen mit seinem kleinen Opfer. Auch die religiöse Haltung wird durch die seelische Stimmung in Zeiten nach der Vollendu…	like the neighbor to the west with his little victim. The religious attitude is also influenced by the mental mood in times after consummati…	Religious attitudes are likewise influenced by the spiritual atmosphere prevailing in times after completion. In divine worship the simple o…	Primera línea poco alineada (Jaccard 4%). | Solapamiento léxico moderado MT↔Baynes (39%).
64	L5_comentario	pair	42%	31%	moderate_align	Alineación moderada	Der Sieg ist errungen. Die Kraft der Beständigkeit ist nicht zuschanden geworden. Es ist alles gut gegangen. Alle Bedenken sind überwunden. …	Victory is achieved. The power of perseverance has not been destroyed. Everything went well. All concerns have been overcome. The success ju…	The victory has been won. The power of steadfastness has not been routed. Everything has gone well. All misgivings have been overcome. Succe…	Primera línea poco alineada (Jaccard 31%). | Solapamiento léxico moderado MT↔Baynes (42%).
1	L6_etiqueta	pair	100%	100%	strong_align	Alineación fuerte	Oben eine Neun bedeutet:	A nine at the top means:	Nine at the top means:	Primera línea alineada (Jaccard 100%). | Solapamiento léxico alto MT↔Baynes (100%).
2	L6_etiqueta	pair	100%	100%	strong_align	Alineación fuerte	Oben eine Sechs bedeutet:	A six at the top means:	Six at the top means:	Primera línea alineada (Jaccard 100%). | Solapamiento léxico alto MT↔Baynes (100%).
3	L6_etiqueta	pair	100%	100%	strong_align	Alineación fuerte	Oben eine Sechs bedeutet:	A six at the top means:	Six at the top means:	Primera línea alineada (Jaccard 100%). | Solapamiento léxico alto MT↔Baynes (100%).
4	L6_etiqueta	pair	100%	100%	strong_align	Alineación fuerte	Oben eine Neun bedeutet:	A nine at the top means:	Nine at the top means:	Primera línea alineada (Jaccard 100%). | Solapamiento léxico alto MT↔Baynes (100%).
5	L6_etiqueta	pair	100%	100%	strong_align	Alineación fuerte	Oben eine Sechs bedeutet:	A six at the top means:	Six at the top means:	Primera línea alineada (Jaccard 100%). | Solapamiento léxico alto MT↔Baynes (100%).
6	L6_etiqueta	pair	100%	100%	strong_align	Alineación fuerte	Oben eine Neun bedeutet:	A nine at the top means:	Nine at the top means:	Primera línea alineada (Jaccard 100%). | Solapamiento léxico alto MT↔Baynes (100%).
7	L6_etiqueta	pair	100%	100%	strong_align	Alineación fuerte	Oben eine Sechs bedeutet:	A six at the top means:	Six at the top means:	Primera línea alineada (Jaccard 100%). | Solapamiento léxico alto MT↔Baynes (100%).
8	L6_etiqueta	pair	100%	100%	strong_align	Alineación fuerte	Oben eine Sechs bedeutet:	A six at the top means:	Six at the top means:	Primera línea alineada (Jaccard 100%). | Solapamiento léxico alto MT↔Baynes (100%).
9	L6_etiqueta	pair	100%	100%	strong_align	Alineación fuerte	Oben eine Neun bedeutet:	A nine at the top means:	Nine at the top means:	Primera línea alineada (Jaccard 100%). | Solapamiento léxico alto MT↔Baynes (100%).
10	L6_etiqueta	pair	100%	100%	strong_align	Alineación fuerte	Oben eine Neun bedeutet:	A nine at the top means:	Nine at the top means:	Primera línea alineada (Jaccard 100%). | Solapamiento léxico alto MT↔Baynes (100%).
11	L6_etiqueta	pair	100%	100%	strong_align	Alineación fuerte	Oben eine Sechs bedeutet:	A six at the top means:	Six at the top means:	Primera línea alineada (Jaccard 100%). | Solapamiento léxico alto MT↔Baynes (100%).
12	L6_etiqueta	pair	100%	100%	strong_align	Alineación fuerte	Oben eine Neun bedeutet:	A nine at the top means:	Nine at the top means:	Primera línea alineada (Jaccard 100%). | Solapamiento léxico alto MT↔Baynes (100%).
13	L6_etiqueta	pair	100%	100%	strong_align	Alineación fuerte	Oben eine Neun bedeutet:	A nine at the top means:	Nine at the top means:	Primera línea alineada (Jaccard 100%). | Solapamiento léxico alto MT↔Baynes (100%).
14	L6_etiqueta	pair	100%	100%	strong_align	Alineación fuerte	Oben eine Neun bedeutet:	A nine at the top means:	Nine at the top means:	Primera línea alineada (Jaccard 100%). | Solapamiento léxico alto MT↔Baynes (100%).
15	L6_etiqueta	pair	100%	100%	strong_align	Alineación fuerte	Oben eine Sechs bedeutet:	A six at the top means:	Six at the top means:	Primera línea alineada (Jaccard 100%). | Solapamiento léxico alto MT↔Baynes (100%).
16	L6_etiqueta	pair	100%	100%	strong_align	Alineación fuerte	Oben eine Sechs bedeutet:	A six at the top means:	Six at the top means:	Primera línea alineada (Jaccard 100%). | Solapamiento léxico alto MT↔Baynes (100%).
17	L6_etiqueta	pair	100%	100%	strong_align	Alineación fuerte	Oben eine Sechs bedeutet:	A six at the top means:	Six at the top means:	Primera línea alineada (Jaccard 100%). | Solapamiento léxico alto MT↔Baynes (100%).
18	L6_etiqueta	pair	100%	100%	strong_align	Alineación fuerte	Oben eine Neun bedeutet:	A nine at the top means:	Nine at the top means:	Primera línea alineada (Jaccard 100%). | Solapamiento léxico alto MT↔Baynes (100%).
19	L6_etiqueta	pair	100%	100%	strong_align	Alineación fuerte	Oben eine Sechs bedeutet:	A six at the top means:	Six at the top means:	Primera línea alineada (Jaccard 100%). | Solapamiento léxico alto MT↔Baynes (100%).
20	L6_etiqueta	pair	100%	100%	strong_align	Alineación fuerte	Oben eine Neun bedeutet:	A nine at the top means:	Nine at the top means:	Primera línea alineada (Jaccard 100%). | Solapamiento léxico alto MT↔Baynes (100%).
21	L6_etiqueta	pair	100%	100%	strong_align	Alineación fuerte	Oben eine Neun bedeutet:	A nine at the top means:	Nine at the top means:	Primera línea alineada (Jaccard 100%). | Solapamiento léxico alto MT↔Baynes (100%).
22	L6_etiqueta	pair	100%	100%	strong_align	Alineación fuerte	Oben eine Neun bedeutet:	A nine at the top means:	Nine at the top means:	Primera línea alineada (Jaccard 100%). | Solapamiento léxico alto MT↔Baynes (100%).
23	L6_etiqueta	pair	100%	100%	strong_align	Alineación fuerte	Oben eine Neun bedeutet:	A nine at the top means:	Nine at the top means:	Primera línea alineada (Jaccard 100%). | Solapamiento léxico alto MT↔Baynes (100%).
24	L6_etiqueta	pair	100%	100%	strong_align	Alineación fuerte	Oben eine Sechs bedeutet:	A six at the top means:	Six at the top means:	Primera línea alineada (Jaccard 100%). | Solapamiento léxico alto MT↔Baynes (100%).
25	L6_etiqueta	pair	100%	100%	strong_align	Alineación fuerte	Oben eine Neun bedeutet:	A nine at the top means:	Nine at the top means:	Primera línea alineada (Jaccard 100%). | Solapamiento léxico alto MT↔Baynes (100%).
26	L6_etiqueta	pair	100%	100%	strong_align	Alineación fuerte	Oben eine Neun bedeutet:	A nine at the top means:	Nine at the top means:	Primera línea alineada (Jaccard 100%). | Solapamiento léxico alto MT↔Baynes (100%).
27	L6_etiqueta	pair	100%	100%	strong_align	Alineación fuerte	Oben eine Neun bedeutet:	A nine at the top means:	Nine at the top means:	Primera línea alineada (Jaccard 100%). | Solapamiento léxico alto MT↔Baynes (100%).
28	L6_etiqueta	pair	100%	100%	strong_align	Alineación fuerte	Oben eine Sechs bedeutet:	A six at the top means:	Six at the top means:	Primera línea alineada (Jaccard 100%). | Solapamiento léxico alto MT↔Baynes (100%).
29	L6_etiqueta	pair	100%	100%	strong_align	Alineación fuerte	Oben eine Sechs bedeutet:	A six at the top means:	Six at the top means:	Primera línea alineada (Jaccard 100%). | Solapamiento léxico alto MT↔Baynes (100%).
30	L6_etiqueta	pair	100%	100%	strong_align	Alineación fuerte	Oben eine Neun bedeutet:	A nine at the top means:	Nine at the top means:	Primera línea alineada (Jaccard 100%). | Solapamiento léxico alto MT↔Baynes (100%).
31	L6_etiqueta	pair	100%	100%	strong_align	Alineación fuerte	Oben eine Sechs bedeutet:	A six at the top means:	Six at the top means:	Primera línea alineada (Jaccard 100%). | Solapamiento léxico alto MT↔Baynes (100%).
32	L6_etiqueta	pair	100%	100%	strong_align	Alineación fuerte	Oben eine Sechs bedeutet:	A six at the top means:	Six at the top means:	Primera línea alineada (Jaccard 100%). | Solapamiento léxico alto MT↔Baynes (100%).
33	L6_etiqueta	pair	100%	100%	strong_align	Alineación fuerte	Oben eine Neun bedeutet:	A nine at the top means:	Nine at the top means:	Primera línea alineada (Jaccard 100%). | Solapamiento léxico alto MT↔Baynes (100%).
34	L6_etiqueta	pair	100%	100%	strong_align	Alineación fuerte	Oben eine Sechs bedeutet:	A six at the top means:	Six at the top means:	Primera línea alineada (Jaccard 100%). | Solapamiento léxico alto MT↔Baynes (100%).
35	L6_etiqueta	pair	100%	100%	strong_align	Alineación fuerte	Oben eine Neun bedeutet:	A nine at the top means:	Nine at the top means:	Primera línea alineada (Jaccard 100%). | Solapamiento léxico alto MT↔Baynes (100%).
36	L6_etiqueta	pair	100%	100%	strong_align	Alineación fuerte	Oben eine Sechs bedeutet:	A six at the top means:	Six at the top means:	Primera línea alineada (Jaccard 100%). | Solapamiento léxico alto MT↔Baynes (100%).
37	L6_etiqueta	pair	100%	100%	strong_align	Alineación fuerte	Oben eine Neun bedeutet:	A nine at the top means:	Nine at the top means:	Primera línea alineada (Jaccard 100%). | Solapamiento léxico alto MT↔Baynes (100%).
38	L6_etiqueta	pair	100%	100%	strong_align	Alineación fuerte	Oben eine Neun bedeutet:	A nine at the top means:	Nine at the top means:	Primera línea alineada (Jaccard 100%). | Solapamiento léxico alto MT↔Baynes (100%).
39	L6_etiqueta	pair	100%	100%	strong_align	Alineación fuerte	Oben eine Sechs bedeutet:	A six at the top means:	Six at the top means:	Primera línea alineada (Jaccard 100%). | Solapamiento léxico alto MT↔Baynes (100%).
40	L6_etiqueta	pair	100%	100%	strong_align	Alineación fuerte	Oben eine Sechs bedeutet:	A six at the top means:	Six at the top means:	Primera línea alineada (Jaccard 100%). | Solapamiento léxico alto MT↔Baynes (100%).
41	L6_etiqueta	pair	100%	100%	strong_align	Alineación fuerte	Oben eine Neun bedeutet:	A nine at the top means:	Nine at the top means:	Primera línea alineada (Jaccard 100%). | Solapamiento léxico alto MT↔Baynes (100%).
42	L6_etiqueta	pair	100%	100%	strong_align	Alineación fuerte	Oben eine Neun bedeutet:	A nine at the top means:	Nine at the top means:	Primera línea alineada (Jaccard 100%). | Solapamiento léxico alto MT↔Baynes (100%).
43	L6_etiqueta	pair	100%	100%	strong_align	Alineación fuerte	Oben eine Sechs bedeutet:	A six at the top means:	Six at the top means:	Primera línea alineada (Jaccard 100%). | Solapamiento léxico alto MT↔Baynes (100%).
44	L6_etiqueta	pair	100%	100%	strong_align	Alineación fuerte	Oben eine Neun bedeutet:	A nine at the top means:	Nine at the top means:	Primera línea alineada (Jaccard 100%). | Solapamiento léxico alto MT↔Baynes (100%).
45	L6_etiqueta	pair	100%	100%	strong_align	Alineación fuerte	Oben eine Sechs bedeutet:	A six at the top means:	Six at the top means:	Primera línea alineada (Jaccard 100%). | Solapamiento léxico alto MT↔Baynes (100%).
46	L6_etiqueta	pair	100%	100%	strong_align	Alineación fuerte	Oben eine Sechs bedeutet:	A six at the top means:	Six at the top means:	Primera línea alineada (Jaccard 100%). | Solapamiento léxico alto MT↔Baynes (100%).
47	L6_etiqueta	pair	100%	100%	strong_align	Alineación fuerte	Oben eine Sechs bedeutet:	A six at the top means:	Six at the top means:	Primera línea alineada (Jaccard 100%). | Solapamiento léxico alto MT↔Baynes (100%).
48	L6_etiqueta	pair	100%	100%	strong_align	Alineación fuerte	Oben eine Sechs bedeutet:	A six at the top means:	Six at the top means:	Primera línea alineada (Jaccard 100%). | Solapamiento léxico alto MT↔Baynes (100%).
49	L6_etiqueta	pair	100%	100%	strong_align	Alineación fuerte	Oben eine Sechs bedeutet:	A six at the top means:	Six at the top means:	Primera línea alineada (Jaccard 100%). | Solapamiento léxico alto MT↔Baynes (100%).
50	L6_etiqueta	pair	100%	100%	strong_align	Alineación fuerte	Oben eine Neun bedeutet:	A nine at the top means:	Nine at the top means:	Primera línea alineada (Jaccard 100%). | Solapamiento léxico alto MT↔Baynes (100%).
51	L6_etiqueta	pair	100%	100%	strong_align	Alineación fuerte	Oben eine Sechs bedeutet:	A six at the top means:	Six at the top means:	Primera línea alineada (Jaccard 100%). | Solapamiento léxico alto MT↔Baynes (100%).
52	L6_etiqueta	pair	100%	100%	strong_align	Alineación fuerte	Oben eine Neun bedeutet:	A nine at the top means:	Nine at the top means:	Primera línea alineada (Jaccard 100%). | Solapamiento léxico alto MT↔Baynes (100%).
53	L6_etiqueta	pair	100%	100%	strong_align	Alineación fuerte	Oben eine Neun bedeutet:	A nine at the top means:	Nine at the top means:	Primera línea alineada (Jaccard 100%). | Solapamiento léxico alto MT↔Baynes (100%).
54	L6_etiqueta	pair	100%	100%	strong_align	Alineación fuerte	Oben eine Sechs bedeutet:	A six at the top means:	Six at the top means:	Primera línea alineada (Jaccard 100%). | Solapamiento léxico alto MT↔Baynes (100%).
55	L6_etiqueta	pair	100%	100%	strong_align	Alineación fuerte	Oben eine Sechs bedeutet:	A six at the top means:	Six at the top means:	Primera línea alineada (Jaccard 100%). | Solapamiento léxico alto MT↔Baynes (100%).
56	L6_etiqueta	pair	100%	100%	strong_align	Alineación fuerte	Oben eine Neun bedeutet:	A nine at the top means:	Nine at the top means:	Primera línea alineada (Jaccard 100%). | Solapamiento léxico alto MT↔Baynes (100%).
57	L6_etiqueta	pair	100%	100%	strong_align	Alineación fuerte	Oben eine Neun bedeutet:	A nine at the top means:	Nine at the top means:	Primera línea alineada (Jaccard 100%). | Solapamiento léxico alto MT↔Baynes (100%).
58	L6_etiqueta	pair	100%	100%	strong_align	Alineación fuerte	Oben eine Sechs bedeutet:	A six at the top means:	Six at the top means:	Primera línea alineada (Jaccard 100%). | Solapamiento léxico alto MT↔Baynes (100%).
59	L6_etiqueta	pair	100%	100%	strong_align	Alineación fuerte	Oben eine Neun bedeutet:	A nine at the top means:	Nine at the top means:	Primera línea alineada (Jaccard 100%). | Solapamiento léxico alto MT↔Baynes (100%).
60	L6_etiqueta	pair	100%	100%	strong_align	Alineación fuerte	Oben eine Sechs bedeutet:	A six at the top means:	Six at the top means:	Primera línea alineada (Jaccard 100%). | Solapamiento léxico alto MT↔Baynes (100%).
61	L6_etiqueta	pair	100%	100%	strong_align	Alineación fuerte	Oben eine Neun bedeutet:	A nine at the top means:	Nine at the top means:	Primera línea alineada (Jaccard 100%). | Solapamiento léxico alto MT↔Baynes (100%).
62	L6_etiqueta	pair	100%	100%	strong_align	Alineación fuerte	Oben eine Sechs bedeutet:	A six at the top means:	Six at the top means:	Primera línea alineada (Jaccard 100%). | Solapamiento léxico alto MT↔Baynes (100%).
63	L6_etiqueta	pair	100%	100%	strong_align	Alineación fuerte	Oben eine Sechs bedeutet:	A six at the top means:	Six at the top means:	Primera línea alineada (Jaccard 100%). | Solapamiento léxico alto MT↔Baynes (100%).
64	L6_etiqueta	pair	100%	100%	strong_align	Alineación fuerte	Oben eine Neun bedeutet:	A nine at the top means:	Nine at the top means:	Primera línea alineada (Jaccard 100%). | Solapamiento léxico alto MT↔Baynes (100%).
1	L6_oraculo	pair	57%	57%	strong_align	Alineación fuerte	Hochmütiger Drache wird zu bereuen haben.	Haughty dragon will have to repent.	Arrogant dragon will have cause to repent.	Primera línea alineada (Jaccard 57%). | Solapamiento léxico alto MT↔Baynes (57%).
2	L6_oraculo	pair	64%	60%	strong_align	Alineación fuerte	Drachen kämpfen auf dem Anger. Ihr Blut ist schwarz und gelb.	Dragons fight on the green. Her blood is black and yellow.	Dragons fight in the meadow. Their blood is black and yellow.	Primera línea alineada (Jaccard 60%). | Solapamiento léxico alto MT↔Baynes (64%).
3	L6_oraculo	pair	50%	29%	strong_align	Alineación fuerte	Pferd und Wagen trennen sich. Blutige Tränen ergießen sich.	The horse and carriage separate. Bloody tears flow.	Horse and wagon part. Bloody tears flow.	Primera línea poco alineada (Jaccard 29%). | Solapamiento léxico alto MT↔Baynes (50%).
4	L6_oraculo	pair	40%	50%	moderate_align	Alineación moderada	Beim Bestrafen der Torheit ist es nicht fördernd, Übergriffe zu begehen. Fördernd ist nur, Übergriffe abzuwehren.	In punishing folly it is not helpful to commit assaults. The only thing that helps is to ward off attacks.	In punishing folly It does not further one To commit transgressions. The only thing that furthers Is to prevent transgressions.	Primera línea alineada (Jaccard 50%). | Solapamiento léxico moderado MT↔Baynes (40%).
5	L6_oraculo	pair	50%	25%	strong_align	Alineación fuerte	Man gerät in das Loch. Da kommen ungebetener Gäste drei. Ehre sie, so kommt am Ende Heil.	You get into the hole. Three uninvited guests arrive. Honor them and salvation will come in the end.	One falls into the pit. Three uninvited guests arrive. Honor them, and in the end there will be good fortune.	Primera línea poco alineada (Jaccard 25%). | Solapamiento léxico alto MT↔Baynes (50%).
6	L6_oraculo	pair	50%	20%	strong_align	Alineación fuerte	Wenn einem etwa auch ein Ledergürtel verliehen wird, am Ende eines Morgens wird er ihm dreimal entrissen.	If someone is given a leather belt, for example, at the end of one morning it is snatched away three times.	Even if by chance a leather belt is bestowed on one, By the end of a morning It will have been snatched away three times.	Primera línea poco alineada (Jaccard 20%). | Solapamiento léxico alto MT↔Baynes (50%).
7	L6_oraculo	pair	36%	67%	moderate_align	Alineación moderada	Der große Fürst erläßt Befehle, gründet Staaten, belehnt Familien. Gemeine Menschen soll man nicht benützen.	The great prince issues orders, founds states, enfeoffs families. You shouldn't use mean people.	The great prince issues commands, Founds states, vests families with fiefs. Inferior people should not be employed.	Primera línea alineada (Jaccard 67%). | Solapamiento léxico moderado MT↔Baynes (36%).
8	L6_oraculo	pair	18%	20%	weak_align	Alineación débil	Er findet zum Zusammenhalten kein Haupt. Unheil.	He cannot find a head to hold himself together. Mischief.	He finds no head for holding together. Misfortune.	Primera línea poco alineada (Jaccard 20%). | Solapamiento léxico bajo MT↔Baynes (18%).
9	L6_oraculo	pair	25%	0%	moderate_align	Alineación moderada	Es kommt zum Regen, es kommt zur Ruhe. Das ist der dauernden Wirkung des Charakters zu verdanken. Die Frau kommt durch Beharrlichkeit in Gef…	It rains, it calms down. This is thanks to the lasting impact of the character. The woman ends up in danger through persistence. The moon is…	The rain comes, there is rest. This is due to the lasting effect of character. Perseverance brings the woman into danger. The moon is nearly…	Primera línea poco alineada (Jaccard 0%). | Solapamiento léxico moderado MT↔Baynes (25%).
10	L6_oraculo	pair	38%	60%	moderate_align	Alineación moderada	Blicke auf dein Auftreten und prüfe die günstigen Zeichen. Ist alles vollkommen, so kommt erhabenes Heil.	Look at your appearance and check the favorable signs. If everything is perfect, then comes sublime salvation.	Look to your conduct and weigh the favorable signs. When everything is fulfilled, supreme good fortune comes.	Primera línea alineada (Jaccard 60%). | Solapamiento léxico moderado MT↔Baynes (38%).
11	L6_oraculo	pair	32%	71%	moderate_align	Alineación moderada	Der Wall fällt wieder in den Graben. Jetzt brauche keine Heere. In der eigenen Stadt verkünde deine Befehle. Beharrlichkeit bringt Beschämun…	The wall falls back into the ditch. No need for armies now. In your own city proclaim your orders. Persistence brings shame.	The wall falls back into the moat. Use no army now. Make your commands known within your own town. Perseverance brings humiliation.	Primera línea alineada (Jaccard 71%). | Solapamiento léxico moderado MT↔Baynes (32%).
12	L6_oraculo	pair	25%	17%	moderate_align	Alineación moderada	Die Stockung hört auf. Erst Stockung, dann Heil.	The stasis stops. First stagnation, then salvation.	The standstill comes to an end. First standstill, then good fortune.	Primera línea poco alineada (Jaccard 17%). | Solapamiento léxico moderado MT↔Baynes (25%).
13	L6_oraculo	pair	20%	22%	weak_align	Alineación débil	Gemeinschaft mit Menschen auf dem Anger: keine Reue.	Community with people on the Anger: no regrets.	Fellowship with men in the meadow. No remorse.	Primera línea poco alineada (Jaccard 22%). | Solapamiento léxico moderado MT↔Baynes (20%).
14	L6_oraculo	pair	29%	40%	moderate_align	Alineación moderada	Vom Himmel her wird er gesegnet, Heil! Nichts, das nicht fördernd ist.	He will be blessed from heaven, hail! Nothing that isn't encouraging.	He is blessed by heaven. Good fortune. Nothing that does not further.	Primera línea alineada (Jaccard 40%). | Solapamiento léxico moderado MT↔Baynes (29%).
15	L6_oraculo	pair	11%	20%	divergent	Divergente	Sich äußernde Bescheidenheit. Fördernd ist es, Heere marschieren zu lassen,	Expressing modesty. It is beneficial to let armies march,	Modesty that comes to expression. It is favorable to set armies marching To chastise one's own city and one's country.	Primera línea poco alineada (Jaccard 20%). | Solapamiento léxico bajo MT↔Baynes (11%).
16	L6_oraculo	pair	27%	33%	moderate_align	Alineación moderada	Verblendete Begeisterung. Aber wenn man nach der Vollendung zur Änderung kommt, so ist das kein Makel.	Blinded enthusiasm. But if you change after completion comes, it's not a flaw.	Deluded enthusiasm. But if after completion one changes, There is no blame.	Primera línea poco alineada (Jaccard 33%). | Solapamiento léxico moderado MT↔Baynes (27%).
17	L6_oraculo	pair	44%	17%	moderate_align	Alineación moderada	Er findet feste Anhänglichkeit und wird noch dazu gebunden. Der König stellt ihn dem Westberg vor.	He finds firm attachment and is also bound. The king introduces him to the West Mountain.	He meets with firm allegiance And is still further bound. The king introduces him To the Western Mountain.	Primera línea poco alineada (Jaccard 17%). | Solapamiento léxico moderado MT↔Baynes (44%).
18	L6_oraculo	pair	55%	83%	strong_align	Alineación fuerte	Dient nicht Königen und Fürsten. Steckt sich höhere Ziele.	Do not serve kings and princes. Aim higher.	He does not serve kings and princes, Sets himself higher goals.	Primera línea alineada (Jaccard 83%). | Solapamiento léxico alto MT↔Baynes (55%).
19	L6_oraculo	pair	13%	20%	weak_align	Alineación débil	Großherzige Annäherung. Heil. Kein Makel.	Generous approach. Unhurt. No flaw.	Greathearted approach. Good fortune. No blame.	Primera línea poco alineada (Jaccard 20%). | Solapamiento léxico bajo MT↔Baynes (13%).
20	L6_oraculo	pair	46%	100%	strong_align	Alineación fuerte	Betrachtung seines Lebens. Der Edle ist ohne Makel.	Contemplation of his life. The noble one is without blemish.	Contemplation of his life. The superior man is without blame.	Primera línea alineada (Jaccard 100%). | Solapamiento léxico alto MT↔Baynes (45%).
21	L6_oraculo	pair	50%	33%	strong_align	Alineación fuerte	Steckt mit dem Hals im hölzernen Kragen, daß die Ohren verschwinden. Unheil!	With his neck stuck in a wooden collar, that the ears disappear. Mischief!	His neck is fastened in the wooden cangue, So that his ears disappear. Misfortune.	Primera línea poco alineada (Jaccard 33%). | Solapamiento léxico alto MT↔Baynes (50%).
22	L6_oraculo	pair	50%	67%	strong_align	Alineación fuerte	Schlichte Anmut. Kein Makel.	Simple grace. No flaw.	Simple grace. No blame.	Primera línea alineada (Jaccard 67%). | Solapamiento léxico alto MT↔Baynes (50%).
23	L6_oraculo	pair	50%	100%	strong_align	Alineación fuerte	Eine große Frucht ist noch ungegessen da. Der Edle erhält einen Wagen. Dem Gemeinen zersplittert sein Haus.	A large fruit is still there uneaten. The noble receives a car. The common man's house is shattered.	There is a large fruit still uneaten. The superior man receives a carriage. The house of the inferior man is split apart.	Primera línea alineada (Jaccard 100%). | Solapamiento léxico alto MT↔Baynes (50%).
24	L6_oraculo	pair	19%	17%	weak_align	Alineación débil	Verfehlung der Wiederkehr. Unheil. Unglück von außen und innen. Wenn man so Heere marschieren läßt,	Failure to return. Mischief. Misfortune from without and within. If you let armies march like that,	Missing the return. Misfortune. Misfortune from within and without. If armies are set marching in this way, One will in the end suffer a gre…	Primera línea poco alineada (Jaccard 17%). | Solapamiento léxico bajo MT↔Baynes (19%).
25	L6_oraculo	pair	18%	13%	weak_align	Alineación débil	Unschuldiges Handeln bringt Unglück. Nichts ist fördernd.	Innocent actions bring bad luck. Nothing is encouraging.	Innocent action brings misfortune. Nothing furthers.	Primera línea poco alineada (Jaccard 13%). | Solapamiento léxico bajo MT↔Baynes (18%).
26	L6_oraculo	pair	50%	50%	strong_align	Alineación fuerte	Man erlangt den Himmelsweg. Gelingen.	One attains the path to heaven. Succeed.	One attains the way of heaven. Success.	Primera línea alineada (Jaccard 50%). | Solapamiento léxico alto MT↔Baynes (50%).
27	L6_oraculo	pair	41%	50%	moderate_align	Alineación moderada	Die Quelle der Ernährung. Bewußtsein der Gefahr bringt Heil. Fördernd ist es, das große Wasser zu durchqueren.	The source of nutrition. Awareness of danger brings salvation. It is beneficial to cross the big water.	The source of nourishment. Awareness of danger brings good fortune. It furthers one to cross the great water.	Primera línea alineada (Jaccard 50%). | Solapamiento léxico moderado MT↔Baynes (41%).
28	L6_oraculo	pair	33%	30%	moderate_align	Alineación moderada	Man muß durchs Wasser. Es geht über den Scheitel. Unheil. Kein Makel.	You have to go through the water. It goes over the top. Mischief. No flaw.	One must go through the water. It goes over one's head. Misfortune. No blame.	Primera línea poco alineada (Jaccard 30%). | Solapamiento léxico moderado MT↔Baynes (33%).
29	L6_oraculo	pair	41%	80%	moderate_align	Alineación moderada	Mit Stricken und Tauen gebunden, eingeschlossen zwischen dornumhegten Kerkermauern; drei Jahre findet man sich nicht zurecht. Unheil!	Bound with ropes and ropes, enclosed between thorn-walled dungeon walls; You can't find your way around for three years. Mischief!	Bound with cords and ropes, Shut in between thorn-hedged prison walls: For three years one does not find the way. Misfortune.	Primera línea alineada (Jaccard 80%). | Solapamiento léxico moderado MT↔Baynes (41%).
30	L6_oraculo	pair	41%	50%	moderate_align	Alineación moderada	Der König gebraucht ihn, auszuziehen und zu züchtigen. Am besten ist es dann, die Häupter zu töten und die Nachläufer gefangenzunehmen. Kein…	The king uses him to go out and punish him. The best thing to do then is to kill the heads and capture the followers. No flaw.	The king uses him to march forth and chastise. Then it is best to kill the leaders And take captive the followers. No blame.	Primera línea alineada (Jaccard 50%). | Solapamiento léxico moderado MT↔Baynes (41%).
31	L6_oraculo	pair	46%	46%	strong_align	Alineación fuerte	Die Einwirkung äußert sich in Kinnladen, Wangen und Zunge.	The impact manifests itself in the jaw, cheeks and tongue.	The influence shows itself in the jaws, cheeks, and tongue.	Primera línea alineada (Jaccard 45%). | Solapamiento léxico alto MT↔Baynes (45%).
32	L6_oraculo	pair	43%	43%	moderate_align	Alineación moderada	Rastlosigkeit als dauernder Zustand bringt Unheil.	Restlessness as a permanent condition brings disaster.	Restlessness as an enduring condition brings misfortune.	Primera línea alineada (Jaccard 43%). | Solapamiento léxico moderado MT↔Baynes (43%).
33	L6_oraculo	pair	50%	50%	strong_align	Alineación fuerte	Heiterer Rückzug. Alles ist fördernd.	Cheerful retreat. Everything is supportive.	Cheerful retreat. Everything serves to further.	Primera línea alineada (Jaccard 50%). | Solapamiento léxico alto MT↔Baynes (50%).
34	L6_oraculo	pair	21%	14%	weak_align	Alineación débil	Ein Bock stößt gegen eine Hecke. Er kann nicht zurück, er kann nicht voran. Nichts ist fördernd. Merkt man die Schwierigkeit, so bringt das …	A buck crashes into a hedge. He can't go back, he can't move forward. Nothing is encouraging. If you notice the difficulty, it brings salvat…	A goat butts against a hedge. It cannot go backward, it cannot go forward. Nothing serves to further. If one notes the difficulty, this brin…	Primera línea poco alineada (Jaccard 14%). | Solapamiento léxico moderado MT↔Baynes (21%).
35	L6_oraculo	pair	22%	30%	weak_align	Alineación débil	Fortschreiten mit den Hörnern darf man nur, um sein eignes Gebiet zu strafen. Bewußtsein der Gefahr bringt Heil. Kein Makel. Beharrlichkeit …	You can only advance with the horns, to punish his own territory. Awareness of danger brings salvation. No flaw. Persistence brings shame.	Making progress with the horns is permissible Only for the purpose of punishing one's own city. To be conscious of danger brings good fortun…	Primera línea poco alineada (Jaccard 30%). | Solapamiento léxico moderado MT↔Baynes (22%).
36	L6_oraculo	pair	59%	60%	strong_align	Alineación fuerte	Nicht Licht, sondern Dunkel. Erst stieg er zum Himmel empor, dann stürzte er in die Tiefen der Erde hinunter.	Not light, but dark. First he ascended to heaven, then he fell down into the depths of the earth.	Not light but darkness. First he climbed up to heaven, Then he plunged into the depths of the earth.	Primera línea alineada (Jaccard 60%). | Solapamiento léxico alto MT↔Baynes (59%).
37	L6_oraculo	pair	23%	33%	weak_align	Alineación débil	Seine Arbeit ist ehrfurchtgebietend. Schließlich kommt Heil.	His work is awe-inspiring. Finally salvation comes.	His work commands respect. In the end good fortune comes.	Primera línea poco alineada (Jaccard 33%). | Solapamiento léxico moderado MT↔Baynes (23%).
38	L6_oraculo	pair	44%	14%	moderate_align	Alineación moderada	Durch Gegensatz vereinsamt, sieht man seinen Gefährten wie ein schmutzbeladenes Schwein, wie einen Wagen voll Teufel. Erst spannt man den Bo…	Isolated by contrast, one sees one's companion like a pig laden with dirt, like a wagon full of devils. First you draw the bow to him, then …	Isolated through opposition, One sees one's companion as a pig covered with dirt, As a wagon full of devils. First one draws a bow against h…	Primera línea poco alineada (Jaccard 14%). | Solapamiento léxico moderado MT↔Baynes (44%).
39	L6_oraculo	pair	41%	29%	moderate_align	Alineación moderada	Gehen führt in Hemmnisse, Kommen führt zu großem Heil. Fördernd ist es, den großen Mann zu sehen.	Going leads to obstacles, coming leads to big things Hail. It is encouraging to see the great man.	Going leads to obstructions, Coming leads to great good fortune. It furthers one to see the great man.	Primera línea poco alineada (Jaccard 29%). | Solapamiento léxico moderado MT↔Baynes (41%).
40	L6_oraculo	pair	67%	100%	strong_align	Alineación fuerte	Der Fürst schießt nach einem Habicht auf hoher Mauer. Er erlegt ihn. Alles ist fördernd.	The prince shoots at a hawk on a high wall. He kills him. Everything is supportive.	The prince shoots at a hawk on a high wall. He kills it. Everything serves to further.	Primera línea alineada (Jaccard 100%). | Solapamiento léxico alto MT↔Baynes (67%).
41	L6_oraculo	pair	40%	57%	moderate_align	Alineación moderada	Wenn man ohne Minderung der anderen gemehrt wird, so ist das kein Makel. Beharrlichkeit bringt Heil. Fördernd ist es, etwas zu unternehmen. …	If one is increased without diminishing the others, so it's not a flaw. Perseverance brings salvation. It is encouraging to do something. Yo…	If one is increased without depriving others, There is no blame. Perseverance brings good fortune. It furthers one to undertake something. O…	Primera línea alineada (Jaccard 57%). | Solapamiento léxico moderado MT↔Baynes (40%).
42	L6_oraculo	pair	29%	13%	moderate_align	Alineación moderada	Er gereicht niemand zur Mehrung. Es schlägt ihn wohl gar jemand. Er hält sein Herz nicht dauernd fest. Unheil!	It does not serve as an increase for anyone. Someone probably even hits him. He doesn't hold onto his heart all the time. Mischief!	He brings increase to no one. Indeed, someone even strikes him. He does not keep his heart constantly steady. Misfortune.	Primera línea poco alineada (Jaccard 13%). | Solapamiento léxico moderado MT↔Baynes (29%).
43	L6_oraculo	pair	13%	0%	weak_align	Alineación débil	Kein Ruf! Schließlich kommt Unheil.	No reputation! Eventually disaster comes.	No cry. In the end misfortune comes.	Solapamiento léxico bajo MT↔Baynes (13%).
44	L6_oraculo	pair	36%	57%	moderate_align	Alineación moderada	Er kommt mit seinen Hörnern entgegen. Beschämung. Kein Makel.	He comes towards you with his horns. Mortification. No flaw.	He comes to meet with his horns. Humiliation. No blame.	Primera línea alineada (Jaccard 57%). | Solapamiento léxico moderado MT↔Baynes (36%).
45	L6_oraculo	pair	20%	25%	weak_align	Alineación débil	Klagen und Seufzen, Tränen in Strömen. Kein Makel.	Wailings and sighs, tears in streams. No flaw.	Lamenting and sighing, floods of tears. No blame.	Primera línea poco alineada (Jaccard 25%). | Solapamiento léxico moderado MT↔Baynes (20%).
46	L6_oraculo	pair	0%	0%	divergent	Divergente	Empordringen im Dunkeln. Fördernd ist es, unablässig beharrlich zu sein.	Soaring in the dark. It is beneficial to be relentlessly persistent.	Pushing upward in darkness. It furthers one To be unremittingly persevering.	Primera línea poco alineada (Jaccard 0%). | Solapamiento léxico bajo MT↔Baynes (0%).
47	L6_oraculo	pair	15%	0%	weak_align	Alineación débil	Er ist bedrängt von Ranken. Er bewegt sich unsicher und spricht: »Bewegung schafft Reue.« Wenn man darüber Reue empfindet und sich aufmacht,…	He is besieged by tendrils. He moves uncertainly and says: ""Movement creates regret."" If you feel remorseful about it and set out, that's ho…	He is oppressed by creeping vines. He moves uncertainly and says, ""Movement brings remorse."" If one feels remorse over this and makes a star…	Primera línea poco alineada (Jaccard 0%). | Solapamiento léxico bajo MT↔Baynes (15%).
48	L6_oraculo	pair	31%	33%	moderate_align	Alineación moderada	Man schöpft aus dem Brunnen ohne Hinderung. Er ist zuverlässig. Erhabenes Heil!	You draw from the well without hindrance. He is reliable. Glorious salvation!	One draws from the well Without hindrance. It is dependable. Supreme good fortune.	Primera línea poco alineada (Jaccard 33%). | Solapamiento léxico moderado MT↔Baynes (31%).
49	L6_oraculo	pair	35%	71%	moderate_align	Alineación moderada	Der Edle ändert wie ein Panther. Der Geringe mausert sich im Gesicht. Aufbruch bringt Unheil. In Beharrlichkeit weilen bringt Heil.	The noble man changes like a panther. The little one molts on the face. Departure brings disaster. Persistence brings salvation.	The superior man changes like a panther. The inferior man molts in the face. Starting brings misfortune. To remain persevering brings good f…	Primera línea alineada (Jaccard 71%). | Solapamiento léxico moderado MT↔Baynes (35%).
50	L6_oraculo	pair	32%	33%	moderate_align	Alineación moderada	Der Tiegel hat Nephritringe. Großes Heil! Nichts, das nicht fördernd wäre.	The crucible has nephrite rings. Great salvation! Nothing that wouldn't be encouraging.	The ting has rings of jade. Great good fortune. Nothing that would not act to further.	Primera línea poco alineada (Jaccard 33%). | Solapamiento léxico moderado MT↔Baynes (32%).
51	L6_oraculo	pair	38%	27%	moderate_align	Alineación moderada	Das Erschüttern bringt Verfall und ängstliches Umherblicken. Vorangehen bringt Unheil. Wenn es noch nicht den eignen Leib erreicht, sondern …	Shaking brings decay and anxious looking around. Going forward brings disaster. If it does not yet reach your own body, but only reached the…	Shock brings ruin and terrified gazing around. Going ahead brings misfortune. If it has not yet touched one's own body But has reached one's…	Primera línea poco alineada (Jaccard 27%). | Solapamiento léxico moderado MT↔Baynes (38%).
52	L6_oraculo	pair	0%	0%	divergent	Divergente	Großzügiges Stillehalten. Heil!	Generous silence. Unhurt!	Noblehearted keeping still. Good fortune.	Primera línea poco alineada (Jaccard 0%). | Solapamiento léxico bajo MT↔Baynes (0%).
53	L6_oraculo	pair	57%	60%	strong_align	Alineación fuerte	Die Wildgans zieht allmählich den Wolkenhöhen zu. Ihre Federn können zum heiligen Tanz verwendet werden. Heil!	The wild goose gradually moves towards the cloud heights. Their feathers can be used for sacred dance. Unhurt!	The wild goose gradually draws near the cloud heights. Its feathers can be used for the sacred dance. Good fortune.	Primera línea alineada (Jaccard 60%). | Solapamiento léxico alto MT↔Baynes (57%).
54	L6_oraculo	pair	57%	67%	strong_align	Alineación fuerte	Die Frau hält den Korb, aber es sind keine Früchte darin. Der Mann sticht das Schaf, aber es fließt kein Blut. Nichts, das fördernd wäre.	The woman holds the basket, but there is no fruit in it. The man stabs the sheep, but no blood is drawn. Nothing that would be helpful.	The woman holds the basket, but there are no fruits in it. The man stabs the sheep, but no blood flows. Nothing that acts to further.	Primera línea alineada (Jaccard 67%). | Solapamiento léxico alto MT↔Baynes (57%).
55	L6_oraculo	pair	52%	75%	strong_align	Alineación fuerte	Sein Haus ist in Fülle. Er verdeckt seine Sippe. Er späht durch das Tor und merkt niemand mehr. Drei Jahre lang sieht er nichts. Unheil!	His house is in abundance. He hides his clan. He peers through the gate and doesn't notice anyone anymore. He sees nothing for three years. …	His house is in a state of abundance. He screens off his family. He peers through the gate And no longer perceives anyone. For three years h…	Primera línea alineada (Jaccard 75%). | Solapamiento léxico alto MT↔Baynes (52%).
56	L6_oraculo	pair	39%	80%	moderate_align	Alineación moderada	Dem Vogel verbrennt sein Nest. Der Wanderer lacht erst, dann muß er klagen und weinen. Er verliert die Kuh im Leichtsinn. Unheil!	The bird burns its nest. The hiker laughs first, then he has to complain and cry. He loses the cow carelessly. Mischief!	The bird's nest burns up. The wanderer laughs at first, Then must needs lament and weep. Through carelessness he loses his cow. Misfortune.	Primera línea alineada (Jaccard 80%). | Solapamiento léxico moderado MT↔Baynes (38%).
57	L6_oraculo	pair	53%	100%	strong_align	Alineación fuerte	Eindringen unter das Bett. Er verliert seinen Besitz und seine Axt. Beharrlichkeit bringt Unheil.	Penetration under the bed. He loses his possessions and his axe. Persistence brings disaster.	Penetration under the bed. He loses his property and his ax. Perseverance brings misfortune.	Primera línea alineada (Jaccard 100%). | Solapamiento léxico alto MT↔Baynes (53%).
58	L6_oraculo	pair	33%	33%	moderate_align	Alineación moderada	Verführende Heiterkeit.	Seductive cheerfulness.	Seductive joyousness.	Primera línea poco alineada (Jaccard 33%). | Solapamiento léxico moderado MT↔Baynes (33%).
59	L6_oraculo	pair	46%	100%	strong_align	Alineación fuerte	Er löst sein Blut auf. Weggehen, Sichfernhalten, Hinausgehen ist ohne Makel.	He dissolves his blood. Going away, staying away, going out is without blemish.	He dissolves his blood. Departing, keeping at a distance, going out, Is without blame.	Primera línea alineada (Jaccard 100%). | Solapamiento léxico alto MT↔Baynes (46%).
60	L6_oraculo	pair	17%	17%	weak_align	Alineación débil	Bittere Beschränkung: Beharrlichkeit bringt Unheil. Reue schwindet.	Bitter limitation: Persistence brings disaster. Regret fades.	Galling limitation. Perseverance brings misfortune. Remorse disappears.	Primera línea poco alineada (Jaccard 17%). | Solapamiento léxico bajo MT↔Baynes (17%).
61	L6_oraculo	pair	8%	0%	divergent	Divergente	Hahnenruf, der zum Himmel dringt. Beharrlichkeit bringt Unheil.	Cock call reaching to the sky. Persistence brings disaster.	Cockcrow penetrating to heaven. Perseverance brings misfortune.	Primera línea poco alineada (Jaccard 0%). | Solapamiento léxico bajo MT↔Baynes (8%).
62	L6_oraculo	pair	43%	13%	moderate_align	Alineación moderada	Ohne ihn zu treffen, geht er an ihm vorbei. Der fliegende Vogel verläßt ihn. Unheil! Das bedeutet Unglück und Schaden.	He walks past him without hitting him. The flying bird leaves him. Mischief! This means misfortune and damage.	He passes him by, not meeting him. The flying bird leaves him. Misfortune. This means bad luck and injury.	Primera línea poco alineada (Jaccard 13%). | Solapamiento léxico moderado MT↔Baynes (43%).
63	L6_oraculo	pair	63%	63%	strong_align	Alineación fuerte	Er kommt mit dem Haupt ins Wasser. Gefahr.	His head goes into the water. Danger.	He gets his head in the water. Danger.	Primera línea alineada (Jaccard 63%). | Solapamiento léxico alto MT↔Baynes (63%).
64	L6_oraculo	pair	17%	14%	weak_align	Alineación débil	In wahrem Vertrauen trinkt man Wein. Kein Makel. Wenn man aber sein Haupt naß macht, so verliert man das in Wahrheit.	One drinks wine in true trust. No flaw. But if you wet your head, that's how you actually lose it.	There is drinking of wine In genuine confidence. No blame. But if one wets his head, He loses it, in truth.	Primera línea poco alineada (Jaccard 14%). | Solapamiento léxico bajo MT↔Baynes (17%).
1	L6_comentario	pair	22%	22%	weak_align	Alineación débil	Wenn man so hoch emporsteigen will, daß man die Fühlung mit den übrigen Menschen verliert, so wird man vereinsamt, und das führt notwendig z…	If you want to rise so high that you lose touch with other people, you will become lonely, and that will inevitably lead to failure. Here li…	When a man seeks to climb so high that he loses touch with the rest of mankind, he becomes isolated, and this necessarily leads to failure. …	Primera línea poco alineada (Jaccard 22%). | Solapamiento léxico moderado MT↔Baynes (22%).
2	L6_comentario	pair	41%	25%	moderate_align	Alineación moderada	Auf dem obersten Platz sollte das Schattige dem Lichten weichen. Will es sich auf dem Platz, der ihm nicht gebührt, behaupten, und statt zu …	At the top place, the shady should give way to the light. If it wants to assert itself in a place that is not its due and rule instead of se…	In the top place the dark element should yield to the light. If it attempts to maintain a position to which it is not entitled and to rule i…	Primera línea poco alineada (Jaccard 25%). | Solapamiento léxico moderado MT↔Baynes (41%).
3	L6_comentario	pair	34%	34%	moderate_align	Alineación moderada	Es gibt Menschen, denen werden die Anfangsschwierigkeiten zu schwer. Sie bleiben stecken und finden sich nicht mehr durch. Sie lassen die Hä…	There are people for whom the initial difficulties become too difficult. You get stuck and can no longer find your way through. They drop th…	The difficulties at the beginning are too great for some persons. They get stuck and never find their way out; they fold their hands and giv…	Primera línea poco alineada (Jaccard 34%). | Solapamiento léxico moderado MT↔Baynes (34%).
4	L6_comentario	pair	42%	34%	moderate_align	Alineación moderada	Unter Umständen muß ein unverbesserlicher Tor bestraft werden. Wer nicht hören will, muß fühlen. Diese Strafe ist von der Aufrüttlung zu Beg…	Under certain circumstances, an incorrigible goal must be penalized. If you don't want to hear, you have to feel. This punishment is differe…	Sometimes an incorrigible fool must be punished. He who will not heed will be made to feel. This punishment is quite different from a prelim…	Primera línea poco alineada (Jaccard 34%). | Solapamiento léxico moderado MT↔Baynes (42%).
5	L6_comentario	pair	34%	27%	moderate_align	Alineación moderada	Das Warten ist vorüber: die Gefahr läßt sich nicht mehr abwenden. Man gerät in das Loch, muß sich in das Unvermeidliche ergeben. Da scheint …	The wait is over: the danger can no longer be averted. You get into the hole and have to surrender to the inevitable. Now everything seems t…	The waiting is over; the danger can no longer be averted. One falls into the pit and must yield to the inevitable. Everything seems to have …	Primera línea poco alineada (Jaccard 27%). | Solapamiento léxico moderado MT↔Baynes (34%).
6	L6_comentario	pair	35%	35%	moderate_align	Alineación moderada	Hier ist jemand gezeichnet, der den Streit bis zum bitteren Ende geführt und recht behalten hat. Er bekommt eine Auszeichnung. Aber das Glüc…	Here is someone who took the argument to the bitter end and was right. He gets an award. But happiness doesn't last. It is contested again a…	Here we have someone who has carried a conflict to the bitter end and has triumphed. He is granted a decoration, but his happiness does not …	Primera línea alineada (Jaccard 35%). | Solapamiento léxico moderado MT↔Baynes (35%).
7	L6_comentario	pair	34%	34%	moderate_align	Alineación moderada	Der Krieg ist siegreich beendet. Der Sieg ist gewonnen, der König verteilt unter seinen Getreuen Lehen und Familienbesitz. Dabei ist es aber…	The war ended victoriously. The victory is won, the king distributes fiefs and family property among his loyal followers. But it is importan…	The war has ended successfully, victory is won, and the king divides estates and fiefs among his faithful vassals. But it is important that …	Primera línea poco alineada (Jaccard 34%). | Solapamiento léxico moderado MT↔Baynes (34%).
8	L6_comentario	pair	33%	33%	moderate_align	Alineación moderada	Das Haupt ist der Anfang. Ohne einen rechten Anfang gibt es kein rechtes Ende. Wenn man den Anschluß verpaßt hat und nun immer zögert, vor v…	The head is the beginning. Without a right beginning there is no right end. If you have missed the connection and are now always hesitating,…	The head is the beginning. If the beginning is not right, there is no hope of a right ending. If we have missed the right moment for union a…	Primera línea poco alineada (Jaccard 33%). | Solapamiento léxico moderado MT↔Baynes (33%).
9	L6_comentario	pair	45%	27%	moderate_align	Alineación moderada	Der Erfolg ist da. Der Wind hat den Regen zusammengetrieben. Ein fester Standpunkt ist erreicht. Das ist zustande gekommen durch allmähliche…	The success is there. The wind drove the rain together. A firm position has been reached. This has come about through the gradual accumulati…	Success is at hand. The wind has driven up the rain. A fixed standpoint has been reached. This has come about through the accumulation of sm…	Primera línea poco alineada (Jaccard 27%). | Solapamiento léxico moderado MT↔Baynes (45%).
10	L6_comentario	pair	49%	49%	strong_align	Alineación fuerte	Das Werk ist zu Ende. Will man wissen, ob das Heil die Folge sein wird, so blicke man auf sein Auftreten zurück und auf die Folgen, die es g…	The work is over. If you want to know whether salvation will be the result, you should look back at its occurrence and the consequences it h…	The work is ended. If we want to know whether good fortune will follow, we must look back upon our conduct and its consequences. If the effe…	Primera línea alineada (Jaccard 49%). | Solapamiento léxico alto MT↔Baynes (49%).
11	L6_comentario	pair	40%	32%	moderate_align	Alineación moderada	Der schon in der Mitte des Zeichens angedeutete Wechsel ist eingetreten. Der Stadtwall sinkt wieder in den Graben zurück, aus dem er genomme…	The change already indicated in the middle of the sign has occurred. The city wall sinks back into the ditch from which it was taken. Doom s…	The change alluded to in the middle of the hexagram has begun to take place. The wall of the town sinks back into the moat from which it was…	Primera línea poco alineada (Jaccard 32%). | Solapamiento léxico moderado MT↔Baynes (40%).
12	L6_comentario	pair	44%	37%	moderate_align	Alineación moderada	Die Stockung dauert nicht ewig. Allerdings hört sie nicht von selber auf, sondern es bedarf des rechten Mannes, um ihr ein Ende zu bereiten.…	The stall doesn't last forever. However, it doesn't stop by itself; it takes the right man to put an end to it. That is the difference betwe…	The standstill does not last forever. However, it does not cease of its own accord; the right man is needed to end it. This is the differenc…	Primera línea alineada (Jaccard 37%). | Solapamiento léxico moderado MT↔Baynes (44%).
13	L6_comentario	pair	33%	33%	moderate_align	Alineación moderada	Es fehlt hier der warme Anschluß des Herzens. Man steht eigentlich schon außerhalb der Gemeinschaft mit anderen. Aber man schließt sich an. …	The warm connection of the heart is missing here. You actually already stand outside of the community with others. But you join in. The comm…	The warm attachment that springs from the heart is lacking here. We are by this time actually outside of fellowship with others. However, we…	Primera línea poco alineada (Jaccard 32%). | Solapamiento léxico moderado MT↔Baynes (32%).
14	L6_comentario	pair	44%	36%	moderate_align	Alineación moderada	In der Fülle des Besitzes und der Macht bleibt man bescheiden und ehrt den Weisen, der außerhalb des Weltgetriebes steht. Dadurch stellt man…	In the abundance of possessions and power, one remains humble and honors the wise man who stands outside the world's hustle and bustle. By d…	In the fullness of possession and at the height of power, one remains modest and gives honor to the sage who stands outside the affairs of t…	Primera línea alineada (Jaccard 36%). | Solapamiento léxico moderado MT↔Baynes (44%).
15	L6_comentario	pair	32%	4%	moderate_align	Alineación moderada	um die eigne Stadt und das eigene Land zu züchtigen. Wem es wirklich mit seiner Bescheidenheit Ernst ist, der muß sorgen, daß sie in der Wir…	to chastise one's own city and one's own country. Anyone who is really serious about their modesty must ensure that it shows itself in reali…	A person who is really sincere in his modesty must make it show in reality. He must proceed with great energy in this. When enmity arises no…	Primera línea poco alineada (Jaccard 4%). | Solapamiento léxico moderado MT↔Baynes (32%).
16	L6_comentario	pair	21%	21%	weak_align	Alineación débil	Wenn man sich von der Begeisterung verblenden läßt, so ist das vom Übel. Aber wenn diese Verblendung auch schon vollendete Tatsache ist und …	If one allows oneself to be blinded by enthusiasm, that is evil. But if this delusion is already a fait accompli and you can still change, t…	It is a bad thing for a man to let himself be deluded by enthusiasm. But if this delusion has run its course, and he is still capable of cha…	Primera línea poco alineada (Jaccard 21%). | Solapamiento léxico moderado MT↔Baynes (21%).
17	L6_comentario	pair	34%	44%	moderate_align	Alineación moderada	Es handelt sich um einen Menschen, der das Getriebe der Welt für seine Person schon hinter sich hat, einen erhabenen Weisen. Aber es findet …	This is a person who has already put the world behind him, a sublime sage. But a successor is found who understands him and does not abandon…	This refers to a man, an exalted sage, who has already put the turmoil of the world behind him. But a follower appears who understands him a…	Primera línea alineada (Jaccard 43%). | Solapamiento léxico moderado MT↔Baynes (34%).
18	L6_comentario	pair	31%	21%	moderate_align	Alineación moderada	Nicht jeder Mensch ist verpflichtet, sich in die Weltgeschäfte zu mischen. Es gibt auch solche, die innerlich schon so weit entwickelt sind,…	Not every person is obliged to get involved in world affairs. There are also those who are already so far developed internally that they hav…	Not every man has an obligation to mingle in the affairs of the world. There are some who are developed to such a degree that they are justi…	Primera línea poco alineada (Jaccard 21%). | Solapamiento léxico moderado MT↔Baynes (31%).
19	L6_comentario	pair	27%	27%	moderate_align	Alineación moderada	Ein Weiser, der die Welt überwunden hat und innerlich schon mit dem Leben fertig ist, kann unter Umständen in die Lage kommen, noch einmal i…	A wise man who has overcome the world and is already mentally done with life may, under certain circumstances, be able to enter this world a…	A sage who has put the world behind him and who in spirit has already withdrawn from life may, under certain circumstances, decide to return…	Primera línea poco alineada (Jaccard 27%). | Solapamiento léxico moderado MT↔Baynes (27%).
20	L6_comentario	pair	37%	37%	moderate_align	Alineación moderada	Während die vorige Linie einen Mann darstellt, der sich selbst betrachtet, ist hier an höchster Stelle alles Persönliche, aufs eigene Ich Be…	While the previous line shows a man looking at himself, here everything personal, relating to one's own self, is eliminated at the highest p…	While the preceding line represents a man who contemplates himself, here in the highest place everything that is personal, related to the eg…	Primera línea alineada (Jaccard 37%). | Solapamiento léxico moderado MT↔Baynes (37%).
21	L6_comentario	pair	39%	39%	moderate_align	Alineación moderada	Es handelt sich hier im Unterschied zu der Anfangslinie um einen Menschen, der unverbesserlich ist. Er trägt zur Strafe den hölzernen Halskr…	In contrast to the opening line, this is about a person who is incorrigible. He wears the wooden collar as punishment. But his ears disappea…	In contrast to the first line, this line refers to a man who is incorrigible. His punishment is the wooden cangue, and his ears disappear un…	Primera línea alineada (Jaccard 39%). | Solapamiento léxico moderado MT↔Baynes (39%).
22	L6_comentario	pair	28%	28%	moderate_align	Alineación moderada	Hier auf der obersten Stufe wird aller Schmuck abgelegt. Die Form verdeckt nicht mehr den Gehalt, sondern läßt ihn zur vollen Geltung kommen…	All jewelry is placed here on the top step. The form no longer hides the content, but allows it to come into its own. The highest level of g…	Here at the highest stage of development all ornament is discarded. Form no longer conceals content but brings out its value to the full. Pe…	Primera línea poco alineada (Jaccard 28%). | Solapamiento léxico moderado MT↔Baynes (28%).
23	L6_comentario	pair	39%	28%	moderate_align	Alineación moderada	Hier ist das Ende der Zersplitterung erreicht. Wenn sich das Unheil ausgetobt hat, kommen wieder bessere Zeiten. Der Same des Guten ist noch…	The end of the fragmentation has been reached here. When the disaster has run its course, better times will come again. The seed of good is …	Here the splitting apart reaches its end. When misfortune has spent itself, better times return. The seed of the good remains, and it is jus…	Primera línea poco alineada (Jaccard 28%). | Solapamiento léxico moderado MT↔Baynes (39%).
24	L6_comentario	pair	20%	0%	weak_align	Alineación débil	wird man schließlich eine große Niederlage erleiden, so daß es für den Landesherrn unheilvoll ist. Zehn Jahre lang ist man nicht mehr imstan…	you will eventually suffer a great defeat, so that it is disastrous for the sovereign. You won't be able to attack for ten years. If you mis…	If a man misses the right time for return, he meets with misfortune. The misfortune has its inner cause in a wrong attitude toward the world…	Primera línea poco alineada (Jaccard 0%). | Solapamiento léxico moderado MT↔Baynes (20%).
25	L6_comentario	pair	37%	37%	moderate_align	Alineación moderada	Wenn man in einer Lage ist, da kein Fortschritt mehr an der Zeit ist, da gilt es ruhig und ohne Hintergedanken zu warten. Wenn man unüberleg…	If you are in a situation where there is no time for progress, you should wait calmly and without ulterior motives. If one acts rashly in or…	When, in a given situation, the time is not ripe for further progress, the best thing to do is to wait quietly, without ulterior designs. If…	Primera línea alineada (Jaccard 37%). | Solapamiento léxico moderado MT↔Baynes (37%).
26	L6_comentario	pair	39%	39%	moderate_align	Alineación moderada	Die Zeit der Hemmung ist vorüber. Die lange durch Hemmung angesammelte Kraft bricht sich Bahn und hat großen Erfolg. Es ist ein Weiser, der …	The time of inhibition is over. The power that has been accumulated for a long time through inhibition breaks through and has great success.…	The time of obstruction is past. The energy long dammed up by inhibition forces its way out and achieves great success. This refers to a man…	Primera línea alineada (Jaccard 38%). | Solapamiento léxico moderado MT↔Baynes (38%).
27	L6_comentario	pair	60%	60%	strong_align	Alineación fuerte	Es ist hier ein Weiser höchster Art, von dem alle Einflüsse ausgehen, die für die Ernährung der andern sorgen. Eine solche Stellung bringt s…	Here is a sage of the highest order from whom all the influences that ensure the nourishment of others emanate. Such a position brings heavy…	This describes a sage of the highest order, from whom emanate all influences that provide nourishment for others. Such a position brings wit…	Primera línea alineada (Jaccard 60%). | Solapamiento léxico alto MT↔Baynes (60%).
28	L6_comentario	pair	41%	41%	moderate_align	Alineación moderada	Hier ist die Lage gezeichnet, daß das Außerordentliche aufs höchste gestiegen ist. Man ist mutig und will unter allen Umständen seine Aufgab…	Here the situation is such that the extraordinary has reached its highest level. You are courageous and want to accomplish your task under a…	Here is a situation in which the unusual has reached a climax. One is courageous and wishes to accomplish one's task, no matter what happens…	Primera línea alineada (Jaccard 41%). | Solapamiento léxico moderado MT↔Baynes (41%).
29	L6_comentario	pair	38%	38%	moderate_align	Alineación moderada	Ein Mensch, der in der äußersten Gefahr den rechten Weg verloren hat und unverbesserlich in seine Sünden verstrickt ist, hat keine Aussicht,…	A person who has lost the right path in extreme danger and is incorrigibly entangled in his sins has no hope of getting out of the danger. H…	A man who in the extremity of danger has lost the right way and is irremediably entangled in his sins has no prospect of escape. He is like …	Primera línea alineada (Jaccard 38%). | Solapamiento léxico moderado MT↔Baynes (38%).
30	L6_comentario	pair	36%	37%	moderate_align	Alineación moderada	Der Zweck der Züchtigung ist, Zucht zu schaffen, nicht blindlings Strafe walten zu lassen. Es gilt, das Übel an der Wurzel zu heilen. Im Sta…	The purpose of chastisement is to create discipline, not to blindly administer punishment. It is important to cure the evil at its root. In …	It is not the purpose of chastisement to impose punishment blindly but to create discipline. Evil must be cured at its roots. To eradicate e…	Primera línea alineada (Jaccard 37%). | Solapamiento léxico moderado MT↔Baynes (36%).
31	L6_comentario	pair	29%	29%	moderate_align	Alineación moderada	Die äußerlichste Art, auf andre Einfluß bekommen zu wollen, ist durch bloßes Geschwätz, ohne daß den Worten etwas Wirkliches entspricht. Sol…	The most external way of wanting to influence others is through mere chatter, without anything real corresponding to the words. Such stimula…	The most superficial way of trying to influence others is through talk that has nothing real behind it. The influence produced by such mere …	Primera línea poco alineada (Jaccard 29%). | Solapamiento léxico moderado MT↔Baynes (29%).
32	L6_comentario	pair	33%	33%	moderate_align	Alineación moderada	Es gibt Menschen, die dauernd in hastiger Bewegung sind, ohne innerlich zur Ruhe zu kommen. Die Rastlosigkeit hindert nicht nur alle Gründli…	There are people who are constantly in rapid motion without finding peace within themselves. Restlessness not only hinders all thoroughness,…	There are people who live in a state of perpetual hurry without ever attaining inner composure. Restlessness not only prevents all thoroughn…	Primera línea poco alineada (Jaccard 33%). | Solapamiento léxico moderado MT↔Baynes (33%).
33	L6_comentario	pair	40%	40%	moderate_align	Alineación moderada	Die Lage ist unzweideutig. Die innere Loslösung ist eine feststehende Tatsache. Dadurch hat man die Freiheit, zu gehen. Wo man seinen Weg so…	The situation is unambiguous. Inner detachment is an established fact. This gives you the freedom to go. Where one sees one's path so clearl…	The situation is unequivocal. Inner detachment has become an established fact, and we are at liberty to depart. When one sees the way ahead …	Primera línea alineada (Jaccard 40%). | Solapamiento léxico moderado MT↔Baynes (40%).
34	L6_comentario	pair	27%	27%	moderate_align	Alineación moderada	Wenn man sich zu weit vorwagt, so kommt man an einen toten Punkt, wo man weder vorwärts noch rückwärts kann und alles nur dazu dient, die Sa…	If you venture too far, you end up in a deadlock where you can't move forward or backward and everything only serves to make things more com…	If we venture too far we come to a deadlock, unable either to advance or to retreat, and whatever we do merely serves to complicate things f…	Primera línea poco alineada (Jaccard 27%). | Solapamiento léxico moderado MT↔Baynes (27%).
35	L6_comentario	pair	31%	28%	moderate_align	Alineación moderada	Fortschreiten mit den Hörnern, d.h. angriffsweise vorgehen, soll man in solchen Zeiten, um die es sich hier handelt, nur den Fehlern der eig…	In times such as these, one should advance with the horns, i.e. attack, only in the face of the mistakes of one's own people. One must remai…	Making progress with lowered horns—i.e., acting on the offensive—is permissible, in times like those referred to here, only in dealing with …	Primera línea poco alineada (Jaccard 28%). | Solapamiento léxico moderado MT↔Baynes (31%).
36	L6_comentario	pair	47%	47%	strong_align	Alineación fuerte	Hier ist der Höhepunkt der Finsternis erreicht. Die finstere Macht war erst so hoch gestellt, daß sie alle Guten und Lichten verletzen konnt…	The peak of the darkness has been reached here. The dark power was only placed so high that it could hurt all the good and light. In the end…	Here the climax of the darkening is reached. The dark power at first held so high a place that it could wound all who were on the side of go…	Primera línea alineada (Jaccard 47%). | Solapamiento léxico alto MT↔Baynes (47%).
37	L6_comentario	pair	26%	26%	moderate_align	Alineación moderada	Die Ordnung der Familie beruht letzten Endes auf der Person des Hausherrn. Wenn er seine Person so ausbildet, daß sie in der Kraft innerer W…	The order of the family ultimately rests on the person of the head of the house. If he develops his personality in such a way that it appear…	In the last analysis, order within the family depends on the character of the master of the house. If he cultivates his personality so that …	Primera línea poco alineada (Jaccard 25%). | Solapamiento léxico moderado MT↔Baynes (25%).
38	L6_comentario	pair	35%	28%	moderate_align	Alineación moderada	Hier ist die Vereinsamung durch Mißverständnisse, nicht durch die äußeren Verhältnisse, sondern durch innere Zustände bedingt. Man verkennt …	Here the isolation is caused by misunderstandings, not by external circumstances, but by internal conditions. People misunderstand their bes…	Here the isolation is due to misunderstanding; it is brought about not by outer circumstances but by inner conditions. A man misjudges his b…	Primera línea poco alineada (Jaccard 28%). | Solapamiento léxico moderado MT↔Baynes (35%).
39	L6_comentario	pair	47%	32%	strong_align	Alineación fuerte	Es ist hier jemand gezeichnet, der die Welt und ihr Getriebe schon hinter sich hat. Wenn nun die Zeit der Hemmnisse für die Welt kommt, so k…	Here someone is drawn who has already left the world and its gears behind him. When the time of obstacles comes to the world, it might seem …	This refers to a man who has already left the world and its tumult behind him. When the time of obstructions arrives, it might seem that the…	Primera línea poco alineada (Jaccard 31%). | Solapamiento léxico alto MT↔Baynes (47%).
40	L6_comentario	pair	46%	43%	strong_align	Alineación fuerte	Der Habicht auf hoher Mauer ist das Bild eines machtvollen Gemeinen an hoher Stelle, der die Befreiung hindert. Er widersteht der Einwirkung…	The hawk on a high wall is the image of a powerful commoner in a high place who hinders liberation. He resists the influence of internal inf…	The hawk on a high wall is the symbol of a powerful inferior in a high position who is hindering the deliverance. He withstands the force of…	Primera línea alineada (Jaccard 43%). | Solapamiento léxico alto MT↔Baynes (46%).
41	L6_comentario	pair	41%	41%	moderate_align	Alineación moderada	Es gibt Menschen, die Segen spenden für die ganze Welt. Jeder Kraftzuwachs, jede Mehrung, die ihnen zuteil wird, kommt allen Menschen zugute…	There are people who bless the whole world. Every increase in strength, every increase that is given to them benefits all people and therefo…	There are people who dispense blessings to the whole world. Every increase in power that comes to them benefits the whole of mankind and the…	Primera línea alineada (Jaccard 41%). | Solapamiento léxico moderado MT↔Baynes (41%).
42	L6_comentario	pair	36%	41%	moderate_align	Alineación moderada	Der Sinn der Lage ist, daß die Oberen durch Verzicht die Unteren mehren sollen. Indem man diese Pflicht versäumt und niemand nützt, entzieht…	The meaning of the situation is that those above should increase the number of those below through renunciation. By neglecting this duty and…	The meaning here is that through renunciation those in high place should bring increase to those below. By neglecting this duty and helping …	Primera línea alineada (Jaccard 41%). | Solapamiento léxico moderado MT↔Baynes (36%).
43	L6_comentario	pair	42%	37%	moderate_align	Alineación moderada	Der Sieg scheint errungen zu sein. Es ist nur noch ein Rest übrig von dem Bösen, dessen entschlossene Ausrottung an der Zeit ist. Es sieht a…	Victory seems to have been achieved. There is only a remnant of evil left and it is time to be decisively eradicated. It all looks very easy…	Victory seems to have been achieved. There remains merely a remnant of the evil resolutely to be eradicated as the time demands. Everything …	Residuos alemanes en traducción automática. | Primera línea alineada (Jaccard 37%). | Solapamiento léxico moderado MT↔Baynes (42%).
44	L6_comentario	pair	39%	33%	moderate_align	Alineación moderada	Wenn man sich aus der Welt zurückgezogen hat, so wird einem das Getriebe der Welt oft unerträglich. Oft gibt es Menschen, die sich in edlem …	When you have withdrawn from the world, the world's hustle and bustle often becomes unbearable. There are often people who, out of noble pri…	When a man has withdrawn from the world, its tumult often becomes unbearable to him. There are many people who in a noble pride hold themsel…	Primera línea poco alineada (Jaccard 32%). | Solapamiento léxico moderado MT↔Baynes (38%).
45	L6_comentario	pair	33%	33%	moderate_align	Alineación moderada	Es kann vorkommen, daß man sich wohl anschließen möchte, aber in seinen guten Absichten verkannt wird. Da ist man traurig und klagt. Aber da…	It can happen that you want to join, but your good intentions are misunderstood. People are sad and complain. But that is the right path. Be…	It may happen that an individual would like to ally himself with another, but his good intentions are misunderstood. Then he becomes sad and…	Primera línea poco alineada (Jaccard 33%). | Solapamiento léxico moderado MT↔Baynes (33%).
46	L6_comentario	pair	46%	46%	strong_align	Alineación fuerte	Wer blindlings empordringt, der ist innerlich betört. Er kennt nur den Fortschritt, nicht den Rückzug. Dabei erschöpft man sich aber. Wichti…	Anyone who pushes up blindly is inwardly beguiled. He only knows progress, not retreat. But you exhaust yourself in the process. In such cas…	He who pushes upward blindly deludes himself. He knows only advance, not retreat. But this means exhaustion. In such a case it is important …	Primera línea alineada (Jaccard 46%). | Solapamiento léxico alto MT↔Baynes (46%).
47	L6_comentario	pair	39%	39%	moderate_align	Alineación moderada	Man ist bedrängt durch Bande, die sich leicht zerreißen lassen. Die Bedrängnis naht sich ihrem Ende. Aber man ist noch unschlüssig. Man ist …	One is oppressed by bonds that can easily be broken. The tribulation is nearing its end. But people are still undecided. You are still influ…	A man is oppressed by bonds that can easily be broken. The distress is drawing to an end. But he is still irresolute; he is still influenced…	Primera línea alineada (Jaccard 39%). | Solapamiento léxico moderado MT↔Baynes (39%).
48	L6_comentario	pair	46%	46%	strong_align	Alineación fuerte	Der Brunnen ist für alle da. Kein Verbot hemmt die Schöpfenden. Aber so viele auch kommen, sie finden, was sie brauchen; denn der Brunnen is…	The fountain is there for everyone. No prohibition hinders those who create. But no matter how many come, they find what they need; because …	The well is there for all. No one is forbidden to take water from it. No matter how many come, all find what they need, for the well is depe…	Primera línea alineada (Jaccard 45%). | Solapamiento léxico alto MT↔Baynes (45%).
49	L6_comentario	pair	33%	23%	moderate_align	Alineación moderada	Nachdem die großen grundsätzlichen Fragen entschieden sind, sind noch Umgestaltungen im einzelnen und genauere Durchführungen notwendig. Die…	After the big fundamental questions have been decided, further redesign and more precise implementation are still necessary. These can be co…	After the large and fundamental problems are settled, certain minor reforms, and elaborations of these, are necessary. These detailed reform…	Primera línea poco alineada (Jaccard 23%). | Solapamiento léxico moderado MT↔Baynes (32%).
50	L6_comentario	pair	28%	21%	moderate_align	Alineación moderada	Beim vorigen Strich sind die Tragringe golden genannt, um ihre Stärke zu bezeichnen. Hier heißen sie von Nephrit. Der Nephrit zeichnet sich …	In the previous line, the support rings are called gold to indicate their strength. Here they are called by Nephrite. Nephrite is characteri…	In the preceding line the carrying rings are described as golden, to denote their strength; here they are said to be of jade. Jade is notabl…	Primera línea poco alineada (Jaccard 21%). | Solapamiento léxico moderado MT↔Baynes (27%).
51	L6_comentario	pair	38%	21%	moderate_align	Alineación moderada	Die innere Erschütterung raubt einem die Besinnung und Klarheit des Blickes, wenn sie aufs höchste gestiegen ist. In einer solchen Erschütte…	The inner shock robs one of contemplation and clarity of vision when it has reached its highest level. Of course, it is not possible to act …	When inner shock is at its height, it robs a man of reflection and clarity of vision. In such a state of shock it is of course impossible to…	Primera línea poco alineada (Jaccard 20%). | Solapamiento léxico moderado MT↔Baynes (38%).
52	L6_comentario	pair	35%	35%	moderate_align	Alineación moderada	Hier ist die Vollendung der Bemühung zur Ruhe gegeben. Man ist ruhig nicht in kleinlich abgezirkelter Weise im einzelnen, sondern eine allge…	Here the completion of the effort to rest is given. One is not calm in an individual way, but a general resignation as a whole gives peace a…	This marks the consummation of the effort to attain tranquility. One is at rest, not merely in a small, circumscribed way in regard to matte…	Primera línea alineada (Jaccard 35%). | Solapamiento léxico moderado MT↔Baynes (35%).
53	L6_comentario	pair	49%	33%	strong_align	Alineación fuerte	Hier ist das Leben abgeschlossen. Das Werk liegt vollendet da. Hoch erhebt sich seine Bahn in den Himmel, wie der Flug der Wildgänse, wenn s…	Life is complete here. The work is there complete. Its path rises high into the sky, like the flight of wild geese when they have left every…	Here life comes to its end. A man's work stands completed. The path rises high toward heaven, like the flight of wild geese when they have l…	Primera línea poco alineada (Jaccard 33%). | Solapamiento léxico alto MT↔Baynes (49%).
54	L6_comentario	pair	46%	46%	strong_align	Alineación fuerte	Beim Opfer für die Ahnen mußte die Frau die Früchte in einem Korb darbringen, der Mann persönlich das Opfertier schlachten. Hier werden die …	When making a sacrifice for the ancestors, the woman had to offer the fruit in a basket and the man had to personally slaughter the sacrific…	At the sacrifice to the ancestors, the woman had to present harvest offerings in a basket, while the man slaughtered the sacrificial animal …	Primera línea alineada (Jaccard 46%). | Solapamiento léxico alto MT↔Baynes (46%).
55	L6_comentario	pair	43%	43%	moderate_align	Alineación moderada	Es ist hier ein Mann gezeichnet, der durch seinen Hochmut und Eigenwillen das Gegenteil erreicht von dem, was er erstrebt. Er sucht Fülle un…	What is depicted here is a man who, through his pride and self-will, achieves the opposite of what he strives for. He seeks abundance and sp…	This describes a man who because of his arrogance and obstinacy attains the opposite of what he strives for. He seeks abundance and splendor…	Primera línea alineada (Jaccard 43%). | Solapamiento léxico moderado MT↔Baynes (43%).
56	L6_comentario	pair	37%	33%	moderate_align	Alineación moderada	Das Bild des Vogels, dem sein Nest verbrennt, zeigt den Verlust des Ruheorts. Wenn der Vogel beim Bau seines Nestes leichtsinnig und unvorsi…	The image of the bird burning its nest shows the loss of a place to rest. If the bird was careless and careless when building its nest, this…	The picture of a bird whose nest burns up indicates loss of one's resting place. This misfortune may overtake the bird if it is heedless and…	Primera línea poco alineada (Jaccard 33%). | Solapamiento léxico moderado MT↔Baynes (37%).
57	L6_comentario	pair	48%	48%	strong_align	Alineación fuerte	Die Erkenntnis ist eindringlich genug. Man dringt den schädlichen Einflüssen bis in die geheimsten Winkel nach. Aber man hat keine Kraft meh…	The realization is striking enough. The harmful influences penetrate into the most secret corners. But you no longer have the strength to fi…	A man's understanding is sufficiently penetrating. He follows up injurious influences into the most secret corners. But he no longer has the…	Primera línea alineada (Jaccard 48%). | Solapamiento léxico alto MT↔Baynes (48%).
58	L6_comentario	pair	31%	22%	moderate_align	Alineación moderada	Wenn man innerlich eitel ist, so lockt man die Freuden der Zerstreuung an und hat unter ihnen zu leiden (vgl. Sechs auf drittem Platz). Wenn…	If one is inwardly vain, one attracts the pleasures of distraction and suffers from them (cf. Six in third place). If you are not internally…	A vain nature invites diverting pleasures and must suffer accordingly (cf. the six in the third place). If a man is unstable within, the ple…	Primera línea poco alineada (Jaccard 22%). | Solapamiento léxico moderado MT↔Baynes (31%).
59	L6_comentario	pair	46%	44%	strong_align	Alineación fuerte	Das Auflösen des Blutes bedeutet auflösen, was Blut und Wunden bringen könnte, die Gefahr vermeiden. Es ist hier aber nicht der Gedanke ausg…	Dissolving the blood means dissolving what could bring blood and wounds, avoiding the danger. However, the idea expressed here is not that o…	The idea of the dissolving of a man's blood means the dispersion of that which might lead to bloodshed and wounds, i.e., avoidance of danger…	Primera línea alineada (Jaccard 44%). | Solapamiento léxico alto MT↔Baynes (46%).
60	L6_comentario	pair	34%	17%	moderate_align	Alineación moderada	Wenn man zu streng ist in der Beschränkung, so halten es die Menschen nicht aus. Je konsequenter man in solcher Strenge ist, desto mehr ist …	If you are too strict with the restrictions, people can't stand it. The more consistent one is in such severity, the more evil it is; becaus…	If one is too severe in setting up restrictions, people will not endure them. The more consistent such severity, the worse it is, for in the…	Primera línea poco alineada (Jaccard 17%). | Solapamiento léxico moderado MT↔Baynes (34%).
61	L6_comentario	pair	24%	24%	weak_align	Alineación débil	Der Hahn ist zuverlässig. Er ruft, wenn es Morgen wird. Er kann aber nicht selbst zum Himmel fliegen. Er kräht nur. So soll durch bloße Wort…	The rooster is reliable. He calls when morning comes. But he cannot fly to heaven himself. He just crows. So faith should be awakened throug…	The cock is dependable. It crows at dawn. But it cannot itself fly to heaven. It just crows. A man may count on mere words to awaken faith. …	Primera línea poco alineada (Jaccard 24%). | Solapamiento léxico moderado MT↔Baynes (24%).
62	L6_comentario	pair	45%	45%	moderate_align	Alineación moderada	Wenn man über das Ziel hinausschießt, so kann man es nicht treffen. Wenn der Vogel nicht in sein Nest will, sondern immer höher hinaus, so f…	If you overshoot the target, you won't be able to hit it. If the bird doesn't want to go into its nest, but wants to go higher and higher, i…	If one overshoots the goal, one cannot hit it. If a bird will not come to its nest but flies higher and higher, it eventually falls into the…	Primera línea alineada (Jaccard 45%). | Solapamiento léxico moderado MT↔Baynes (45%).
63	L6_comentario	pair	41%	43%	moderate_align	Alineación moderada	Hier ist zum Schluß nochmals eine Warnung beigefügt. Nach dem Übergang über ein Wasser kann man nur dann mit dem Kopf ins Wasser kommen, wen…	Finally, a warning is added here. After crossing a body of water, you can only get your head into the water if you carelessly turn back towa…	Here in conclusion another warning is added. After crossing a stream, a man's head can get into the water only if he is so imprudent as to t…	Primera línea alineada (Jaccard 43%). | Solapamiento léxico moderado MT↔Baynes (41%).
64	L6_comentario	pair	19%	25%	weak_align	Alineación débil	Vor der Vollendung an der Grenze der neuen Zeit ist man im vollen gegenseitigen Vertrauen mit den Seinen zusammen und verbringt die Zeit des…	Before reaching completion on the border of the new time, one is together with one's loved ones in full mutual trust and spends the time wai…	Before completion, at the dawning of the new time, friends foregather in an atmosphere of mutual trust, and the time of waiting is passed in…	Ruido OCR en texto DE (footer / paginación). | Primera línea poco alineada (Jaccard 25%). | Solapamiento léxico bajo MT↔Baynes (18%).
1	yong_etiqueta	pair	38%	38%	moderate_align	Alineación moderada	Wenn lauter Neunen erscheinen, bedeutet das:	If all nines appear, it means:	When all the lines are nines, it means:	Primera línea alineada (Jaccard 38%). | Solapamiento léxico moderado MT↔Baynes (38%).
2	yong_etiqueta	pair	38%	38%	moderate_align	Alineación moderada	Wenn lauter Sechsen erscheinen, bedeutet das:	If all sixes appear, it means:	When all the lines are sixes, it means:	Primera línea alineada (Jaccard 38%). | Solapamiento léxico moderado MT↔Baynes (38%).
3	yong_etiqueta	both_empty			both_empty	Vacío				Ambos campos vacíos.
4	yong_etiqueta	both_empty			both_empty	Vacío				Ambos campos vacíos.
5	yong_etiqueta	both_empty			both_empty	Vacío				Ambos campos vacíos.
6	yong_etiqueta	both_empty			both_empty	Vacío				Ambos campos vacíos.
7	yong_etiqueta	both_empty			both_empty	Vacío				Ambos campos vacíos.
8	yong_etiqueta	both_empty			both_empty	Vacío				Ambos campos vacíos.
9	yong_etiqueta	both_empty			both_empty	Vacío				Ambos campos vacíos.
10	yong_etiqueta	both_empty			both_empty	Vacío				Ambos campos vacíos.
11	yong_etiqueta	both_empty			both_empty	Vacío				Ambos campos vacíos.
12	yong_etiqueta	both_empty			both_empty	Vacío				Ambos campos vacíos.
13	yong_etiqueta	both_empty			both_empty	Vacío				Ambos campos vacíos.
14	yong_etiqueta	both_empty			both_empty	Vacío				Ambos campos vacíos.
15	yong_etiqueta	both_empty			both_empty	Vacío				Ambos campos vacíos.
16	yong_etiqueta	both_empty			both_empty	Vacío				Ambos campos vacíos.
17	yong_etiqueta	both_empty			both_empty	Vacío				Ambos campos vacíos.
18	yong_etiqueta	both_empty			both_empty	Vacío				Ambos campos vacíos.
19	yong_etiqueta	both_empty			both_empty	Vacío				Ambos campos vacíos.
20	yong_etiqueta	both_empty			both_empty	Vacío				Ambos campos vacíos.
21	yong_etiqueta	both_empty			both_empty	Vacío				Ambos campos vacíos.
22	yong_etiqueta	both_empty			both_empty	Vacío				Ambos campos vacíos.
23	yong_etiqueta	both_empty			both_empty	Vacío				Ambos campos vacíos.
24	yong_etiqueta	both_empty			both_empty	Vacío				Ambos campos vacíos.
25	yong_etiqueta	both_empty			both_empty	Vacío				Ambos campos vacíos.
26	yong_etiqueta	both_empty			both_empty	Vacío				Ambos campos vacíos.
27	yong_etiqueta	both_empty			both_empty	Vacío				Ambos campos vacíos.
28	yong_etiqueta	both_empty			both_empty	Vacío				Ambos campos vacíos.
29	yong_etiqueta	both_empty			both_empty	Vacío				Ambos campos vacíos.
30	yong_etiqueta	both_empty			both_empty	Vacío				Ambos campos vacíos.
31	yong_etiqueta	both_empty			both_empty	Vacío				Ambos campos vacíos.
32	yong_etiqueta	both_empty			both_empty	Vacío				Ambos campos vacíos.
33	yong_etiqueta	both_empty			both_empty	Vacío				Ambos campos vacíos.
34	yong_etiqueta	both_empty			both_empty	Vacío				Ambos campos vacíos.
35	yong_etiqueta	both_empty			both_empty	Vacío				Ambos campos vacíos.
36	yong_etiqueta	both_empty			both_empty	Vacío				Ambos campos vacíos.
37	yong_etiqueta	both_empty			both_empty	Vacío				Ambos campos vacíos.
38	yong_etiqueta	both_empty			both_empty	Vacío				Ambos campos vacíos.
39	yong_etiqueta	both_empty			both_empty	Vacío				Ambos campos vacíos.
40	yong_etiqueta	both_empty			both_empty	Vacío				Ambos campos vacíos.
41	yong_etiqueta	both_empty			both_empty	Vacío				Ambos campos vacíos.
42	yong_etiqueta	both_empty			both_empty	Vacío				Ambos campos vacíos.
43	yong_etiqueta	both_empty			both_empty	Vacío				Ambos campos vacíos.
44	yong_etiqueta	both_empty			both_empty	Vacío				Ambos campos vacíos.
45	yong_etiqueta	both_empty			both_empty	Vacío				Ambos campos vacíos.
46	yong_etiqueta	both_empty			both_empty	Vacío				Ambos campos vacíos.
47	yong_etiqueta	both_empty			both_empty	Vacío				Ambos campos vacíos.
48	yong_etiqueta	both_empty			both_empty	Vacío				Ambos campos vacíos.
49	yong_etiqueta	both_empty			both_empty	Vacío				Ambos campos vacíos.
50	yong_etiqueta	both_empty			both_empty	Vacío				Ambos campos vacíos.
51	yong_etiqueta	both_empty			both_empty	Vacío				Ambos campos vacíos.
52	yong_etiqueta	both_empty			both_empty	Vacío				Ambos campos vacíos.
53	yong_etiqueta	both_empty			both_empty	Vacío				Ambos campos vacíos.
54	yong_etiqueta	both_empty			both_empty	Vacío				Ambos campos vacíos.
55	yong_etiqueta	both_empty			both_empty	Vacío				Ambos campos vacíos.
56	yong_etiqueta	both_empty			both_empty	Vacío				Ambos campos vacíos.
57	yong_etiqueta	both_empty			both_empty	Vacío				Ambos campos vacíos.
58	yong_etiqueta	both_empty			both_empty	Vacío				Ambos campos vacíos.
59	yong_etiqueta	both_empty			both_empty	Vacío				Ambos campos vacíos.
60	yong_etiqueta	both_empty			both_empty	Vacío				Ambos campos vacíos.
61	yong_etiqueta	both_empty			both_empty	Vacío				Ambos campos vacíos.
62	yong_etiqueta	both_empty			both_empty	Vacío				Ambos campos vacíos.
63	yong_etiqueta	both_empty			both_empty	Vacío				Ambos campos vacíos.
64	yong_etiqueta	both_empty			both_empty	Vacío				Ambos campos vacíos.
1	yong_oraculo	pair	18%	22%	weak_align	Alineación débil	Es erscheint eine Schar von Drachen ohne Haupt. Heil!	A flock of headless dragons appears. Unhurt!	There appears a flight of dragons without heads. Good fortune.	Primera línea poco alineada (Jaccard 22%). | Solapamiento léxico bajo MT↔Baynes (18%).
2	yong_oraculo	pair	0%	0%	divergent	Divergente	Fördernd ist dauernde Beharrlichkeit.	Constant persistence is beneficial.	Lasting perseverance furthers.	Primera línea poco alineada (Jaccard 0%). | Solapamiento léxico bajo MT↔Baynes (0%).
3	yong_oraculo	both_empty			both_empty	Vacío				Ambos campos vacíos.
4	yong_oraculo	both_empty			both_empty	Vacío				Ambos campos vacíos.
5	yong_oraculo	both_empty			both_empty	Vacío				Ambos campos vacíos.
6	yong_oraculo	both_empty			both_empty	Vacío				Ambos campos vacíos.
7	yong_oraculo	both_empty			both_empty	Vacío				Ambos campos vacíos.
8	yong_oraculo	both_empty			both_empty	Vacío				Ambos campos vacíos.
9	yong_oraculo	both_empty			both_empty	Vacío				Ambos campos vacíos.
10	yong_oraculo	both_empty			both_empty	Vacío				Ambos campos vacíos.
11	yong_oraculo	both_empty			both_empty	Vacío				Ambos campos vacíos.
12	yong_oraculo	both_empty			both_empty	Vacío				Ambos campos vacíos.
13	yong_oraculo	both_empty			both_empty	Vacío				Ambos campos vacíos.
14	yong_oraculo	both_empty			both_empty	Vacío				Ambos campos vacíos.
15	yong_oraculo	both_empty			both_empty	Vacío				Ambos campos vacíos.
16	yong_oraculo	both_empty			both_empty	Vacío				Ambos campos vacíos.
17	yong_oraculo	both_empty			both_empty	Vacío				Ambos campos vacíos.
18	yong_oraculo	both_empty			both_empty	Vacío				Ambos campos vacíos.
19	yong_oraculo	both_empty			both_empty	Vacío				Ambos campos vacíos.
20	yong_oraculo	both_empty			both_empty	Vacío				Ambos campos vacíos.
21	yong_oraculo	both_empty			both_empty	Vacío				Ambos campos vacíos.
22	yong_oraculo	both_empty			both_empty	Vacío				Ambos campos vacíos.
23	yong_oraculo	both_empty			both_empty	Vacío				Ambos campos vacíos.
24	yong_oraculo	both_empty			both_empty	Vacío				Ambos campos vacíos.
25	yong_oraculo	both_empty			both_empty	Vacío				Ambos campos vacíos.
26	yong_oraculo	both_empty			both_empty	Vacío				Ambos campos vacíos.
27	yong_oraculo	both_empty			both_empty	Vacío				Ambos campos vacíos.
28	yong_oraculo	both_empty			both_empty	Vacío				Ambos campos vacíos.
29	yong_oraculo	both_empty			both_empty	Vacío				Ambos campos vacíos.
30	yong_oraculo	both_empty			both_empty	Vacío				Ambos campos vacíos.
31	yong_oraculo	both_empty			both_empty	Vacío				Ambos campos vacíos.
32	yong_oraculo	both_empty			both_empty	Vacío				Ambos campos vacíos.
33	yong_oraculo	both_empty			both_empty	Vacío				Ambos campos vacíos.
34	yong_oraculo	both_empty			both_empty	Vacío				Ambos campos vacíos.
35	yong_oraculo	both_empty			both_empty	Vacío				Ambos campos vacíos.
36	yong_oraculo	both_empty			both_empty	Vacío				Ambos campos vacíos.
37	yong_oraculo	both_empty			both_empty	Vacío				Ambos campos vacíos.
38	yong_oraculo	both_empty			both_empty	Vacío				Ambos campos vacíos.
39	yong_oraculo	both_empty			both_empty	Vacío				Ambos campos vacíos.
40	yong_oraculo	both_empty			both_empty	Vacío				Ambos campos vacíos.
41	yong_oraculo	both_empty			both_empty	Vacío				Ambos campos vacíos.
42	yong_oraculo	both_empty			both_empty	Vacío				Ambos campos vacíos.
43	yong_oraculo	both_empty			both_empty	Vacío				Ambos campos vacíos.
44	yong_oraculo	both_empty			both_empty	Vacío				Ambos campos vacíos.
45	yong_oraculo	both_empty			both_empty	Vacío				Ambos campos vacíos.
46	yong_oraculo	both_empty			both_empty	Vacío				Ambos campos vacíos.
47	yong_oraculo	both_empty			both_empty	Vacío				Ambos campos vacíos.
48	yong_oraculo	both_empty			both_empty	Vacío				Ambos campos vacíos.
49	yong_oraculo	both_empty			both_empty	Vacío				Ambos campos vacíos.
50	yong_oraculo	both_empty			both_empty	Vacío				Ambos campos vacíos.
51	yong_oraculo	both_empty			both_empty	Vacío				Ambos campos vacíos.
52	yong_oraculo	both_empty			both_empty	Vacío				Ambos campos vacíos.
53	yong_oraculo	both_empty			both_empty	Vacío				Ambos campos vacíos.
54	yong_oraculo	both_empty			both_empty	Vacío				Ambos campos vacíos.
55	yong_oraculo	both_empty			both_empty	Vacío				Ambos campos vacíos.
56	yong_oraculo	both_empty			both_empty	Vacío				Ambos campos vacíos.
57	yong_oraculo	both_empty			both_empty	Vacío				Ambos campos vacíos.
58	yong_oraculo	both_empty			both_empty	Vacío				Ambos campos vacíos.
59	yong_oraculo	both_empty			both_empty	Vacío				Ambos campos vacíos.
60	yong_oraculo	both_empty			both_empty	Vacío				Ambos campos vacíos.
61	yong_oraculo	both_empty			both_empty	Vacío				Ambos campos vacíos.
62	yong_oraculo	both_empty			both_empty	Vacío				Ambos campos vacíos.
63	yong_oraculo	both_empty			both_empty	Vacío				Ambos campos vacíos.
64	yong_oraculo	both_empty			both_empty	Vacío				Ambos campos vacíos.
1	yong_comentario	pair	59%	59%	strong_align	Alineación fuerte	Wenn alle Linien Neunen sind, so kommt das ganze Zeichen in Bewegung und verwandelt sich in das Zeichen Kun, das Empfangende, dessen Charakt…	When all the lines are nines, the whole sign comes into motion and turns into the sign Kun, the receiving one, whose character is devotion. …	When all the lines are nines, it means that the whole hexagram is in motion and changes into the hexagram K'un, THE RECEPTIVE, whose charact…	Primera línea alineada (Jaccard 59%). | Solapamiento léxico alto MT↔Baynes (59%).
2	yong_comentario	pair	35%	35%	moderate_align	Alineación moderada	Wenn lauter Sechsen erscheinen, verwandelt sich das Zeichen des Empfangenden in das Zeichen des Schöpferischen. Es gewinnt so die Kraft der …	When all sixes appear, the sign of the receiving transforms into the sign of the creative. In this way the power of permanence gains in hold…	When nothing but sixes appears, the hexagram of THE RECEPTIVE changes into the hexagram of THE CREATIVE. By holding fast to what is right, i…	Primera línea alineada (Jaccard 35%). | Solapamiento léxico moderado MT↔Baynes (35%).
3	yong_comentario	both_empty			both_empty	Vacío				Ambos campos vacíos.
4	yong_comentario	both_empty			both_empty	Vacío				Ambos campos vacíos.
5	yong_comentario	both_empty			both_empty	Vacío				Ambos campos vacíos.
6	yong_comentario	both_empty			both_empty	Vacío				Ambos campos vacíos.
7	yong_comentario	both_empty			both_empty	Vacío				Ambos campos vacíos.
8	yong_comentario	both_empty			both_empty	Vacío				Ambos campos vacíos.
9	yong_comentario	both_empty			both_empty	Vacío				Ambos campos vacíos.
10	yong_comentario	both_empty			both_empty	Vacío				Ambos campos vacíos.
11	yong_comentario	both_empty			both_empty	Vacío				Ambos campos vacíos.
12	yong_comentario	both_empty			both_empty	Vacío				Ambos campos vacíos.
13	yong_comentario	both_empty			both_empty	Vacío				Ambos campos vacíos.
14	yong_comentario	both_empty			both_empty	Vacío				Ambos campos vacíos.
15	yong_comentario	both_empty			both_empty	Vacío				Ambos campos vacíos.
16	yong_comentario	both_empty			both_empty	Vacío				Ambos campos vacíos.
17	yong_comentario	both_empty			both_empty	Vacío				Ambos campos vacíos.
18	yong_comentario	both_empty			both_empty	Vacío				Ambos campos vacíos.
19	yong_comentario	both_empty			both_empty	Vacío				Ambos campos vacíos.
20	yong_comentario	both_empty			both_empty	Vacío				Ambos campos vacíos.
21	yong_comentario	both_empty			both_empty	Vacío				Ambos campos vacíos.
22	yong_comentario	both_empty			both_empty	Vacío				Ambos campos vacíos.
23	yong_comentario	both_empty			both_empty	Vacío				Ambos campos vacíos.
24	yong_comentario	both_empty			both_empty	Vacío				Ambos campos vacíos.
25	yong_comentario	both_empty			both_empty	Vacío				Ambos campos vacíos.
26	yong_comentario	both_empty			both_empty	Vacío				Ambos campos vacíos.
27	yong_comentario	both_empty			both_empty	Vacío				Ambos campos vacíos.
28	yong_comentario	both_empty			both_empty	Vacío				Ambos campos vacíos.
29	yong_comentario	both_empty			both_empty	Vacío				Ambos campos vacíos.
30	yong_comentario	both_empty			both_empty	Vacío				Ambos campos vacíos.
31	yong_comentario	both_empty			both_empty	Vacío				Ambos campos vacíos.
32	yong_comentario	both_empty			both_empty	Vacío				Ambos campos vacíos.
33	yong_comentario	both_empty			both_empty	Vacío				Ambos campos vacíos.
34	yong_comentario	both_empty			both_empty	Vacío				Ambos campos vacíos.
35	yong_comentario	both_empty			both_empty	Vacío				Ambos campos vacíos.
36	yong_comentario	both_empty			both_empty	Vacío				Ambos campos vacíos.
37	yong_comentario	both_empty			both_empty	Vacío				Ambos campos vacíos.
38	yong_comentario	both_empty			both_empty	Vacío				Ambos campos vacíos.
39	yong_comentario	both_empty			both_empty	Vacío				Ambos campos vacíos.
40	yong_comentario	both_empty			both_empty	Vacío				Ambos campos vacíos.
41	yong_comentario	both_empty			both_empty	Vacío				Ambos campos vacíos.
42	yong_comentario	both_empty			both_empty	Vacío				Ambos campos vacíos.
43	yong_comentario	both_empty			both_empty	Vacío				Ambos campos vacíos.
44	yong_comentario	both_empty			both_empty	Vacío				Ambos campos vacíos.
45	yong_comentario	both_empty			both_empty	Vacío				Ambos campos vacíos.
46	yong_comentario	both_empty			both_empty	Vacío				Ambos campos vacíos.
47	yong_comentario	both_empty			both_empty	Vacío				Ambos campos vacíos.
48	yong_comentario	both_empty			both_empty	Vacío				Ambos campos vacíos.
49	yong_comentario	both_empty			both_empty	Vacío				Ambos campos vacíos.
50	yong_comentario	both_empty			both_empty	Vacío				Ambos campos vacíos.
51	yong_comentario	both_empty			both_empty	Vacío				Ambos campos vacíos.
52	yong_comentario	both_empty			both_empty	Vacío				Ambos campos vacíos.
53	yong_comentario	both_empty			both_empty	Vacío				Ambos campos vacíos.
54	yong_comentario	both_empty			both_empty	Vacío				Ambos campos vacíos.
55	yong_comentario	both_empty			both_empty	Vacío				Ambos campos vacíos.
56	yong_comentario	both_empty			both_empty	Vacío				Ambos campos vacíos.
57	yong_comentario	both_empty			both_empty	Vacío				Ambos campos vacíos.
58	yong_comentario	both_empty			both_empty	Vacío				Ambos campos vacíos.
59	yong_comentario	both_empty			both_empty	Vacío				Ambos campos vacíos.
60	yong_comentario	both_empty			both_empty	Vacío				Ambos campos vacíos.
61	yong_comentario	both_empty			both_empty	Vacío				Ambos campos vacíos.
62	yong_comentario	both_empty			both_empty	Vacío				Ambos campos vacíos.
63	yong_comentario	both_empty			both_empty	Vacío				Ambos campos vacíos.
64	yong_comentario	both_empty			both_empty	Vacío				Ambos campos vacíos.
