section	hex	field	classification	de_preview	baynes_preview
oracle	1	intro	translation_pair	1. KIAN / DAS SCHÖPFERISCHE oben Kiän, das Schöpferische, der Himmel unten Kiän, das Schöpferische, der Himmel as Zeiche…	The first hexagram is made up of six unbroken lines. These unbroken lines stand for the primal power, which is lightgivi…
oracle	1	judgment	translation_pair	Das Schöpferische wirkt erhabenes Gelingen, fördernd durch Beharrlichkeit. Dem ursprünglichen Sinne nach gehören die Eig…	THE CREATIVE works sublime success, Furthering through perseverance.
oracle	1	image	translation_pair	Des Himmels Bewegung ist kraftvoll. So macht der Edle sich stark und unermüdlich. Die Verdoppelung des Zeichens Kiän, de…	The movement of heaven is full of power. Thus the superior man makes himself strong and untiring.
oracle	1	line:1	translation_pair	Verdeckter Drache. Handle nicht. Der Drache hat in China eine ganz andere Bedeutung als in der westlichen ¹ Das Schöpfer…	Hidden dragon. Do not act.
oracle	1	line:2	translation_pair	Erscheinender Drache auf dem Feld. Fördernd ist es, den großen Mann zu sehen. Hier beginnen die Wirkungen der lichten Kr…	Dragon appearing in the field. It furthers one to see the great man.
oracle	1	line:3	translation_pair	Der Edle ist den ganzen Tag schöpferisch tätig. Des Abends noch ist er voll innerer Sorge. Gefahr. Kein Makel. Ein Wirku…	All day long the superior man is creatively active. At nightfall his mind is still beset with cares. Danger. No blame.
oracle	1	line:4	translation_pair	Schwankender Aufschwung über die Tiefe. Kein Makel. Hier ist die Stelle des Übergangs erreicht, wo die Freiheit sich bet…	Wavering flight over the depths. No blame.
oracle	1	line:5	translation_pair	Fliegender Drache am Himmel. Fördernd ist es, den großen Mann zu sehen. Hier ist der große Mann in der Sphäre der Himmli…	Flying dragon in the heavens. It furthers one to see the great man.
oracle	1	line:6	translation_pair	Hochmütiger Drache wird zu bereuen haben. Wenn man so hoch emporsteigen will, daß man die Fühlung mit den übrigen Mensch…	Arrogant dragon will have cause to repent.
oracle	1	yong	translation_pair	Es erscheint eine Schar von Drachen ohne Haupt. Heil! Wenn alle Linien Neunen sind, so kommt das ganze Zeichen in Bewegu…	There appears a flight of dragons without heads. Good fortune.
ten_wings	1	judgment_ten_wings	translation_pair	Bemerkung: Dieser Kommentar, der dem Kungtse wohl mit Recht zuge- schrieben wird, erklärt sowohl die Namen der einzelnen…	According to the original meaning, the attributes [sublimity, potentiality of success, power to further, perseverance] a…
ten_wings	1	image_ten_wings	translation_pair	Bemerkung: Dieser Kommentar geht von der Kombination der beiden Halbzeichen aus und entnimmt daraus die Situation des Ge…	Since there is only one heaven, the doubling of the trigram Ch'ien, of which heaven is the image, indicates the movement…
ten_wings	1	line:1_ten_wings	translation_pair	Verdeckter Drache. Handle nicht."" Das Lichte ist nämlich noch unten. Der unterste Platz ist sozusagen noch ganz unterhal…	In China the dragon has a meaning altogether different from that given it in the Western world. The dragon is a symbol o…
ten_wings	1	line:2_ten_wings	translation_pair	,Erscheinender Drache auf dem Feld."" """" Der Charakter wirkt schon ins Weite. Der zweite Platz ist die Oberfläche der Erd…	Here the effects of the light-giving power begin to manifest themselves. In terms of human affairs, this means that the …
ten_wings	1	line:3_ten_wings	translation_pair	,,Der Edle ist den ganzen Tag schöpferisch tätig."" Man geht hin und her auf dem rechten Weg. Der dritte Platz als Platz …	A sphere of influence opens up for the great man. His fame begins to spread. The masses flock to him. His inner power is…
ten_wings	1	line:4_ten_wings	translation_pair	,,Schwankender Aufschwung über die Tiefe."" Der Fortschritt bedeutet keinen Fehler. Hier ist die obere Grenze des Bereich…	A place of transition has been reached, and free choice can enter in. A twofold possibility is presented to the great ma…
ten_wings	1	line:5_ten_wings	translation_pair	,,Fliegender Drache am Himmel."" Das zeigt den großen Mann bei der Arbeit. Hier ist der Herr des Zeichens auf ausgezeichn…	Here the great man has attained the sphere of the heavenly beings. His influence spreads and becomes visible throughout …
ten_wings	1	line:6_ten_wings	translation_pair	,,Hochmütiger Drache wird zu bereuen haben."" Denn was voll ist, kann nicht dauern. Alles, was die äußerste Stufe erreich…	When a man seeks to climb so high that he loses touch with the rest of mankind, he becomes isolated, and this necessaril…
ten_wings	1	wen_yen	de_only	Über das ganze Zeichen: a, 1 Die Erhabenheit ist von allem Guten das Höchste. Das Ge- lingen ist das Zusammentreffen von…	
oracle	2	intro	translation_pair	2. KUN / DAS EMPFANGENDE oben Kun, das Empfangende, die Erde unten Kun, das Empfangende, die Erde as Zeichen besteht aus…	This hexagram is made up of broken lines only. The broken line represents the dark, yielding, receptive primal power of …
oracle	2	judgment	translation_pair	Das Empfangende wirkt erhabenes Gelingen, Fördernd durch die Beharrlichkeit einer Stute. Hat der Edle etwas zu unternehm…	THE RECEPTIVE brings about sublime success, Furthering through the perseverance of a mare. If the superior man undertake…
oracle	2	image	translation_pair	Der Zustand der Erde ist die empfangende Hingebung. So trägt der Edle weiträumigen Wesens die Außenwelt. Ebenso wie es n…	The earth's condition is receptive devotion. Thus the superior man who has breadth of character Carries the outer world.
oracle	2	line:1	translation_pair	Tritt man auf Reif, so naht das feste Eis. Wie die lichte Kraft das Leben darstellt, so die schattige Kraft den Tod. Im …	When there is hoarfrost underfoot, Solid ice is not far off.
oracle	2	line:2	translation_pair	Gerade, rechtwinklig, groß. Ohne Absicht bleibt doch nichts ungefördert. Der Himmel hat als Symbol den Kreis, die Erde d…	Straight, square, great. Without purpose, Yet nothing remains unfurthered.
oracle	2	line:3	translation_pair	Verborgene Linien; man vermag beharrlich zu bleiben. Folgst du etwa eines Königs Diensten, So suche nicht Werke, aber vo…	Hidden lines. One is able to remain persevering. If by chance you are in the service of a king, Seek not works, but brin…
oracle	2	line:4	translation_pair	Zugebundener Sack. Kein Makel; kein Lob. Das Schattige öffnet sich, wenn es sich bewegt, und schließt sich, wenn es ruht…	A tied-up sack. No blame, no praise.
oracle	2	line:5	translation_pair	Gelbes Untergewand bringt erhabenes Heil! Gelb ist die Farbe der Erde und der Mitte, das Symbol des Zuverlässigen und Ec…	A yellow lower garment brings supreme good fortune.
oracle	2	line:6	translation_pair	Drachen kämpfen auf dem Anger. Ihr Blut ist schwarz und gelb. Auf dem obersten Platz sollte das Schattige dem Lichten we…	Dragons fight in the meadow. Their blood is black and yellow.
oracle	2	yong	translation_pair	den in das Zeichen des Schöpferischen. Es gewinnt so die Kraft der Dauer im Festhalten des Rechten. Es gibt zwar keinen …	Lasting perseverance furthers.
ten_wings	2	judgment_ten_wings	translation_pair	Vollkommen fürwahr ist die Erhabenheit des Empfangenden. Alle Wesen verdanken ihm ihre Geburt, da es hingebend das Himml…	The four fundamental aspects of the Creative—""sublime success, furthering through perseverance""—are also attributed to t…
ten_wings	2	image_ten_wings	translation_pair	des Schöpfers entspricht. Das Rechtwinklige, Feste bezieht sich auf das Un- veränderliche. Jede Art von Lebewesen hat ih…	Just as there is only one heaven, so too there is only one earth. In the hexagram of heaven the doubling of the trigram …
ten_wings	2	line:1_ten_wings	baynes_only		Just as the light-giving power represents life, so the dark power, the shadowy, represents death. When the first hoarfro…
ten_wings	2	line:2_ten_wings	translation_pair	Die Bewegung der Sechs auf zweitem Platz 2 ist gerade und dadurch rechtwinklig. ,,Ohne Absicht bleibt nichts ungefördert…	The symbol of heaven is the circle, and that of earth is the square. Thus squareness is a primary quality of the earth. …
ten_wings	2	line:3_ten_wings	translation_pair	,,Verborgene Linien; man vermag beharrlich zu bleiben."" Man muß zur Zeit sie leuchten lassen. ,,Folgst du etwa eines Kön…	If a man is free of vanity he is able to conceal his abilities and keep them from attracting attention too soon; thus he…
ten_wings	2	line:4_ten_wings	translation_pair	,,Zugebundener Sack. Kein Makel."" Durch Vorsicht bleibt man frei von Schaden. Es ist hier eine Yin-Linie auf Yin-Platz, …	The dark element opens when it moves and closes when at rest. The strictest reticence is indicated here. The time is dan…
ten_wings	2	line:5_ten_wings	translation_pair	,,Gelbes Untergewand bringt erhabenes Heil."" Die Schönheit ist inwendig. Die Sechs auf fünftem Platz hat eine ähnliche S…	Yellow is the color of the earth and of the middle; it is the symbol of that which is reliable and genuine. The lower ga…
ten_wings	2	line:6_ten_wings	translation_pair	""Drachen kämpfen auf dem Anger."" Der Weg geht zu Ende. 2 Das Buch der Wandlungen II Die obere Sechs sucht sich festzuhal…	In the top place the dark element should yield to the light. If it attempts to maintain a position to which it is not en…
ten_wings	2	wen_yen	de_only	Im Unterschied zum Zeichen des Schöpferischen hat das Zeichen ""das Emp- fangende"" nur einen einzigen Kommentar. Zum ganz…	
oracle	3	intro	translation_pair	3. DSCHUN / DIE ANFANGSSCHWIERIGKEIT oben Kan, das Abgründige, das Wasser unten Dschen, das Erregende, der Donner er Nam…	The name of the hexagram, Chun, really connotes a blade of grass pushing against an obstacle as it sprouts out of the ea…
oracle	3	judgment	translation_pair	Die Anfangsschwierigkeit wirkt erhabenes Gelingen. Fördernd durch Beharrlichkeit. Man soll nichts unternehmen. Fördernd …	Difficulty at the Beginning works supreme success, Furthering through perseverance. Nothing should be undertaken. It fur…
oracle	3	image	translation_pair	Wolken und Donner: das Bild der Anfangsschwierigkeit. So wirkt der Edle entwirrend und ordnend. Wolken und Donner werden…	Clouds and thunder: The image of Difficulty at the Beginning. Thus the superior man Brings order out of confusion.
oracle	3	line:1	translation_pair	Zögern und Hemmung. Fördernd ist es, beharrlich zu bleiben. Fördernd ist es, Gehilfen einzusetzen. Wais went die Fülle S…	Hesitation and hindrance. It furthers one to remain persevering. It furthers one to appoint helpers.
oracle	3	line:2	translation_pair	Schwierigkeiten türmen sich. Pferd und Wagen trennen sich. Nicht Räuber er ist, Will freien zur Frist. Das Mädchen ist k…	Difficulties pile up. Horse and wagon part. He is not a robber; He wants to woo when the time comes. The maiden is chast…
oracle	3	line:3	translation_pair	Wer den Hirsch jagt ohne Förster, Der verirrt sich nur im Wald. Der Edle versteht die Zeichen der Zeit Und steht lieber …	Whoever hunts deer without the forester Only loses his way in the forest. The superior man understands the signs of the …
oracle	3	line:4	translation_pair	Pferd und Wagen trennen sich. Suche nach Vereinigung. Hingehen bringt Heil. Alles wirkt fördernd. Man ist in einer Lage,…	Horse and wagon part. Strive for union. To go brings good fortune. Everything acts to further.
oracle	3	line:5	translation_pair	Schwierigkeiten im Segnen. Kleine Beharrlichkeit bringt Heil, Große Beharrlichkeit bringt Unheil. Man findet sich in der…	Difficulties in blessing. A little perseverance brings good fortune. Great perseverance brings misfortune.
oracle	3	line:6	translation_pair	Pferd und Wagen trennen sich. Blutige Tränen ergießen sich. Es gibt Menschen, denen werden die Anfangsschwierigkeiten zu…	Horse and wagon part. Bloody tears flow.
ten_wings	3	judgment_ten_wings	translation_pair	Die Anfangsschwierigkeit: Das Feste und Weiche vereinigen sich zum erstenmal, und die Geburt ist schwer. Das untere Zeic…	Times of growth are beset with difficulties. They resemble a first birth. But these difficulties arise from the very pro…
ten_wings	3	image_ten_wings	translation_pair	Wolken und Donner: Das Bild der Anfangsschwierigkeit. So wirkt der Edle entwirrend und ordnend. Während im Kommentar zur…	Clouds and thunder are represented by definite decorative lines; this means that in the chaos of difficulty at the begin…
ten_wings	3	line:1_ten_wings	translation_pair	Obwohl noch Zögern und Hemmung herrscht, geht die Arbeit doch auf Ausführung des Rechten.-Wer als Vornehmer sich unter d…	If a person encounters a hindrance at the beginning of an enterprise, he must not try to force advance but must pause an…
ten_wings	3	line:2_ten_wings	translation_pair	Die Schwierigkeit der Sechs auf zweitem Platz ist, daß sie über einem harten Strich steht. Daß sie nach zehn Jahren sich…	We find ourselves beset by difficulties and hindrances. Suddenly there is a turn of affairs, as if someone were coming u…
ten_wings	3	line:3_ten_wings	translation_pair	""Er jagt den Hirsch ohne Förster"", d. h. er begehrt das Wild. ,,Der Edle versteht die Zeichen der Zeit und steht lieber …	If a man tries to hunt in a strange forest and has no guide, he loses his way. When he finds himself in difficulties he …
ten_wings	3	line:4_ten_wings	translation_pair	Wenn man gebeten wird und darauf erst hingeht, das ist Klarheit, Der Strich steht in der Beziehung der Entsprechung zur …	We are in a situation in which it is our duty to act, but we lack sufficient power. However, an opportunity to make conn…
ten_wings	3	line:5_ten_wings	translation_pair	Schwierigkeiten im Segnen""; denn die Wohltat wird noch nicht erkannt. Der Strich ist zwar der eine Herr des Zeichens, un…	An individual is in a position in which he cannot so express his good intentions that they will actually take shape and …
ten_wings	3	line:6_ten_wings	translation_pair	Blutige Tränen ergießen sich."" Wie dürfte man dabei lange verweilen! Der Strich hat ebenso wie die Striche zwei und vier…	The difficulties at the beginning are too great for some persons. They get stuck and never find their way out; they fold…
ten_wings	3	sequence	de_only	Nachdem Himmel und Erde vorhanden sind, entstehen die einzelnen Wesen. Was den Raum zwischen Himmel und Erde Anfangs erf…	
oracle	4	intro	translation_pair	​4. MONG / DIE JUGENDTORHEIT oben Gen, das Stillehalten, der Berg unten Kan, das Abgründige, das Wasser uf doppelte Weis…	In this hexagram we are reminded of youth and folly in two different ways. The image of the upper trigram, Kên, is the m…
oracle	4	judgment	translation_pair	Jugendtorheit hat Gelingen. Nicht ich suche den jungen Toren, der junge Tor sucht mich. Beim ersten Orakel gebe ich Ausk…	YOUTHFUL FOLLY has success. It is not I who seek the young fool; The young fool seeks me. At the first oracle I inform h…
oracle	4	image	translation_pair	Unten am Berg kommt ein Quell hervor, das Bild der Jugend. So nährt der Edle durch gründliches Handeln seinen Charakter.…	A spring wells up at the foot of the mountain: The image Of YOUTH. Thus the superior man fosters his character By thorou…
oracle	4	line:1	translation_pair	Um den Toren zu entwickeln, Ist es fördernd, den Menschen in Zucht zu nehmen. Man soll die Fesseln abnehmen. So weiterma…	To make a fool develop It furthers one to apply discipline. The fetters should be removed. To go on in this way brings h…
oracle	4	line:2	translation_pair	Die Toren ertragen in Milde, bringt Heil! Die Frauen zu nehmen wissen, bringt Heil! Der Sohn ist dem Hauswesen gewachsen…	To bear with fools in kindliness brings good fortune. To know how to take women Brings good fortune. The son is capable …
oracle	4	line:3	translation_pair	Nicht sollst du ein Mädchen nehmen, Das einen ehernen Mann sieht Und sich nicht im Besitz behält. Nichts ist fördernd. E…	Take not a maiden who, when she sees a man of bronze, Loses possession of herself. Nothing furthers.
oracle	4	line:4	translation_pair	Beschränkte Torheit bringt Beschämung. Für die Jugendtorheit ist es das Hoffnungsloseste, sich in leere Einbildungen zu …	Entangled folly brings humiliation.
oracle	4	line:5	translation_pair	Kindliche Torheit bringt Heil. Ein unerfahrener Mensch, der kindlich und anspruchslos Belehrung sucht, ist gut daran. De…	Childlike folly brings good fortune.
oracle	4	line:6	translation_pair	Beim Bestrafen der Torheit ist es nicht fördernd, Übergriffe zu begehen. Fördernd ist nur, Übergriffe abzuwehren. Unter …	In punishing folly It does not further one To commit transgressions. The only thing that furthers Is to prevent transgre…
ten_wings	4	judgment_ten_wings	translation_pair	Die Jugendtorheit zeigt unterhalb eines Berges eine Gefahr. Gefahr und Stillstand: das ist Torheit. Das Bild des Zeichen…	In the time of youth, folly is not an evil. One may succeed in spite of it, provided one finds an experienced teacher an…
ten_wings	4	image_ten_wings	translation_pair	Unten am Berg kommt ein Quell hervor: das Bild der Jugend. So nährt der Edle durch gründliches Handeln seinen Charakter.…	A spring succeeds in flowing on and escapes stagnation by filling up all the hollow places in its path. In the same way …
ten_wings	4	line:1_ten_wings	translation_pair	Fördernd ist es, den Menschen in Zucht zu nehmen"": Nämlich um dem Gesetz Nachdruck zu verleihen. Der weiche Strich an un…	Law is the beginning of education. Youth in its inexperience is inclined at first to take everything carelessly and play…
ten_wings	4	line:2_ten_wings	translation_pair	Der Sohn ist dem Hauswesen gewachsen"", denn fest und weich stehen in Verbindung. Die weiche Fünf steht zu der festen Zwe…	These lines picture a man who has no external power, but who has enough strength of mind to bear his burden of responsib…
ten_wings	4	line:3_ten_wings	translation_pair	Man soll das Mädchen nicht nehmen, denn ihr Wandel folgt nicht der Ordnung. Der Strich ist weich und steht auf starkem P…	A weak, inexperienced man, struggling to rise, easily loses his own individuality when he slavishly imitates a strong pe…
ten_wings	4	line:4_ten_wings	translation_pair	Die Beschämung der beschränkten Jugendtorheit kommt da- her, daß sie allein vom Wirklichen am entferntesten ist. Ein wei…	For youthful folly it is the most hopeless thing to entangle itself in empty imaginings. The more obstinately it clings …
ten_wings	4	line:5_ten_wings	translation_pair	Das Heil des kindlichen Toren kommt davon, daß er hinge- bend und sanft ist. Der fünfte Platz ist der Platz des Herrsche…	An inexperienced person who seeks instruction in a childlike and unassuming way is on the right path, for the man devoid…
ten_wings	4	line:6_ten_wings	translation_pair	Fördernd ist es, Übergriffe abzuwehren"", denn damit folgen Obere und Untere der Ordnung. Der starke Strich ist in Bezieh…	Sometimes an incorrigible fool must be punished. He who will not heed will be made to feel. This punishment is quite dif…
ten_wings	4	sequence	de_only	Nachdem unter Anfangsschwierigkeiten die Dinge erst ge- boren sind, sind sie bei ihrer Geburt stets in Dumpfheit ge- hül…	
oracle	5	intro	translation_pair	5. SU / DAS WARTEN oben das Abgründige, das Wasser unten das Schöpferische, der Himmel Alle lle Wesen bedürfen der Nahru…	All beings have need of nourishment from above. But the gift of food comes in its own time, and for this one must wait. …
oracle	5	judgment	translation_pair	Das Warten. Wenn du wahrhaftig bist, so hast du Licht und Gelingen. Beharrlichkeit bringt Heil. Fördernd ist es, das gro…	WAITING. If you are sincere, You have light and success. Perseverance brings good fortune. It furthers one to cross the …
oracle	5	image	translation_pair	Wolken steigen am Himmel auf: das Bild des Wartens. So ißt und trinkt der Edle und ist heiter und guter Dinge. Wenn die …	Clouds rise up to heaven: The image of WAITING. Thus the superior man eats and drinks, Is joyous and of good cheer.
oracle	5	line:1	translation_pair	Warten auf dem Anger. Fördernd ist es, im Dauernden zu bleiben. Kein Makel. Die Gefahr ist noch fern. Man wartet noch au…	Waiting in the meadow. It furthers one to abide in what endures. No blame.
oracle	5	line:2	translation_pair	Warten auf dem Sand. Es gibt ein wenig Gerede. Das Ende bringt Heil. Die Gefahr rückt allmählich näher. Der Sand ist dem…	Waiting on the sand. There is some gossip. The end brings good fortune.
oracle	5	line:3	translation_pair	Warten im Schlamm Bewirkt das Kommen des Feindes. Der Schlamm, der schon vom Wasser des Stromes bespült wird, ist kein g…	Waiting in the mud Brings about the arrival of the enemy.
oracle	5	line:4	translation_pair	Warten im Blut. Heraus aus dem Loch. Es ist die Lage äußerst gefährlich. Es ist voller Ernst geworden und geht auf Leben…	Waiting in blood. Get out of the pit.
oracle	5	line:5	translation_pair	Warten bei Wein und Speise. Beharrlichkeit bringt Heil. Auch mitten in der Gefahr gibt es Ruhepausen, da es einem verhäl…	Waiting at meat and drink. Perseverance brings good fortune.
oracle	5	line:6	translation_pair	Man gerät in das Loch. Da kommen ungebetener Gäste drei; Ehre sie, so kommt am Ende Heil. Das Warten ist vorüber: die Ge…	One falls into the pit. Three uninvited guests arrive. Honor them, and in the end there will be good fortune.
ten_wings	5	judgment_ten_wings	translation_pair	Warten heißt sich zurückhalten. Gefahr ist vorn. Da man fest und stark ist, fällt man nicht hinein. Der Sinn ist, daß ma…	Waiting is not mere empty hoping. It has the inner certainty of reaching the goal. Such certainty alone gives that light…
ten_wings	5	image_ten_wings	translation_pair	Wolken steigen am Himmel auf: Das Bild des Wartens. So ißt und trinkt der Edle und ist heiter und guter Dinge. Das Wasse…	When clouds rise in the sky, it is a sign that it will rain. There is nothing to do but to wait until the rain falls. It…
ten_wings	5	line:1_ten_wings	translation_pair	Die Sache nicht verewigen."" Den Streit darf man nicht verlängern. ,,Obwohl es ein kleines Gerede gibt"", wird die Sache e…	The danger is not yet close. One is still waiting on the open plain. Conditions are still simple, yet there is a feeling…
ten_wings	5	line:2_ten_wings	translation_pair	Man kann nicht streiten, kehrt heim und weicht aus."" So entkommt man. Von unten zu streiten mit einem Oberen bringt selb…	The danger gradually comes closer. Sand is near the bank of the river, and the water means danger. Disagreements crop up…
ten_wings	5	line:3_ten_wings	translation_pair	Von alter Tugend sich nähren."" Dem Oberen folgen bringt Heil. Der Strich ist schwach, nicht korrekt, weil auf starkem Pl…	Mud is no place for waiting, since it is already being washed by the water of the stream. Instead of having gathered str…
ten_wings	5	line:4_ten_wings	translation_pair	Man kehrt um und fügt sich dem Geschick, ändert sich und findet Frieden in Beharrlichkeit."" Damit ist nichts verloren. D…	The situation is extremely dangerous. It is of utmost gravity now—a matter of life and death. Bloodshed seems imminent. …
ten_wings	5	line:5_ten_wings	translation_pair	Streiten vor ihm bringt erhabenes Heil"", weil er zentral und korrekt ist. Hier ist der Herr des Zeichens, der auf geehrt…	Even in the midst of danger there come intervals of peace when things go relatively well. If we possess enough inner str…
ten_wings	5	line:6_ten_wings	translation_pair	Ungebetene Gäste kommen. Ehrt man sie, so kommt am Ende Heil."" Obwohl nicht am gebührenden Platz, ist wenigstens kein gr…	The waiting is over; the danger can no longer be averted. One falls into the pit and must yield to the inevitable. Every…
ten_wings	5	sequence	de_only	Wenn die Dinge noch klein sind, darf man sie nicht ohne Er- nährung lassen. Darum folgt darauf das Zeichen Sü. Sü be- de…	
oracle	6	intro	translation_pair	6. SUNG / DER STREIT oben Kiän, das Schöpferische, der Himmel unten Kan, das Abgründige, das Wasser Das as obere Urzeich…	The upper trigram, whose image is heaven, has an upward movement; the lower trigram, water, in accordance with its natur…
oracle	6	judgment	translation_pair	Der Streit: Du bist wahrhaftig und wirst gehemmt. Sorgliches Innehalten auf halbem Weg bringt Heil. Zu Ende führen bring…	CONFLICT. You are sincere And are being obstructed. A cautious halt halfway brings good fortune. Going through to the en…
oracle	6	image	translation_pair	Himmel und Wasser gehen einander entgegengesetzt: Das Bild des Streites. So überlegt der Edle bei allen Geschäften, die …	Heaven and water go their opposite ways: The image of CONFLICT. Thus in all his transactions the superior man Carefully …
oracle	6	line:1	translation_pair	Wenn man die Sache nicht verewigt, So gibt es ein kleines Gerede. Am Ende kommt Heil. Solange der Streit noch im ersten …	If one does not perpetuate the affair, There is a little gossip. In the end, good fortune comes.
oracle	6	line:2	translation_pair	Man kann nicht streiten, kehrt heim und weicht aus. Die Menschen seiner Stadt, dreihundert Häuser, Bleiben frei von Schu…	One cannot engage in conflict; One returns home, gives way. The people of his town, Three hundred households, Remain fre…
oracle	6	line:3	translation_pair	Von alter Tugend sich nähren gibt Beharrlichkeit. Gefahr, am Ende kommt Heil. Folgst du etwa eines Königs Diensten, So s…	To nourish oneself on ancient virtue induces perseverance. Danger. In the end, good fortune comes. If by chance you are …
oracle	6	line:4	translation_pair	Man kann nicht streiten, Kehrt um und fügt sich dem Geschick, Andert sich und findet Frieden in Beharrlichkeit. Heil! ~;…	One cannot engage in conflict. One turns back and submits to fate, Changes one's attitude, And finds peace in perseveran…
oracle	6	line:5	translation_pair	Streiten vor ihm bringt erhabenes Heil! Es ist hier der Schlichter des Streits gezeigt, der machtvoll und gerecht ist, u…	To contend before him Brings supreme good fortune.
oracle	6	line:6	translation_pair	Wenn einem etwa auch ein Ledergürtel verliehen wird, Am Ende eines Morgens wird er ihm dreimal entrissen. Hier ist jeman…	Even if by chance a leather belt is bestowed on one, By the end of a morning It will have been snatched away three times…
ten_wings	6	judgment_ten_wings	translation_pair	Der Streit: Oben ist Stärke, unten Gefahr. Gefahr und Stärke gibt Streit. ,,Der Streitende ist wahrhaftig und wird gehem…	Conflict develops when one feels himself to be in the right and runs into opposition. If one is not convinced of being i…
ten_wings	6	image_ten_wings	translation_pair	Himmel und Wasser gehen einander entgegengesetzt: das Bild des Streites. So überlegt der Edle bei allen Geschäften, die …	The image indicates that the causes of conflict are latent in the opposing tendencies of the two trigrams. Once these op…
ten_wings	6	line:1_ten_wings	translation_pair	Die Sache nicht verewigen."" Den Streit darf man nicht verlängern. ,,Obwohl es ein kleines Gerede gibt"", wird die Sache e…	While a conflict is in the incipient stage, the best thing to do is to drop the issue. Especially when the adversary is …
ten_wings	6	line:2_ten_wings	translation_pair	Man kann nicht streiten, kehrt heim und weicht aus."" So entkommt man. Von unten zu streiten mit einem Oberen bringt selb…	In a struggle with an enemy of superior strength, retreat is no disgrace. Timely withdrawal prevents bad consequences. I…
ten_wings	6	line:3_ten_wings	translation_pair	Von alter Tugend sich nähren."" Dem Oberen folgen bringt Heil. Der Strich ist schwach, nicht korrekt, weil auf starkem Pl…	This is a warning of the danger that goes with an expansive disposition. Only that which has been honestly acquired thro…
ten_wings	6	line:4_ten_wings	translation_pair	Man kehrt um und fügt sich dem Geschick, ändert sich und findet Frieden in Beharrlichkeit."" Damit ist nichts verloren. D…	This refers to a person whose inner attitude at first lacks peace. He does not feel content with his situation and would…
ten_wings	6	line:5_ten_wings	translation_pair	Streiten vor ihm bringt erhabenes Heil"", weil er zentral und korrekt ist. Hier ist der Herr des Zeichens, der auf geehrt…	This refers to an arbiter in a conflict who is powerful and just, and strong enough to lend weight to the right side. A …
ten_wings	6	line:6_ten_wings	translation_pair	Durch Streit Auszeichnung zu erlangen, ist dennoch nichts Verehrenswertes. Ein starker Strich auf der Höhe des Streits s…	Here we have someone who has carried a conflict to the bitter end and has triumphed. He is granted a decoration, but his…
ten_wings	6	sequence	de_only	Über Speise und Trank kommt es sicher zum Streit. Darum folgt darauf das Zeichen Streit.	
oracle	7	intro	translation_pair	7. SCHI / DAS HEER oben Kun, das Empfangende, die Erde unten Kan, das Abgründige, das Wasser as Zeichen setzt sich zusam…	This hexagram is made up of the trigrams K'an, water, and K'un, earth, and thus it symbolizes the ground water stored up…
oracle	7	judgment	translation_pair	Das Heer braucht Beharrlichkeit und einen starken Mann. Heil ohne Makel. Ein Heer ist eine Masse, die, um ein Heer zu we…	THE ARMY. The army needs perseverance And a strong man. Good fortune without blame.
oracle	7	image	translation_pair	Inmitten der Erde ist Wasser, das Bild des Heeres. So mehrt der Edle durch Weitherzigkeit gegen Das Volk seine Massen. D…	In the middle of the earth is water: The image of THE ARMY. Thus the superior man increases his masses By generosity tow…
oracle	7	line:1	translation_pair	Ein Heer muß ausziehen nach der Ordnung. Ist die nicht gut, droht Unheil. Zu Beginn einer kriegerischen Unternehmung muß…	An army must set forth in proper order. If the order is not good, misfortune threatens.
oracle	7	line:2	translation_pair	Inmitten des Heeres! Heil! Kein Makel! Der König verleiht dreifache Auszeichnung. Der Führer muß inmitten seines Heeres …	In the midst of the army. Good fortune. No blame. The king bestows a triple decoration.
oracle	7	line:3	translation_pair	Das Heer führt etwa im Wagen Leichen. Unheil! Die eine Erklärung deutet auf eine Niederlage infolge davon, daß ein an- d…	Perchance the army carries corpses in the wagon. Misfortune.
oracle	7	line:4	translation_pair	= Das Heer zieht sich zurück. Kein Makel. Wenn man einem überlegenen Feind gegenübersteht, mit dem der Kampf aussichtslo…	The army retreats. No blame.
oracle	7	line:5	translation_pair	Im Feld ist ein Wild. Es ist fördernd, es zu fangen. Ohne Makel. Der Alteste führe das Heer. Der Jüngere fährt Leichen, …	There is game in the field. It furthers one to catch it. Without blame. Let the eldest lead the army. The younger transp…
oracle	7	line:6	translation_pair	Der große Fürst erläßt Befehle, Gründet Staaten, belehnt Familien. Gemeine Menschen soll man nicht benützen. Der Krieg i…	The great prince issues commands, Founds states, vests families with fiefs. Inferior people should not be employed.
ten_wings	7	judgment_ten_wings	translation_pair	Das Heer bedeutet die Masse. Beharrlichkeit bedeutet Zucht. Wer durch die Massen Zucht bewirken kann, der mag die Welthe…	An army is a mass that needs organization in order to become a fighting force. Without strict discipline nothing can be …
ten_wings	7	image_ten_wings	translation_pair	Inmitten der Erde ist Wasser: Das Bild des Heeres. So mehrt der Edle durch Weitherzigkeit gegen das Volk seine Massen. D…	Ground water is invisibly present within the earth. In the same way the military power of a people is invisibly present …
ten_wings	7	line:1_ten_wings	translation_pair	""Ein Heer muß ausziehen nach der Ordnung."" Die Ordnung verlieren ist unheilvoll. Bemerkung: Das Wort ""Lü"" für Ordnung be…	At the beginning of a military enterprise, order is imperative. A just and valid cause must exist, and the obedience and…
ten_wings	7	line:2_ten_wings	translation_pair	Inmitten des Heeres! Heil!"" Er empfängt die Gnade vom Himmel. ""Der König verleiht dreifache Auszeichnung."" Er hat das Wo…	The leader should be in the midst of his army, in touch with it, sharing good and bad with the masses he leads. This alo…
ten_wings	7	line:3_ten_wings	translation_pair	Das Heer führt etwa im Wagen Leichen."" Das ist gänzlich ohne Verdienst. Das obere Kernzeichen ist Kun, dessen Bild der W…	Here we have a choice of two explanations. One points to defeat because someone other than the chosen leader interferes …
ten_wings	7	line:4_ten_wings	translation_pair	Das Heer zieht sich zurück. Kein Makel"", denn es weicht nicht ab von der gewöhnlichen Art. Wörtlich bedeutet der Text: ""…	In face of a superior enemy, with whom it would be hopeless to engage in battle, an orderly retreat is the only correct …
ten_wings	7	line:5_ten_wings	translation_pair	Der Alteste führe das Heer"", weil er zentral und korrekt ist. ""Der Jüngere fährt Leichen."" So betraut man nicht den rech…	Game is in the field—it has left its usual haunts in the forest and is devastating the fields. This points to an enemy i…
ten_wings	7	line:6_ten_wings	translation_pair	Der große Fürst erläßt Befehle"", um das Verdienst gebührend zu belohnen. """" ,Gemeine Menschen soll man nicht benützen"", …	The war has ended successfully, victory is won, and the king divides estates and fiefs among his faithful vassals. But i…
ten_wings	7	sequence	de_only	Wenn es Streit gibt, erheben sich sicher die Massen. Darum folgt darauf das Zeichen ""das Heer"". Heer bedeutet Masse.	
oracle	8	intro	translation_pair	8. BI / DAS ZUSAMMENHALTEN oben Kan, das Abgründige, das Wasser unten Kun, das Empfangende, die Erde as Wasser über der …	The waters on the surface of the earth flow together wherever they can, as for example in the ocean, where all the river…
oracle	8	judgment	translation_pair	Das Zusammenhalten bringt Heil. Ergründe das Orakel nochmals, Ob du Erhabenheit, Dauer und Beharrlichkeit hast; Dann ist…	HOLDING TOGETHER brings good fortune. Inquire of the oracle once again Whether you possess sublimity, constancy, and per…
oracle	8	image	translation_pair	Auf der Erde ist Wasser: Das Bild des Zusammenhaltens. So haben die Könige der Vorzeit die einzelnen Staaten als Lehen v…	On the earth is water: The image of HOLDING TOGETHER. Thus the kings of antiquity Bestowed the different states as fiefs…
oracle	8	line:1	translation_pair	Halte wahr und treu zu ihm: das ist kein Makel. Wahrheit wie eine volle Tonschüssel: So kommt schließlich von außen her …	Hold to him in truth and loyalty; This is without blame. Truth, like a full earthen bowl: Thus in the end Good fortune c…
oracle	8	line:2	translation_pair	Halte zu ihm im Innern. Beharrlichkeit bringt Heil! Wenn man auf rechte und beharrliche Weise den Bitten, die von oben h…	Hold to him inwardly. Perseverance brings good fortune.
oracle	8	line:3	translation_pair	Du hältst zusammen mit Menschen, die nicht die rechten sind. Man ist oft unter lauter Menschen, die nicht zur eigenen Sp…	You hold together with the wrong people.
oracle	8	line:4	translation_pair	Auch äußerlich halte zu ihm. Beharrlichkeit bringt Heil! Die Beziehungen zu einem Mann, der Mittelpunkt des Zusammenhalt…	Hold to him outwardly also. Perseverance brings good fortune.
oracle	8	line:5	translation_pair	Offenbarung des Zusammenhaltens. Der König läßt bei der Jagd nur von drei Seiten treiben Und verzichtet auf das Wild, da…	Manifestation of holding together. In the hunt the king uses beaters on three sides only And foregoes game that runs off…
oracle	8	line:6	translation_pair	Er findet zum Zusammenhalten kein Haupt. Unheil. Das Haupt ist der Anfang. Ohne einen rechten Anfang gibt es kein rechte…	He finds no head for holding together. Misfortune.
ten_wings	8	judgment_ten_wings	translation_pair	,,Das Zusammenhalten bringt Heil."" Zusammenhalten bedeutet gegenseitige Hilfe. Die Unteren sind hingebend und folgsam. D…	What is required is that we unite with others, in order that all may complement and aid one another through holding toge…
ten_wings	8	image_ten_wings	translation_pair	Auf der Erde ist Wasser: das Bild des Zusammenhaltens. So haben die Könige der Vorzeit die einzelnen Staaten als Lehen v…	Water fills up all the empty places on the earth and clings fast to it. The social organization of ancient China was bas…
ten_wings	8	line:1_ten_wings	translation_pair	Die Anfangssechs des Zusammenhaltens trifft auf Heil von anderer Seite. Die Linie ist ganz unten und schwach und in kein…	Fundamental sincerity is the only proper basis for forming relationships. This attitude, symbolized by a full earthen bo…
ten_wings	8	line:2_ten_wings	translation_pair	Halte zu ihm im Innern."" Verliere dich nicht selbst. Die weiche Linie des inneren Zeichens, die in der Beziehung des Ent…	If a person responds perseveringly and in the right way to the behests from above that summon him to action, his relatio…
ten_wings	8	line:3_ten_wings	translation_pair	Du hältst zusammen mit Menschen, die nicht die rechten sind."" Ist das nicht schädlich? Die Linie ist schwach und an der …	We are often among people who do not belong to our own sphere. In that case we must beware of being drawn into false int…
ten_wings	8	line:4_ten_wings	translation_pair	Auch äußerlich halte zusammen mit Würdigen, um so dem Oberen zu folgen. Der feste Strich auf fünftem Platz ist ein würdi…	Here the relations with a man who is the center of union are well established. Then we may, and indeed we should, show o…
ten_wings	8	line:5_ten_wings	translation_pair	Das Heil der ""Offenbarung des Zusammenhaltens"" beruht darauf, daß der Platz korrekt und zentral ist. Die Widerstrebenden…	In the royal hunts of ancient China it was customary to drive up the game from three sides, but on the fourth the animal…
ten_wings	8	line:6_ten_wings	translation_pair	Er findet zum Zusammenhalten kein Haupt."" Darum findet er auch nicht das rechte Ende. Dieser Strich stellt sich oberhalb…	The head is the beginning. If the beginning is not right, there is no hope of a right ending. If we have missed the righ…
ten_wings	8	sequence	de_only	Unter den Massen gibt es sicher einen Grund, sich zusammen- zutun. Darum folgt darauf das Zeichen,,das Zusammenhalten"". …	
oracle	9	intro	translation_pair	小畜 ​9. SIAU TSCHU DES KLEINEN ZAHMUNGSKRAFT oben Sun, das Sanfte, der Wind unten Kiän, das Schöpferische, der Himmel Da …	This hexagram means the force of the small—the power of the shadowy—that restrains, tames, impedes. A weak line in the f…
oracle	9	judgment	translation_pair	Des Kleinen Zähmungskraft hat Gelingen. Dichte Wolken, kein Regen von unserm westlichen Gebiet. Das Gleichnis stammt aus…	THE TAMING POWER OF THE SMALL Has success. Dense clouds, no rain from our western region.
oracle	9	image	translation_pair	Der Wind fährt über den Himmel hin: Das Bild der Zähmungskraft des Kleinen. So verfeinert der Edle die äußere Form seine…	The wind drives across heaven: The image of THE TAMING POWER OF THE SMALL. Thus the superior man Refines the outward asp…
oracle	9	line:1	translation_pair	Wiederkehr auf den Weg. Wie wäre das ein Makel! Heil! In der Natur des Starken liegt es, voran zu drängen. Damit begibt …	Return to the way. How could there be blame in this? Good fortune.
oracle	9	line:2	translation_pair	Läßt sich mitziehen zur Wiederkehr. Heil! Man möchte an sich voran. Aber ehe man noch weiter kommt, sieht man an dem Bei…	He allows himself to be drawn into returning. Good fortune.
oracle	9	line:3	translation_pair	Dem Wagen springen die Speichen ab. Mann und Frau verdrehen die Augen. Hier wird der Versuch gemacht, gewaltsam vorzudri…	The spokes burst out of the wagon wheels. Man and wife roll their eyes.
oracle	9	line:4	translation_pair	Bist du wahrhaftig, so schwindet Blut und weicht Angst. Kein Makel. In schwerer, verantwortungsvoller Stellung soll man …	If you are sincere, blood vanishes and fear gives way. No blame.
oracle	9	line:5	translation_pair	Bist du wahrhaftig und treu verbunden, So bist du reich in deinem Nächsten. Die Treue führt zu fester Bindung, weil sie …	If you are sincere and loyally attached, You are rich in your neighbor.
oracle	9	line:6	translation_pair	Es kommt zum Regen, es kommt zur Ruhe. Das ist der dauernden Wirkung des Charakters zu verdanken. Die Frau kommt durch B…	The rain comes, there is rest. This is due to the lasting effect of character. Perseverance brings the woman into danger…
ten_wings	9	judgment_ten_wings	translation_pair	Des Kleinen Zähmungskraft: Das Weiche erhält den ent- scheidenden Platz, und Obere und Untere entsprechen ihm: das heißt…	This image refers to the state of affairs in China at the time when King Wên, who came originally from the west, was in …
ten_wings	9	image_ten_wings	translation_pair	Der Wind fährt über den Himmel hin: Das Bild der Zäh- mungskraft des Kleinen. So verfeinert der Edle die äußere Form sei…	The wind can indeed drive the clouds together in the sky; yet, being nothing but air, without solid body, it does not pr…
ten_wings	9	line:1_ten_wings	translation_pair	Wiederkehr auf den Weg."" Das ist etwas, das von heilvoller Bedeutung ist. Der starke Yangstrich, der zu dem aufsteigende…	It lies in the nature of a strong man to press forward. In so doing he encounters obstructions. Therefore he returns to …
ten_wings	9	line:2_ten_wings	translation_pair	Das Mitgezogenwerden zur Wiederkehr beruht auf der zen- tralen Stellung. Er verliert sich auch nicht. Die Linie ist höhe…	One would like to press forward, but before going farther one sees from the example of others like oneself that this way…
ten_wings	9	line:3_ten_wings	translation_pair	Wenn ""Mann und Frau die Augen verdrehen"", so ist das ein Zeichen, daß sie ihr Haus nicht in Ordnung halten können. ""Dem …	Here an attempt is made to press forward forcibly, in the consciousness that the obstructing power is slight. But since,…
ten_wings	9	line:4_ten_wings	translation_pair	Bist du wahrhaftig, so weicht Angst""; denn der Obere stimmt in der Gesinnung überein. Die Linie ist inmitten der Starken…	If one is in the difficult and responsible position of counselor to a powerful man, one should restrain him in such a wa…
ten_wings	9	line:5_ten_wings	translation_pair	Bist du wahrhaftig und treu verbunden"", so wirst du nicht allein sein in deinem Reichtum. Der fünfte Strich ist auf dem …	Loyalty leads to firm ties because it means that each partner complements the other. In the weaker person loyalty consis…
ten_wings	9	line:6_ten_wings	translation_pair	""Es kommt zum Regen, es kommt zur Ruhe."" Das ist,,die dauernd häufende Wirkung des Charakters"". ,,Macht der Edle fort, s…	Success is at hand. The wind has driven up the rain. A fixed standpoint has been reached. This has come about through th…
ten_wings	9	sequence	de_only	Durch Zusammenhalten kommt es sicher zur Zähmung. Darum folgt darauf: des Kleinen Zähmungskraft.	
oracle	10	intro	translation_pair	10. LU / DAS AUFTRETEN oben Kiän, das Schöpferische, der Himmel unten Dui, das Heitre, der See as Auftreten bedeutet ein…	The name of the hexagram means on the one hand the right way of conducting oneself. Heaven, the father, is above, and th…
oracle	10	judgment	translation_pair	Auftreten auf des Tigers Schwanz. Er beißt den Menschen nicht. Gelingen. Die Lage ist eigentlich schwierig. Stärkstes un…	TREADING. Treading upon the tail of the tiger. It does not bite the man. Success.
oracle	10	image	translation_pair	Oben der Himmel, unten der See: das Bild des Auftretens. So unterscheidet der Edle hoch und niedrig Und festigt dadurch …	Heaven above, the lake below: The image of TREADING. Thus the superior man discriminates between high and low, And there…
oracle	10	line:1	translation_pair	Einfaches Auftreten. Fortschreiten ohne Makel. Man befindet sich in einer Lage, in der man noch nicht gebunden ist durch…	Simple conduct. Progress without blame.
oracle	10	line:2	translation_pair	Auftreten auf schlichter, ebener Bahn. Eines dunkeln Mannes Beharrlichkeit bringt Heil. Es ist hier die Lage eines einsa…	Treading a smooth, level course. The perseverance of a dark man Brings good fortune.
oracle	10	line:3	translation_pair	Ein Einäugiger kann sehen, ein Lahmer kann auftreten. Er tritt auf des Tigers Schwanz. Der beißt den Menschen. Unheil! E…	A one-eyed man is able to see, A lame man is able to tread. He treads on the tail of the tiger. The tiger bites the man.…
oracle	10	line:4	translation_pair	Er tritt auf des Tigers Schwanz. Vorsicht und Behutsamkeit führt endlich zum Heil. Es handelt sich um eine gefährliche U…	He treads on the tail of the tiger. Caution and circumspection Lead ultimately to good fortune.
oracle	10	line:5	translation_pair	Entschlossenes Auftreten. Beharrlichkeit bei Bewußtsein der Gefahr. Es handelt sich um den Herrn des ganzen Zeichens. Ma…	Resolute conduct. Perseverance with awareness of danger.
oracle	10	line:6	translation_pair	Blicke auf dein Auftreten und prüfe die günstigen Zeichen. Ist alles vollkommen, so kommt erhabenes Heil. Das Werk ist z…	Look to your conduct and weigh the favorable signs. When everything is fulfilled, supreme good fortune comes.
ten_wings	10	judgment_ten_wings	translation_pair	Das Auftreten: das Weiche tritt auf das Feste. Heiter und in Verbindung des Entsprechens mit dem Schöpferischen; darum: …	The situation is really difficult. That which is strongest and that which is weakest are close together. The weak follow…
ten_wings	10	image_ten_wings	translation_pair	Oben der Himmel, unten der See: Das Bild des Auftretens. So unterscheidet der Edle hoch und niedrig und festigt da- durc…	Heaven and the lake show a difference of elevation that inheres in the natures of the two, hence no envy arises. Among m…
ten_wings	10	line:1_ten_wings	translation_pair	Das Fortschreiten des einfachen Auftretens"" folgt einsam seiner Neigung. Auftreten bedeutet Sitte. Bei der guten Sitte k…	The situation is one in which we are still not bound by any obligations of social intercourse. If our conduct is simple,…
ten_wings	10	line:2_ten_wings	translation_pair	""Eines dunklen Mannes Beharrlichkeit bringt Heil."" Er ist zentral und verwirrt sich nicht. Der Strich ist licht, weilt a…	The situation of a lonely sage is indicated here. He remains withdrawn from the bustle of life, seeks nothing, asks noth…
ten_wings	10	line:3_ten_wings	translation_pair	""Ein Einäugiger kann sehen"", aber es reicht ihm nicht zur Klarheit. ,,Ein Lahmer kann gehen"", aber es reicht ihm nicht d…	A one-eyed man can indeed see, but not enough for clear vision. A lame man can indeed tread, but not enough to make prog…
ten_wings	10	line:4_ten_wings	translation_pair	Entschlossenes Auftreten bei Bewußtsein der Gefahr."" Der Platz ist korrekt und der gebührende. Der Herr des Zeichens, ko…	This text refers to a dangerous enterprise. The inner power to carry it through is there, but this inner power is combin…
ten_wings	10	line:5_ten_wings	translation_pair	Entschlossenes Auftreten bei Bewußtsein der Gefahr."" Der Platz ist korrekt und der gebührende. Der Herr des Zeichens, ko…	This refers to the ruler of the hexagram as a whole. One sees that one has to be resolute in conduct. But at the same ti…
ten_wings	10	line:6_ten_wings	translation_pair	Erhabenes Heil"" auf oberstem Platz hat großen Segen. Der Strich ist am Ende des Auftretens, darum tritt er auf nichts me…	The work is ended. If we want to know whether good fortune will follow, we must look back upon our conduct and its conse…
ten_wings	10	sequence	de_only	Wenn die Wesen gezähmt werden, dann gibt es die Sitte, darum folgt darauf das Zeichen: das Auftreten.	
oracle	11	intro	translation_pair	​11. TAI / DER FRIEDE oben Kun, das Empfangende, die Erde unten Kiän, das Schöpferische, der Himmel Das as Empfangende, …	The Receptive, which moves downward, stands above; the Creative, which moves upward, is below. Hence their influences me…
oracle	11	judgment	translation_pair	Der Friede. Das Kleine geht hin, das Große kommt her. Heil! Gelingen! Das Zeichen deutet in der Natur auf eine Zeit, da …	PEACE. The small departs, The great approaches. Good fortune. Success.
oracle	11	image	translation_pair	Himmel und Erde vereinigen sich: das Bild des Friedens. So teilt und vollendet der Herrscher Den Lauf von Himmel und Erd…	Heaven and earth unite: the image of PEACE. Thus the ruler Divides and completes the course of heaven and earth; He furt…
oracle	11	line:1	translation_pair	Zieht man Bandgras aus, so geht der Rasen mit. Jeder nach seiner Art. Unternehmungen bringen Heil. In Zeiten der Blüte z…	When ribbon grass is pulled up, the sod comes with it. Each according to his kind. Undertakings bring good fortune.
oracle	11	line:2	translation_pair	Die Ungebildeten in Milde tragen, Entschlossen den Fluß durchschreiten, Das Ferne nicht vernachlässigen, Die Genossen ni…	Bearing with the uncultured in gentleness, Fording the river with resolution, Not neglecting what is distant, Not regard…
oracle	11	line:3	translation_pair	Keine Ebene, auf die nicht ein Abhang folgt, 1 Denselben Gedanken hat Goethe ausgedrückt in den Versen: Dich im Unendlic…	No plain not followed by a slope. No going not followed by a return. He who remains persevering in danger Is without bla…
oracle	11	line:4	translation_pair	Er flattert hernieder, nicht pochend auf Reichtum, Zusammen mit seinem Nächsten, arglos und wahrhaftig. In Zeiten gegens…	He flutters down, not boasting of his wealth, Together with his neighbor, Guileless and sincere.
oracle	11	line:5	translation_pair	Der Herrscher I gibt seine Tochter in die Ehe. Das bringt Segen und erhabenes Heil! Der Herrscher I ist Tang, der Vollen…	The sovereign I Gives his daughter in marriage. This brings blessing And supreme good fortune.
oracle	11	line:6	translation_pair	Der Wall fällt wieder in den Graben. Jetzt brauche keine Heere. In der eigenen Stadt verkünde deine Befehle. Beharrlichk…	The wall falls back into the moat. Use no army now. Make your commands known within your own town. Perseverance brings h…
ten_wings	11	judgment_ten_wings	translation_pair	Der Friede: ""Das Kleine geht hin, das Große kommt her. Heil! Gelingen!"" Auf diese Weise vereinigen sich Himmel und Erde,…	This hexagram denotes a time in nature when heaven seems to be on earth. Heaven has placed itself beneath the earth, and…
ten_wings	11	image_ten_wings	translation_pair	Himmel und Erde vereinigen sich: das Bild des Friedens. So teilt und vollendet der Herrscher den Lauf von Himmel und Erd…	Heaven and earth are in contact and combine their influences, producing a time of universal flowering and prosperity. Th…
ten_wings	11	line:1_ten_wings	translation_pair	Zieht man Bandgras aus... Unternehmungen bringen Heil."" Der Wille ist nach außen gerichtet. Die drei Striche des unteren…	In times of prosperity every able man called to fill an office draws like-minded people along with him, just as in pulli…
ten_wings	11	line:2_ten_wings	translation_pair	Die Ungebildeten in Milde tragen... So mag man es fertig bringen, in der Mitte zu wandeln"", weil das Licht groß ist. Das…	In times of prosperity it is important above all to possess enough greatness of soul to bear with imperfect people. For …
ten_wings	11	line:3_ten_wings	translation_pair	Kein Hingang, auf den nicht die Wiederkehr folgt"": das ist die Grenze von Himmel und Erde. Der Strich ist in der Mitte d…	Everything on earth is subject to change. Prosperity is followed by decline: this is the eternal law on earth. Evil can …
ten_wings	11	line:4_ten_wings	translation_pair	""Er flattert hernieder, nicht pochend auf Reichtum"", alle haben sie das Wirkliche verloren. ,,Arglos und wahrhaftig"", im…	In times of mutual confidence, people of high rank come in close contact with the lowly quite simply and without boastin…
ten_wings	11	line:5_ten_wings	translation_pair	Das bringt Segen und erhabenes Heil"", weil er zentral ist in der Ausführung dessen, was er wünscht. Das Kernzeichen Dsch…	The sovereign I is T'ang the Completer. By his decree the imperial princesses, although higher in rank than their husban…
ten_wings	11	line:6_ten_wings	translation_pair	""Der Wall fällt wieder in den Graben."" Seine Ordnungen geraten in Verwirrung. Die Erde auf dem höchsten Platz deutet den…	The change alluded to in the middle of the hexagram has begun to take place. The wall of the town sinks back into the mo…
ten_wings	11	sequence	de_only	Sitte und Zufriedenheit, dann herrscht Ruhe, darum folgt darauf das Zeichen ""der Friede"". Friede bedeutet Verbindung, Zu…	
oracle	12	intro	translation_pair	12. PI / DIE STOCKUNG oben Kiän, das Schöpferische, der Himmel unten Kun, das Empfangende, die Erde as Zeichen ist das g…	This hexagram is the opposite of the preceding one. Heaven is above, drawing farther and farther away, while the earth b…
oracle	12	judgment	translation_pair	Die Stockung. Schlechte Menschen sind nicht fördernd Für die Beharrlichkeit des Edlen. Das Große geht hin, das Kleine ko…	STANDSTILL. Evil people do not further The perseverance of the superior man. The great departs; the small approaches.
oracle	12	image	translation_pair	Himmel und Erde vereinigen sich nicht: das Bild der Stockung. So zieht sich der Edle auf seinen innern Wert zurück, Um d…	Heaven and earth do not unite: The image of STANDSTILL. Thus the superior man falls back upon his inner worth In order t…
oracle	12	line:1	translation_pair	Zieht man Bandgras aus, so geht der Rasen mit. Jeder nach seiner Art. Beharrlichkeit bringt Heil und Gelingen. Der Text …	When ribbon grass is pulled up, the sod comes with it. Each according to his kind. Perseverance brings good fortune and …
oracle	12	line:2	translation_pair	Sie tragen und dulden, das bedeutet für die Gemeinen Heil. Dem großen Mann dient die Stockung zum Gelingen. Die Gemeinen…	They bear and endure; This means good fortune for inferior people. The standstill serves to help the great man to attain…
oracle	12	line:3	translation_pair	Sie tragen Scham. Die Gemeinen, die auf unrechtmäßige Weise emporgekommen sind, fühlen sich der Verantwortung, die sie a…	They bear shame.
oracle	12	line:4	translation_pair	Wer auf Befehl des Höchsten wirkt, bleibt ohne Makel. Die Gleichgesinnten genießen des Segens. Die Zeit der Stockung nah…	He who acts at the command of the highest Remains without blame. Those of like mind partake of the blessing.
oracle	12	line:5	translation_pair	Die Stockung läßt nach. Dem großen Manne Heil! Wenn es mißlänge, wenn es mißlänge!"" "" Dadurch bindet er es an ein Bündel…	Standstill is giving way. Good fortune for the great man. ""What if it should fail, what if it should fail?"" In this way …
oracle	12	line:6	translation_pair	Die Stockung hört auf. Erst Stockung, dann Heil! Die Stockung dauert nicht ewig. Allerdings hört sie nicht von selber au…	The standstill comes to an end. First standstill, then good fortune.
ten_wings	12	judgment_ten_wings	translation_pair	""Schlechte Menschen der Stockungszeit sind nicht fördernd für die Beharrlichkeit des Edlen. Das Große geht hin, das Klei…	Heaven and earth are out of communion and all things are benumbed. What is above has no relation to what is below, and o…
ten_wings	12	image_ten_wings	translation_pair	Himmel und Erde vereinigen sich nicht: das Bild der Stockung. So zieht sich der Edle auf seinen inneren Wert zurück, um …	When, owing to the influence of inferior men, mutual mistrust prevails in public life, fruitful activity is rendered imp…
ten_wings	12	line:1_ten_wings	translation_pair	Zieht man Bandgras aus... Beharrlichkeit bringt Heil."" Der Wille ist auf den Herrn gerichtet. Hier beim Einzelstrich sin…	The text is almost the same as that of the first line of the preceding hexagram, but with a contrary meaning. In the lat…
ten_wings	12	line:2_ten_wings	translation_pair	Dem großen Mann dient die Stockung zum Gelingen."" Er verwirrt nicht die Scharen. Die Gemeinen halten sich zuvorkommend a…	Inferior people are ready to flatter their superiors in a servile way. They would also endure the superior man if he wou…
ten_wings	12	line:3_ten_wings	translation_pair	Sie tragen Scham"", weil der Platz nicht der rechte ist. Die Drei ist schwach auf starkem Platz des Übergangs. Das ist ni…	Inferior people who have risen to power illegitimately do not feel equal to the responsibility they have taken upon them…
ten_wings	12	line:4_ten_wings	translation_pair	Wer auf Befehl des Höchsten wirkt, bleibt ohne Makel."" Der Wille geschieht. Die Mitte der Stockung ist überschritten. Di…	The time of standstill is nearing the point of change into its opposite. Whoever wishes to restore order must feel himse…
ten_wings	12	line:5_ten_wings	translation_pair	Die Stockung läßt nach. Dem großen Manne Heil! ""Wenn es mißlänge, wenn es mißlänge!"" Daher bindet er es an ein Bündel vo…	The time undergoes a change. The right man, able to restore order, has arrived. Hence ""Good fortune."" But such periods o…
ten_wings	12	line:6_ten_wings	translation_pair	Wenn die Stockung zu Ende kommt, so hört sie auf. Man darf sie nicht dauernd festhalten wollen. Hier ist das Ende erreic…	The standstill does not last forever. However, it does not cease of its own accord; the right man is needed to end it. T…
ten_wings	12	sequence	de_only	Die Dinge können nicht dauernd in Verbindung sein, darum folgt darauf das Zeichen: die Stockung. Das Zeichen ist die Umk…	
oracle	13	intro	translation_pair	13. TUNG JEN GEMEINSCHAFT MIT MENSCHEN oben Kiän, das Schöpferische, der Himmel unten Li, das Haftende, die Flamme as Bi…	The image of the upper trigram Ch'ien is heaven, and that of the lower, Li, is flame. It is the nature of fire to flame …
oracle	13	judgment	translation_pair	Gemeinschaft mit Menschen im Freien: Gelingen. Fördernd ist es, das große Wasser zu durchqueren. Fördernd ist des Edlen …	FELLOWSHIP WITH MEN in the open. Success. It furthers one to cross the great water. The perseverance of the superior man…
oracle	13	image	translation_pair	Himmel zusammen mit Feuer: Das Bild der Gemeinschaft mit Menschen. So gliedert der Edle die Stämme und unterscheidet die…	Heaven together with fire: The image of FELLOWSHIP WITH MEN. Thus the superior man organizes the clans And makes distinc…
oracle	13	line:1	translation_pair	Gemeinschaft mit Menschen im Tore. Kein Makel. Der Beginn einer Vereinigung von Menschen soll vor der Tür stattfinden. A…	Fellowship with men at the gate. No blame.
oracle	13	line:2	translation_pair	Gemeinschaft mit Menschen im Klan: Beschämung. Hier ist die Gefahr einer Sonderpartei auf Grund von persönlichen und sel…	Fellowship with men in the clan. Humiliation.
oracle	13	line:3	translation_pair	Versteckt Waffen im Dickicht, Steigt auf den hohen Hügel davor. Drei Jahre lang erhebt er sich nicht. Hier ist die Gemei…	He hides weapons in the thicket; He climbs the high hill in front of it. For three years he does not rise up.
oracle	13	line:4	translation_pair	Er steigt auf seine Mauer, er kann nicht angreifen. Heil! Hier rückt die Versöhnung nach der Entzweiung näher. Zwar sind…	He climbs up on his wall; he cannot attack. Good fortune.
oracle	13	line:5	translation_pair	Die gemeinsamen Menschen weinen erst und klagen, Aber nachher lachen sie. Nach großen Kämpfen gelingt es ihnen, sich zu …	Men bound in fellowship first weep and lament, But afterward they laugh. After great struggles they succeed in meeting.
oracle	13	line:6	translation_pair	Gemeinschaft mit Menschen auf dem Anger: Keine Reue. Es fehlt hier der warme Anschluß des Herzens. Man steht eigentlich …	Fellowship with men in the meadow. No remorse.
ten_wings	13	judgment_ten_wings	translation_pair	Gemeinschaft mit Menschen. Das Weiche findet seinen Platz, findet die Mitte, und es entspricht ihm das Schöpferische: da…	True fellowship among men must be based upon a concern that is universal. It is not the private interests of the individ…
ten_wings	13	image_ten_wings	translation_pair	Der Himmel zusammen mit Feuer: das Bild der Gemeinschaft mit Menschen. So gliedert der Edle die Stämme und unter- scheid…	Heaven has the same direction of movement as fire, yet it is different from fire. Just as the luminaries in the sky serv…
ten_wings	13	line:1_ten_wings	translation_pair	Aus dem Tore gehen, um mit Menschen Gemeinschaft zu machen, wer sollte dabei einen Makel finden? Der Anfangsstrich ist l…	The beginning of union among people should take place before the door. All are equally close to one another. No divergen…
ten_wings	13	line:2_ten_wings	translation_pair	""Gemeinschaft mit Menschen im Klan"" ist der Weg zur Beschämung. Klan ist Partei, Gemeinschaft auf Grund von Gleichartigk…	There is danger here of formation of a separate faction on the basis of personal and egotistic interests. Such factions,…
ten_wings	13	line:3_ten_wings	translation_pair	Versteckt Waffen im Dickicht"", denn er hatte einen Harten zum Gegner. ,,Drei Jahre lang erhebt er sich nicht."" Wie sollt…	Here fellowship has changed about to mistrust. Each man distrusts the other, plans a secret ambush, and seeks to spy on …
ten_wings	13	line:4_ten_wings	translation_pair	Er steigt auf seine Mauer."" Es liegt im Sinne der Lage, daß er nichts machen kann. Sein Heil besteht darin, daß er in Be…	Here the reconciliation that follows quarrel moves nearer. It is true that there are still dividing walls on which we st…
ten_wings	13	line:5_ten_wings	translation_pair	Der Anfang der gemeinsamen Menschen ist zentral und gerade. ,,Nach großen Kämpfen gelingt es ihnen, sich zu treffen"", da…	Two people are outwardly separated, but in their hearts they are united. They are kept apart by their positions in life.…
ten_wings	13	line:6_ten_wings	translation_pair	Gemeinschaft mit Menschen auf dem Anger."" Der Wille ist noch nicht befriedigt. Kiän bedeutet den Anger vor der Stadt. De…	The warm attachment that springs from the heart is lacking here. We are by this time actually outside of fellowship with…
ten_wings	13	sequence	de_only	Die Dinge können nicht immer stocken. Darum folgt darauf das Zeichen: Gemeinschaft mit Menschen.	
oracle	14	intro	translation_pair	​14. DA YU / DER BESITZ VON GROSSEM oben Li, das Haftende, die Flamme unten Kiän, das Schöpferische, der Himmel Das as F…	The fire in heaven above shines far, and all things stand out in the light and become manifest. The weak fifth line occu…
oracle	14	judgment	translation_pair	Der Besitz von Großem: Erhabenes Gelingen! Die beiden Urzeichen zeigen an, daß Kraft und Klarheit sich vereinigen. Der B…	POSSESSION IN GREAT MEASURE. Supreme success.
oracle	14	image	translation_pair	Das Feuer am Himmel oben: Das Bild des Besitzes von Großem. So hemmt der Edle das Böse und fördert das Gute Und gehorcht…	Fire in heaven above: The image of POSSESSION IN GREAT MEASURE. Thus the superior man curbs evil and furthers good, And …
oracle	14	line:1	translation_pair	Keine Beziehung zu Schädlichem, das ist nicht ein Makel. Bleibt man der Schwierigkeit bewußt, So bleibt man ohne Makel. …	No relationship with what is harmful; There is no blame in this. If one remains conscious of difficulty, One remains wit…
oracle	14	line:2	translation_pair	Ein großer Wagen zum Beladen. Man mag etwas unternehmen. Kein Makel. Großer Besitz besteht nicht allein in der Menge der…	A big wagon for loading. One may undertake something. No blame.
oracle	14	line:3	translation_pair	Ein Fürst bringt ihn dem Sohn des Himmels dar. Ein kleiner Mensch kann das nicht. Es ist die Sache eines hochherzigen, f…	A prince offers it to the Son of Heaven. A petty man cannot do this.
oracle	14	line:4	translation_pair	Er macht einen Unterschied Zwischen sich und seinem Nächsten. Kein Makel. Es ist eine Stellung gekennzeichnet, die zwisc…	He makes a difference Between himself and his neighbor. No blame.
oracle	14	line:5	translation_pair	Wessen Wahrheit umgänglich ist und doch würdig, Der hat Heil. Die Lage ist sehr günstig. Ohne äußeren Zwang, nur infolge…	He whose truth is accessible, yet dignified, Has good fortune.
oracle	14	line:6	translation_pair	Vom Himmel her wird er gesegnet, Heil! Nichts, das nicht fördernd ist. Es ist hier vom Besitz derselbe Grundsatz ausgesp…	He is blessed by heaven. Good fortune. Nothing that does not further.
ten_wings	14	judgment_ten_wings	translation_pair	Der Besitz von Großem: Das Weiche erhält den geehrten Platz in der großen Mitte, und Obere und Untere entsprechen ihm. D…	The two trigrams indicate that strength and clarity unite. Possession in great measure is determined by fate and accords…
ten_wings	14	image_ten_wings	translation_pair	Das Feuer am Himmel oben: Das Bild des Besitzes von Gro- Bem. So hemmt der Edle das Böse und fördert das Gute und gehorc…	The sun in heaven above, shedding light over everything on earth, is the image of possession on a grand scale. But a pos…
ten_wings	14	line:1_ten_wings	translation_pair	Wenn die Anfangsneun des Besitzes von Großem keine Be- ziehungen hat, so ist das auch schädlich. Das obere Zeichen Li be…	Great possession that is still in its beginnings and that has not yet been challenged brings no blame, since there has b…
ten_wings	14	line:2_ten_wings	translation_pair	Ein großer Wagen zum Beladen."" Sammeln in der Mitte, so kommt kein Schaden. J Kiän ist das Bild eines Rades und großen W…	Great possession consists not only in the quantity of goods at one's disposal, but, first and foremost, in their mobilit…
ten_wings	14	line:3_ten_wings	translation_pair	Ein Fürst bringt ihn dem Sohn des Himmels dar."" Ein kleiner Mensch schadet sich. Der Strich ist stark und korrekt und ha…	A magnanimous, liberal-minded man should not regard what he possesses as his exclusive personal property, but should pla…
ten_wings	14	line:4_ten_wings	translation_pair	Er macht einen Unterschied zwischen sich und seinem Näch- sten. Kein Makel."" Er ist klar, unterscheidend und verständig.…	This characterizes the position of a man placed among rich and powerful neighbors. It is a dangerous position. He must l…
ten_wings	14	line:5_ten_wings	translation_pair	Wessen Wahrheit umgänglich ist."" Durch seine Zuverlässig- keit entfacht er den Willen der andern. Das Heil der Würde kom…	The situation is very favorable. People are being won not by coercion but by unaffected sincerity, so that they are atta…
ten_wings	14	line:6_ten_wings	translation_pair	Der obere Platz des Besitzes von Großem hat Heil, das kommt davon, daß er vom Himmel gesegnet wird. Die fünf Yangstriche…	In the fullness of possession and at the height of power, one remains modest and gives honor to the sage who stands outs…
ten_wings	14	sequence	de_only	Durch Gemeinschaft mit Menschen fallen einem die Dinge sicher zu. Darum folgt darauf das Zeichen: Der Besitz von Großem.	
oracle	15	intro	translation_pair	15. KIAN / DIE BESCHEIDENHEIT oben Kun, das Empfangende, die Erde unten Gen, das Stillehalten, der Berg Das jüngste Sohn…	This hexagram is made up of the trigrams Kên, Keeping Still, mountain, and K'un. The mountain is the youngest son of the…
oracle	15	judgment	translation_pair	Bescheidenheit schafft Gelingen. Der Edle bringt zu Ende. Das Gesetz des Himmels macht das Volle leer und füllt das Besc…	MODESTY creates success. The superior man carries things through.
oracle	15	image	translation_pair	Inmitten der Erde ist ein Berg: das Bild der Bescheidenheit. So verringert der Edle, was zu viel ist, Und vermehrt, was …	Within the earth, a mountain: The image of MODESTY. Thus the superior man reduces that which is too much, And augments t…
oracle	15	line:1	translation_pair	Ein bescheiden-bescheidener Edler Mag das große Wasser durchqueren. Heil! Eine gefährliche Unternehmung wie das Durchque…	A superior man modest about his modesty May cross the great water. Good fortune.
oracle	15	line:2	translation_pair	Fest wie ein Stein. Kein ganzer Tag. Beharrlichkeit bringt Heil. voll-a Es wird hier jemand gezeichnet, der sich von kei…	Modesty that comes to expression. Perseverance brings good fortune.
oracle	15	line:3	translation_pair	Ein verdienstvoll-bescheidener Edler bringt zu Ende. Heil! Hier ist das Zentrum des Zeichens, wo sein Geheimnis ausgespr…	A superior man of modesty and merit Carries things to conclusion. Good fortune.
oracle	15	line:4	translation_pair	Nichts, das nicht fördernd wäre Für Bescheidenheit in der Bewegung. Alles hat sein Maß. Auch die Bescheidenheit im Beneh…	Nothing that would not further modesty In movement.
oracle	15	line:5	translation_pair	Nicht pochen auf Reichtum seinem Nächsten gegenüber. Fördernd ist es, mit Gewalt anzugreifen. Nichts, das nicht fördernd…	No boasting of wealth before one's neighbor. It is favorable to attack with force. Nothing that would not further.
oracle	15	line:6	translation_pair	Verblendete Begeisterung. Crunchterun Aber wenn man nach der Vollendung zur Anderung kommt, aus falshe wen Beckstrom So …	Modesty that comes to expression. It is favorable to set armies marching To chastise one's own city and one's country.
ten_wings	15	judgment_ten_wings	translation_pair	Bescheidenheit schafft Gelingen; denn der Weg des Himmels ist es, nach unten zu wirken und Licht und Helle zu schaffen. …	It is the law of heaven to make fullness empty and to make full what is modest; when the sun is at its zenith, it must, …
ten_wings	15	image_ten_wings	translation_pair	Inmitten der Erde ist ein Berg: das Bild der Bescheidenheit. So verringert der Edle, was zu viel ist, und vermehrt, was …	The wealth of the earth in which a mountain is hidden is not visible to the eye, because the depths are offset by the he…
ten_wings	15	line:1_ten_wings	translation_pair	Ein bescheiden-bescheidener Edler ist niedrig, um sich sehr zu hüten. Die doppelte Bescheidenheit ist durch die doppelte…	A dangerous enterprise, such as the crossing of a great stream, is made much more difficult if many claims and considera…
ten_wings	15	line:2_ten_wings	translation_pair	Ein verdienstvoll-bescheidener Edler"": alles Volk fügt sich ihm. Das Zeichen Gen, Berg, ist das Zeichen, wo Ende und Anf…	""Out of the fullness of the heart the mouth speaketh."" When a man's attitude of mind is so modest that this expresses it…
ten_wings	15	line:3_ten_wings	translation_pair	Ein verdienstvoll-bescheidener Edler"": alles Volk fügt sich ihm. Das Zeichen Gen, Berg, ist das Zeichen, wo Ende und Anf…	This is the center of the hexagram, where its secret is disclosed. A distinguished name is readily earned by great achie…
ten_wings	15	line:4_ten_wings	translation_pair	Nichts, das nicht fördernd wäre für Bescheidenheit in der Bewegung."" Er übertritt die Regel nicht. Der Strich, weich auf…	Everything has its proper measure. Even modesty in behavior can be carried too far. Here, however, it is appropriate, be…
ten_wings	15	line:5_ten_wings	translation_pair	""Fördernd ist es, mit Gewalt anzugreifen"", um die Unfügsamen zu züchtigen. Der Strich ist zentral und an geehrtem Platz,…	Modesty is not to be confused with weak good nature that lets things take their own course. When a man holds a responsib…
ten_wings	15	line:6_ten_wings	translation_pair	Sich äußernde Bescheidenheit."" Die Absicht ist noch nicht erreicht. Man mag Heere marschieren lassen, eben um die eigene…	A person who is really sincere in his modesty must make it show in reality. He must proceed with great energy in this. W…
ten_wings	15	sequence	de_only	Wer Großes besitzt, darf es nicht zu voll machen, darum folgt Bescheren darauf das Zeichen: die Bescheidenheit. best	
oracle	16	intro	translation_pair	16. YU / DIE BEGEISTERUNG oben Dschen, das Erregende, der Donner unten Kun, das Empfangende, die Erde ie starke Linie au…	The strong line in the fourth place, that of the leading official, meets with response and obedience from all the other …
oracle	16	judgment	translation_pair	Die Begeisterung. Fördernd ist es, Gehilfen einzusetzen und Heere marschieren zu lassen. Die Zeit der Begeisterung beruh…	ENTHUSIASM. It furthers one to install helpers And to set armies marching.
oracle	16	image	translation_pair	Der Donner kommt aus der Erde hervorgetönt: Das Bild der Begeisterung. So machten die alten Könige Musik, Um die Verdien…	Thunder comes resounding out of the earth: The image of ENTHUSIASM. Thus the ancient kings made music In order to honor …
oracle	16	line:1	translation_pair	Begeisterung, die sich äußert, bringt Unheil. Jemand in untergeordneter Stellung hat vornehme Beziehungen, deren er sich…	Enthusiasm that expresses itself Brings misfortune.
oracle	16	line:2	translation_pair	Fest wie ein Stein. Kein ganzer Tag. Beharrlichkeit bringt Heil. Es wird hier jemand gezeichnet, der sich von keinen Ill…	Firm as a rock. Not a whole day. Perseverance brings good fortune.
oracle	16	line:3	translation_pair	Nach oben blickende Begeisterung schafft Reue. Zögern bringt Reue. Es ist hier das Gegenteil der vorigen Linie; dort Sel…	Enthusiasm that looks upward creates remorse. Hesitation brings remorse.
oracle	16	line:4	translation_pair	Der Ursprung der Begeisterung. Er erreicht Großes. Zweifle nicht. Die Freunde scharen sich um dich wie um eine Haarspang…	The source of enthusiasm. He achieves great things. Doubt not. You gather friends around you As a hair clasp gathers the…
oracle	16	line:5	translation_pair	Beharrlich krank und stirbt doch immer nicht. Die Begeisterung wird hier verhindert. Man befindet sich unter dauerndem D…	Persistently ill, and still does not die.
oracle	16	line:6	translation_pair	Verblendete Begeisterung. Aber wenn man nach der Vollendung zur Anderung kommt, So ist das kein Makel. Wenn man sich von…	Deluded enthusiasm. But if after completion one changes, There is no blame.
ten_wings	16	judgment_ten_wings	translation_pair	Begeisterung. Das Feste findet Entsprechung, und sein Wille geschieht. Hingebung an die Bewegung: das ist Begeisterung. …	The time of ENTHUSIASM derives from the fact that there is at hand an eminent man who is in sympathy with the spirit of …
ten_wings	16	image_ten_wings	translation_pair	Dschen ist der Laut des Donners, von dem die Bewegungen des wieder- erwachenden Lebens begleitet sind. Dieser Laut ist d…	When, at the beginning of summer, thunder—electrical energy—comes rushing forth from the earth again, and the first thun…
ten_wings	16	line:1_ten_wings	translation_pair	Die Anfangssechs äußert ihre Begeisterung; das bringt das Unheil, daß der Wille gehemmt wird. Der Strich entspricht der …	A man in an inferior position has aristocratic connections about which he boasts enthusiastically. This arrogance inevit…
ten_wings	16	line:2_ten_wings	translation_pair	Kein ganzer Tag. Beharrlichkeit bringt Heil"", weil er zentral und korrekt ist. Der Strich ist am untersten Platz des Ker…	This describes a person who does not allow himself to be misled by any illusions. While others are letting themselves be…
ten_wings	16	line:3_ten_wings	translation_pair	""Nach oben blickende Begeisterung schafft Reue"", weil der Platz nicht der gebührende ist. Der Strich ist schwach auf sta…	This line is the opposite of the preceding one: the latter bespeaks self-reliance, while here there is enthusiastic look…
ten_wings	16	line:4_ten_wings	translation_pair	Der Ursprung der Begeisterung. Er erreicht Großes."" Sein Wille geschieht im Großen. Der Strich ist am Beginn des Zeichen…	This describes a man who is able to awaken enthusiasm through his own sureness and freedom from hesitation. He attracts …
ten_wings	16	line:5_ten_wings	translation_pair	Die beständige Krankheit der Sechs auf fünftem Platz kommt daher, daß sie auf einem Harten beruht. Daß sie doch immer ni…	Here enthusiasm is obstructed. A man is under constant pressure, which prevents him from breathing freely. However, this…
ten_wings	16	line:6_ten_wings	translation_pair	Verblendete Begeisterung an oberer Stelle: wie könnte die dauern? Eine schwache Linie auf der Höhe der Begeisterung: das…	It is a bad thing for a man to let himself be deluded by enthusiasm. But if this delusion has run its course, and he is …
ten_wings	16	sequence	de_only	Wenn man Großes besitzt und bescheiden ist, so kommt sicher Berentes Begeisterung. Darum folgt darauf das Zeichen: die B…	
oracle	17	intro	translation_pair	17. SUI / DIE NACHFOLGE oben Dui, das Heitere, der See unten Dschen, das Erregende, der Donner Ob ben ist das Heitere, d…	The trigram Tui, the Joyous, whose attribute is gladness, is above; Chên, the Arousing, which has the attribute of movem…
oracle	17	judgment	translation_pair	Die Nachfolge hat erhabenes Gelingen. Fördernd ist Beharrlichkeit. Kein Makel. Um Nachfolge zu erreichen, muß man selbst…	FOLLOWING has supreme success. Perseverance furthers. No blame.
oracle	17	image	translation_pair	Inmitten des Sees ist der Donner: das Bild der Nachfolge. So kehrt der Edle zur Zeit des Abenddunkels Zu Erholung und Ru…	Thunder in the middle of the lake: The image of FOLLOWING. Thus the superior man at nightfall Goes indoors for rest and …
oracle	17	line:1	translation_pair	Das Maßgebende ändert sich. Beharrlichkeit bringt Heil. Zur Tür hinausgehen im Verkehr schafft Werke. Es gibt Ausnahmezu…	The standard is changing. Perseverance brings good fortune. To go out of the door in company Produces deeds.
oracle	17	line:2	translation_pair	Hängt man sich an den kleinen Knaben, So verliert man den starken Mann. Bei Freundschaft und engen Beziehungen muß man i…	If one clings to the little boy, One loses the strong man.
oracle	17	line:3	translation_pair	Hängt man dem starken Mann an, So verliert man den kleinen Knaben. Durch Nachfolge findet man, was man sucht. Fördernd i…	If one clings to the strong man, One loses the little boy. Through following one finds what one seeks. It furthers one t…
oracle	17	line:4	translation_pair	Die Nachfolge schafft Erfolg. Beharrlichkeit bringt Unheil. Mit Wahrhaftigkeit auf dem Weg zu wandeln, bringt Klarheit. …	Following creates success. Perseverance brings misfortune. To go one's way with sincerity brings clarity. How could ther…
oracle	17	line:5	translation_pair	Wahrhaft im Guten. Heil! Jeder Mensch muß etwas haben, dem er nachfolgt, das ihm als Leitstern dient. Wer dem Schönen un…	Sincere in the good. Good fortune.
oracle	17	line:6	translation_pair	Er findet feste Anhänglichkeit und wird noch dazu gebunden. Der König stellt ihn dem Westberg vor. Es handelt sich um ei…	He meets with firm allegiance And is still further bound. The king introduces him To the Western Mountain.
ten_wings	17	judgment_ten_wings	translation_pair	Die Nachfolge. Das Feste kommt und stellt sich unter das Weiche. Bewegung und Heiterkeit: die Nachfolge. Großes Gelingen…	In order to obtain a following one must first know how to adapt oneself. If a man would rule he must first learn to serv…
ten_wings	17	image_ten_wings	translation_pair	Inmitten des Sees ist der Donner: Das Bild der Nachfolge. So kehrt der Edle zur Zeit des Abenddunkels zu Erholung und Ru…	In the autumn electricity withdraws into the earth again and rests. Here it is the thunder in the middle of the lake tha…
ten_wings	17	line:1_ten_wings	translation_pair	Das Maßgebende ändert sich."" Dem Korrekten folgen bringt Heil. ""Zur Tür hinausgehen im Verkehr schafft Werke."" Man verli…	There are exceptional conditions in which the relation between leader and followers changes. It is implicit in the idea …
ten_wings	17	line:2_ten_wings	translation_pair	Hängt man sich an den kleinen Knaben"": Man kann nicht mit beiden zugleich sein. Der kleine Knabe ist die schwache Sechs …	In friendships and close relationships an individual must make a careful choice. He surrounds himself either with good o…
ten_wings	17	line:3_ten_wings	translation_pair	Hängt man dem starken Mann an"", so läßt der Wille den Unteren fahren. Hier ist der kleine Knabe die Sechs auf zweitem Pl…	When the right connection with distinguished people has been found, a certain loss naturally ensues. A man must part com…
ten_wings	17	line:4_ten_wings	translation_pair	Die Nachfolge schafft Erfolg"": Das ist von unheilvoller Bedeutung. ,,Mit Wahrhaftigkeit auf dem Weg wandeln"": das bringt…	It often happens, when a man exerts a certain amount of influence, that he obtains a following by condescension toward i…
ten_wings	17	line:5_ten_wings	translation_pair	Wahrhaft im Guten. Heil!"" Der Platz ist korrekt und zentral. Der obere Strich ist das Bild eines Weisen, der sich von de…	Every man must have something he follows—something that serves him as a lodestar. He who follows with conviction the bea…
ten_wings	17	line:6_ten_wings	translation_pair	Er findet feste Anhänglichkeit."" Nach oben ist es zu Ende. Der Strich steht an der Spitze und hat keinen mehr vor sich, …	This refers to a man, an exalted sage, who has already put the turmoil of the world behind him. But a follower appears w…
ten_wings	17	sequence	de_only	Gen Wo Begeisterung ist, da gibt es sicher Nachfolge. Darum folgt darauf das Zeichen: die Nachfolge.	
oracle	18	intro	translation_pair	​18. GU / DIE ARBEIT AM VERDORBENEN oben Gen, das Stillehalten, der Berg unten Sun, das Sanfte, der Wind as chinesische …	The Chinese character ku represents a bowl in whose contents worms are breeding. This means decay. It has come about bec…
oracle	18	judgment	translation_pair	Die Arbeit am Verdorbenen hat erhabenes Gelingen. Fördernd ist es, das große Wasser zu durchqueren. Vor dem Anfangspunkt…	WORK ON WHAT HAS BEEN SPOILED Has supreme success. It furthers one to cross the great water. Before the starting point, …
oracle	18	image	translation_pair	Unten am Berg weht der Wind: das Bild des Verderbens. So rüttelt der Edle die Leute auf und stärkt ihren Geist. Wenn der…	The wind blows low on the mountain: The image of DECAY. Thus the superior man stirs up the people And strengthens their …
oracle	18	line:1	translation_pair	Zurechtbringen des vom Vater Verdorbenen. Wenn ein Sohn da ist, Bleibt auf dem heimgegangenen Vater kein Makel. Gefahr. …	Setting right what has been spoiled by the father. If there is a son, No blame rests upon the departed father. Danger. I…
oracle	18	line:2	translation_pair	Zurechtbringen des von der Mutter Verdorbenen. Man darf nicht zu beharrlich sein. Es handelt sich um Fehler, die aus Sch…	Setting right what has been spoiled by the mother. One must not be too persevering.
oracle	18	line:3	translation_pair	Zurechtbringen des vom Vater Verdorbenen. Ein wenig wird es Reue geben. Kein großer Makel. Es ist hier jemand gezeichnet…	Setting right what has been spoiled by the father. There will be a little remorse. No great blame.
oracle	18	line:4	translation_pair	Dulden des vom Vater Verdorbenen. Beim Fortmachen sieht man Beschämung. Es wird hier die Lage gezeigt, daß jemand aus Sc…	Tolerating what has been spoiled by the father. In continuing one sees humiliation.
oracle	18	line:5	translation_pair	Zurechtbringen des vom Vater Verdorbenen. Man findet Lob. Man sieht sich einem durch die Vernachlässigung früherer Zeite…	Setting right what has been spoiled by the father. One meets with praise.
oracle	18	line:6	translation_pair	Dient nicht Königen und Fürsten. Steckt sich höhere Ziele. Nicht jeder Mensch ist verpflichtet, sich in die Weltgeschäft…	He does not serve kings and princes, Sets himself higher goals.
ten_wings	18	judgment_ten_wings	translation_pair	Die Arbeit am Verdorbenen: Das Feste ist oben und das Weiche unten, sanft und stillestehend: das Verdorbene. ""Die Arbeit…	What has been spoiled through man's fault can be made good again through man's work. It is not immutable fate, as in the…
ten_wings	18	image_ten_wings	translation_pair	Unten am Berg weht der Wind: das Bild des Verderbens. So rüttelt der Edle die Leute auf und stärkt ihren Geist. Der Wind…	When the wind blows low on the mountain, it is thrown back and spoils the vegetation. This contains a challenge to impro…
ten_wings	18	line:1_ten_wings	translation_pair	Zurechtbringen des vom Vater Verdorbenen."" In seinen Gedanken empfängt er den heimgegangenen Vater. Wenn der erste und d…	Rigid adherence to tradition has resulted in decay. But the decay has not yet penetrated deeply and so can still be easi…
ten_wings	18	line:2_ten_wings	translation_pair	Zurechtbringen des von der Mutter Verdorbenen."" Er findet den mittleren Weg. Der Strich ist stark und zentral, am Anfang…	This refers to mistakes that as a result of weakness have brought about decay—hence the symbol, ""what has been spoiled b…
ten_wings	18	line:3_ten_wings	translation_pair	Zurechtbringen des vom Vater Verdorbenen."" Dabei ist endgültig kein Fehler. Der Strich ist zu Beginn des Kernzeichens Ds…	This describes a man who proceeds a little too energetically in righting the mistakes of the past. Now and then, as a re…
ten_wings	18	line:4_ten_wings	translation_pair	Dulden des vom Vater Verdorbenen."" Er geht hin, aber findet noch nichts. Der Strich ist besonders schwach, auf der Spitz…	This shows the situation of someone too weak to take measures against decay that has its roots in the past and is just b…
ten_wings	18	line:5_ten_wings	translation_pair	Zurechtbringen des vom Vater Verdorbenen. Man findet Lob."" Er empfängt ihn in Tugend. Der Strich ist zentral auf geehrte…	An individual is confronted with corruption originating from neglect in former times. He lacks the power to ward it off …
ten_wings	18	line:6_ten_wings	translation_pair	Dient nicht Königen und Fürsten."" Solche Gesinnung kann man zum Muster nehmen. Der Strich ist ganz oben, stark auf dem G…	Not every man has an obligation to mingle in the affairs of the world. There are some who are developed to such a degree…
ten_wings	18	sequence	de_only	Wenn man in Lust andern folgt, so gibt es sicher Geschäfte. Darum folgt darauf das Zeichen: Die Arbeit am Verdorbenen. A…	
oracle	19	intro	translation_pair	19. LIN / DIE ANNAHERUNG oben Kun, das Empfangende, die Erde unten Dui, das Heitere, der See Da as chinesische Wort Lin …	The Chinese word lin has a range of meanings that is not exhausted by any single word of another language. The ancient e…
oracle	19	judgment	translation_pair	Die Annäherung hat erhabenes Gelingen. Fördernd ist Beharrlichkeit. Kommt der achte Monat, so gibt's Unheil. Das Zeichen…	APPPROACH has supreme success. Perseverance furthers. When the eighth month comes, There will be misfortune.
oracle	19	image	translation_pair	Oberhalb des Sees ist die Erde: das Bild der Annäherung. So ist der Edle in seiner Absicht zu lehren unerschöpflich Und …	The earth above the lake: The image of APPROACH. Thus the superior man is inexhaustible In his will to teach, And withou…
oracle	19	line:1	translation_pair	Gemeinsame Annäherung. Beharrlichkeit bringt Heil. Das Gute beginnt sich durchzusetzen und findet an einflußreicher Stel…	Joint approach. Perseverance brings good fortune.
oracle	19	line:2	translation_pair	Gemeinsame Annäherung. Heil! Alles ist fördernd. Da man sich in der Lage befindet, von oben her zum Herbeikommen ange- r…	Joint approach. Good fortune. Everything furthers.
oracle	19	line:3	translation_pair	Behagliche Annäherung. Nichts, das fördernd wäre. Erreicht man Trauer darüber, so wird man ohne Makel. Es geht fröhlich …	Comfortable approach. Nothing that would further. If one is induced to grieve over it, One becomes free of blame.
oracle	19	line:4	translation_pair	Vollkommene Annäherung. Kein Makel. Während die drei unteren Linien das Aufsteigen zu Macht und Einfluß be- zeichnen, ze…	Complete approach. No blame.
oracle	19	line:5	translation_pair	Weise Annäherung. Das ist recht für einen großen Fürsten. Heil! Ein Fürst oder jemand in leitender Stellung soll die Wei…	Wise approach. This is right for a great prince. Good fortune.
oracle	19	line:6	translation_pair	Großherzige Annäherung. Heil. Kein Makel. Ein Weiser, der die Welt überwunden hat und innerlich schon mit dem Leben fert…	Greathearted approach. Good fortune. No blame.
ten_wings	19	judgment_ten_wings	translation_pair	Die Annäherung. Das Feste dringt ein und wächst. Heiter und hingebend, das Feste ist in der Mitte und findet Entsprechun…	The hexagram as a whole points to a time of joyous, hopeful progress. Spring is approaching. Joy and forbearance bring h…
ten_wings	19	image_ten_wings	translation_pair	Der See, der durch seine unerschöpfliche Feuchtigkeit die Erde befruchtet, legt das Lehren, das die Menschen innerlich b…	The earth borders upon the lake from above. This symbolizes the approach and condescension of the man of higher position…
ten_wings	19	line:1_ten_wings	translation_pair	Gemeinsame Annäherung. Beharrlichkeit bringt Heil."" Sein Wille ist es, korrekt zu handeln. Der Strich geht mit dem zweit…	The good begins to prevail and to find response in influential circles. This in turn is an incentive to men of ability. …
ten_wings	19	line:2_ten_wings	translation_pair	Gemeinsame Annäherung. Heil! Alles ist fördernd."" Man braucht sich dem Schicksal nicht hinzugeben. Hier beim oberen Herr…	When the stimulus to approach comes from a high place, and when a man has the inner strength and consistency that need n…
ten_wings	19	line:3_ten_wings	translation_pair	Behagliche Annäherung."" Der Platz ist nicht der gebührende. - - Ein Makel, worüber Trauer erreicht ist, dauert nicht län…	Things are going well for a man: he achieves power and influence. But in this lies the danger that he may relax, and con…
ten_wings	19	line:4_ten_wings	translation_pair	Vollkommene Annäherung. Kein Makel"", denn der Platz ist der gebührende. Hier ist die innigste Annäherung des oberen und …	While the three lower lines indicate rise to power and influence, the three upper lines show the attitude of persons in …
ten_wings	19	line:5_ten_wings	translation_pair	Was für einen großen Fürsten recht ist, damit ist gemeint, daß er in der Mitte wandeln soll. Die Weisheit besteht darin,…	A prince, or anyone in a leading position, must have the wisdom to attract to himself people of ability who are expert i…
ten_wings	19	line:6_ten_wings	translation_pair	Großherzige Annäherung."" Der Wille ist nach innen gerichtet. An sich sollte man denken, daß die Sechs an oberster Stelle…	A sage who has put the world behind him and who in spirit has already withdrawn from life may, under certain circumstanc…
ten_wings	19	sequence	de_only	Wenn es Geschäfte gibt, dann kann man groß werden. Dar- um folgt darauf das Zeichen: die Annäherung. Annäherung bedeutet…	
oracle	20	intro	translation_pair	20. GUAN / DIE BETRACHTUNG (DER ANBLICK) oben Sun, das Sanfte, der Wind unten Kun, das Empfangende, die Erde D er chines…	A slight variation of tonal stress gives the Chinese name for this hexagram a double meaning. It means both contemplatin…
oracle	20	judgment	translation_pair	Die Betrachtung. Die Waschung ist geschehen, aber noch nicht die Darbringung. Vertrauensvoll blicken sie zu ihm auf.	CONTEMPLATION. The ablution has been made, But not yet the offering. Full of trust they look up to him.
oracle	20	image	translation_pair	Der Wind geht über die Erde hin: das Bild der Betrachtung. So besuchten die alten Könige die Weltgegenden, Betrachteten …	The wind blows over the earth: The image of CONTEMPLATION. Thus the kings of old visited the regions of the world, Conte…
oracle	20	line:1	translation_pair	Knabenhaftes Betrachten. Für einen geringen Menschen kein Makel. Für einen Edlen beschämend. Ein verständnisloses Betrac…	Boylike contemplation. For an inferior man, no blame. For a superior man, humiliation.
oracle	20	line:2	translation_pair	Betrachtung durch die Türspalte. Fördernd für die Beharrlichkeit einer Frau. Durch die Türspalte hat man einen beschränk…	Contemplation through the crack of the door. Furthering for the perseverance of a woman.
oracle	20	line:3	translation_pair	Betrachtung meines Lebens Entscheidet über Fortschritt oder Rückzug. Es ist hier der Platz des Übergangs. Man blickt nic…	Contemplation of my life Decides the choice Between advance and retreat.
oracle	20	line:4	translation_pair	Betrachtung des Lichtes des Reichs. Fördernd ist es, als Gast eines Königs zu wirken. Hier ist ein Mann gezeichnet, der …	Contemplation of the light of the kingdom. It furthers one to exert influence as the guest of a king.
oracle	20	line:5	translation_pair	Betrachtung meines Lebens. Der Edle ist ohne Makel. Ein Mann an maßgebender Stelle, zu dem die andern aufblicken, muß da…	Contemplation of my life. The superior man is without blame.
oracle	20	line:6	translation_pair	Betrachtung seines Lebens. Der Edle ist ohne Makel. Während die vorige Linie einen Mann darstellt, der sich selbst betra…	Contemplation of his life. The superior man is without blame.
ten_wings	20	judgment_ten_wings	translation_pair	Ein großer Anblick ist oben. Hingebend und sanft. Zentral und korrekt ist er ein Anblick für die Welt. ,,Die Betrachtung…	The sacrificial ritual in China began with an ablution and a libation by which the Deity was invoked, after which the sa…
ten_wings	20	image_ten_wings	translation_pair	Der Wind geht über die Erde hin: das Bild der Betrachtung. So besuchten die alten Könige die Weltgegenden, betrachte- te…	When the wind blows over the earth it goes far and wide, and the grass must bend to its power. These two occurrences fin…
ten_wings	20	line:1_ten_wings	translation_pair	Das knabenhafte Betrachten der Anfangssechs ist der Weg der geringen Leute. Die Sechs an erster Stelle ist das Bild eine…	This means contemplation from a distance, without comprehension. A man of influence is at hand, but his influence is not…
ten_wings	20	line:2_ten_wings	translation_pair	Betrachtung durch die Türspalte ist selbst bei Beharrlichkeit der Frau doch beschämend. Das Kernzeichen Gen deutet auf e…	Through the crack of the door one has a limited outlook; one looks outward from within. Contemplation is subjectively li…
ten_wings	20	line:3_ten_wings	translation_pair	Betrachtung meines Lebens entscheidet über Fortschritt oder Rückzug."" Der rechte Weg ist nicht verloren. Hier ist ein sc…	This is the place of transition. We no longer look outward to receive pictures that are more or less limited and confuse…
ten_wings	20	line:4_ten_wings	translation_pair	Betrachtung des Lichtes des Reiches."" Man wird als Gast geehrt. Der Strich ist an oberster Stelle des Kernzeichens Kun, …	This describes a man who understands the secrets by which a kingdom can be made to flourish. Such a man must be given an…
ten_wings	20	line:5_ten_wings	translation_pair	Betrachtung meines Lebens"", d. h. Betrachtung des Volkes. Hier ist der Herr des Zeichens auf geehrtem Platz, zentral und…	A man in an authoritative position to whom others look up must always be ready for self-examination. The right sort of s…
ten_wings	20	line:6_ten_wings	translation_pair	Betrachtung seines Lebens."" Der Wille ist noch nicht befriedigt. Hier ist ein Herr des Zeichens, der von der höchsten Hö…	While the preceding line represents a man who contemplates himself, here in the highest place everything that is persona…
ten_wings	20	sequence	de_only	Wenn die Dinge groß sind, dann kann man sie betrachten. edits Darum folgt darauf das Zeichen: die Betrachtung.	
oracle	21	intro	translation_pair	21. SCHI HO / DAS DURCHBEISSEN oben Li, das Haftende, das Feuer unten Dschen, das Erregende, der Donner Das as Zeichen s…	This hexagram represents an open mouth (cf. hexagram 27) with an obstruction (in the fourth place) between the teeth. As…
oracle	21	judgment	translation_pair	Das Durchbeißen hat Gelingen. Fördernd ist es, Gericht walten zu lassen.	BITING THROUGH has success. It is favorable to let justice be administered.
oracle	21	image	translation_pair	Donner und Blitz: das Bild des Durchbeißens. So festigten die früheren Könige Die Gesetze durch klarbestimmte Strafen. D…	Thunder and lightning: The image of BITING THROUGH. Thus the kings of former times made firm the laws Through clearly de…
oracle	21	line:1	translation_pair	Steckt mit den Füßen im Block, daß die Zehen verschwinden. Kein Makel. Wenn jemand sofort beim ersten Versuch, etwas Bös…	His feet are fastened in the stocks, So that his toes disappear. No blame.
oracle	21	line:2	translation_pair	Beißt durch weiches Fleisch, daß die Nase verschwindet. Kein Makel. Recht und Unrecht lassen sich im vorliegenden Fall l…	Bites through tender meat, So that his nose disappears. No blame.
oracle	21	line:3	translation_pair	Beißt auf altes Dörrfleisch und trifft auf Giftiges. Kleine Beschämung. Kein Makel. - - Es soll jemand eine Strafe vollz…	Bites on old dried meat And strikes on something poisonous. Slight humiliation. No blame.
oracle	21	line:4	translation_pair	Beißt auf getrocknetes Knorpelfleisch. Erhält Metallpfeile. Fördernd ist es, Der Schwierigkeiten eingedenk und beharrlic…	Bites on dried gristly meat. Receives metal arrows. It furthers one to be mindful of difficulties And to be persevering.…
oracle	21	line:5	translation_pair	Beißt auf getrocknetes Muskelfleisch. Erhält gelbes Gold. Beharrlich der Gefahr bewußt sein. Kein Makel! Man hat einen F…	Bites on dried lean meat. Receives yellow gold. Perseveringly aware of danger. No blame.
oracle	21	line:6	translation_pair	Steckt mit dem Hals im hölzernen Kragen, Daß die Ohren verschwinden. Unheil! Es handelt sich hier im Unterschied zu der …	His neck is fastened in the wooden cangue, So that his ears disappear. Misfortune.
ten_wings	21	judgment_ten_wings	translation_pair	Zwischen den Mundwinkeln ist ein Ding. Das heißt das Durchbeißen. ""Das Durchbeißen, und zwar mit Gelingen."" Denn fest un…	When an obstacle to union arises, energetic biting through brings success. This is true in all situations. Whenever unit…
ten_wings	21	image_ten_wings	translation_pair	Donner und Blitz: das Bild des Durchbeißens. So festigten die früheren Könige die Gesetze durch klarbe- stimmte Strafen.…	Penalties are the individual applications of the law. The laws specify the penalties. Clarity prevails when mild and sev…
ten_wings	21	line:1_ten_wings	translation_pair	Steckt mit den Füßen im Block, daß die Zehen verschwin- den. Kein Makel."" Er kann nicht gehen. Dschen ist der Fuß, hier …	If a sentence is imposed the first time a man attempts to do wrong, the penalty is a mild one. Only the toes are put in …
ten_wings	21	line:2_ten_wings	translation_pair	Beißt durch weiches Fleisch, daß die Nase verschwindet."" Er beruht auf einem Harten. 1 Wir würden hier von dem Ausgleich…	It is easy to discriminate between right and wrong in this case; it is like biting through tender meat. But one encounte…
ten_wings	21	line:3_ten_wings	translation_pair	Trifft auf Giftiges."" Der Platz ist nicht der gebührende. Das Kernzeichen Kan bedeutet Gift. Der Platz ist nicht der geb…	Punishment is to be carried out by someone who lacks the power and authority to do so. Therefore the culprits do not sub…
ten_wings	21	line:4_ten_wings	translation_pair	Fördernd ist es, der Schwierigkeiten eingedenk und beharr- lich zu sein. Heil!"" Er leuchtet noch nicht. Fest auf weichem…	There are great obstacles to be overcome, powerful opponents are to be punished. Though this is arduous, the effort succ…
ten_wings	21	line:5_ten_wings	translation_pair	Beharrlich der Gefahr bewußt sein, kein Makel!"" Er hat das Gebührende gefunden. Der Strich ist weich, darum Muskelfleisc…	The case to be decided is indeed not easy but perfectly clear. Since we naturally incline to leniency, we must make ever…
ten_wings	21	line:6_ten_wings	translation_pair	Steckt mit dem Hals im hölzernen Kragen, daß die Ohren verschwinden."" Sein Gehör ist nicht klar. Der oberste Strich deut…	In contrast to the first line, this line refers to a man who is incorrigible. His punishment is the wooden cangue, and h…
ten_wings	21	sequence	de_only	Wenn etwas da ist, das man betrachten kann, dann gibt es Verschet hultetwas, das Vereinigung schafft. Darum folgt darauf…	
oracle	22	intro	translation_pair	​22. BI / DIE ANMUT oben Gen, das Stillehalten, der Berg unten Li, das Haftende, das Feuer Das as Zeichen zeigt ein Feue…	This hexagram shows a fire that breaks out of the secret depths of the earth and, blazing up, illuminates and beautifies…
oracle	22	judgment	translation_pair	Anmut hat Gelingen. Im Kleinen ist es fördernd, etwas zu unternehmen. 1 Es ist zu bemerken, daß noch eine andere Deutung…	GRACE has success. In small matters It is favorable to undertake something.
oracle	22	image	translation_pair	Unten am Berg ist das Feuer: Das Bild der Anmut. So verfährt der Edle bei der Klarstellung Der laufenden Angelegenheiten…	Fire at the foot of the mountain: The image of GRACE. Thus does the superior man proceed When clearing up current affair…
oracle	22	line:1	translation_pair	Macht seine Zehen anmutig, verläßt den Wagen und geht. Die Stellung zu Beginn und an untergeordnetem Platze bringt es mi…	He lends grace to his toes, leaves the carriage, and walks.
oracle	22	line:2	translation_pair	Macht seinen Kinnbart anmutig. Der Bart ist nichts Selbständiges. Er kann nur mit dem Kinn zusammen be- wegt werden. Das…	Lends grace to the beard on his chin.
oracle	22	line:3	translation_pair	Anmutig und feucht. Dauernde Beharrlichkeit bringt Heil. Es ist eine höchst anmutige Lebenslage, in der man sich befinde…	Graceful and moist. Constant perseverance brings good fortune.
oracle	22	line:4	translation_pair	Anmut oder Einfachheit? Ein weißes Pferd kommt wie geflogen: Nicht Räuber er ist, Will freien zur Frist. Man ist in eine…	Grace or simplicity? A white horse comes as if on wings. He is not a robber, He will woo at the right time.
oracle	22	line:5	translation_pair	Anmut in Hügeln und Gärten. Das Seidenbündel ist ärmlich und klein. Beschämung, doch schließlich Heil! Man zieht sich au…	Grace in hills and gardens. The roll of silk is meager and small. Humiliation, but in the end good fortune.
oracle	22	line:6	translation_pair	Schlichte Anmut. Kein Makel. Hier auf der obersten Stufe wird aller Schmuck abgelegt. Die Form verdeckt nicht mehr den G…	Simple grace. No blame.
ten_wings	22	judgment_ten_wings	translation_pair	,,Anmut hat Gelingen."" Das Weiche kommt und formt das Feste, darum: Gelingen. Ein abgelöstes Festes steigt empor und for…	Grace brings success. However, it is not the essential or fundamental thing; it is only the ornament and must therefore …
ten_wings	22	image_ten_wings	translation_pair	Unten am Berg ist das Feuer: Das Bild der Anmut. So verfährt der Edle bei der Klarstellung der laufenden An- gelegenheit…	The fire, whose light illuminates the mountain and makes it pleasing, does not shine far; in the same way, beautiful for…
ten_wings	22	line:1_ten_wings	translation_pair	""Er verläßt den Wagen und geht""; denn es entspricht der Pflicht, nicht zu fahren. Der Strich als unterster entspricht de…	A beginner in a subordinate place must take upon himself the labor of advancing. There might be an opportunity of surrep…
ten_wings	22	line:2_ten_wings	translation_pair	Macht seinen Kinnbart anmutig""; das heißt, er steigt mit dem Oberen auf. Der dritte Strich ist das Kinn, der zweite ist …	The beard is not an independent thing; it moves only with the chin. The image therefore means that form is to be conside…
ten_wings	22	line:3_ten_wings	translation_pair	Das Heil dauernder Beharrlichkeit ist endgültig nicht zu be- schämen. Die Neun auf drittem Platz hat Gehalt durch ihre S…	This represents a very charming life situation. One is under the spell of grace and the mellow mood induced by wine. Thi…
ten_wings	22	line:4_ten_wings	translation_pair	Die Sechs auf viertem Platz ist ihrem Platz entsprechend im Zweifel. ,,Nicht Räuber er ist, will freien zur Frist."" Schl…	An individual is in a situation in which doubts arise as to which is better—to pursue the grace of external brilliance, …
ten_wings	22	line:5_ten_wings	translation_pair	Das Heil der Sechs auf fünftem Platz hat Freude. Das obere Zeichen Gen bedeutet einen Berghügel, das Kernzeichen Dschen …	A man withdraws from contact with people of the lowlands, who seek nothing but magnificence and luxury, into the solitud…
ten_wings	22	line:6_ten_wings	translation_pair	Schlichte Anmut. Kein Makel."", Der Obere erlangt seinen Willen. Der obere Strich steht außerhalb, auf der Höhe des Zeich…	Here at the highest stage of development all ornament is discarded. Form no longer conceals content but brings out its v…
ten_wings	22	sequence	de_only	Die Dinge dürfen sich nicht ohne weiteres rücksichtslos ver- einigen, darum folgt darauf das Zeichen: die Anmut. Anmut i…	
oracle	23	intro	translation_pair	23. BO / DIE ZERSPLITTERUNG oben Gen, das Stillehalten, der Berg unten Kun, das Empfangende, die Erde ie dunklen Linien …	The dark lines are about to mount upward and overthrow the last firm, light line by exerting a disintegrating influence …
oracle	23	judgment	translation_pair	Die Zersplitterung. Nicht fördernd ist es, wohin zu gehen. Es ist eine Zeit, da die Gemeinen im Vordringen sind und eben…	SPLITTING APART. It does not further one To go anywhere.
oracle	23	image	translation_pair	Der Berg ruht auf der Erde: das Bild der Zersplitterung. So können die Oberen nur durch reiches Spenden an die Unteren i…	The mountain rests on the earth: The image of SPLITTING APART. Thus those above can ensure their position Only by giving…
oracle	23	line:1	translation_pair	Das Bett wird zersplittert am Bein. Die Beharrlichen werden vernichtet. Unheil. Die Gemeinen kommen heran und fangen hei…	The leg of the bed is split. Those who persevere are destroyed. Misfortune.
oracle	23	line:2	translation_pair	Das Bett wird zersplittert am Rand. Die Beharrlichen werden vernichtet. Unheil. Die Macht der Gemeinen wächst. Schon nah…	The bed is split at the edge. Those who persevere are destroyed. Misfortune.
oracle	23	line:3	translation_pair	Er zersplittert sich mit ihnen. Kein Makel. Man steht mitten drin in einer schlechten Umgebung, mit der man auch durch ä…	He splits with them. No blame.
oracle	23	line:4	translation_pair	Das Bett wird zersplittert bis zur Haut. Unheil. Das Unglück erreicht hier den eigenen Leib, nicht mehr nur den Ruheplat…	The bed is split up to the skin. Misfortune.
oracle	23	line:5	translation_pair	Ein Zug Fische. Durch die Palastdamen kommt Gunst. Alles ist förderlich. Hier in unmittelbarer Nähe des oberen starken u…	A shoal of fishes. Favor comes through the court ladies. Everything acts to further.
oracle	23	line:6	translation_pair	Eine große Frucht ist noch ungegessen da. Der Edle erhält einen Wagen. Dem Gemeinen zersplittert sein Haus. Hier ist das…	There is a large fruit still uneaten. The superior man receives a carriage. The house of the inferior man is split apart…
ten_wings	23	judgment_ten_wings	translation_pair	Die Zersplitterung bedeutet Zerfall. Das Weiche verändert das Feste. ,,Nicht fördernd ist es, wohin zu gehen"": Die Gemei…	This pictures a time when inferior people are pushing forward and are about to crowd out the few remaining strong and su…
ten_wings	23	image_ten_wings	translation_pair	Der Berg ruht auf der Erde: das Bild der Zersplitterung. So können die Oberen nur durch reiches Spenden an die Un- teren…	The mountain rests on the earth. When it is steep and narrow, lacking a broad base, it must topple over. Its position is…
ten_wings	23	line:1_ten_wings	translation_pair	Das Bett wird zersplittert am Bein"", um die Unteren zu vernichten. Die Anfangsposition bedeutet als unterster Platz das …	Inferior people are on the rise and stealthily begin their destructive burrowing from below in order to undermine the pl…
ten_wings	23	line:2_ten_wings	translation_pair	Das Bett wird zersplittert am Rand"", weil man keinen Genossen hat. Die Zersplitterung steigt vom Bein des Bettes höher. …	The power of the inferior people is growing. The danger draws close to one's person; already there are dear indications,…
ten_wings	23	line:3_ten_wings	translation_pair	Er zersplittert sich mit ihnen. Kein Makel."" Er verliert den Nachbar oben und unten. Der Strich steht in der Beziehung d…	An individual finds himself in an evil environment to which he is committed by external ties. But he has an inner relati…
ten_wings	23	line:4_ten_wings	translation_pair	Das Bett wird zersplittert bis zur Haut. Unheil."" Das ist ernstes und nahes Unglück. Das Zeichen Kun unten stellt das Be…	Here the disaster affects not only the resting place but even the occupant. No warning or other comment is added. Misfor…
ten_wings	23	line:5_ten_wings	translation_pair	Durch die Palastdamen kommt Gunst."" Das ist endgültig kein Fehler. - - Wenn der Strich sich wandelt, so erscheint oben d…	Here, in immediate proximity to the strong, light-giving principle at the top, the nature of the dark force undergoes a …
ten_wings	23	line:6_ten_wings	translation_pair	Der Edle erhält einen Wagen."" Er wird vom Volk getragen. ,,Dem Gemeinen zersplittert sein Haus""; er ist endgültig unbrau…	Here the splitting apart reaches its end. When misfortune has spent itself, better times return. The seed of the good re…
ten_wings	23	sequence	de_only	Wenn man die Zierde zu weit treibt, dann erschöpft sich das Gelingen. Darum folgt darauf das Zeichen: die Zersplitte- ru…	
oracle	24	intro	translation_pair	​24. FU / DIE WIEDERKEHR (DIE WENDEZEIT) oben Kun, das Empfangende, die Erde unten Dschen, das Erregende, der Donner ie …	The idea of a turning point arises from the fact that after the dark lines have pushed all of the light lines upward and…
oracle	24	judgment	translation_pair	Die Wiederkehr. Gelingen. Ausgang und Eingang ohne Fehl. Freunde kommen ohne Makel. Hin und her geht der Weg. Am siebten…	RETURN. Success. Going out and coming in without error. Friends come without blame. To and fro goes the way. On the seve…
oracle	24	image	translation_pair	Der Donner inmitten der Erde: Das Bild der Wendezeit. So schlossen die alten Könige zur Sonnwendzeit die Pässe. Händler …	Thunder within the earth: The image of THE TURNING POINT. Thus the kings of antiquity closed the passes At the time of s…
oracle	24	line:1	translation_pair	Wiederkehr aus geringer Entfernung. Es bedarf keiner Reue. Großes Heil! Kleine Abweichungen vom Guten sind nicht zu verm…	Return from a short distance. No need for remorse. Great good fortune.
oracle	24	line:2	translation_pair	Ruhige Wiederkehr. Heil! Die Umkehr bedarf immer eines Entschlusses und ist ein Akt der Selbst- bezwingung. Sie wird erl…	Quiet return. Good fortune.
oracle	24	line:3	translation_pair	Mehrfache Wiederkehr. Gefahr. Kein Makel. Es gibt Menschen von einer gewissen inneren Unbeständigkeit. Für sie ist fortw…	Repeated return. Danger. No blame.
oracle	24	line:4	translation_pair	In der Mitte der andern wandelnd, Kehrt man allein wieder. Man ist mitten in einer Gesellschaft von geringen Menschen, a…	Walking in the midst of others, One returns alone.
oracle	24	line:5	translation_pair	Großzügige Wiederkehr. Keine Reue. Wenn die Zeit zur Umkehr da ist, dann soll man sich nicht hinter kleinliche Ausreden …	Noblehearted return. No remorse.
oracle	24	line:6	translation_pair	Verfehlung der Wiederkehr. Unheil. Unglück von außen und innen. Wenn man so Heere marschieren läßt, Wird man schließlich…	Missing the return. Misfortune. Misfortune from within and without. If armies are set marching in this way, One will in …
ten_wings	24	judgment_ten_wings	translation_pair	,,Wiederkehr hat Gelingen."" Das Feste kehrt zurück. Bewegung und Wirkung durch Hingebung. Darum ist ""Aus- gang und Einga…	After a time of decay comes the turning point. The powerful light that has been banished returns. There is movement, but…
ten_wings	24	image_ten_wings	translation_pair	: l erkennt. Wenn er sie erkannt hat, kommt es nie vor, daß er sie zum zweiten- mal begeht. Im Buch der Wandlungen heißt…	The winter solstice has always been celebrated in China as the resting time of the year—a custom that survives in the ti…
ten_wings	24	line:1_ten_wings	translation_pair	Wiederkehr aus geringer Entfernung"": so pflegt man seinen Charakter. Der starke Strich ganz unten kehrt sofort um. Er is…	Slight digressions from the good cannot be avoided, but one must turn back in time, before going too far. This is especi…
ten_wings	24	line:2_ten_wings	translation_pair	Das Heil der ruhigen Wiederkehr beruht auf der Unter- werfung unter einen guten Menschen. Die Linie ist zentral und besc…	Return always calls for a decision and is an act of self-mastery. It is made easier if a man is in good company. If he c…
ten_wings	24	line:3_ten_wings	translation_pair	Die Gefahr der mehrfachen Wiederkehr ist ihrer eigentlichen Bedeutung nach Befreiung von Makel. Die Linie ist auf dem Gi…	There are people of a certain inner instability who feel a constant urge to reverse themselves. There is danger in conti…
ten_wings	24	line:4_ten_wings	translation_pair	In der Mitte der andern wandelnd, kehrt man allein wieder"" und folgt so dem rechten Weg. Die vierte Linie ist mitten im …	A man is in a society composed of inferior people, but is connected spiritually with a strong and good friend, and this …
ten_wings	24	line:5_ten_wings	translation_pair	Großzügige Wiederkehr. Keine Reue."" Zentral, so vermag er sich selbst zu prüfen. An sich ist die Linie von der Anfangsne…	When the time for return has come, a man should not take shelter in trivial excuses, but should look within and examine …
ten_wings	24	line:6_ten_wings	translation_pair	Das Unheil der verfehlten Wiederkehr liegt darin, daß man dem Weg des Edlen widerspricht. Die Linie ist am Ende der Yinl…	If a man misses the right time for return, he meets with misfortune. The misfortune has its inner cause in a wrong attit…
ten_wings	24	sequence	de_only	Die Dinge können nicht endgültig vernichtet bleiben. Wenn das Obere vollkommen zersplittert ist, kommt es unten zurück. …	
oracle	25	intro	translation_pair	​25. WU WANG / DIE UNSCHULD (DAS UNERWARTETE) oben Kiän, das Schöpferische, der Himmel unten Dschen, das Erregende, der …	Ch'ien, heaven, is above; Chên, movement, is below. The lower trigram Chên is under the influence of the strong line it …
oracle	25	judgment	translation_pair	Die Unschuld. Erhabenes Gelingen. Fördernd ist Beharrlichkeit.	INNOCENCE. Supreme success. Perseverance furthers. If someone is not as he should be, He has misfortune, And it does not…
oracle	25	image	translation_pair	Unter dem Himmel geht der Donner: Alle Dinge erlangen den Naturzustand der Unschuld. So pflegten und nährten die alten K…	Under heaven thunder rolls: All things attain the natural state of innocence. Thus the kings of old, Rich in virtue, and…
oracle	25	line:1	translation_pair	Unschuldiger Wandel bringt Heil! Die ersten ursprünglichen Regungen des Herzens sind immer gut, so daß man ihnen getrost…	Innocent behavior brings good fortune.
oracle	25	line:2	translation_pair	Wenn man beim Pflügen nicht ans Ernten denkt Und beim Roden nicht an das Benützen des Feldes: Dann ist es fördernd, etwa…	If one does not count on the harvest while plowing, Nor on the use of the ground while clearing it, It furthers one to u…
oracle	25	line:3	translation_pair	Unverschuldetes Unglück: Die Kuh, die von jemand angebunden war, Ist des Wanderers Gewinn, des Bürgers Verlust. Manchmal…	Undeserved misfortune. The cow that was tethered by someone Is the wanderer's gain, the citizen's loss.
oracle	25	line:4	translation_pair	Wer vermag beharrlich zu sein, bleibt ohne Makel. Was einem wirklich gehört, das kann man nicht verlieren, und wenn man …	He who can be persevering Remains without blame.
oracle	25	line:5	translation_pair	Bei unverschuldeter Krankheit gebrauche keine Arznei. Es wird schon von selber gut werden. Kommt von außen her, durch Zu…	Use no medicine in an illness Incurred through no fault of your own. It will pass of itself.
oracle	25	line:6	translation_pair	Unschuldiges Handeln bringt Unglück. Nichts ist fördernd. Wenn man in einer Lage ist, da kein Fortschritt mehr an der Ze…	Innocent action brings misfortune. Nothing furthers.
ten_wings	25	judgment_ten_wings	translation_pair	Die Unschuld. Das Feste kommt von außen und wird zum Herrn im Innern. Bewegung und Stärke. Das Feste ist in der Mitte un…	Man has received from heaven a nature innately good, to guide him in all his movements. By devotion to this divine spiri…
ten_wings	25	image_ten_wings	translation_pair	Unter dem Himmel geht der Donner: alle Dinge erlangen den Naturzustand der Unschuld. So pflegten und nährten die alten K…	In springtime when thunder, life energy, begins to move again under the heavens, everything sprouts and grows, and all b…
ten_wings	25	line:1_ten_wings	translation_pair	Unschuldiger Wandel erreicht seinen Willen. Die Unschuld ist symbolisiert durch die lichte Natur des Striches, der als b…	The original impulses of the heart are always good, so that we may follow them confidently, assured of good fortune and …
ten_wings	25	line:2_ten_wings	translation_pair	Nicht pflügen, um zu ernten, d. h. man sucht nicht Reichtum. Das Zeichen Dschen bedeutet Holz, daher Pflug, der zweite P…	We should do every task for its own sake as time and place demand and not with an eye to the result. Then each task turn…
ten_wings	25	line:3_ten_wings	translation_pair	Wenn der Wanderer die Kuh bekommt, ist das des Bürgers Verlust. Der Strich steht auf der Spitze der Bewegung und am Anfa…	Sometimes undeserved misfortune befalls a man at the hands of another, as for instance when someone passes by and takes …
ten_wings	25	line:4_ten_wings	translation_pair	Wer vermag, beharrlich zu sein, bleibt ohne Makel""; denn er besitzt ja fest. Die Neun auf viertem Platz ist ursprünglich…	We cannot lose what really belongs to us, even if we throw it away. Therefore we need have no anxiety. All that need con…
ten_wings	25	line:5_ten_wings	translation_pair	Unbekannte Arznei soll man nicht versuchen. Die Arznei wird durch die beiden Kernzeichen Holz und Stein (Berg) nahe- gel…	An unexpected evil may come accidentally from without. If it does not originate in one's own nature or have a foothold t…
ten_wings	25	line:6_ten_wings	translation_pair	Das Handeln ohne Überlegung bringt das Übel der Rat- losigkeit. Der Strich steht in Beziehung zu der schwachen, unruhige…	When, in a given situation, the time is not ripe for further progress, the best thing to do is to wait quietly, without …
ten_wings	25	sequence	de_only	Durch Umkehr wird man frei von Schuld. Darum folgt dar- auf das Zeichen: die Unschuld.	
oracle	26	intro	translation_pair	26. DA TSCHU DES GROSSEN ZAHMUNGSKRAFT oben Gen, das Stillehalten, der Berg unten Kiän, das Schöpferische, der Himmel as…	The Creative is tamed by Kên, Keeping Still. This produces great power, a situation in contrast to that of the ninth hex…
oracle	26	judgment	translation_pair	Des Großen Zähmungskraft. Fördernd ist Beharrlichkeit. Nicht zu Hause essen bringt Heil. Fördernd ist es, das große Wass…	THE TAMING POWER OF THE GREAT. Perseverance furthers. Not eating at home brings good fortune. It furthers one to cross t…
oracle	26	image	translation_pair	Der Himmel inmitten des Berges: Das Bild von des Großen Zähmungskraft. So lernt der Edle viele Worte der Vorzeit Und Tat…	Heaven within the mountain: The image of THE TAMING POWER OF THE GREAT. Thus the superior man acquaints himself with man…
oracle	26	line:1	translation_pair	Es ist Gefahr da. Fördernd ist es, abzustehen. Man wünschte wohl ein kräftiges Fortschreiten. Allein in den Verhältnisse…	Danger is at hand. It furthers one to desist.
oracle	26	line:2	translation_pair	Dem Wagen werden die Achsenlager abgenommen. Hier ist das Fortschreiten gehemmt, ähnlich wie bei des Kleinen Zähmungs- k…	The axletrees are taken from the wagon.
oracle	26	line:3	translation_pair	Ein gutes Pferd, das andern folgt. Fördernd ist Bewußtsein der Gefahr und Beharrlichkeit. Täglich übe dich im Wagenfahre…	A good horse that follows others. Awareness of danger, With perseverance, furthers. Practice chariot driving and armed d…
oracle	26	line:4	translation_pair	Das Schutzbrett eines jungen Stieres. Großes Heil! Diese Linie und die nächstfolgende sind es, die die vorwärtsstrebende…	The headboard of a young bull. Great good fortune.
oracle	26	line:5	translation_pair	Eines verschnittenen Ebers Zahn. Heil! Hier ist die Zähmung des ungestüm Vorwärtsdrängenden auf indirekte Weise erreicht…	The tusk of a gelded boar. Good fortune.
oracle	26	line:6	translation_pair	Man erlangt den Himmelsweg. Gelingen. Die Zeit der Hemmung ist vorüber. Die lange durch Hemmung angesammelte Kraft brich…	One attains the way of heaven. Success.
ten_wings	26	judgment_ten_wings	translation_pair	Des Großen Zähmungskraft. Festigkeit und Stärke. Echtheit und Wahrheit. Glanz und Licht. Täglich erneuert er seine Tugen…	To hold firmly to great creative powers and store them up, as set forth in this hexagram, there is need of a strong, cle…
ten_wings	26	image_ten_wings	translation_pair	Der Himmel inmitten des Berges: Das Bild von des Großen Zähmungskraft. So lernt der Edle viele Worte der Vorzeit und Tat…	Heaven within the mountain points to hidden treasures. In the words and deeds of the past there lies hidden a treasure t…
ten_wings	26	line:1_ten_wings	translation_pair	Es ist Gefahr da. Fördernd ist es, abzustehen."" So setzt man sich der Gefahr nicht aus. Der starke Strich auf rechtem Pl…	A man wishes to make vigorous advance, but circumstances present an obstacle. He sees himself held back firmly. If he sh…
ten_wings	26	line:2_ten_wings	translation_pair	Dem Wagen werden die Achsenlager abgenommen."" In der Mitte ist kein Makel. Kiän ist rund, daher das Bild des Rades. Dui,…	Here advance is checked just as in the third line of THE TAMING POWER OF THE SMALL (9). However, in the latter the restr…
ten_wings	26	line:3_ten_wings	translation_pair	Fördernd ist es, zu haben, wohin man geht."" Der Obere stimmt im Willen überein. Kiän ist ein gutes Pferd, das Kernzeiche…	The way opens; the hindrance has been cleared away. A man is in contact with a strong will acting in the same direction …
ten_wings	26	line:4_ten_wings	translation_pair	Das große Heil der Sechs auf viertem Platz besteht darin, daß sie Freude hat. Der Strich ist am Platz der Hörner des Ker…	This line and the one following it are the two that tame the forward-pushing lower lines. Before a bull's horns grow out…
ten_wings	26	line:5_ten_wings	translation_pair	Das Heil der Sechs auf fünftem Platz besteht darin, daß sie Segen hat. Nach einer andern Deutung heißt es: eines jungen …	Here the restraining of the impetuous forward drive is achieved in an indirect way. A boar's tusk is in itself dangerous…
ten_wings	26	line:6_ten_wings	translation_pair	Man erlangt den Himmelsweg"": Die Wahrheit wirkt im Großen. Der obere Strich wird von Sechs auf fünftem Platz als Weiser …	The time of obstruction is past. The energy long dammed up by inhibition forces its way out and achieves great success. …
ten_wings	26	sequence	de_only	Wenn Unschuld da ist, dann kann man zähmen. Darum folgt darauf: des Großen Zähmungskraft. Die himmlische Tugend festhalt…	
oracle	27	intro	translation_pair	​27. I / DIE MUNDWINKEL (DIE ERNÄHRUNG) oben Gen, das Stillehalten, der Berg unten Dschen, das Erregende, der Donner Das…	This hexagram is a picture of an open mouth; above and below are the firm lines of the lips, and between them the openin…
oracle	27	judgment	translation_pair	Die Mundwinkel. Beharrlichkeit bringt Heil. Sieh auf die Ernährung und womit einer selbst sucht, Seinen Mund zu füllen. …	THE CORNERS OF THE MOUTH. Perseverance brings good fortune. Pay heed to the providing of nourishment And to what a man s…
oracle	27	image	translation_pair	Unten am Berg ist der Donner: das Bild der Ernährung. So hat der Edle acht auf seine Worte Und ist mäßig im Essen und Tr…	At the foot of the mountain, thunder: The image of PROVIDING NOURISHMENT. Thus the superior man is careful of his words …
oracle	27	line:1	translation_pair	Du läßt Deine Zauberschildkröte fahren Und blickst nach mir mit herabhängenden Mundwinkeln. Unheil! Die Zauberschildkröt…	You let your magic tortoise go, And look at me with the corners of your mouth drooping. Misfortune.
oracle	27	line:2	translation_pair	Nach dem Gipfel sich.wenden um Ernährung, Vom Wege abweichen, um von dem Hügel Ernährung zu suchen: Wenn man so fortmach…	Turning to the summit for nourishment, Deviating from the path To seek nourishment from the hill. Continuing to do this …
oracle	27	line:3	translation_pair	Abweichen von der Ernährung. Beharrlichkeit bringt Unheil. Zehn Jahre handle nicht danach. Nichts ist fördernd. Wer Nahr…	Turning away from nourishment. Perseverance brings misfortune. Do not act thus for ten years. Nothing serves to further.
oracle	27	line:4	translation_pair	Nach dem Gipfel sich wenden um Ernährung bringt Heil. Mit scharfen Augen wie ein Tiger umherspähen In unersättlichem Beg…	Turning to the summit For provision of nourishment Brings good fortune. Spying about with sharp eyes Like a tiger with i…
oracle	27	line:5	translation_pair	Abweichen vom Weg. Bleiben in Beharrlichkeit bringt Heil. Man soll nicht das große Wasser durchqueren. Man ist sich eine…	Turning away from the path. To remain persevering brings good fortune. One should not cross the great water.
oracle	27	line:6	translation_pair	Die Quelle der Ernährung. Bewußtsein der Gefahr bringt Heil. Fördernd ist es, das große Wasser zu durchqueren. 6 Das Buc…	The source of nourishment. Awareness of danger brings good fortune. It furthers one to cross the great water.
ten_wings	27	judgment_ten_wings	translation_pair	""Die Mundwinkel. Beharrlichkeit bringt Heil."" Wenn man das Rechte ernährt, so bringt das Heil. ,,Sieh auf die Ernährung""…	In bestowing care and nourishment, it is important that the right people should be taken care of and that we should atte…
ten_wings	27	image_ten_wings	translation_pair	Unten am Berg ist der Donner: das Bild der Ernährung. So hat der Edle acht auf seine Worte und ist mäßig im Essen und Tr…	""God comes forth in the sign of the Arousing""2: when in the spring the life forces stir again, all things come into bein…
ten_wings	27	line:1_ten_wings	translation_pair	Du blickst nach mir mit herabhängenden Mundwinkeln""; das ist wahrlich nicht ehrenwert. Das ganze Zeichen erinnert in sei…	The magic tortoise is a creature possessed of such supernatural powers that it lives on air and needs no earthly nourish…
ten_wings	27	line:2_ten_wings	translation_pair	Wenn die Sechs auf zweitem Platz so fortmacht, bringt es Unheil; denn sie verliert beim Gehen ihre Art. Die Sechs auf zw…	Normally a person either provides his own means of nourishment or is supported in a proper way by those whose duty and p…
ten_wings	27	line:3_ten_wings	translation_pair	Zehn Jahre handle nicht danach"": denn es widerspricht allzusehr dem rechten Weg. Auch dieser Strich, der auf dem Gipfel …	He who seeks nourishment that does not nourish reels from desire to gratification and in gratification craves desire. Ma…
ten_wings	27	line:4_ten_wings	translation_pair	Das Heil des sich nach dem Gipfel Wendens um Ernährung beruht darauf, daß der Obere Licht verbreitet. - Der Strich wende…	In contrast to the six in the second place, which refers to a man bent exclusively on his own advantage, this line refer…
ten_wings	27	line:5_ten_wings	translation_pair	Das Heil des Bleibens in Beharrlichkeit beruht darauf, daß er hingebungsvoll dem Oberen folgt. Der Strich ist auf dem Pl…	A man may be conscious of a deficiency in himself. He should be undertaking the nourishment of the people, but he has no…
ten_wings	27	line:6_ten_wings	translation_pair	Die Quelle der Ernährung. Bewußtsein der Gefahr bringt Heil."" Er hat großen Segen. Die Gefahr kommt von der verantwortun…	This describes a sage of the highest order, from whom emanate all influences that provide nourishment for others. Such a…
ten_wings	27	sequence	de_only	Wenn die Dinge festgehalten werden, dann gibt es Ernährung. Darum folgt darauf das Zeichen: Die Mundwinkel. Die Mund- wi…	
oracle	28	intro	translation_pair	​28. DA GO DES GROSSEN ÜBERGEWICHT oben Dui, das Heitere, der See unten Sun, das Sanfte, der Wind, das Holz as Zeichen b…	This hexagram consists of four strong lines inside and two weak lines outside. When the strong are outside and the weak …
oracle	28	judgment	translation_pair	Des Großen Übergewicht. Der Firstbalken biegt sich durch. Fördernd ist es, zu haben, wohin man gehe. Gelingen. Das Große…	PREPONDERANCE OF THE GREAT. The ridgepole sags to the breaking point. It furthers one to have somewhere to go. Success.
oracle	28	image	translation_pair	Der See geht über die Bäume weg: Das Bild des Übergewichts im Großen. So ist der Edle, wenn er allein steht, unbesorgt, …	The lake rises above the trees: The image of PREPONDERANCE OF THE GREAT. Thus the superior man, when he stands alone, Is…
oracle	28	line:1	translation_pair	Unterlegen mit weißem Schilfgras. Kein Makel. Wenn man in außerordentlichen Zeiten etwas beginnen will, so muß man außer…	To spread white rushes underneath. No blame.
oracle	28	line:2	translation_pair	Ein trockener Pappelbaum treibt einen Wurzelsproß. Ein älterer Mann bekommt eine junge Frau. Alles ist fördernd. Das Hol…	A dry poplar sprouts at the root. An older man takes a young wife. Everything furthers.
oracle	28	line:3	translation_pair	Der Firstbalken biegt durch. Unheil. Es ist eine Persönlichkeit gezeichnet, die in Zeiten des Übergewichts des Großen he…	The ridgepole sags to the breaking point. Misfortune.
oracle	28	line:4	translation_pair	Der Firstbalken wird gestützt. Heil. Sind Hintergedanken da, ist es beschämend. Durch freundliche Beziehungen zu den Unt…	The ridgepole is braced. Good fortune. If there are ulterior motives, it is humiliating.
oracle	28	line:5	translation_pair	Eine dürre Pappel treibt Blüten. Ein älteres Weib bekommt einen Mann. Kein Makel. Kein Lob. Eine dürre Pappel, die Blüte…	A withered poplar puts forth flowers. An older woman takes a husband. No blame. No praise.
oracle	28	line:6	translation_pair	Man muß durchs Wasser. Es geht über den Scheitel. Unheil. Kein Makel. Hier ist die Lage gezeichnet, daß das Außerordentl…	One must go through the water. It goes over one's head. Misfortune. No blame.
ten_wings	28	judgment_ten_wings	translation_pair	Des Großen Übergewicht: Das Große ist im Übergewicht. Der Firstbalken biegt sich durch, weil Anfang und Ende schwach sin…	The weight of the great is excessive. The load is too heavy for the strength of the supports. The ridgepole, on which th…
ten_wings	28	image_ten_wings	translation_pair	Der See geht über die Bäume weg: das Bild des Übergewichts im Großen. So ist der Edle, wenn er allein steht, unbesorgt u…	Extraordinary times when the great preponderates are like floodtimes when the lake rises over the treetops. But such con…
ten_wings	28	line:1_ten_wings	translation_pair	Unterlegen mit weißem Schilfgras"": das Weiche ist unten. Der weiche Strich unterhalb des starken Herrn des Zeichens, Neu…	When a man wishes to undertake an enterprise in extraordinary times, he must be extraordinarily cautious, just as when s…
ten_wings	28	line:2_ten_wings	translation_pair	""Ein älterer Mann bekommt eine junge Frau"": Das Außerordentliche besteht in ihrem gegenseitigen Zu- sammenkommen. Das Ze…	Wood is near water; hence the image of an old poplar sprouting at the root. This means an extraordinary reanimation of t…
ten_wings	28	line:3_ten_wings	translation_pair	Das Unheil des Durchbiegens des Firstbalkens kommt daher, daß er keine Unterstützung findet. Der dritte und der vierte S…	This indicates a type of man who in times of preponderance of the great insists on pushing ahead. He accepts no advice f…
ten_wings	28	line:4_ten_wings	translation_pair	Das Heil des gestützten Firstbalkens besteht darin, daß er nicht nach unten durchbiegt. Der Strich ist besser dran als d…	Through friendly relations with people of lower rank, a responsible man succeeds in becoming master of the situation. Bu…
ten_wings	28	line:5_ten_wings	translation_pair	Eine dürre Pappel treibt Blüten."" Wie könnte das lange dauern! ""Ein älteres Weib bekommt einen Mann."" Eine Schande ist e…	A withered poplar that flowers exhausts its energies thereby and only hastens its end. An older woman may marry once mor…
ten_wings	28	line:6_ten_wings	translation_pair	Das Unheil des Durchschreitens des Wassers darf man nicht tadeln. Das obere Zeichen Dui ist ein See, daher das Wasser. D…	Here is a situation in which the unusual has reached a climax. One is courageous and wishes to accomplish one's task, no…
ten_wings	28	sequence	de_only	Ohne Ernährung kann man sich nicht bewegen, darum folgt darauf das Zeichen: Des Großen Übergewicht. Nähren, ohne zu gebr…	
oracle	29	intro	translation_pair	29. KAN / DAS ABGRÜNDIGE oben Kan, das Abgründige, das Wasser unten Kan, das Abgründige, das Wasser as Zeichen besteht a…	This hexagram consists of a doubling of the trigram K'an. It is one of the eight hexagrams in which doubling occurs. The…
oracle	29	judgment	translation_pair	Das wiederholte Abgründige. Wenn du wahrhaftig bist, so hast du im Herzen Gelingen, Und was du tust, hat Erfolg. Durch d…	The Abysmal repeated. If you are sincere, you have success in your heart, And whatever you do succeeds.
oracle	29	image	translation_pair	Das Wasser fließt ununterbrochen und kommt ans Ziel: Das Bild des wiederholten Abgründigen. So wandelt der Edle in dauer…	Water flows on uninterruptedly and reaches its goal: The image of the Abysmal repeated. Thus the superior man walks in l…
oracle	29	line:1	translation_pair	Wiederholung des Abgründigen. Man gerät im Abgrund in ein Loch. Unheil. Gewohnheit des Gefährlichen bewirkt leicht, daß …	Repetition of the Abysmal. In the abyss one falls into a pit. Misfortune.
oracle	29	line:2	translation_pair	Der Abgrund hat Gefahr. Man soll nur Kleines zu erreichen streben. Innerhalb der Gefahr darf man nicht ohne weiteres dan…	The abyss is dangerous. One should strive to attain small things only.
oracle	29	line:3	translation_pair	Vorwärts und rückwärts, Abgrund über Abgrund. In solcher Gefahr halte zunächst inne, Sonst kommst du im Abgrund in ein L…	Forward and backward, abyss on abyss. In danger like this, pause at first and wait, Otherwise you will fall into a pit i…
oracle	29	line:4	translation_pair	Ein Krug Wein, eine Reisschale als Zugabe, Tongeschirr, Einfach zum Fenster hineingereicht. Das ist durchaus kein Makel.…	A jug of wine, a bowl of rice with it; Earthen vessels Simply handed in through the window. There is certainly no blame …
oracle	29	line:5	translation_pair	Der Abgrund wird nicht überfüllt, Er wird nur bis zum Rand gefüllt. Kein Makel. Die Gefahr entsteht daraus, daß man zu h…	The abyss is not filled to overflowing, It is filled only to the rim. No blame.
oracle	29	line:6	translation_pair	Mit Stricken und Tauen gebunden, Eingeschlossen zwischen dornumhegten Kerkermauern; Drei Jahre findet man sich nicht zur…	Bound with cords and ropes, Shut in between thorn-hedged prison walls: For three years one does not find the way. Misfor…
ten_wings	29	judgment_ten_wings	translation_pair	Das wiederholte Abgründige ist die verdoppelte Gefahr. Das Wasser fließt und häuft sich nirgends an, es geht durch ge- f…	Through repetition of danger we grow accustomed to it. Water sets the example for the right conduct under such circumsta…
ten_wings	29	image_ten_wings	translation_pair	Das Wasser ist dauernd in seinem Fließen; so ist der Edle dauernd in seiner Tugend wie der feste Strich inmitten des Abg…	Water reaches its goal by flowing continually. It fills up every depression before it flows on. The superior man follows…
ten_wings	29	line:1_ten_wings	translation_pair	Wiederholung des Abgründigen."" Man gerät in den Abgrund, weil man den Weg verloren hat; das bringt Unheil. Der Strich is…	By growing used to what is dangerous, a man can easily allow it to become part of him. He is familiar with it and grows …
ten_wings	29	line:2_ten_wings	translation_pair	""Man soll nur Kleines zu erreichen streben."" Man hat nämlich die Mitte noch nicht überschritten. Der Strich ist stark un…	When we are in danger we ought not to attempt to get out of it immediately, regardless of circumstances; at first we mus…
ten_wings	29	line:3_ten_wings	translation_pair	,,Vorwärts und rückwärts Abgrund über Abgrund"": da ist endgültig kein Werk möglich. Der Strich ist schwach, nicht auf se…	Here every step, forward or backward, leads into danger. Escape is out of the question. Therefore we must not be misled …
ten_wings	29	line:4_ten_wings	translation_pair	Ein Krug Wein, eine Reisschale als Zugabe."" Es ist die Grenze von Fest und Weich. Das Zeichen Kan bedeutet Wein. Das Ker…	In times of danger ceremonious forms are dropped. What matters most is sincerity. Although as a rule it is customary for…
ten_wings	29	line:5_ten_wings	translation_pair	Der Abgrund wird nicht überfüllt"", denn der zentrale Strich ist noch nicht groß. Der Herr des Zeichens, der zudem stark …	Danger comes because one is too ambitious. In order to flow out of a ravine, water does not rise higher than the lowest …
ten_wings	29	line:6_ten_wings	translation_pair	Die obere Sechs hat den Weg verloren. Dies Unheil währt drei Jahre lang. Im Unterschied zur Anfangssechs, die innerhalb …	A man who in the extremity of danger has lost the right way and is irremediably entangled in his sins has no prospect of…
ten_wings	29	sequence	de_only	Die Dinge können nicht dauernd im Übergewichtszustand sein. Darum folgt darauf das Zeichen: das Abgründige. Das Abgründi…	
oracle	30	intro	translation_pair	​30. LI Į DAS HAFTENDE, DAS FEUER oben Li, das Haftende, das Feuer unten Li, das Haftende, das Feuer uch dieses Zeichen …	This hexagram is another double sign. The trigram Li means, ""to cling to something,"" ""to be conditioned,"" ""to depend or …
oracle	30	judgment	translation_pair	Das Haftende. Fördernd ist Beharrlichkeit. Sie bringt Gelingen. Pflege der Kuh bringt Heil. Das Dunkle haftet am Lichten…	THE CLINGING. Perseverance furthers. It brings success. Care of the cow brings good fortune.
oracle	30	image	translation_pair	Die Helle erhebt sich zweimal: das Bild des Feuers. So erleuchtet der große Mann durch Fortsetzung dieser Helle die vier…	That which is bright rises twice: The image of FIRE. Thus the great man, by perpetuating this brightness, Illumines the …
oracle	30	line:1	translation_pair	Die Fußspuren laufen kreuz und quer. Wenn man ernst dabei ist: kein Makel. Es ist früher Morgen. Die Arbeit beginnt. Nac…	The footprints run crisscross. If one is seriously intent, no blame.
oracle	30	line:2	translation_pair	Gelber Schein. Erhabenes Heil. Der Mittag des Tages ist erreicht. Die Sonne strahlt in gelbem Schein. Gelb ist die Farbe…	Yellow light. Supreme good fortune.
oracle	30	line:3	translation_pair	Beim Schein der untergehenden Sonne Schlagen die Menschen entweder auf den Topf und singen, Oder sie seufzen laut über d…	In the light of the setting sun, Men either beat the pot and sing Or loudly bewail the approach of old age. Misfortune.
oracle	30	line:4	translation_pair	Plötzlich ist sein Kommen; Es brennt auf, erstirbt, wird weggeworfen. Die Klarheit des Verstandes verhält sich zum Leben…	Its coming is sudden; It flames up, dies down, is thrown away.
oracle	30	line:5	translation_pair	Weinend in Strömen, seufzend und klagend. Heil! Hier ist der Höhepunkt des Lebens. Ohne Warnung würde man in dieser Posi…	Tears in floods, sighing and lamenting. Good fortune.
oracle	30	line:6	translation_pair	Der König gebraucht ihn, auszuziehen und zu züchtigen. Am besten ist es dann, die Häupter zu töten Und die Nachläufer ge…	The king uses him to march forth and chastise. Then it is best to kill the leaders And take captive the followers. No bl…
ten_wings	30	judgment_ten_wings	translation_pair	Haften bedeutet: auf etwas Beruhen. Sonne und Mond haf- ten am Himmel. Das Korn, Kräuter und Bäume haften am Erdboden. D…	What is dark clings to what is light and so enhances the brightness of the latter. A luminous thing giving out light mus…
ten_wings	30	image_ten_wings	translation_pair	Das Helle erhebt sich zweimal: das Bild des Feuers. So er- leuchtet der große Mann durch Fortsetzung dieser Helle die vi…	Each of the two trigrams represents the sun in the course of a day. The two together represent the repeated movement of …
ten_wings	30	line:1_ten_wings	translation_pair	Der Ernst beim Durcheinanderlaufen der Fußspuren dient dazu, Makel zu vermeiden. Der Anfangsstrich bedeutet den Morgen. …	It is early morning and work begins. The mind has been closed to the outside world in sleep; now its connections with th…
ten_wings	30	line:2_ten_wings	translation_pair	Das erhabene Heil des gelben Scheines besteht darin, daß man den Mittelweg gefunden hat. Der Strich ist in der Mitte des…	Midday has come; the sun shines with a yellow light. Yellow is the color of measure and mean. Yellow light is therefore …
ten_wings	30	line:3_ten_wings	translation_pair	Wie kann man den Schein der untergehenden Sonne lange festhalten wollen! Der dritte Strich steht am Ende des unteren Zei…	Here the end of the day has come. The light of the setting sun calls to mind the fact that life is transitory and condit…
ten_wings	30	line:4_ten_wings	translation_pair	Plötzlich ist sein Kommen."" Es hat aber nichts an sich, durch das es aufgenommen würde. Der vierte Strich ist unruhig am…	Clarity of mind has the same relation to life that fire has to wood. Fire clings to wood, but also consumes it. Clarity …
ten_wings	30	line:5_ten_wings	translation_pair	Das Heil der Sechs auf fünftem Platz haftet am König und Fürsten. Der fünfte Platz ist der Platz des Herrschers. Da der …	Here the zenith of life has been reached. Were there no warning, one would at this point consume oneself like a flame. I…
ten_wings	30	line:6_ten_wings	translation_pair	""Der König gebraucht ihn, auszuziehen und zu züchtigen"": um das Land in Zucht zu bringen. Der König ist der Herr des Zei…	It is not the purpose of chastisement to impose punishment blindly but to create discipline. Evil must be cured at its r…
ten_wings	30	sequence	de_only	In einer Vertiefung gibt es sicher etwas, das darin haftet. Darum folgt darauf das Zeichen: das Haftende. Das Haftende b…	
oracle	31	intro	translation_pair	31. HIAN / DIE EINWIRKUNG (DIE WERBUNG) oben Dui, das Heitere, der See unten Gen, das Stillehalten, der Berg D er Name d…	The name of the hexagram means ""universal,"" ""general,"" and in a figurative sense ""to influence,"" ""to stimulate."" The upp…
oracle	31	judgment	translation_pair	Die Einwirkung. Gelingen. Fördernd ist Beharrlichkeit. Ein Mädchen nehmen bringt Heil. Das Schwache ist oben, das Starke…	Influence. Success. Perseverance furthers. To take a maiden to wife brings good fortune.
oracle	31	image	translation_pair	Auf dem Berge ist ein See. Das Bild der Einwirkung. So läßt der Edle durch Aufnahmebereitschaft die Menschen an sich her…	A lake on the mountain: The image of influence. Thus the superior man encourages people to approach him By his readiness…
oracle	31	line:1	translation_pair	Die Einwirkung äußert sich in der großen Zehe. Eine Bewegung, ehe sie wirklich ausgeführt wird, äußert sich zunächst in …	The influence shows itself in the big toe.
oracle	31	line:2	translation_pair	Die Einwirkung äußert sich in den Waden. Unheil! Verweilen bringt Heil! Die Wade folgt dem Fuß in der Bewegung. Sie kann…	The influence shows itself in the calves of the legs. Misfortune. Tarrying brings good fortune.
oracle	31	line:3	translation_pair	Die Einwirkung äußert sich in den Schenkeln. Hält sich an das, was ihm folgt. Weitermachen ist beschämend. Jede Stimmung…	The influence shows itself in the thighs. Holds to that which follows it. To continue is humiliating.
oracle	31	line:4	translation_pair	Beharrlichkeit bringt Heil! Die Reue schwindet. Wenn man aufgeregt hin und her denkt, So folgen nur die Freunde, Auf die…	Perseverance brings good fortune. Remorse disappears. If a man is agitated in mind, And his thoughts go hither and thith…
oracle	31	line:5	translation_pair	Die Einwirkung äußert sich im Nacken. Keine Reue. Der Nacken ist der unbeweglichste Teil des Körpers. Wenn die Einwirkun…	The influence shows itself in the back of the neck. No remorse.
oracle	31	line:6	translation_pair	Die Einwirkung äußert sich in Kinnladen, Wangen und Zunge. Die äußerlichste Art, auf andre Einfluß bekommen zu wollen, i…	The influence shows itself in the jaws, cheeks, and tongue.
ten_wings	31	judgment_ten_wings	translation_pair	Die Einwirkung bedeutet Anregung. Das Schwache ist oben und das Starke unten. Ihre beiden Kräfte beeinflussen und antwor…	The weak element is above, the strong below; hence their powers attract each other, so that they unite. This brings abou…
ten_wings	31	image_ten_wings	translation_pair	Auf dem Berge ist ein See: das Bild der Einwirkung. So läßt der Edle durch Aufnahmebereitschaft die Menschen an sich her…	A mountain with a lake on its summit is stimulated by the moisture from the lake. It has this advantage because its summ…
ten_wings	31	line:1_ten_wings	translation_pair	Einwirkung in der großen Zehe: der Wille ist nach außen gerichtet. Der Strich steht in Beziehung zur Neun auf viertem Pl…	A movement, before it is actually carried out, shows itself first in the toes. The idea of an influence is already prese…
ten_wings	31	line:2_ten_wings	translation_pair	Wenn auch Unheil droht, so ist Verweilen von Heil! Durch Hingebung kommt man nicht zu Schaden. Der Strich steht in Bezie…	In movement, the calf of the leg follows the foot; by itself it can neither go forward nor stand still. Since the moveme…
ten_wings	31	line:3_ten_wings	translation_pair	Die Einwirkung äußert sich in den Schenkeln."" Er kann eben auch nicht stillehalten. Wenn der Wille darauf gerichtet ist,…	Every mood of the heart influences us to movement. What the heart desires, the thighs run after without a moment's hesit…
ten_wings	31	line:4_ten_wings	translation_pair	Beharrlichkeit bringt Heil. Die Reue schwindet."" Denn man regt auf diese Weise nichts Schädliches an. ,,Aufgeregtes Hin-…	Here the place of the heart is reached. The impulse that springs from this source is the most important of all. It is of…
ten_wings	31	line:5_ten_wings	translation_pair	Die Einwirkung äußert sich im Nacken."" Der Wille ist auf die Verzweigungen gerichtet. Der Nacken ist unbeweglich. Die Ei…	The back of the neck is the most rigid part of the body. When the influence shows itself there, the will remains firm an…
ten_wings	31	line:6_ten_wings	translation_pair	""Die Einwirkung äußert sich in Kinnladen, Wangen und Zunge."" Er macht den Mund auf und schwätzt. Eine schwache Linie, di…	The most superficial way of trying to influence others is through talk that has nothing real behind it. The influence pr…
ten_wings	31	sequence	de_only	Nachdem es Himmel und Erde gibt, gibt es die einzelnen Dinge. Nachdem die Einzeldinge ins Dasein getreten sind, gibt es …	
oracle	32	intro	translation_pair	​32. HONG / DIE DAUER oben Dschen, das Erregende, der Donner unten Sun, das Sanfte, der Wind as starke Zeichen Dschen is…	The strong trigram Chên is above, the weak trigram Sun below. This hexagram is the inverse of the preceding one. In the …
oracle	32	judgment	translation_pair	Gelingen. Kein Makel. Fördernd ist Beharrlichkeit. Fördernd ist, zu haben, wohin man gehe. Die Dauer ist ein Zustand, de…	DURATION. Success. No blame. Perseverance furthers. It furthers one to have somewhere to go.
oracle	32	image	translation_pair	Donner und Wind: Das Bild der Dauer. So steht der Edle fest und wandelt seine Richtung nicht. Der Donner rollt, und der …	Thunder and wind: the image of DURATION. Thus the superior man stands firm And does not change his direction.
oracle	32	line:1	translation_pair	Zu rasch Dauer wollen, bringt beharrlich Unheil! Nichts, was fördernd wäre. Etwas Dauerndes läßt sich nur allmählich dur…	Seeking duration too hastily brings misfortune persistently. Nothing that would further.
oracle	32	line:2	translation_pair	Reue schwindet. Die Situation ist abnorm. Die Kraft des Charakters ist stärker als die zu Ge- bote stehende materielle M…	Remorse disappears.
oracle	32	line:3	translation_pair	Wer seinem Charakter nicht Dauer gibt, Dem bietet man Schande. Beharrliche Beschämung. Wenn man in seinem Wesen umgetrie…	He who does not give duration to his character Meets with disgrace. Persistent humiliation.
oracle	32	line:4	translation_pair	Im Feld ist kein Wild. Wenn man auf der Jagd zu Schuß kommen will, so muß man es auf die rechte Weise anfangen. Wenn man…	No game in the field.
oracle	32	line:5	translation_pair	Seinem Charakter Dauer geben durch Beharrlichkeit, Das ist für eine Frau von Heil, für einen Mann von Unheil. Eine Frau …	Giving duration to one's character through perseverance. This is good fortune for a woman, misfortune for a man.
oracle	32	line:6	translation_pair	Rastlosigkeit als dauernder Zustand bringt Unheil. Es gibt Menschen, die dauernd in hastiger Bewegung sind, ohne innerli…	Restlessness as an enduring condition brings misfortune.
ten_wings	32	judgment_ten_wings	translation_pair	Dauer bedeutet das Langewährende. Das Starke ist oben, das Schwache unten; Donner und Wind wirken zusammen. Sanft und be…	Duration is a state whose movement is not worn down by hindrances. It is not a state of rest, for mere standstill is reg…
ten_wings	32	image_ten_wings	translation_pair	Der Donner ist das Bewegliche, der Wind das Eindringende: das äußerst Bewegliche, das Dauer hat im Gesetz der Bewegung. …	Thunder rolls, and the wind blows; both are examples of extreme mobility and so are seemingly the very opposite of durat…
ten_wings	32	line:1_ten_wings	translation_pair	Das Unheil zu rascher Dauer kommt davon her, daß man gleich im Anfang zuviel will. Die Anfangslinie ist der Herr des Zei…	Whatever endures can be created only gradually by long-continued work and careful reflection. In the same sense Lao-tse …
ten_wings	32	line:2_ten_wings	translation_pair	Die Neun auf zweitem Platz hat Schwinden der Reue, weil sie dauernd zentral ist. Ein starker Strich auf schwachem Platz …	The situation is abnormal. A man's force of character is greater than the available material power. Thus he might be afr…
ten_wings	32	line:3_ten_wings	translation_pair	Wer seinem Charakter nicht Dauer gibt"", findet keine Dul- dung. Der Strich ist auf der Grenze des Übergangs vom unteren …	If a man remains at the mercy of moods of hope or fear aroused by the outer world, he loses his inner consistency of cha…
ten_wings	32	line:4_ten_wings	translation_pair	Wenn man dauernd nicht auf seinem Platz ist, wie kann man da Wild finden! Dschen hat als Attribut das Pferd, das sich üb…	If we are in pursuit of game and want to get a shot at a quarry, we must set about it in the right way. A man who persis…
ten_wings	32	line:5_ten_wings	translation_pair	Für eine Frau ist Beharrlichkeit von Heil, denn sie folgt einem ihr ganzes Leben lang. Ein Mann muß sich an seine Pflich…	A woman should follow a man her whole life long, but a man should at all times hold to what is his duty at the given mom…
ten_wings	32	line:6_ten_wings	translation_pair	Rastlosigkeit als Dauerzustand an oberer Stelle ist ganz ohne Verdienst. Dschen hat als Eigenschaft die Bewegung. Hier i…	There are people who live in a state of perpetual hurry without ever attaining inner composure. Restlessness not only pr…
ten_wings	32	sequence	de_only	Der Weg von Gatte und Gattin darf nicht anders als lange- während sein. Darum folgt darauf das Zeichen: die Dauer. Dauer…	
oracle	33	intro	translation_pair	遯 ​33. DUN / DER RÜCKZUG oben Kiän, das Schöpferische, der Himmel unten Gen, das Stillehalten, der Berg Die ie Kraft des…	The power of the dark is ascending. The light retreats to security, so that the dark cannot encroach upon it. This retre…
oracle	33	judgment	translation_pair	Der Rückzug. Gelingen. Im Kleinen ist fördernd Beharrlichkeit. Die Verhältnisse sind so, daß die feindlichen Kräfte, dur…	RETREAT. Success. In what is small, perseverance furthers.
oracle	33	image	translation_pair	Unter dem Himmel ist der Berg: Das Bild des Rückzugs. So hält der Edle den Gemeinen fern, Nicht zornig, sondern gemessen…	Mountain under heaven: the image of RETREAT. Thus the superior man keeps the inferior man at a distance, Not angrily but…
oracle	33	line:1	translation_pair	Beim Rückzug am Schwanz: das ist gefährlich. Man darf nicht etwas unternehmen wollen. Da das Zeichen das Abbild von etwa…	At the tail in retreat. This is dangerous. One must not wish to undertake anything.
oracle	33	line:2	translation_pair	Er hält ihn fest mit gelbem Ochsenleder. Niemand vermag ihn loszureißen. Gelb ist die Farbe der Mitte. Sie deutet auf da…	He holds him fast with yellow oxhide. No one can tear him loose.
oracle	33	line:3	translation_pair	Aufgehaltener Rückzug ist peinlich und gefahrvoll. Die Menschen als Knechte und Mägde zu halten, bringt Heil. Wenn es Ze…	A halted retreat Is nerve-wracking and dangerous. To retain people as men- and maidservants Brings good fortune.
oracle	33	line:4	translation_pair	Freiwilliger Rückzug bringt dem Edlen Heil, Dem Gemeinen Niedergang. Beim Rückzug handelt es sich für den höheren Mensch…	Voluntary retreat brings good fortune to the superior man And downfall to the inferior man.
oracle	33	line:5	translation_pair	Freundlicher Rückzug. Beharrlichkeit bringt Heil. Es ist die Sache des Edlen, rechtzeitig zu erkennen, wann es Zeit ist,…	Friendly retreat. Perseverance brings good fortune.
oracle	33	line:6	translation_pair	Heiterer Rückzug. Alles ist fördernd. Die Lage ist unzweideutig. Die innere Loslösung ist eine feststehende Tat- sache. …	Cheerful retreat. Everything serves to further.
ten_wings	33	judgment_ten_wings	translation_pair	""Der Rückzug. Gelingen"": das heißt eben, im Rückzug liegt das Gelingen. Das Feste ist auf dem gebührenden Platz und find…	Conditions are such that the hostile forces favored by the time are advancing. In this case retreat is the right course,…
ten_wings	33	image_ten_wings	translation_pair	Unter dem Himmel ist der Berg: das Bild des Rückzugs. So hält der Edle den Gemeinen fern: nicht zornig, sondern ge- mess…	The mountain rises up under heaven, but owing to its nature it finally comes to a stop. Heaven on the other hand retreat…
ten_wings	33	line:1_ten_wings	translation_pair	Wenn man in der Gefahr des sich zurückziehenden Schwanzes nichts unternimmt, welch Unheil sollte einen da treffen? Die b…	Since the hexagram is the picture of something that is retreating, the lowest line represents the tail and the top line …
ten_wings	33	line:2_ten_wings	translation_pair	Er hält ihn fest mit gelbem Ochsenleder"": das bedeutet den festen Willen. Auch hier ist der Rückzug gehemmt. Der Strich …	Yellow is the color of the middle. It indicates that which is correct and in line with duty. Oxhide is strong and not to…
ten_wings	33	line:3_ten_wings	translation_pair	Daß die Gefahr des aufgehaltenen Rückzugs peinlich ist, wirkt ermüdend. ,,Die Menschen als Knechte und Mägde zu halten, …	When it is time to retreat it is both unpleasant and dangerous to be held back, because then one no longer has freedom o…
ten_wings	33	line:4_ten_wings	translation_pair	Der Edle zieht sich freiwillig zurück, das bringt dem Gemei- nen Niedergang. Hier ist der Eintritt in das obere Halbzeic…	In retreating the superior man is intent on taking his departure willingly and in all friendliness. He easily adjusts hi…
ten_wings	33	line:5_ten_wings	translation_pair	Freundlicher Rückzug. Beharrlichkeit bringt Heil""; weil dadurch der Wille eine richtige Entscheidung trifft. Der Wille i…	It is the business of the superior man to recognize in time that the moment for retreat has come. If the right moment is…
ten_wings	33	line:6_ten_wings	translation_pair	Heiterer Rückzug. Alles ist fördernd""; weil nämlich kein Zweifel mehr möglich ist. Man weiß hier genau, was man zu tun h…	The situation is unequivocal. Inner detachment has become an established fact, and we are at liberty to depart. When one…
ten_wings	33	sequence	de_only	Die Dinge können nicht dauernd an ihrem Platz weilen, dar- um folgt darauf das Zeichen: der Rückzug. Rückzug bedeutet da…	
oracle	34	intro	translation_pair	​34. DA DSCHUANG DES GROSSEN MACHT oben Dschen, das Erregende, der Donner unten Kiän, das Schöpferische, der Himmel D ie…	The great lines, that is, the light, strong lines, are powerful. Four light lines have entered the hexagram from below a…
oracle	34	judgment	translation_pair	Des Großen Macht. Fördernd ist Beharrlichkeit. Das Zeichen deutet auf eine Zeit, da innerer Wert gewaltig aufsteigt und …	THE POWER OF THE GREAT. Perseverance furthers.
oracle	34	image	translation_pair	Der Donner ist am Himmel droben: Das Bild der Macht des Großen. So tritt der Edle nicht auf Wege, Die nicht der Ordnung …	Thunder in heaven above: The image of THE POWER OF THE GREAT. Thus the superior man does not tread upon paths That do no…
oracle	34	line:1	translation_pair	Macht in den Zehen. Fortmachen bringt Unheil. Das ist gewißlich wahr. Die Zehen sind ganz unten und sind bereit, voranzu…	Power in the toes. Continuing brings misfortune. This is certainly true.
oracle	34	line:2	translation_pair	Beharrlichkeit bringt Heil! Die vorausgesetzte Lage ist, daß die Pforten des Erfolgs sich zu öffnen be- ginnen. Der Wide…	Perseverance brings good fortune.
oracle	34	line:3	translation_pair	Der Gemeine wirkt durch Macht, der Edle wirkt nicht so. Fortmachen ist gefährlich. Ein Ziegenbock stößt gegen eine Hecke…	The inferior man works through power. The superior man does not act thus. To continue is dangerous. A goat butts against…
oracle	34	line:4	translation_pair	Beharrlichkeit bringt Heil! Die Reue schwindet. Die Hecke öffnet sich, es gibt keine Verwicklung. Die Macht beruht auf d…	Perseverance brings good fortune. Remorse disappears. The hedge opens; there is no entanglement. Power depends upon the …
oracle	34	line:5	translation_pair	Verliert den Bock in Leichtigkeit. Keine Reue! Der Bock zeichnet sich durch äußere Härte bei innerer Schwäche aus. Nun i…	Loses the goat with ease. No remorse.
oracle	34	line:6	translation_pair	Ein Bock stößt gegen eine Hecke. Er kann nicht zurück, er kann nicht voran. Nichts ist fördernd. Merkt man die Schwierig…	A goat butts against a hedge. It cannot go backward, it cannot go forward. Nothing serves to further. If one notes the d…
ten_wings	34	judgment_ten_wings	translation_pair	Des Großen Macht bedeutet, daß die Großen mächtig sind. Stark in der Bewegung, darauf beruht die Macht. Des Großen Macht…	The hexagram points to a time when inner worth mounts with great force and comes to power. But its strength has already …
ten_wings	34	image_ten_wings	translation_pair	faltung. Das Zeichen Dschen hat als Bild auch den Fuß, das Zeichen Kiän als Eigenschaft ""groß und recht"". Der Fuß tritt …	Thunder—electrical energy—mounts upward in the spring. The direction of this movement is in harmony with that of the mov…
ten_wings	34	line:1_ten_wings	translation_pair	Macht in den Zehen."" n Das führt gewißlich zu Mißerfolg. Der Anfangsstrich hat wie häufig die Bedeutung der Zehen (vgl. …	The toes are in the lowest place and are ready to advance. So likewise great power in lowly station is inclined to effec…
ten_wings	34	line:2_ten_wings	translation_pair	Daß die Neun auf zweitem Platz durch Beharrlichkeit Heil findet, kommt daher, daß sie an zentraler Stelle ist. An sich i…	The premise here is that the gates to success are beginning to open. Resistance gives way and we forge ahead. This is th…
ten_wings	34	line:3_ten_wings	translation_pair	Der Gemeine braucht seine Macht. Das tut der Edle nicht. Es ist mit diesen Worten der erste Satz der Orakelworte erklärt…	Making a boast of power leads to entanglements, just as a goat entangles its horns when it butts against a hedge. Wherea…
ten_wings	34	line:4_ten_wings	translation_pair	""Die Hecke öffnet sich, es gibt keine Verwicklung."" Er kann nach oben hin. Dieser Strich ist der Herr des Zeichens als o…	If a man goes on quietly and perseveringly working at the removal of resistances, success comes in the end. The obstruct…
ten_wings	34	line:5_ten_wings	translation_pair	""Verliert den Bock in Leichtigkeit."" Denn der Platz ist nicht der gebührende. Der Platz ist stark, ja der Platz des Fürs…	The goat is noted for hardness outwardly and weakness within. Now the situation is such that everything is easy; there i…
ten_wings	34	line:6_ten_wings	translation_pair	Er kann nicht zurück. Er kann nicht voran."" n Das ist nicht glückbringend. ,,Merkt man die Schwierigkeit, so bringt das …	If we venture too far we come to a deadlock, unable either to advance or to retreat, and whatever we do merely serves to…
ten_wings	34	sequence	de_only	Die Dinge können sich nicht dauernd zurückziehen, darum folgt darauf,,Des Großen Macht"".	
oracle	35	intro	translation_pair	​35. DSIN / DER FORTSCHRITT oben Li, das Haftende, das Feuer unten Kun, das Empfangende, die Erde as Zeichen stellt die …	The hexagram represents the sun rising over the earth. It is therefore the symbol of rapid, easy progress, which at the …
oracle	35	judgment	translation_pair	Der Fortschritt: Der starke Fürst wird geehrt durch Pferde in großer Menge. An einem Tage wird er dreimal empfangen.	PROGRESS. The powerful prince Is honored with horses in large numbers. In a single day he is granted audience three time…
oracle	35	image	translation_pair	Die Sonne steigt über die Erde empor: Das Bild des Fortschritts. So macht der Edle selbst seine klaren Anlagen hell. Das…	The sun rises over the earth: The image of PROGRESS. Thus the superior man himself Brightens his bright virtue.
oracle	35	line:1	translation_pair	Fortschreitend, aber zurückgewiesen. Beharrlichkeit bringt Heil! Wenn man kein Vertrauen findet, so bleibe man gelassen.…	Progressing, but turned back. Perseverance brings good fortune. If one meets with no confidence, one should remain calm.…
oracle	35	line:2	translation_pair	Fortschreitend, aber in Trauer. ¹ Hier ist das Thema, das in der ""Höheren Bildung"" (Da Hão) ausführlich behandelt wird. …	Progressing, but in sorrow. Perseverance brings good fortune. Then one obtains great happiness from one's ancestress.
oracle	35	line:3	translation_pair	Alle sind einverstanden. Die Reue schwindet. Man strebt voran, und zwar in Gemeinschaft mit andern, durch deren Ein- ver…	All are in accord. Remorse disappears.
oracle	35	line:4	translation_pair	Fortschritt wie ein Hamster. Beharrlichkeit bringt Gefahr. In Zeiten des Fortschritts ist es für starke Menschen leicht,…	Progress like a hamster. Perseverance brings danger.
oracle	35	line:5	translation_pair	Die Reue schwindet. Gewinn und Verlust nimm nicht zu Herzen. Unternehmungen bringen Heil. Alles ist fördernd. Es ist hie…	Remorse disappears. Take not gain and loss to heart. Undertakings bring good fortune. Everything serves to further.
oracle	35	line:6	translation_pair	Fortschreiten mit den Hörnern darf man nur, Um sein eignes Gebiet zu strafen. Bewußtsein der Gefahr bringt Heil. Kein Ma…	Making progress with the horns is permissible Only for the purpose of punishing one's own city. To be conscious of dange…
ten_wings	35	judgment_ten_wings	translation_pair	Fortschritt bedeutet Vorankommen. Die Klarheit steigt über die Erde empor. Hingebend und haftend an der großen Klar- hei…	As an example of progress, this pictures a time when a powerful feudal lord rallies the other lords around the sovereign…
ten_wings	35	image_ten_wings	translation_pair	Das Bild wird ohne weiteres erklärt durch die gegenseitige Stellung der beiden Zeichen, von denen das Zeichen Li, Licht,…	The light of the sun as it rises over the earth is by nature clear. The higher the sun rises, the more it emerges from t…
ten_wings	35	line:1_ten_wings	translation_pair	Fortschreitend, aber zurückgewiesen."" Einsam geht er im Rechten. Gelassenheit ist kein Fehler. Noch hat man die Berufung…	At a time when all elements are pressing for progress, we are still uncertain whether in the course of advance we may no…
ten_wings	35	line:2_ten_wings	translation_pair	Man bekommt großes Glück."" Infolge der zentralen und korrekten Stellung. Der Strich ist gleichen Wesens mit dem Herrn de…	Progress is halted; an individual is kept from getting in touch with the man in authority with whom he has a connection.…
ten_wings	35	line:3_ten_wings	translation_pair	Alle sind einverstanden"": denn der Wille ist es, nach oben zu gehen. Der Strich ist dem oberen Zeichen Li, Klarheit, gan…	A man strives onward, in association with others whose backing encourages him. This dispels any cause for regret over th…
ten_wings	35	line:4_ten_wings	translation_pair	Ein Hamster kommt bei Beharrlichkeit in Gefahr: der Platz ist nicht der gebührende. Der Strich ist an der Spitze des Zei…	In times of progress it is easy for strong men in the wrong places to amass great possessions. But such conduct shuns th…
ten_wings	35	line:5_ten_wings	translation_pair	Gewinn und Verlust nimm nicht zu Herzen."" Unternehmung bringt Segen. Ein Yinstrich auf Yangplatz sollte eigentlich Reue …	The situation described here is that of one who, finding himself in an influential position in a time of progress, remai…
ten_wings	35	line:6_ten_wings	translation_pair	Man darf es nur, um sein eigenes Gebiet zu strafen."" Der Weg ist noch nicht im Hellen. Der obere Strich ist stark. Das l…	Making progress with lowered horns—i.e., acting on the offensive—is permissible, in times like those referred to here, o…
ten_wings	35	sequence	de_only	Die Wesen können nicht dauernd im Zustand der Macht ver- harren, darum folgt das Zeichen: Fortschritt. Fortschritt be- d…	
oracle	36	intro	translation_pair	36. MING I DIE VERFINSTERUNG DES LICHTS oben Kun, das Empfangende, die Erde unten Li, das Haftende, das Feuer 明夷 ​ie Son…	Here the sun has sunk under the earth and is therefore darkened. The name of the hexagram means literally ""wounding of t…
oracle	36	judgment	translation_pair	Die Verfinsterung des Lichts. Fördernd ist es, in der Not beharrlich zu sein. Man darf sich auch von ungünstigen Verhält…	DARKENING OF THE LIGHT. In adversity It furthers one to be persevering.
oracle	36	image	translation_pair	Das Licht ist in die Erde hineingesunken: Das Bild der Verfinsterung des Lichts. So lebt der Edle mit der großen Menge: …	The light has sunk into the earth: The image of DARKENING OF THE LIGHT. Thus does the superior man live with the great m…
oracle	36	line:1	translation_pair	Verfinsterung des Lichts im Fluge. Er senkt seine Flügel. Der Edle auf seiner Wanderschaft ißt drei Tage nichts. Aber er…	Darkening of the light during flight. He lowers his wings. The superior man does not eat for three days On his wandering…
oracle	36	line:2	translation_pair	Die Verfinsterung des Lichts verletzt ihn am linken Schenkel. Er wirkt Hilfe mit der Macht eines Pferdes. Heil. Hier ist…	Darkening of the light injures him in the left thigh. He gives aid with the strength of a horse. Good fortune.
oracle	36	line:3	translation_pair	Die Verfinsterung des Lichts auf der Jagd im Süden. Man bekommt ihr großes Haupt. Man darf nicht zu eilig Beharrlichkeit…	Darkening of the light during the hunt in the south. Their great leader is captured. One must not expect perseverance to…
oracle	36	line:4	translation_pair	Er dringt in die linke Bauchhöhle ein. Man erhält das Herz der Verfinsterung des Lichts Und verläßt Tor und Hof. Man bef…	He penetrates the left side of the belly. One gets at the very heart of the darkening of the light, And leaves gate and …
oracle	36	line:5	translation_pair	Verfinsterung des Lichts wie beim Prinzen Gi. Fördernd ist Beharrlichkeit. Der Prinz Gi lebte am Hof des finsteren Tyran…	Darkening of the light as with Prince Chi. Perseverance furthers.
oracle	36	line:6	translation_pair	Nicht Licht, sondern Dunkel. Erst stieg er zum Himmel empor, Dann stürzte er in die Tiefen der Erde hinunter. Hier ist d…	Not light but darkness. First he climbed up to heaven, Then he plunged into the depths of the earth.
ten_wings	36	judgment_ten_wings	translation_pair	Das Licht ist in die Erde hineingesunken: Verfinsterung des Lichts. Innen schön und klar, außen weich und hingebend und …	One must not unresistingly let himself be swept along by unfavorable circumstances, nor permit his steadfastness to be s…
ten_wings	36	image_ten_wings	translation_pair	Das Licht ist in die Erde hineingesunken: das Bild der Ver- finsterung des Lichts. So lebt der Edle mit der großen Menge…	In a time of darkness it is essential to be cautious and reserved. One should not needlessly awaken overwhelming enmity …
ten_wings	36	line:1_ten_wings	translation_pair	Der Edle auf seiner Wanderschaft hat die Verpflichtung, nichts zu essen. Das Zeichen Li hat als Symboltier den Fasan, da…	With grandiose resolve a man endeavors to soar above all obstacles, but thus encounters a hostile fate. He retreats and …
ten_wings	36	line:2_ten_wings	translation_pair	Das Heil der Sechs auf zweitem Platz kommt daher, daß sie hingebend an die Regel ist. Man sollte aus der Situation Unhei…	Here the Lord of Light is in a subordinate place and is wounded by the Lord of Darkness. But the injury is not fatal; it…
ten_wings	36	line:3_ten_wings	translation_pair	Die Absicht der Jagd im Süden hat großen Erfolg. Die Absicht ist auf die Jagd gerichtet. Daß der Erfolg eintritt, daß da…	It seems as if chance were at work. While the strong, loyal man is striving eagerly and in good faith to create order, h…
ten_wings	36	line:4_ten_wings	translation_pair	Er dringt in die linke Bauchhöhle ein"", d. h. er erfährt die innerste Gesinnung des Herzens. Kun, das obere Halbzeichen,…	We find ourselves close to the commander of darkness and so discover his most secret thoughts. In this way we realize th…
ten_wings	36	line:5_ten_wings	translation_pair	Die Beharrlichkeit des Prinzen Gi zeigt, daß das Licht nicht zum Aufhören gebracht werden kann. Auf diesen Strich, der z…	Prince Chi lived at the court of the evil tyrant Chou Hsin, who, although not mentioned by name, furnishes the historica…
ten_wings	36	line:6_ten_wings	translation_pair	Erst stieg er zum Himmel empor"": Da hätte er die Länder aller vier Himmelsgegenden er- leuchten können. ,,Dann stürzte e…	Here the climax of the darkening is reached. The dark power at first held so high a place that it could wound all who we…
ten_wings	36	sequence	de_only	Expansion wird sicher auf Widerstand und Beschädigung stoßen. Darum folgt darauf das Zeichen,,Verfinsterung des Lichts"".…	
oracle	37	intro	translation_pair	​37. GIA JEN / DIE SIPPE oben Sun, das Sanfte, der Wind unten Li, das Haftende, das Feuer Das as Zeichen stellt die Gese…	This hexagram represents the laws obtaining within the family. The strong line at the top represents the father, the low…
oracle	37	judgment	translation_pair	Die Sippe. Fördernd ist die Beharrlichkeit der Frau. Die Grundlage der Sippe sind die Beziehungen von Gatte und Gattin. …	THE FAMILY. The perseverance of the woman furthers.
oracle	37	image	translation_pair	Der Wind kommt aus dem Feuer hervor: Das Bild der Sippe. So hat der Edle in seinen Worten die Sache Und in seinem Wandel…	The image of THE FAMILY. Thus the superior man has substance in his words And duration in his way of life.
oracle	37	line:1	translation_pair	Fester Abschluß innerhalb der Sippe. Reue schwindet. Die Familie muß eine festbegrenzte Einheit bilden, innerhalb deren …	Firm seclusion within the family. Remorse disappears.
oracle	37	line:2	translation_pair	Sie soll nicht ihrer Laune folgen. Sie soll im Innern für Speise sorgen. Beharrlichkeit bringt Heil. Die Frau soll sich …	She should not follow her whims. She must attend within to the food. Perseverance brings good fortune.
oracle	37	line:3	translation_pair	Wenn es in der Sippe hitzig zugeht, So entsteht Reue über zu große Strenge. Doch Heil! Wenn Weib und Kind tändeln und la…	When tempers flare up in the family, Too great severity brings remorse. Good fortune nonetheless. When woman and child d…
oracle	37	line:4	translation_pair	Sie ist der Reichtum des Hauses. Großes Heil! Die Hausfrau ist es, von der der Wohlstand der Familie abhängt. Wohl- stan…	She is the treasure of the house. Great good fortune.
oracle	37	line:5	translation_pair	Ein König naht er seiner Sippe, fürchtet euch nicht. Heil! Ein König ist das Bild eines väterlichen, innerlich reichen M…	As a king he approaches his family. Fear not. Good fortune.
oracle	37	line:6	translation_pair	Seine Arbeit ist ehrfurchtgebietend. Schließlich kommt Heil. Die Ordnung der Familie beruht letzten Endes auf der Person…	His work commands respect. In the end good fortune comes.
ten_wings	37	judgment_ten_wings	translation_pair	Die Sippe. Der rechte Platz der Frau ist im Innern; der rechte Platz des Mannes ist im Außern. Daß Mann und Frau ihre re…	The foundation of the family is the relationship between husband and wife. The tie that holds the family together lies i…
ten_wings	37	image_ten_wings	translation_pair	Der Wind kommt aus dem Feuer hervor: das Bild der Sippe. So hat der Edle in seinen Worten die Sache und in seinem Wandel…	Heat creates energy: this is signified by the wind stirred up by the fire and issuing forth from it. This represents inf…
ten_wings	37	line:1_ten_wings	translation_pair	Fester Abschluß innerhalb der Sippe"": noch hat der Wille sich nicht verändert. Der Strich ist ganz unten am Anfang und r…	The family must form a well-defined unit within which each member knows his place. From the beginning each child must be…
ten_wings	37	line:2_ten_wings	translation_pair	Das Heil der Sechs auf zweitem Platz beruht auf Hingebung und Sanftheit. Hingebung und Sanftheit werden dreimal genannt:…	The wife must always be guided by the will of the master of the house, be he father, husband, or grown son. Her place is…
ten_wings	37	line:3_ten_wings	translation_pair	Wenn es in der Sippe hitzig zugeht"", so ist doch noch nichts verloren. ""Wenn Weib und Kind tändeln"", so geht die Zucht d…	In the family the proper mean between severity and indulgence ought to prevail. Too great severity toward one's own fles…
ten_wings	37	line:4_ten_wings	translation_pair	Sie ist der Reichtum des Hauses. Großes Heil"", denn sie ist hingebend und auf ihrem Platz. Die vierte Linie ist die unte…	It is upon the woman of the house that the well-being of the family depends. Well-being prevails when expenditures and i…
ten_wings	37	line:5_ten_wings	translation_pair	Ein König naht er seiner Sippe""; sie verkehren miteinander in Liebe. Der Strich ist korrekt, stark, zentral: daher das B…	A king is the symbol of a fatherly man who is richly endowed in mind. He does nothing to make himself feared; on the con…
ten_wings	37	line:6_ten_wings	translation_pair	Ehrfurchtgebietend"" und ""Heil"": Das deutet darauf, daß man zuerst Anforderungen an die eigne Person stellt. Der Strich s…	In the last analysis, order within the family depends on the character of the master of the house. If he cultivates his …
ten_wings	37	sequence	de_only	Wer draußen verletzt wird, der zieht sich sicher in seine Sippe zurück. Darum folgt darauf das Zeichen: die Sippe.	
oracle	38	intro	translation_pair	38. KUI DER GEGENSATZ oben Li, das Haftende, die Flamme unten Dui, das Heitere, der See as Zeichen besteht aus dem obere…	This hexagram is composed of the trigram Li above, i.e., flame, which burns upward, and Tui below, i.e., the lake, which…
oracle	38	judgment	translation_pair	Der Gegensatz. In kleinen Sachen Heil! Wenn die Menschen in Gegensatz und Entfremdung leben, so läßt sich ein großes gem…	OPPOSITION. In small matters, good fortune.
oracle	38	image	translation_pair	Oben das Feuer, unten der See: Das Bild des Gegensatzes. So behält der Edle bei aller Gemeinschaft seine Besonderheit. W…	Above, fire; below, the lake: The image of OPPOSITION. Thus amid all fellowship The superior man retains his individuali…
oracle	38	line:1	translation_pair	Die Reue schwindet. Wenn du dein Pferd verlierst, so lauf ihm nicht nach; -761 * da . Es kommt von selber wieder. Wenn d…	Remorse disappears. If you lose your horse, do not run after it; It will come back of its own accord. When you see evil …
oracle	38	line:2	translation_pair	Man begegnet seinem Herrn in enger Gasse. Kein Makel. Infolge der MiBverständnisse ist es nicht möglich, daß Menschen, d…	One meets his lord in a narrow street. No blame.
oracle	38	line:3	translation_pair	Man sieht den Wagen nach hinten gezerrt, Die Rinder festgehalten, Dem Menschen Haare und Nase abgeschnitten. Kein guter …	One sees the wagon dragged back, The oxen halted, A man's hair and nose cut off. Not a good beginning, but a good end.
oracle	38	line:4	translation_pair	Durch Gegensatz vereinsamt, Trifft man auf einen Gleichgesinnten, Mit dem man in Treuen verkehren kann. Trotz der Gefahr…	Isolated through opposition, One meets a like-minded man With whom one can associate in good faith. Despite the danger, …
oracle	38	line:5	translation_pair	Die Reue schwindet. Der Gefährte beißt sich durch die Hülle. Wenn man hingeht zu ihm, wie wäre das ein Fehler? Man finde…	Remorse disappears. The companion bites his way through the wrappings. If one goes to him, How could it be a mistake?
oracle	38	line:6	translation_pair	Durch Gegensatz vereinsamt, sieht man seinen Gefährten Wie ein schmutzbeladenes Schwein, Wie einen Wagen voll Teufel. Er…	Isolated through opposition, One sees one's companion as a pig covered with dirt, As a wagon full of devils. First one d…
ten_wings	38	judgment_ten_wings	translation_pair	Der Gegensatz: das Feuer bewegt sich nach oben. Der See bewegt sich nach unten. Zwei Töchter wohnen beisammen, aber ihre…	When people live in opposition and estrangement they cannot carry out a great undertaking in common; their points of vie…
ten_wings	38	image_ten_wings	translation_pair	T 7-1 . Die Bilder der Teilzeichen, die in ihren Tendenzen einander widerstreben, erzeugen den Zustand des Gegensatzes. …	The two elements, fire and water, never mingle but even when in contact retain their own natures. So the cultured man is…
ten_wings	38	line:1_ten_wings	translation_pair	Wenn du böse Menschen siehst"", vermeide Fehler. Solange der Gegensatz noch nicht vergiftet ist, läßt er sich ausgleichen…	Even in times when oppositions prevail, mistakes can be avoided, so that remorse disappears. When opposition begins to m…
ten_wings	38	line:2_ten_wings	translation_pair	Wenn man seinem Herrn in enger Gasse begegnet, so hat man seinen Weg nicht verfehlt. Auf krummen Wegen etwas erreichen z…	As a result of misunderstandings, it has become impossible for people who by nature belong together to meet in the corre…
ten_wings	38	line:3_ten_wings	translation_pair	Man sieht den Wagen nach hinten gezerrt"": das kommt, weil der Platz nicht der rechte ist. www. ,,Kein guter Anfang, aber…	Often it seems to a man as though everything were conspiring against him. He sees himself checked and hindered in his pr…
ten_wings	38	line:4_ten_wings	translation_pair	Verkehr in Treue, ohne Makel"": das bedeutet, daß der Wille sich auswirkt. Der Gefährte, den man findet, ist der starke A…	If a man finds himself in a company of people from whom he is separated by an inner opposition, he becomes isolated. But…
ten_wings	38	line:5_ten_wings	translation_pair	Der Gefährte beißt sich durch die Hülle."" Wenn man hingeht, bringt das Segen. Der Gefährte ist die Neun auf zweitem Plat…	Coming upon a sincere man, one fails to recognize him at first because of the general estrangement. However, he bites hi…
ten_wings	38	line:6_ten_wings	translation_pair	Das Heil des Regenfalles bedeutet, daß die Schar der Zwei- fel schwindet. Das Kernzeichen ist Kan, das Schwein bedeutet,…	Here the isolation is due to misunderstanding; it is brought about not by outer circumstances but by inner conditions. A…
ten_wings	38	sequence	de_only	Wenn der Weg der Sippe zu Ende ist, so kommen Mißver- ständnisse. Darum folgt darauf das Zeichen: der Gegensatz. Gegensa…	
oracle	39	intro	translation_pair	​39. GIAN / DAS HEMMNIS oben Kan, das Abgründige, das Wasser unten Gen, das Stillehalten, der Berg as Zeichen stellt ein…	The hexagram pictures a dangerous abyss lying before us and a steep, inaccessible mountain rising behind us. We are surr…
oracle	39	judgment	translation_pair	Das Hemmnis: Fördernd ist der Südwesten. Nicht fördernd ist der Nordosten. Fördernd ist es, den großen Mann zu sehen. Be…	OBSTRUCTION. The southwest furthers. The northeast does not further. It furthers one to see the great man. Perseverance …
oracle	39	image	translation_pair	Auf dem Berg ist das Wasser: Das Bild des Hemmnisses. So wendet sich der Edle seiner eigenen Person zu Und bildet seinen…	Water on the mountain: The image of OBSTRUCTION. Thus the superior man turns his attention to himself And molds his char…
oracle	39	line:1	translation_pair	Gehen führt in Hemmnis, Kommen findet Lob. Wenn man sich einem Hemmnis gegenüber sieht, so handelt es sich darum, zu übe…	Going leads to obstructions, Coming meets with praise.
oracle	39	line:2	translation_pair	Des Königs Diener ist in Hemmnis über Hemmnis. Aber es ist nicht seine eigene Schuld. Während man normalerweise das Hemm…	The king's servant is beset by obstruction upon obstruction, But it is not his own fault.
oracle	39	line:3	translation_pair	Gehen führt in Hemmnisse; da kommt er zurück. Während die vorige Linie den Beamten zeigt, der um der Pflicht willen den …	Going leads to obstructions; Hence he comes back.
oracle	39	line:4	translation_pair	Gehen führt in Hemmnisse, Kommen führt zur Vereinigung. Auch hier ist eine Lage gezeichnet, der man allein nicht gewachs…	Going leads to obstructions, Coming leads to union.
oracle	39	line:5	translation_pair	Inmitten der größten Hemmnisse kommen Freunde. Hier sehen wir den Mann, der berufen ist, der Not zu steuern. Er darf den…	In the midst of the greatest obstructions, Friends come.
oracle	39	line:6	translation_pair	Gehen führt in Hemmnisse, Kommen führt zu großem Heil. Fördernd ist es, den großen Mann zu sehen. Es ist hier jemand gez…	Going leads to obstructions, Coming leads to great good fortune. It furthers one to see the great man.
ten_wings	39	judgment_ten_wings	translation_pair	Hemmnis bedeutet Schwierigkeit. Die Gefahr ist vor einem. Die Gefahr sehen und stehen zu bleiben verstehen, das ist Weis…	The southwest is the region of retreat, the northeast that of advance. Here an individual is confronted by obstacles tha…
ten_wings	39	image_ten_wings	translation_pair	Auf dem Berge ist das Wasser: das Bild des Hemmnisses. So wendet sich der Edle seiner eigenen Person zu und bildet seine…	Difficulties and obstructions throw a man back upon himself. While the inferior man seeks to put the blame on other pers…
ten_wings	39	line:1_ten_wings	translation_pair	Gehen führt in Hemmnisse, Kommen findet Lob"": weil es richtig ist, abzuwarten. Hingehen, wie es dem starken Anfangsstric…	When one encounters an obstruction, the important thing is to reflect on how best to deal with it. When threatened with …
ten_wings	39	line:2_ten_wings	translation_pair	Des Königs Diener ist in Hemmnis über Hemmnis."" Aber das ist endgiltig kein Makel. Die Sechs auf zweitem Platz steht zum…	Ordinarily it is best to go around an obstacle and try to overcome it along the line of least resistance. But there is o…
ten_wings	39	line:3_ten_wings	translation_pair	Gehen führt in Hemmnisse; da kommt er zurück."" Die drinnen freuen sich darüber. Der starke Strich ist der Herr des Zeich…	While the preceding line shows the official compelled by duty to follow the way of danger, this line shows the man who m…
ten_wings	39	line:4_ten_wings	translation_pair	Gehen führt in Hemmnisse, Kommen führt zur Vereinigung. Auf dem gebührenden Platz findet man Unterstützung. Die Sechs au…	This too describes a situation that cannot be managed singlehanded. In such a case the direct way is not the shortest. I…
ten_wings	39	line:5_ten_wings	translation_pair	Inmitten der größten Hemmnisse kommen Freunde"": Denn sie werden durch die zentrale Stellung geregelt. Der fünfte Strich …	Here we see a man who is called to help in an emergency. He should not seek to evade the obstructions, no matter how dan…
ten_wings	39	line:6_ten_wings	translation_pair	Gehen führt in Hemmnisse, Kommen führt zu großem Heil"": Denn der Wille ist aufs Innere gerichtet. ,,Fördernd ist es, den…	This refers to a man who has already left the world and its tumult behind him. When the time of obstructions arrives, it…
ten_wings	39	sequence	de_only	Durch Gegensatz entstehen notwendig Schwierigkeiten. Da- rum folgt darauf das Zeichen: das Hemmnis. Hemmnis be- deutet S…	
oracle	40	intro	translation_pair	​40. HIA / DIE BEFREIUNG oben Dschen, das Erregende, der Donner unten Kan, das Abgründige, das Wasser Die ie Bewegung ge…	Here the movement goes out of the sphere of danger. The obstacle has been removed, the difficulties are being resolved. …
oracle	40	judgment	translation_pair	Die Befreiung. Fördernd ist der Südwesten. Wenn nichts mehr da ist, wohin man zu gehen hätte, Ist das Wiederkommen von H…	DELIVERANCE. The southwest furthers. If there is no longer anything where one has to go, Return brings good fortune. If …
oracle	40	image	translation_pair	Donner und Regen erheben sich: Das Bild der Befreiung. So verzeiht der Edle Fehler und vergibt die Schuld. Das Gewitter …	Thunder and rain set in: The image of DELIVERANCE. Thus the superior man pardons mistakes And forgives misdeeds.
oracle	40	line:1	translation_pair	Ohne Makel. Es werden nicht viele Worte gemacht, entsprechend der Situation. Die Hem- mung ist vorüber, die Befreiung is…	Without blame.
oracle	40	line:2	translation_pair	Auf dem Feld erlegt man drei Füchse Und bekommt einen gelben Pfeil. Beharrlichkeit ist von Heil. Das Bild ist von der Ja…	One kills three foxes in the field And receives a yellow arrow. Perseverance brings good fortune.
oracle	40	line:3	translation_pair	Wenn einer eine Last auf dem Rücken trägt Und trotzdem auf dem Wagen fährt, Veranlaßt er dadurch die Räuber, herbeizukom…	If a man carries a burden on his back And nonetheless rides in a carriage, He thereby encourages robbers to draw near. P…
oracle	40	line:4	translation_pair	Befreie dich von deiner großen Zehe. Dann kommt der Gefährte herbei, Und dem kannst du trauen. Zu Zeiten des Stillstande…	Deliver yourself from your great toe. Then the companion comes, And him you can trust.
oracle	40	line:5	translation_pair	Wenn der Edle sich nur befreien kann, das bringt Heil. Er zeigt so den Gemeinen, daß es ihm ernst ist. Befreiungszeiten …	If only the superior man can deliver himself, It brings good fortune. Thus he proves to inferior men that he is in earne…
oracle	40	line:6	translation_pair	Der Fürst schießt nach einem Habicht auf hoher Mauer. Er erlegt ihn. Alles ist fördernd. Der Habicht auf hoher Mauer ist…	The prince shoots at a hawk on a high wall. He kills it. Everything serves to further.
ten_wings	40	judgment_ten_wings	translation_pair	Die Befreiung. Die Gefahr bewirkt Bewegung. Durch die Bewegung entgeht man der Gefahr: das ist die Befreiung. ,,Während …	This refers to a time in which tensions and complications begin to be eased. At such times we ought to make our way back…
ten_wings	40	image_ten_wings	translation_pair	Donner und Regen erheben sich: das Bild der Befreiung. So verzeiht der Edle Fehler und vergibt die Schuld. Kan bedeutet …	A thunderstorm has the effect of clearing the air; the superior man produces a similar effect when dealing with mistakes…
ten_wings	40	line:1_ten_wings	translation_pair	Auf der Grenze zwischen fest und weich ist es selbstver- ständlich, daß,,kein Makel"" besteht. Der Strich ist am starken …	In keeping with the situation, few words are needed. The hindrance is past, deliverance has come. One recuperates in pea…
ten_wings	40	line:2_ten_wings	translation_pair	Das Heil der Beharrlichkeit der Neun auf zweitem Platz be- ruht darauf, daß sie den mittleren Weg erlangt. Das Zeichen K…	The image is taken from the hunt. The hunter catches three cunning foxes and receives a yellow arrow as a reward. The ob…
ten_wings	40	line:3_ten_wings	translation_pair	Wenn einer eine Last auf dem Rücken trägt und trotzdem Wagen fährt"", so sollte er sich wahrlich schämen. Wenn ich so sel…	This refers to a man who has come out of needy circumstances into comfort and freedom from want. If now, in the manner o…
ten_wings	40	line:4_ten_wings	translation_pair	Befreie dich von deiner großen Zehe""; weil der Platz nicht der gebührende ist. Das Zeichen Dschen bedeutet den Fuß, die …	In times of standstill it will happen that inferior people attach themselves to a superior man, and through force of dai…
ten_wings	40	line:5_ten_wings	translation_pair	Der Edle befreit sich"", weil dann die Gemeinen sich zurückziehen. Der fünfte Platz ist der Platz des Herrschers. In Zeit…	Times of deliverance demand inner resolve. Inferior people cannot be driven off by prohibitions or any external means. I…
ten_wings	40	line:6_ten_wings	translation_pair	Der Fürst schießt einen Habicht"": dadurch befreit er sich von den Widerstrebenden. Die obere dunkle Linie ist schädlich,…	The hawk on a high wall is the symbol of a powerful inferior in a high position who is hindering the deliverance. He wit…
ten_wings	40	sequence	de_only	Die Dinge können nicht dauernd in Hemmnissen sein. Darum folgt darauf das Zeichen: Die Befreiung. Befreiung bedeutet Ent…	
oracle	41	intro	translation_pair	​41. SUN / DIE MINDERUNG oben Gen, das Stillehalten, der Berg unten Dui, das Heitere, der See as Zeichen stellt eine Min…	This hexagram represents a decrease of the lower trigram in favor of the upper, because the third line, originally stron…
oracle	41	judgment	translation_pair	Minderung verbunden mit Wahrhaftigkeit Wirkt erhabenes Heil ohne Makel. Man kann darin beharrlich sein. Fördernd ist es,…	DECREASE combined with sincerity Brings about supreme good fortune Without blame. One may be persevering in this. It fur…
oracle	41	image	translation_pair	Unten am Berg ist der See: Das Bild der Minderung. So bändigt der Edle seinen Zorn und hemmt seine Triebe. Der See unten…	At the foot of the mountain, the lake: The image of DECREASE. Thus the superior man controls his anger And restrains his…
oracle	41	line:1	translation_pair	Wenn die Geschäfte fertig sind, rasch hingehen, Ist kein Makel. Doch muß man überlegen, Wie weit man andere mindern darf…	Going quickly when one's tasks are finished Is without blame. But one must reflect on how much one may decrease others.
oracle	41	line:2	translation_pair	Fördernd ist Beharrlichkeit. Etwas zu unternehmen, ist von Unheil. Ohne sich selbst zu mindern, Vermag man die andern zu…	Perseverance furthers. To undertake something brings misfortune. Without decreasing oneself, One is able to bring increa…
oracle	41	line:3	translation_pair	Wenn drei Menschen miteinander wandern, So vermindern sie sich um einen Menschen. Wenn ein Mensch wandert, So findet er …	When three people journey together, Their number decreases by one. When one man journeys alone, He finds a companion.
oracle	41	line:4	translation_pair	Wenn man seine Mängel mindert, Macht man, daß der andre eilig kommt und Freude hat. Kein Makel. Oft hindern unsere Fehle…	If a man decreases his faults, It makes the other hasten to come and rejoice. No blame.
oracle	41	line:5	translation_pair	Es mehrt ihn wohl jemand. Zehn Paar Schildkröten können dem nicht widerstreben. Erhabenes Heil! Wenn jemand vom Schicksa…	Someone does indeed increase him. Ten pairs of tortoises cannot oppose it. Supreme good fortune.
oracle	41	line:6	translation_pair	Wenn man ohne Minderung der anderen gemehrt wird, So ist das kein Makel. Beharrlichkeit bringt Heil. Fördernd ist es, et…	If one is increased without depriving others, There is no blame. Perseverance brings good fortune. It furthers one to un…
ten_wings	41	judgment_ten_wings	translation_pair	Die Minderung. Gemindert wird das Untere, vermehrt wird das Obere: die Richtung des Wegs ist nach oben. ""Minderung verbu…	Decrease does not under all circumstances mean something bad. Increase and decrease come in their own time. What matters…
ten_wings	41	image_ten_wings	translation_pair	Unten am Berg ist der See: das Bild der Minderung. So bändigt der Edle seinen Zorn und hemmt seine Triebe. Der See verdu…	The lake at the foot of the mountain evaporates. In this way it decreases to the benefit of the mountain, which is enric…
ten_wings	41	line:1_ten_wings	translation_pair	Wenn die Geschäfte fertig sind, rasch hingehen."" Das geht, weil der Obere in seiner Gesinnung zu einem paßt. & - Der unt…	It is unselfish and good when a man, after completing his own urgent tasks, uses his strength in the service of others, …
ten_wings	41	line:2_ten_wings	translation_pair	Daß die Neun auf zweitem Platz fördernd durch Beharrlich- keit ist, kommt davon, daß sie die rechte Mitte als Gesinnung …	A high-minded self-awareness and a consistent seriousness with no forfeit of dignity are necessary if a man wants to be …
ten_wings	41	line:3_ten_wings	translation_pair	Wenn ein Mensch zu dreien wandeln wollte, so entstünde Mißtrauen. Der Text sagt, daß drei Menschen, wenn sie zusammengeh…	When there are three people together, jealousy arises. One of them will have to go. A very close bond is possible only b…
ten_wings	41	line:4_ten_wings	translation_pair	Wenn man seine Mängel mindert"", das ist auch wirklich etwas, das Grund zur Freude gibt. Die Sechs auf viertem Platz hat …	A man's faults often prevent even well-disposed people from coming closer to him. His faults are sometimes reinforced by…
ten_wings	41	line:5_ten_wings	translation_pair	Das erhabene Heil der Sechs auf fünftem Platz kommt daher, daß sie von oben her gesegnet ist. Wenn er bereichert wird, s…	If someone is marked out by fate for good fortune, it comes without fail. All oracles—as for instance those that are rea…
ten_wings	41	line:6_ten_wings	translation_pair	Ohne zu mindern wird er gemehrt, d. h. daß er in hohem Maße seinen Willen erreicht. Der obere Strich wird bereichert von…	There are people who dispense blessings to the whole world. Every increase in power that comes to them benefits the whol…
ten_wings	41	sequence	de_only	Durch Entspannung geht sicher etwas verloren. Darum folgt darauf das Zeichen: die Minderung.	
oracle	42	intro	translation_pair	​42. I / DIE MEHRUNG oben Sun, das Sanfte, der Wind unten Dschen, das Erregende, der Donner Der er Gedanke der Mehrung d…	The idea of increase is expressed in the fact that the strong lowest line of the upper trigram has sunk down and taken i…
oracle	42	judgment	translation_pair	Die Mehrung. Fördernd ist es, etwas zu unternehmen. Fördernd ist es, das große Wasser zu durchqueren. Durch das Opfer, d…	INCREASE. It furthers one To undertake something. It furthers one to cross the great water.
oracle	42	image	translation_pair	Wind und Donner: Das Bild der Mehrung. So der Edle: sieht er Gutes, so ahmt er es nach, Hat er Fehler, so legt er sie ab…	Wind and thunder: the image of INCREASE. Thus the superior man: If he sees good, he imitates it; If he has faults, he ri…
oracle	42	line:1	translation_pair	Fördernd ist es, große Taten zu vollbringen. Erhabenes Heil! Kein Makel. Wenn man von oben her eine große Förderung erfä…	It furthers one to accomplish great deeds. Supreme good fortune. No blame.
oracle	42	line:2	translation_pair	Es mehrt ihn wohl jemand. Zehn Paar Schildkröten können dem nicht widerstreben. Dauernde Beharrlichkeit bringt Heil. Der…	Someone does indeed increase him; Ten pairs of tortoises cannot oppose it. Constant perseverance brings good fortune. Th…
oracle	42	line:3	translation_pair	Man wird gemehrt durch unheilvolle Ereignisse. Kein Makel, wenn du wahrhaftig bist Und in der Mitte wandelst Und dem Für…	One is enriched through unfortunate events. No blame, if you are sincere And walk in the middle, And report with a seal …
oracle	42	line:4	translation_pair	Wenn du in der Mitte wandelst Und dem Fürsten berichtest, So wird er folgen. Fördernd ist es, benützt zu werden Bei der …	If you walk in the middle And report to the prince, He will follow. It furthers one to be used In the removal of the cap…
oracle	42	line:5	translation_pair	Wenn du wahrhaftig ein gutes Herz hast, So frage nicht. Erhabenes Heil! Wahrhaftig wird Güte als deine Tugend anerkannt …	If in truth you have a kind heart, ask not. Supreme good fortune. Truly, kindness will be recognized as your virtue.
oracle	42	line:6	translation_pair	Er gereicht niemand zur Mehrung. Es schlägt ihn wohl gar jemand. Er hält sein Herz nicht dauernd fest. Unheil! Der Sinn …	He brings increase to no one. Indeed, someone even strikes him. He does not keep his heart constantly steady. Misfortune…
ten_wings	42	judgment_ten_wings	translation_pair	Die Mehrung: Das Obere mindern und das Untere mehren: So freut das Volk sich grenzenlos. Von oben stellt sich's unters U…	Sacrifice on the part of those above for the increase of those below fills the people with a sense of joy and gratitude …
ten_wings	42	image_ten_wings	translation_pair	Wind und Donner erzeugen und verstärken einander gegenseitig. Der Donner entspricht seiner Natur nach dem lichten Prinzi…	While observing how thunder and wind increase and strengthen each other, a man can note the way to self-increase and sel…
ten_wings	42	line:1_ten_wings	translation_pair	Erhabenes Heil! Kein Makel."" Die Unteren benützen es nicht zu ihrer eigenen Bequemlich- keit. Die untere Neun bedeutet d…	If great help comes to a man from on high, this increased strength must be used to achieve something great for which he …
ten_wings	42	line:2_ten_wings	translation_pair	Es mehrt ihn wohl jemand."" Das kommt von außen. Die Vermehrung des inneren Zeichens kommt vom äußeren. Sie gilt daher al…	A man brings about real increase by producing in himself the conditions for it, that is, through receptivity to and love…
ten_wings	42	line:3_ten_wings	translation_pair	Man wird bereichert durch unheilvolle Ereignisse"": Das ist etwas, das einem gewißlich zugehört. Die Linie ist schwach au…	A time of blessing and enrichment has such powerful effects that even events ordinarily unfortunate must turn out to the…
ten_wings	42	line:4_ten_wings	translation_pair	Wenn du dem Fürsten berichtest, wird er folgen""; weil dadurch seine Gesinnung gemehrt wird. Der vierte Platz ist der Pla…	It is important that there should be men who mediate between leaders and followers. These should be disinterested people…
ten_wings	42	line:5_ten_wings	translation_pair	Wenn du ein gütiges Herz hast, so frage nicht."" Wenn Güte als deine Tugend anerkannt wird, so hast du deine Ansicht ganz…	True kindness does not count upon nor ask about merit and gratitude but acts from inner necessity. And such a truly kind…
ten_wings	42	line:6_ten_wings	translation_pair	Er gereicht niemand zur Mehrung"": Das ist ein Wort, das die Einseitigkeit bezeichnet. ,,Es schlägt ihn gar jemand"": Das …	The meaning here is that through renunciation those in high place should bring increase to those below. By neglecting th…
ten_wings	42	sequence	de_only	Wenn die Minderung dauernd fortgeht, so wirkt sie sicher Mehrung. Darum folgt darauf das Zeichen: Die Mehrung. www	
oracle	43	intro	translation_pair	​43. GUAI / DER DURCHBRUCH (DIE ENTSCHLOSSENHEIT) oben Dui, das Heitere, der See unten Kiän, das Schöpferische, der Himm…	This hexagram signifies on the one hand a break-through after a long accumulation of tension, as a swollen river breaks …
oracle	43	judgment	translation_pair	Der Durchbruch. Entschlossen muß man am Hof des Königs Die Sache bekanntmachen. Der Wahrheit gemäß muß sie verkündet wer…	BREAK-THROUGH. One must resolutely make the matter known At the court of the king. It must be announced truthfully. Dang…
oracle	43	image	translation_pair	Der See ist an den Himmel emporgestiegen: Das Bild des Durchbruchs. So spendet der Edle Reichtum nach unten hin Und sche…	The lake has risen up to heaven: The image of BREAK-THROUGH. Thus the superior man Dispenses riches downward And refrain…
oracle	43	line:1	translation_pair	Mächtig in den vorwärtsschreitenden Zehen. Geht man hin und ist der Sache nicht gewachsen, So macht man einen Fehler. In…	Mighty in the forward-striding toes. When one goes and is not equal to the task, One makes a mistake.
oracle	43	line:2	translation_pair	Alarmruf. Abends und nachts Waffen. Fürchte nichts. Bereit sein ist alles. Entschlossenheit ist mit Vorsicht untrennbar …	A cry of alarm. Arms at evening and at night. Fear nothing.
oracle	43	line:3	translation_pair	Mächtig in den Backenknochen zu sein bringt Unheil. Der Edle ist fest entschlossen. Er wandelt einsam und kommt in den R…	To be powerful in the cheekbones Brings misfortune. The superior man is firmly resolved. He walks alone and is caught in…
oracle	43	line:4	translation_pair	An den Oberschenkeln ist keine Haut, Und das Gehen fällt schwer. Liebe man sich führen wie ein Schaf, So würde die Reue …	There is no skin on his thighs, And walking comes hard. If a man were to let himself be led like a sheep, Remorse would …
oracle	43	line:5	translation_pair	Dem Unkraut gegenüber braucht es feste Entschlossenheit. In der Mitte wandeln bleibt frei von Makel. Unkraut wächst imme…	In dealing with weeds, Firm resolution is necessary. Walking in the middle Remains free of blame.
oracle	43	line:6	translation_pair	Kein Ruf! Schließlich kommt Unheil. Der Sieg scheint errungen zu sein. Es ist nur noch ein Rest übrig von dem Bösen, des…	No cry. In the end misfortune comes.
ten_wings	43	judgment_ten_wings	translation_pair	Durchbruch ist soviel wie Entschlossenheit. Das Feste ver- drängt entschlossen das Weiche. Stark und heiter, das ist ent…	Even if only one inferior man is occupying a ruling position in a city, he is able to oppress superior men. Even a singl…
ten_wings	43	image_ten_wings	translation_pair	Der See ist an den Himmel emporgestiegen: das Bild des Durchbruchs. So spendet der Edle Reichtum nach unten hin und sche…	When the water of a lake has risen up to heaven, there is reason to fear a cloudburst. Taking this as a warning, the sup…
ten_wings	43	line:1_ten_wings	translation_pair	Wenn man hingeht, ohne der Sache gewachsen zu sein, das ist ein Fehler. Die Zehen sind durch den untersten Strich nahege…	In times of a resolute advance, the beginning is especially difficult. We feel inspired to press forward but resistance …
ten_wings	43	line:2_ten_wings	translation_pair	Trotz Waffen keine Furcht: weil man den mittleren Weg gefunden. Dui, das obere Zeichen, bedeutet Mund, daher der Alarmru…	Readiness is everything. Resolution is indissolubly bound up with caution. If an individual is careful and keeps his wit…
ten_wings	43	line:3_ten_wings	translation_pair	Der Edle ist fest entschlossen"": Das ist endgültig kein Fehler. Kiän ist der Kopf. Der dritte Platz ist an oberer Stelle…	Here we have a man in an ambiguous situation. While all others are engaged in a resolute fight against all that is infer…
ten_wings	43	line:4_ten_wings	translation_pair	Das Gehen fällt schwer."" Der Platz ist nicht der gebührende. ""Wenn man diese Worte hört, wird man sie nicht glauben."" Da…	Here a man is suffering from inner restlessness and cannot abide in his place. He would like to push forward under any c…
ten_wings	43	line:5_ten_wings	translation_pair	In der Mitte wandeln bleibt frei von Makel."" Die Mitte ist noch nicht im Licht. Der Strich ist der Herr des Zeichens. Er…	Weeds always grow back again and are difficult to exterminate. So too the struggle against an inferior man in a high pos…
ten_wings	43	line:6_ten_wings	translation_pair	Das Unheil des Nichtrufens darf man endgültig nicht dauern lassen. Der Strich ist der Repräsentant des Bösen, das energi…	Victory seems to have been achieved. There remains merely a remnant of the evil resolutely to be eradicated as the time …
ten_wings	43	sequence	de_only	Wenn die Mehrung unaufhörlich fortgeht, so gibt es sicher einen Durchbruch. Darum folgt darauf das Zeichen: der Durchbru…	
oracle	44	intro	translation_pair	44. GOU/DAS ENTGEGENKOMMEN oben Kiän, das Schöpferische, der Himmel unten Sun, das Sanfte, der Wind Das as Zeichen deute…	This hexagram indicates a situation in which the principle of darkness, after having been eliminated, furtively and unex…
oracle	44	judgment	translation_pair	Das Entgegenkommen. Das Mädchen ist mächtig. Man soll ein solches Mädchen nicht heiraten. Das Emporkommen des Gemeinen i…	COMING TO MEET. The maiden is powerful. One should not marry such a maiden.
oracle	44	image	translation_pair	Unter dem Himmel ist der Wind: Das Bild des Entgegenkommens. So macht es der Fürst beim Verbreiten seiner Befehle Und ih…	Under heaven, wind: The image of COMING TO MEET. Thus does the prince act when disseminating his commands And proclaimin…
oracle	44	line:1	translation_pair	Man muß es hemmen mit ehernem Radschuh. Beharrlichkeit ist von Heil! Wenn man es hingehen läßt, so erfährt man Unheil! A…	It must be checked with a brake of bronze. Perseverance brings good fortune. If one lets it take its course, one experie…
oracle	44	line:2	translation_pair	Im Behälter ist ein Fisch. Kein Makel! Nicht fördernd für Gäste. Das niedere Element wird nicht vergewaltigt, aber unter…	There is a fish in the tank. No blame. Does not further guests.
oracle	44	line:3	translation_pair	An den Oberschenkeln ist keine Haut, Und das Gehen fällt schwer. Wenn man der Gefahr eingedenk ist, Macht man keinen gro…	There is no skin on his thighs, And walking comes hard. If one is mindful of the danger, No great mistake is made.
oracle	44	line:4	translation_pair	Im Behälter ist kein Fisch. Daraus erhebt sich Unheil. - Die kleinen Leute muß man dulden, damit sie einem wohlgesinnt b…	No fish in the tank. This leads to misfortune.
oracle	44	line:5	translation_pair	Mit Weidenblättern bedeckte Melone. Verborgene Linien. Da fällt es einem vom Himmel herunter zu. Die Melone ist wie der …	A melon covered with willow leaves. Hidden lines. Then it drops down to one from heaven.
oracle	44	line:6	translation_pair	Er kommt mit seinen Hörnern entgegen. Beschämung. Kein Makel. Wenn man sich aus der Welt zurückgezogen hat, so wird eine…	He comes to meet with his horns. Humiliation. No blame.
ten_wings	44	judgment_ten_wings	translation_pair	Entgegenkommen bedeutet Antreffen. Das Schwache tritt dem Festen entgegen. ,,Man soll ein solches Mädchen nicht heiraten…	The rise of the inferior element is pictured here in the image of a bold girl who lightly surrenders herself and thus se…
ten_wings	44	image_ten_wings	translation_pair	Unter dem Himmel ist der Wind: Das Bild des Entgegen- kommens. So macht es der Fürst beim Verbreiten seiner Befehle und …	The situation here resembles that in hexagram 20, Kuan, CONTEMPLATION (VIEW). In the latter the wind blows over the eart…
ten_wings	44	line:1_ten_wings	translation_pair	Hemmen mit ehernem Radschuh."" Das bedeutet, daß es der Weg des Schwachen ist, geführt zu werden. Der Radschuh ist unten.…	If an inferior element has wormed its way in, it must be energetically checked at once. By consistently checking it, bad…
ten_wings	44	line:2_ten_wings	translation_pair	Im Behälter ist ein Fisch."" Es ist Pflicht, ihn nicht den Gästen zukommen zu lassen. Der Fisch ist ebenfalls ein Tier de…	The inferior element is not overcome by violence but is kept under gentle control. Then nothing evil is to be feared. Bu…
ten_wings	44	line:3_ten_wings	translation_pair	Das Gehen fällt schwer."" Er geht noch immer, ohne sich führen zu lassen. - Dieser Strich entspricht-da das Zeichen aus d…	There is a temptation to fall in with the evil element offering itself—a very dangerous situation. Fortunately circumsta…
ten_wings	44	line:4_ten_wings	translation_pair	Das Unheil, daß kein Fisch im Behälter ist, kommt davon, daß er sich fern vom Volk gehalten hat. Der vierte Platz ist de…	Insignificant people must be tolerated in order to keep them well disposed. Then we can make use of them if we should ne…
ten_wings	44	line:5_ten_wings	translation_pair	Die Neun auf fünftem Platz verbirgt ihre Linien, weil sie in der Mitte und korrekt ist. ,,Da fällt es einem vom Himmel h…	The melon, like the fish, is a symbol of the principle of darkness. It is sweet but spoils easily and for this reason is…
ten_wings	44	line:6_ten_wings	translation_pair	Er kommt mit seinen Hörnern entgegen."" Oben ist es zu Ende, daher Beschämung. Kiän ist der Kopf, hier die höchste Stelle…	When a man has withdrawn from the world, its tumult often becomes unbearable to him. There are many people who in a nobl…
ten_wings	44	sequence	de_only	Durch Entschlossenheit trifft man sicher etwas an. Darum folgt darauf das Zeichen: das Entgegenkommen. Entgegen- kommen …	
oracle	45	intro	translation_pair	​45. TSUI/DIE SAMMLUNG oben Dui, das Heitere, der See unten Kun, das Empfangende, die Erde D as Zeichen ist dem Zeichen …	This hexagram is related in form and meaning to Pi, HOLDING TOGETHER (8). In the latter, water is over the earth; here a…
oracle	45	judgment	translation_pair	Die Sammlung. Gelingen. Der König naht sich seinem Tempel. Fördernd ist es, den großen Mann zu sehen. Das bringt Gelinge…	GATHERING TOGETHER. Success. The king approaches his temple. It furthers one to see the great man. This brings success. …
oracle	45	image	translation_pair	Der See ist oberhalb der Erde: Das Bild der Sammlung. So erneuert der Edle seine Waffen, Um Unvorhergesehenem zu begegne…	Over the earth, the lake: The image of GATHERING TOGETHER. Thus the superior man renews his weapons In order to meet the…
oracle	45	line:1	translation_pair	Wenn du wahrhaftig bist, doch nicht bis zum Ende, So gibt es bald Verwirrung, bald Sammlung. Wenn du rufst, so kannst du…	If you are sincere, but not to the end, There will sometimes be confusion, sometimes gathering together. If you call out…
oracle	45	line:2	translation_pair	Sich ziehen lassen bringt Heil und bleibt ohne Makel. Wenn man wahrhaftig ist, Ist es auch fördernd, ein kleines Opfer z…	Letting oneself be drawn Brings good fortune and remains blameless. If one is sincere, It furthers one to bring even a s…
oracle	45	line:3	translation_pair	Sammlung unter Seufzen. Nichts, das fördernd wäre. Hingehen ist ohne Makel. Kleine Beschämung. Man hat oft das Bedürfnis…	Gathering together amid sighs. Nothing that would further. Going is without blame. Slight humiliation.
oracle	45	line:4	translation_pair	Großes Heil! Kein Makel. Es ist hier ein Mann gezeichnet, der im Namen seines Herrn die Menschen um sich sammelt. Da er …	Great good fortune. No blame.
oracle	45	line:5	translation_pair	Wenn man beim Sammeln die Stellung hat, So gibt das keinen Makel. Wenn manche noch nicht wahrhaft dabei sind, So bedarf …	If in gathering together one has position, This brings no blame. If there are some who are not yet sincerely in the work…
oracle	45	line:6	translation_pair	Klagen und Seufzen, Tränen in Strömen! Kein Makel. Es kann vorkommen, daß man sich wohl anschließen möchte, aber in sein…	Lamenting and sighing, floods of tears. No blame.
ten_wings	45	judgment_ten_wings	translation_pair	Sammlung bedeutet Anhäufung. Hingebend und dabei heiter. Der Starke steht in der Mitte und findet Entsprechung. Dar- um …	The gathering together of people in large communities is either a natural occurrence, as in the case of the family, or a…
ten_wings	45	image_ten_wings	translation_pair	Der See ist oberhalb der Erde: das Bild der Sammlung. So erneuert der Edle seine Waffen, um Unvorhergesehenem zu begegne…	If the water in the lake gathers until it rises above the earth, there is danger of a break-through. Precautions must be…
ten_wings	45	line:1_ten_wings	translation_pair	Bald Verwirrung, bald Sammlung."" Der Wille ist in Verwirrung. - Der schwache Strich zu Beginn ist noch nicht gefestigt. …	The situation is this: people desire to gather around a leader to whom they look up. But they are in a large group, by w…
ten_wings	45	line:2_ten_wings	translation_pair	Sich ziehen lassen bringt Heil und bleibt ohne Makel."" Die Mitte ist noch unverändert. Es herrscht hier zur Neun auf fün…	In the time of GATHERING TOGETHER, we should make no arbitrary choice of the way. There are secret forces at work, leadi…
ten_wings	45	line:3_ten_wings	translation_pair	Hingehen ist ohne Makel."" Oben ist das Sanfte. Der Strich ist ohne Beziehung des Entsprechens, daher das Seufzen und die…	Often a man feels an urge to unite with others, but the individuals around him have already formed themselves into a gro…
ten_wings	45	line:4_ten_wings	translation_pair	Großes Heil! Kein Makel""; denn der Platz beansprucht nichts. Der Strich hat den Platz des Ministers inne, der für seinen…	This describes a man who gathers people around him in the name of his ruler. Since he is not striving for any special ad…
ten_wings	45	line:5_ten_wings	translation_pair	Wenn man beim Sammeln nur die Stellung hat"", so ist der Wille noch nicht leuchtend genug. An sich ist die nötige Stellun…	When people spontaneously gather around a man, it is only a good. It gives him a certain influence that can be altogethe…
ten_wings	45	line:6_ten_wings	translation_pair	Klagen und Seufzen, Tränen in Strömen!"" Er beruhigt sich nicht oben. Der obere Strich ist ohne Beziehung des Entsprechen…	It may happen that an individual would like to ally himself with another, but his good intentions are misunderstood. The…
ten_wings	45	sequence	de_only	Wenn die Wesen einander antreffen, dann häufen sie sich an. Darum folgt darauf das Zeichen: die Sammlung. Sammlung bedeu…	
oracle	46	intro	translation_pair	​46. SCHONG / DAS EMPORDRINGEN oben Kun, das Empfangende, die Erde unten Sun, das Sanfte, der Wind, das Holz D as untere…	The lower trigram, Sun, represents wood, and the upper, K'un, means the earth. Linked with this is the idea that wood in…
oracle	46	judgment	translation_pair	Das Empordringen hat erhabenes Gelingen! Man muß den großen Mann sehen. Fürchte dich nicht! Aufbruch nach Süden bringt H…	PUSHING UPWARD has supreme success. One must see the great man. Fear not. Departure toward the south Brings good fortune…
oracle	46	image	translation_pair	Inmitten der Erde wächst das Holz: Das Bild des Empordringens. So häuft der Edle hingebenden Wesens Kleines, Um es zu Ho…	Within the earth, wood grows: The image of PUSHING UPWARD. Thus the superior man of devoted character Heaps up small thi…
oracle	46	line:1	translation_pair	Empordringen, das Zutrauen findet, bringt großes Heil. Hier ist die Anfangslage des Aufstiegs. Wie das Holz für sein Emp…	Pushing upward that meets with confidence Brings great good fortune.
oracle	46	line:2	translation_pair	Wenn man wahrhaftig ist, So ist es auch fördernd, ein kleines Opfer zu bringen. Kein Makel. Es ist hier ein starker Mann…	If one is sincere, It furthers one to bring even a small offering. No blame.
oracle	46	line:3	translation_pair	Man dringt empor in eine leere Stadt. Hier fallen alle Hemmungen weg, die dem Vordringen sonst gesteckt sind. Es geht mi…	One pushes upward into an empty city.
oracle	46	line:4	translation_pair	Der König bringt ihn dem Berg Ki dar. Heil. Kein Makel. Der Berg Ki ist im Westen Chinas, dem Stammlande des Königs Wen,…	The king offers him Mount Ch'i. Good fortune. No blame.
oracle	46	line:5	translation_pair	Beharrlichkeit bringt Heil. Man dringt empor auf Stufen. Wenn man immer weiter vorankommt, so ist es wichtig, daß man si…	Perseverance brings good fortune. One pushes upward by steps.
oracle	46	line:6	translation_pair	Empordringen im Dunkeln. Fördernd ist es, unablässig beharrlich zu sein. Wer blindlings empordringt, der ist innerlich b…	Pushing upward in darkness. It furthers one To be unremittingly persevering.
ten_wings	46	judgment_ten_wings	translation_pair	Das Weiche dringt mit der Zeit empor. Sanft und hingebend. Das Feste ist in der Mitte und findet Entsprechung, darum erl…	The pushing upward of the good elements encounters no obstruction and is therefore accompanied by great success. The pus…
ten_wings	46	image_ten_wings	translation_pair	Inmitten der Erde wächst das Holz: das Bild des Empor- dringens. So häuft der Edle hingebenden Wesens Kleines, um es zu …	Adapting itself to obstacles and bending around them, wood in the earth grows upward without haste and without rest. Thu…
ten_wings	46	line:1_ten_wings	translation_pair	Empordringen, das Zutrauen findet, bringt großes Heil"": "" Die Oberen stimmen im Willen überein. Der weiche Strich am Anf…	This is the situation at the beginning of ascent. Just as wood draws strength for its upward push from the root, which i…
ten_wings	46	line:2_ten_wings	translation_pair	Die Wahrhaftigkeit der Neun auf zweitem Platz bringt Freude. Der Strich ist der unterste des Kernzeichens Dui, das Freud…	Here a strong man is presupposed. It is true that he does not fit in with his environment, inasmuch as he is too brusque…
ten_wings	46	line:3_ten_wings	translation_pair	""Man dringt empor in eine leere Stadt"": Es ist kein Grund zu Bedenken da. \ Der Strich ist stark auf starkem Platz, zude…	All obstructions that generally block progress fall away here. Things proceed with remarkable ease. Unhesitatingly one f…
ten_wings	46	line:4_ten_wings	translation_pair	""Der König bringt ihn dem Berge Ki dar"": Das ist die Art des Hingebenden. Die Linie ist schwach auf schwachem Platz. Sie…	Mount Ch'i is in western China, the homeland of King Wên, whose son, the Duke of Chou, added the words to the individual…
ten_wings	46	line:5_ten_wings	translation_pair	""Beharrlichkeit bringt Heil. Man dringt empor auf Stufen."" Man erlangt vollkommen seinen Willen. Das Empordringen geht v…	When a man is advancing farther and farther, it is important for him not to become intoxicated by success. Precisely whe…
ten_wings	46	line:6_ten_wings	translation_pair	Empordringen im Dunklen."" n Oben ist Abnahme und nicht Reichtum. Die Linie ist auf dem Gipfel des Zeichens Kun. Sie kann…	He who pushes upward blindly deludes himself. He knows only advance, not retreat. But this means exhaustion. In such a c…
ten_wings	46	sequence	de_only	Das Sichanhäufen nach oben heißt Empordringen. Darum folgt das Zeichen: das Empordringen.	
oracle	47	intro	translation_pair	​47. KUN / DIE BEDRANGNIS (DIE ERSCHÖPFUNG) oben Dui, das Heitere, der See unten Kan, das Abgründige, das Wasser Oben be…	The lake is above, water below; the lake is empty, dried up. Exhaustion is expressed in yet another way: at the top, a d…
oracle	47	judgment	translation_pair	Die Bedrängnis. Gelingen. Beharrlichkeit. Der große Mann wirkt Heil. Kein Makel. Wenn man etwas zu sagen hat, wird es ni…	OPPPRESSION. Success. Perseverance. The great man brings about good fortune. No blame. When one has something to say, It…
oracle	47	image	translation_pair	Im See ist kein Wasser: das Bild der Erschöpfung. So setzt der Edle sein Leben daran, Um seinem Willen zu folgen. Wenn d…	There is no water in the lake: The image of EXHAUSTION. Thus the superior man stakes his life On following his will.
oracle	47	line:1	translation_pair	Man sitzt bedrängt unter einem kahlen Baum Und gerät in ein finsteres Tal. Drei Jahre lang sieht man nichts. Wenn man in…	One sits oppressed under a bare tree And strays into a gloomy valley. For three years one sees nothing.
oracle	47	line:2	translation_pair	Man ist bedrängt bei Wein und Speisen. Der Mann mit den scharlachroten Kniebinden kommt eben. Fördernd ist es, Opfer dar…	One is oppressed while at meat and drink. The man with the scarlet knee bands is just coming. It furthers one to offer s…
oracle	47	line:3	translation_pair	Man läßt sich bedrängen durch Stein Und stützt sich auf Dornen und Disteln. - Man geht in sein Haus und sieht nicht sein…	A man permits himself to be oppressed by stone, And leans on thorns and thistles. He enters his house and does not see h…
oracle	47	line:4	translation_pair	Er kommt ganz sachte, bedrängt in einem goldnen Wagen. Beschämung, aber man kommt zu Ende. YAVAN Ein wohlhabender Mann s…	He comes very quietly, oppressed in a golden carriage. Humiliation, but the end is reached.
oracle	47	line:5	translation_pair	Es werden ihm Nase und Füße abgeschnitten. Man ist bedrängt von dem in purpurnen Kniebinden. Sachte kommt die Freude. Fö…	His nose and feet are cut off. Oppression at the hands of the man with the purple knee bands. Joy comes softly. It furth…
oracle	47	line:6	translation_pair	Er ist bedrängt von Ranken. Er bewegt sich unsicher und spricht: ""Bewegungschafft Reue"". Wenn man darüber Reue empfindet…	He is oppressed by creeping vines. He moves uncertainly and says, ""Movement brings remorse."" If one feels remorse over t…
ten_wings	47	judgment_ten_wings	translation_pair	Die Bedrängnis. Das Feste ist eingeschlossen. Gefahr und Heiterkeit. In Bedrängnis sein, ohne die Kraft des Gelingens zu…	Times of adversity are the reverse of times of success, but they can lead to success if they befall the right man. When …
ten_wings	47	image_ten_wings	translation_pair	[W] Das Bild der Erschöpfung ergibt sich aus der Stellung der beiden Halbzei- chen zueinander: das Wasser ist unterhalb …	When the water has flowed out below, the lake must dry up and become exhausted. That is fate. This symbolizes an adverse…
ten_wings	47	line:1_ten_wings	translation_pair	""Man gerät in ein finsteres Tal."" Man ist finster und nicht klar. Das Zeichen Kan steht im Norden, wo es finster ist. Da…	When adversity befalls a man, it is important above all things for him to be strong and to overcome the trouble inwardly…
ten_wings	47	line:2_ten_wings	translation_pair	Bedrängt bei Wein und Speisen."" "" Die Mitte hat Segen. Kan ist Wein, Dui sind Speisen. Der Mann mit den scharlachroten K…	This pictures a state of inner oppression. Externally, all is well, one has meat and drink. But one is exhausted by the …
ten_wings	47	line:3_ten_wings	translation_pair	""Er stützt sich auf Dornen und Disteln"": ' 具 ​194 Die - Li ste da D& Hea fer dirt 정 ​F Er beruht auf einem Harten. ""Er g…	This shows a man who is restless and indecisive in times of adversity. At first he wants to push ahead, then he encounte…
ten_wings	47	line:4_ten_wings	translation_pair	""Er kommt ganz sachte"": Sein Wille ist nach unten gerichtet. Obwohl der Platz nicht der gebührende ist, hat er doch Ge- …	A well-to-do man sees the need of the lower classes and would like very much to be of help. But instead of proceeding wi…
ten_wings	47	line:5_ten_wings	translation_pair	Abschneiden der Nase und Füße bedeutet, daß er seinen Willen noch nicht erlangt. ""Sachte kommt die Freude"", weil der Str…	An individual who has the good of mankind at heart is oppressed from above and below (this is the meaning of the cutting…
ten_wings	47	line:6_ten_wings	translation_pair	""Er ist bedrängt von Ranken"": das heißt, er ist noch nicht entsprechend. ,,Bewegung schafft Reue"": Wenn man darüber Reue…	A man is oppressed by bonds that can easily be broken. The distress is drawing to an end. But he is still irresolute; he…
ten_wings	47	sequence	de_only	Wenn man empordringt, ohne aufzuhören, so gerät man sicher in Bedrängnis. Darum folgt darauf das Zeichen: die Bedrängnis…	
oracle	48	intro	translation_pair	​48. DSING / DER BRUNNEN oben Kan, das Abgründige, das Wasser unten Sun, das Sanfte, der Wind, das Holz Unter nten ist d…	Wood is below, water above. The wood goes down into the earth to bring up water. The image derives from the pole-and-buc…
oracle	48	judgment	translation_pair	Der Brunnen. Man mag die Stadt wechseln, Aber kann nicht den Brunnen wechseln. Er nimmt nicht ab und nimmt nicht zu. Sie…	THE WELL. The town may be changed, But the well cannot be changed. It neither decreases nor increases. They come and go …
oracle	48	image	translation_pair	Über dem Holz ist Wasser: das Bild des Brunnens. So ermuntert der Edle das Volk Und ermahnt es, einander zu helfen. Unte…	Water over wood: the image of THE WELL. Thus the superior man encourages the people at their work, And exhorts them to h…
oracle	48	line:1	translation_pair	Der Schlamm des Brunnens wird nicht getrunken. Zu einem alten Brunnen kommen keine Tiere. Wenn sich jemand in den sumpfi…	One does not drink the mud of the well. No animals come to an old well.
oracle	48	line:2	translation_pair	Am Brunnenloch schießt man Fische. Der Krug ist zerbrochen und rinnt. Das Wasser ist an sich klar. Aber man gebraucht es…	At the wellhole one shoots fishes. The jug is broken and leaks.
oracle	48	line:3	translation_pair	Der Brunnen ist gereinigt, aber man trinkt nicht daraus. Das ist meines Herzens Leid; Denn man könnte daraus schöpfen. W…	The well is cleaned, but no one drinks from it. This is my heart's sorrow, For one might draw from it. If the king were …
oracle	48	line:4	translation_pair	Der Brunnen wird ausgemauert, kein Makel. Wenn der Brunnen ausgemauert wird, so kann man ihn zwar solange nicht benützen…	The well is being lined. No blame.
oracle	48	line:5	translation_pair	Im Brunnen ist ein klarer, kühler Quell, Den man trinken kann. Das ist ein guter Brunnen, der auf seinem Grunde eine Que…	In the well there is a clear, cold spring From which one can drink.
oracle	48	line:6	translation_pair	Man schöpft aus dem Brunnen ohne Hinderung. Er ist zuverlässig. Erhabenes Heil! Der Brunnen ist für alle da. Kein Verbot…	One draws from the well Without hindrance. It is dependable. Supreme good fortune.
ten_wings	48	judgment_ten_wings	translation_pair	Eindringen unter das Wasser und Heraufbringen des Was- sers, das ist der Brunnen. Der Brunnen nährt und erschöpft sich n…	In ancient China the capital cities were sometimes moved, partly for the sake of more favorable location, partly because…
ten_wings	48	image_ten_wings	translation_pair	Die Felder verteilten sich folgendermaßen: 297. 1-8 waren für den Familiengebrauch, 9 enthielt den Brunnen mit der Siedl…	The trigram Sun, wood, is below, and the trigram K'an, water, is above it. Wood sucks water upward. Just as wood as an o…
ten_wings	48	line:1_ten_wings	translation_pair	Der Schlamm des Brunnens wird nicht getrunken"": Er ist zu weit unten. Zu einem alten Brunnen kommen keine Tiere"": .. Die…	If a man wanders around in swampy lowlands, his life is submerged in mud. Such a man loses all significance for mankind.…
ten_wings	48	line:2_ten_wings	translation_pair	Am Brunnenloch schießt man Fische"": Er hat niemand, der mittut. Der Strich ist an sich stark und zentral, aber er steht …	The water itself is clear, but it is not being used. Thus the well is a place where only fish will stay, and whoever com…
ten_wings	48	line:3_ten_wings	translation_pair	Der Brunnen ist gereinigt, aber man trinkt nicht daraus."" Das ist das Leid der Handelnden. Sie flehen, daß ""der König kl…	An able man is available. He is like a purified well whose water is drinkable. But no use is made of him. This is the so…
ten_wings	48	line:4_ten_wings	translation_pair	Der Brunnen wird ausgemauert. Kein Makel"": Denn es ist eine Instandsetzung des Brunnens. Der Strich steht in Beziehung d…	True, if a well is being lined with stone, it cannot be used while the work is going on. But the work is not in vain; th…
ten_wings	48	line:5_ten_wings	translation_pair	Das Trinken des klaren, kühlen Quells beruht auf seiner zen- tralen und korrekten Stellung. Hier ist der Herr des Zeiche…	A well that is fed by a spring of living water is a good well. A man who has virtues like a well of this sort is born to…
ten_wings	48	line:6_ten_wings	translation_pair	Erhabenes Heil"" auf dem oberen Platz, das bedeutet große Vollendung. Der Strich ist ganz oben, also da, wo das Wasser de…	The well is there for all. No one is forbidden to take water from it. No matter how many come, all find what they need, …
ten_wings	48	sequence	de_only	Wer oben bedrängt wird, der wendet sich sicher nach unten. Darum folgt darauf das Zeichen: der Brunnen.	
oracle	49	intro	translation_pair	49. GO / DIE UMWALZUNG (DIE MAUSERUNG) oben Dui, das Heitere, der See unten Li, das Haftende, das Feuer as Zeichen bedeu…	The Chinese character for this hexagram means in its original sense an animal's pelt, which is changed in the course of …
oracle	49	judgment	translation_pair	Die Umwälzung. Am eigenen Tag, da findest du Glauben. Erhabenes Gelingen, fördernd durch Beharrlichkeit. Die Reue schwin…	REVOLUTION. On your own day You are believed. Supreme success, Furthering through perseverance. Remorse disappears.
oracle	49	image	translation_pair	Im See ist Feuer: das Bild der Umwälzung. So ordnet der Edle die Zeitrechnung Und macht die Zeiten klar.	Fire in the lake: the image of REVOLUTION. Thus the superior man Sets the calendar in order And makes the seasons clear.
oracle	49	line:1	translation_pair	Man wird eingewickelt in das Fell einer gelben Kuh. #83 T F Anderungen darf man erst unternehmen, wenn es nicht mehr and…	Wrapped in the hide of a yellow cow.
oracle	49	line:2	translation_pair	Am eigenen Tage, da mag man umwälzen. Aufbruch bringt Heil. Kein Makel. Wenn man alles versucht hat, um die Verhältnisse…	When one's own day comes, one may create revolution. Starting brings good fortune. No blame.
oracle	49	line:3	translation_pair	Aufbruch bringt Unheil. Beharrlichkeit bringt Gefahr. Wenn die Rede von der Umwälzung dreimal ergangen ist, Dann soll ma…	Starting brings misfortune. Perseverance brings danger. When talk of revolution has gone the rounds three times, One may…
oracle	49	line:4	translation_pair	Die Reue schwindet. Man findet Glauben. Die Staatsordnung zu wechseln bringt Heil. Grundstürzende Anderungen erfordern d…	Remorse disappears. Men believe him. Changing the form of government brings good fortune.
oracle	49	line:5	translation_pair	Der große Mann ändert wie ein Tiger. Noch ehe er das Orakel fragt, findet er Glauben. Ein Tigerfell mit seinen deutlich …	The great man changes like a tiger. Even before he questions the oracle He is believed.
oracle	49	line:6	translation_pair	Der Edle ändert wie ein Panther, Der Geringe mausert sich im Gesicht. Aufbruch bringt Unheil. In Beharrlichkeit weilen b…	The superior man changes like a panther. The inferior man molts in the face. Starting brings misfortune. To remain perse…
ten_wings	49	judgment_ten_wings	translation_pair	Die Umwälzung: Wasser und Feuer dämpfen einander. Zwei 1 Weil der Gedanke des Brunnens darauf beruht, daß das Wasser nac…	Political revolutions are extremely grave matters. They should be undertaken only under stress of direst necessity, when…
ten_wings	49	image_ten_wings	translation_pair	Im See ist Feuer: Das Bild der Umwälzung. So ordnet der Edle die Zeitrechnung und macht die Zeiten klar. Das Feuer im Se…	Fire below and the lake above combat and destroy each other. So too in the course of the year a combat takes place betwe…
ten_wings	49	line:1_ten_wings	translation_pair	Man wird eingewickelt in das Fell einer gelben Kuh."" Man soll so nicht handeln. Das Zeichen Li hat die Kuh als Tier. Das…	Changes ought to be undertaken only when there is nothing else to be done. Therefore at first the utmost restraint is ne…
ten_wings	49	line:2_ten_wings	translation_pair	Am eignen Tag, da mag man umwälzen."" Das Handeln bringt schönen Erfolg. Der Strich ist korrekt, zentral und klar. Der Pl…	When we have tried in every way to bring about reforms, but without success, revolution becomes necessary. But such a th…
ten_wings	49	line:3_ten_wings	translation_pair	Wenn die Rede von der Umwälzung dreimal ergangen ist, dann mag man sich ihr zuwenden"": wohin will man es sonst kommen la…	When change is necessary, there are two mistakes to be avoided. One lies in excessive haste and ruthlessness, which brin…
ten_wings	49	line:4_ten_wings	translation_pair	Das Heil des Wechsels der Staatsordnung beruht darauf, daß man für seine Gesinnung Glauben findet. Der Strich ist als st…	Radical changes require adequate authority. A man must have inner strength as well as influential position. What he does…
ten_wings	49	line:5_ten_wings	translation_pair	Der große Mann ändert wie ein Tiger"": Seine Zeichnung ist deutlich. Der Strich steht zur Sechs auf zweitem Platz in Bezi…	A tigerskin, with its highly visible black stripes on a yellow ground, shows its distinct pattern from afar. It is the s…
ten_wings	49	line:6_ten_wings	translation_pair	Der Edle ändert wie ein Panther."" Seine Zeichnung ist feiner. ""Der Geringe mausert sich im Gesicht""; er ist hingebend un…	After the large and fundamental problems are settled, certain minor reforms, and elaborations of these, are necessary. T…
ten_wings	49	sequence	de_only	Die Einrichtung eines Brunnens muß notwendig mit der Zeit umgewälzt werden; darum folgt darauf das Zeichen: die Umwälzun…	
oracle	50	intro	translation_pair	50. DING / DER TIEGEL oben Li, das Haftende, das Feuer unten Sun, das Sanfte, der Wind, das Holz as ganze Zeichen ist da…	The six lines construct the image of Ting, THE CALDRON; at the bottom are the legs, over them the belly, then come the e…
oracle	50	judgment	translation_pair	Der Tiegel. Erhabenes Heil. Gelingen. Während der Brunnen die soziale Grundlage der Gesellschaft behandelt, die wie das …	THE CALDRON. Supreme good fortune. Success.
oracle	50	image	translation_pair	Über dem Holz ist Feuer: das Bild des Tiegels. So festigt der Edle Durch Richtigmachung der Stellung das Schicksal. Das …	Fire over wood: The image of THE CALDRON. Thus the superior man consolidates his fate By making his position correct.
oracle	50	line:1	translation_pair	Ein Tiegel mit umgekippten Beinen. Fördernd zur Entfernung des Stockenden. Man nimmt eine Nebenfrau um ihres Sohns wille…	A ting with legs upturned. Furthers removal of stagnating stuff. One takes a concubine for the sake of her son. No blame…
oracle	50	line:2	translation_pair	Im Tiegel ist Nahrung. Meine Genossen haben Neid, Aber sie können mir nichts anhaben. Heil. In Zeiten hoher Kultur kommt…	There is food in the ting. My comrades are envious, But they cannot harm me. Good fortune.
oracle	50	line:3	translation_pair	Der Henkel des Tiegels ist verändert. Man ist behindert in seinem Wandel. Das Fett des Fasans wird nicht gegessen. Wenn …	The handle of the ting is altered. One is impeded in his way of life. The fat of the pheasant is not eaten. Once rain fa…
oracle	50	line:4	translation_pair	Der Tiegel bricht die Beine. Das Mahl des Fürsten wird verschüttet, Und die Gestalt wird befleckt. Unheil! Man hat eine …	The legs of the ting are broken. The prince's meal is spilled And his person is soiled. Misfortune.
oracle	50	line:5	translation_pair	Der Tiegel hat gelbe Henkel, goldne Tragringe. Fördernd ist Beharrlichkeit. Es ist ein Mann an herrschender Stelle, der …	The ting has yellow handles, golden carrying rings. Perseverance furthers.
oracle	50	line:6	translation_pair	Der Tiegel hat Nephritringe. Großes Heil! Nichts, das nicht fördernd wäre. Beim vorigen Strich sind die Tragringe golden…	The ting has rings of jade. Great good fortune. Nothing that would not act to further.
ten_wings	50	judgment_ten_wings	translation_pair	Der Tiegel ist das Bild eines Gegenstandes. Indem man mit Holz ins Feuer dringt, werden die Speisen gekocht. Der Be- ruf…	While THE WELL relates to the social foundation of our life, and this foundation is likened to the water that serves to …
ten_wings	50	image_ten_wings	translation_pair	? L t Feuer über Holz ist nicht das Bild des Tiegels, sondern das Bild seines Ge- brauchs. Das Feuer brennt dauernd, wen…	The fate of fire depends on wood; as long as there is wood below, the fire bums above. It is the same in human life; the…
ten_wings	50	line:1_ten_wings	translation_pair	""Ein Tiegel mit umgekippten Beinen."" Das ist noch nicht verkehrt. ""Fördernd zur Entfernung des Stockenden"", um dem Wertv…	If a ting is turned upside down before being used, no harm is done—on the contrary, this clears it of refuse. A concubin…
ten_wings	50	line:2_ten_wings	translation_pair	Im Tiegel ist Nahrung"": Sei vorsichtig, wohin du gehst. ""Meine Genossen haben Neid"": Das ist endgültig kein Makel. Der S…	In a period of advanced culture, it is of the greatest importance that one should achieve something significant. If a ma…
ten_wings	50	line:3_ten_wings	translation_pair	""Der Henkel des Tiegels ist verändert."" Er hat den Gedanken verfehlt. Der Strich ist der unterste des oberen Kernzeichen…	The handle is the means for lifting up the ting. If the handle is altered, the ting cannot be lifted up and used, and, s…
ten_wings	50	line:4_ten_wings	translation_pair	Das Mahl des Fürsten wird verschüttet."" Wie kann man ihm da noch trauen? Der Strich steht in Beziehung des Entsprechens …	A man has a difficult and responsible task to which he is not adequate. Moreover, he does not devote himself to it with …
ten_wings	50	line:5_ten_wings	translation_pair	Die gelben Henkel des Tiegels sind zentral, um das Wirkliche aufzunehmen. Der Strich ist zentral im oberen Zeichen Li, u…	Here we have, in a ruling position, a man who is approachable and modest in nature. As a result of this attitude he succ…
ten_wings	50	line:6_ten_wings	translation_pair	Die Nephritringe auf oberstem Platz zeigen fest und weich in richtiger Ergänzung. Es ist hier dieselbe Situation wie bei…	In the preceding line the carrying rings are described as golden, to denote their strength; here they are said to be of …
ten_wings	50	sequence	de_only	Nichts gestaltet die Dinge so sehr um wie der Tiegel. Darum folgt darauf das Zeichen: der Tiegel. Die Umgestaltungen des…	
oracle	51	intro	translation_pair	​51. DSCHEN / DAS ERREGENDE (DAS ERSCHÜTTERN, DER DONNER) oben Dschen, das Erregende, der Donner unten Dschen, das Erreg…	The hexagram Chên represents the eldest son, who seizes rule with energy and power. A yang line develops below two yin l…
oracle	51	judgment	translation_pair	Das Erschüttern bringt Gelingen. Das Erschüttern kommt: Hu, Hu! Lachende Worte: Ha, Ha! Das Erschüttern erschreckt hunde…	SHOCK brings success. Shock comes—oh, oh! Laughing words—ha, ha! The shock terrifies for a hundred miles, And he does no…
oracle	51	image	translation_pair	Fortgesetzter Donner: das Bild des Erschütterns. So macht der Edle unter Furcht und Zittern sein Leben recht Und erforsc…	Thunder repeated: the image of SHOCK. Thus in fear and trembling The superior man sets his life in order And examines hi…
oracle	51	line:1	translation_pair	Das Erschüttern kommt: Hu, Hu! Darauf folgen lachende Worte: Ha, Ha! Heil! Furcht und Zittern der Erschütterung kommt zu…	Shock comes—oh, oh! Then follow laughing words—ha, ha! Good fortune.
oracle	51	line:2	translation_pair	Das Erschüttern kommt mit Gefahr. Hunderttausendfach verlierst du deine Schätze Und mußt auf die neun Hügel steigen. Jag…	Shock comes bringing danger. A hundred thousand times You lose your treasures And must climb the nine hills. Do not go i…
oracle	51	line:3	translation_pair	Das Erschüttern kommt und macht fassungslos. Wenn man infolge des Erschütterns handelt, So bleibt man frei von Unglück. …	Shock comes and makes one distraught. If shock spurs to action One remains free of misfortune.
oracle	51	line:4	translation_pair	Das Erschüttern gerät in Schlamm. Die innere Bewegung hängt in ihrem Erfolg zum Teil auch von den Um- ständen ab. Wenn d…	Shock is mired.
oracle	51	line:5	translation_pair	Das Erschüttern geht hin und her: Gefahr. Aber man verliert durchaus nichts, Nur gibt es Geschäfte. Es ist hier nicht nu…	Shock goes hither and thither. Danger. However, nothing at all is lost. Yet there are things to be done.
oracle	51	line:6	translation_pair	Das Erschüttern bringt Verfall und ängstliches Umherblicken. Vorangehen bringt Unheil. Wenn es noch nicht den eignen Lei…	Shock brings ruin and terrified gazing around. Going ahead brings misfortune. If it has not yet touched one's own body B…
ten_wings	51	judgment_ten_wings	translation_pair	,,Das Erschüttern bringt Gelingen. Das Erschüttern kommt: Hu, Hu!"" Furcht bringt Glück. ,,Lachende Worte: Ha, Ha!"" Nachh…	The shock that comes from the manifestation of God within the depths of the earth makes man afraid, but this fear of God…
ten_wings	51	image_ten_wings	translation_pair	Fortgesetzter Donner: das Bild des Erschütterns. So macht der Edle unter Furcht und Zittern sein Leben recht und er- for…	The shock of continuing thunder brings fear and trembling. The superior man is always filled with reverence at the manif…
ten_wings	51	line:1_ten_wings	translation_pair	Das Erschüttern kommt: Hu, Hu!"" Furcht bringt Glück. ,,Lachende Worte: Ha, Ha!"" Nachher hat man eine Regel. Es ist hier …	The fear and trembling engendered by shock come to an individual at first in such a way that he sees himself placed at a…
ten_wings	51	line:2_ten_wings	translation_pair	Das Erschüttern kommt mit Gefahr."" Er beruht auf einem Festen. Da der Anfangsstrich mit starker Erschütterung nach oben …	This pictures a situation in which a shock endangers a man and he suffers great losses. Resistance would be contrary to …
ten_wings	51	line:3_ten_wings	translation_pair	Das Erschüttern kommt und macht fassungslos."" Der Platz ist nicht der gebührende. Das Wort ""Su"", das mit fassungslos wie…	There are three kinds of shock—the shock of heaven, which is thunder, the shock of fate, and, finally, the shock of the …
ten_wings	51	line:4_ten_wings	translation_pair	Das Erschüttern gerät in Schlamm."" Er ist noch nicht hell genug. Der Strich ist an sich stark, aber seine Stärke wird du…	Movement within the mind depends for its success partly on circumstances. If there is neither a resistance that might be…
ten_wings	51	line:5_ten_wings	translation_pair	Das Erschüttern geht hin und her: Gefahr."" Man wandelt in Gefahr. Die Geschäfte sind in der Mitte, darum verliert man du…	This is a case not of a single shock but of repeated shocks with no breathing space between. Nonetheless, the shock caus…
ten_wings	51	line:6_ten_wings	translation_pair	""Die Erschütterung bringt Verfall."" Er hat die Mitte nicht erreicht. Obwohl Unheil, kein Makel. Man läßt sich durch die …	When inner shock is at its height, it robs a man of reflection and clarity of vision. In such a state of shock it is of …
ten_wings	51	sequence	de_only	Unter den Verwaltern der heiligen Geräte steht der älteste Sohn in erster Linie. Darum folgt darauf das Zeichen: die Er-…	
oracle	52	intro	translation_pair	52. GEN/ DAS STILLEHALTEN, DER BERG oben Gen, das Stillehalten, der Berg unten Gen, das Stillehalten, der Berg Das as Bi…	The image of this hexagram is the mountain, the youngest son of heaven and earth. The male principle is at the top, beca…
oracle	52	judgment	translation_pair	Stillehalten seines Rückens, So daß er seinen Leib nicht mehr empfindet. Er geht in seinen Hof und sieht nicht seine Men…	KEEPING STILL. Keeping his back still So that he no longer feels his body. He goes into his courtyard And does not see h…
oracle	52	image	translation_pair	Zusammenstehende Berge: Das Bild des Stillehaltens. So geht der Edle mit seinen Gedanken nicht über seine Lage hinaus.	Mountains standing close together: The image of KEEPING STILL. Thus the superior man Does not permit his thoughts To go …
oracle	52	line:1	translation_pair	Stillehalten seiner Zehen. Kein Makel. Fördernd ist dauernde Beharrlichkeit. Das Ruhigbleiben der Zehen bedeutet ein Ste…	Keeping his toes still. No blame. Continued perseverance furthers.
oracle	52	line:2	translation_pair	Stillehalten seiner Waden. Er kann den nicht retten, dem er folgt. Sein Herz ist nicht froh. Das Bein kann sich nicht se…	Keeping his calves still. He cannot rescue him whom he follows. His heart is not glad.
oracle	52	line:3	translation_pair	Stillehalten seiner Hüften. Steifmachen seines Kreuzbeins. Gefährlich. Das Herz erstickt. Es handelt sich hier um erzwun…	Keeping his hips still. Making his sacrum stiff. Dangerous. The heart suffocates.
oracle	52	line:4	translation_pair	Stillehalten seines Rumpfes. Kein Makel. Ruhighalten des Rückens, wie es in den Worten zum Gesamtzeichen erwähnt ist, be…	Keeping his trunk still. No blame.
oracle	52	line:5	translation_pair	Stillehalten seiner Kinnladen. Die Worte haben Ordnung. Die Reue schwindet. In gefährlicher Lage, namentlich solange man…	Keeping his jaws still. The words have order. Remorse disappears.
oracle	52	line:6	translation_pair	Großzügiges Stillehalten. Heil! Hier ist die Vollendung der Bemühung zur Ruhe gegeben. Man ist ruhig nicht in kleinlich …	Noblehearted keeping still. Good fortune.
ten_wings	52	judgment_ten_wings	translation_pair	Stillehalten bedeutet innehalten. Wenn es Zeit ist, innezuhalten, dann innehalten, Wenn es Zeit ist, voranzuschreiten, d…	True quiet means keeping still when the time has come to keep still, and going forward when the time has come to go forw…
ten_wings	52	image_ten_wings	translation_pair	Zusammenstehende Berge: das Bild des Stillehaltens. So geht der Edle mit seinen Gedanken nicht über seine Lage hinaus. B…	The heart thinks constantly. This cannot be changed, but the movements of the heart—that is, a man's thoughts—should res…
ten_wings	52	line:1_ten_wings	translation_pair	Stillehalten seiner Zehen."" Das Rechte ist noch nicht verloren. Die einzelnen Linien erinnern in ihren Bildern an die ei…	Keeping the toes still means halting before one has even begun to move. The beginning is the time of few mistakes. At th…
ten_wings	52	line:2_ten_wings	translation_pair	Er kann den nicht retten, dem er folgt"": Denn er kehrt sich nicht nach ihm, daß er auf ihn hört. Der Strich, dem die Sec…	The leg cannot move independently; it depends on the movement of the body. If a leg is suddenly stopped while the whole …
ten_wings	52	line:3_ten_wings	translation_pair	Stillehalten seiner Hüften."" Es ist Gefahr, daß das Herz erstickt. Der Strich ist in der Mitte des Kernzeichens Kan, dah…	This refers to enforced quiet. The restless heart is to be subdued by forcible means. But fire when it is smothered chan…
ten_wings	52	line:4_ten_wings	translation_pair	Stillehalten seines Rumpfes."" Er hält innerhalb seines eignen Leibes inne. Der vierte Platz ist der Rumpf. Er ist sehr s…	As has been pointed out above in the comment on the Judgment, keeping the back at rest means forgetting the ego. This is…
ten_wings	52	line:5_ten_wings	translation_pair	Stillehalten seiner Kinnladen"": Infolge der zentralen und korrekten Haltung. Während bei Nr. 31 die Kinnladen erst auf d…	A man in a dangerous situation, especially when he is not adequate to it, is inclined to be very free with talk and pres…
ten_wings	52	line:6_ten_wings	translation_pair	Das Heil des großzügigen Stillehaltens kommt davon her, daß ein reichlicher Abschluß da ist. Der Strich ist zum Abschluß…	This marks the consummation of the effort to attain tranquility. One is at rest, not merely in a small, circumscribed wa…
ten_wings	52	sequence	de_only	Die Dinge können sich nicht dauernd bewegen, man muß sie innehalten machen. Darum folgt darauf das Zeichen: Das Stilleha…	
oracle	53	intro	translation_pair	​53. DSIAN / DIE ENTWICKLUNG (ALLMAHLICHER FORTSCHRITT) oben Sun, das Sanfte, der Wind, das Holz unten Gen, das Stilleha…	This hexagram is made up of Sun (wood, penetration) above, i.e., without, and Kên (mountain, stillness) below, i.e., wit…
oracle	53	judgment	translation_pair	Die Entwicklung. Das Mädchen wird verheiratet. Heil! Fördernd ist Beharrlichkeit. Zögernd ist die Entwicklung, die dazu …	DEVELOPMENT. The maiden Is given in marriage. Good fortune. Perseverance furthers.
oracle	53	image	translation_pair	Auf dem Berge ist ein Baum: das Bild der Entwicklung. So weilt der Edle in würdiger Tugend, Um die Sitten zu bessern. De…	On the mountain, a tree: The image of DEVELOPMENT. Thus the superior man abides in dignity and virtue, In order to impro…
oracle	53	line:1	translation_pair	Die Wildgans zieht allmählich dem Ufer zu. Der junge Sohn ist in Gefahr. Es gibt Gerede. Kein Makel. Die einzelnen Linie…	The wild goose gradually draws near the shore. The young son is in danger. There is talk. No blame.
oracle	53	line:2	translation_pair	Die Wildgans zieht allmählich dem Felsen zu. Essen und Trinken in Frieden und Eintracht. Heil! aer Fels ist ein sicherer…	The wild goose gradually draws near the cliff. Eating and drinking in peace and concord. Good fortune.
oracle	53	line:3	translation_pair	Die Wildgans zieht allmählich der Hochebene zu. Der Mann zieht aus und kehrt nicht wieder. Die Frau trägt ein Kind, aber…	The wild goose gradually draws near the plateau. The man goes forth and does not return. The woman carries a child but d…
oracle	53	line:4	translation_pair	Die Wildgans zieht allmählich dem Baume zu. Vielleicht bekommt sie einen flachen Ast. Kein Makel. Der Baum ist kein Plat…	The wild goose gradually draws near the tree. Perhaps it will find a flat branch. No blame.
oracle	53	line:5	translation_pair	Die Wildgans zieht allmählich dem Gipfel zu. Die Frau bekommt drei Jahre lang kein Kind. Endlich kann sie nichts verhind…	The wild goose gradually draws near the summit. For three years the woman has no child. In the end nothing can hinder he…
oracle	53	line:6	translation_pair	Die Wildgans zieht allmählich den Wolkenhöhen zu. Ihre Federn können zum heiligen Tanz verwendet werden. Heil! Hier ist …	The wild goose gradually draws near the cloud heights. Its feathers can be used for the sacred dance. Good fortune.
ten_wings	53	judgment_ten_wings	translation_pair	Der Fortschritt der Entwicklung bedeutet das Heil der Ver- heiratung des Mädchens. Fortschreiten und dabei den rechten P…	The development of events that leads to a girl's following a man to his home proceeds slowly. The various formalities mu…
ten_wings	53	image_ten_wings	translation_pair	S Der Baum auf dem Berg vergrößert sich langsam und unmerklich. Er geht in die Breite, spendet Schatten und beeinflußt s…	The tree on the mountain is visible from afar, and its development influences the landscape of the entire region. It doe…
ten_wings	53	line:1_ten_wings	translation_pair	Die Gefahr des kleinen Sohnes ist ihrer Bedeutung nach ohne Makel. Das Kernzeichen Li bedeutet einen fliegenden Vogel, d…	All the individual lines in this hexagram symbolize the gradual flight of the wild goose. The wild goose is the symbol o…
ten_wings	53	line:2_ten_wings	translation_pair	Essen und Trinken in Friede und Eintracht."" n Er ißt sich nicht einfach nur satt. Gen ist der Berg, daher das Bild des F…	The cliff is a safe place on shore. The development has gone a step further. The initial insecurity has been overcome, a…
ten_wings	53	line:3_ten_wings	translation_pair	""Der Mann zieht aus und kehrt nicht wieder."" Er verläßt die Schar der Gefährten. ""Die Frau trägt ein Kind, aber bringt e…	The high plateau is dry and unsuitable for the wild goose. If it goes there, it has lost its way and gone too far. This …
ten_wings	53	line:4_ten_wings	translation_pair	Vielleicht bekommt sie einen flachen Ast."" Sie ist hingebend und sanft. Der Strich ist in das obere Zeichen Sun, Holz, e…	A tree is not a suitable place for a wild goose. But if it is clever, it will find a flat branch on which it can get a f…
ten_wings	53	line:5_ten_wings	translation_pair	Endlich kann nichts das Heil verhindern."" Man erlangt seinen Wunsch. Der Strich ist der obere Herr des Zeichens, daher d…	The summit is a high place. In a high position one easily becomes isolated. One is misjudged by the very person on whom …
ten_wings	53	line:6_ten_wings	translation_pair	Ihre Federn können zum heiligen Tanz verwendet werden. Heil!"" Man kann ihn nicht aus der Fassung bringen. Der oberste Pl…	Here life comes to its end. A man's work stands completed. The path rises high toward heaven, like the flight of wild ge…
ten_wings	53	sequence	de_only	Die Dinge können nicht dauernd innehalten, darum folgt dar- auf das Zeichen: die Entwicklung. Entwicklung bedeutet Forts…	
oracle	54	intro	translation_pair	​54. GUI ME DAS HEIRATENDE MADCHEN oben Dschen, das Erregende, der Donner unten Dui, das Heitere, der See ben ist Dschen…	Above we have Chên, the eldest son, and below, Tui, the youngest daughter. The man leads and the girl follows him in gla…
oracle	54	judgment	translation_pair	Das heiratende Mädchen. Unternehmungen bringen Unheil. Nichts, das fördernd wäre. Ein Mädchen, das in die Familie aufgen…	THE MARRYING MAIDEN. Undertakings bring misfortune. Nothing that would further.
oracle	54	image	translation_pair	Oberhalb des Sees ist der Donner: Das Bild des heiratenden Mädchens. So erkennt der Edle durch die Ewigkeit des Endes da…	Thunder over the lake: The image of THE MARRYING MAIDEN. Thus the superior man Understands the transitory In the light o…
oracle	54	line:1	translation_pair	Das heiratende Mädchen als Nebenfrau. Ein Lahmer, der auftreten kann. Unternehmungen bringen Heil. Die Fürsten des Alter…	The marrying maiden as a concubine. A lame man who is able to tread. Undertakings bring good fortune.
oracle	54	line:2	translation_pair	Ein Einäugiger, der sehen kann. Fördernd ist die Beharrlichkeit eines einsamen Menschen. Die Lage ist hier so, daß das M…	A one-eyed man who is able to see. The perseverance of a solitary man furthers.
oracle	54	line:3	translation_pair	Das heiratende Mädchen als Sklavin. Sie heiratet als Nebenfrau. Ein Mädchen, das sich in geringer Stellung befindet und …	The marrying maiden as a slave. She marries as a concubine.
oracle	54	line:4	translation_pair	Das heiratende Mädchen verzögert die Frist. Eine späte Heirat kommt zu ihrer Zeit. Das Mädchen ist sehr gut, will sich n…	The marrying maiden draws out the allotted time. A late marriage comes in due course.
oracle	54	line:5	translation_pair	Der Herrscher I verheiratete seine Tochter. Da waren die gestickten Kleider der Fürstin nicht so prächtig Wie die der Di…	The sovereign I gave his daughter in marriage. The embroidered garments of the princess Were not as gorgeous As those of…
oracle	54	line:6	translation_pair	Die Frau hält den Korb, aber es sind keine Früchte darin. Der Mann sticht das Schaf, aber es fließt kein Blut. Nichts, d…	The woman holds the basket, but there are no fruits in it. The man stabs the sheep, but no blood flows. Nothing that act…
ten_wings	54	judgment_ten_wings	translation_pair	Das heiratende Mädchen bezeichnet den großen Sinn von Himmel und Erde. Wenn Himmel und Erde sich nicht ver- einigen, so …	A girl who is taken into the family, but not as the chief wife, must behave with special caution and reserve. She must n…
ten_wings	54	image_ten_wings	translation_pair	. Oberhalb des Sees ist der Donner: das Bild des heiratenden Mädchens. So erkennt der Edle durch die Ewigkeit des Endes …	Thunder stirs the water of the lake, which follows it in shimmering waves. This symbolizes the girl who follows the man …
ten_wings	54	line:1_ten_wings	translation_pair	Das heiratende Mädchen als Nebenfrau"", weil das Dauer gibt. ,,Ein Lahmer, der auftreten kann. Heil"", weil sie einander e…	The princes of ancient China maintained a fixed order of rank among the court ladies, who were subordinated to the queen…
ten_wings	54	line:2_ten_wings	translation_pair	""Fördernd ist die Beharrlichkeit eines einsamen Menschen."" Das dauernde Gesetz ist nicht verändert. Der Strich ist an un…	Here the situation is that of a girl married to a man who has disappointed her. Man and wife ought to work together like…
ten_wings	54	line:3_ten_wings	translation_pair	Das heiratende Mädchen als Sklavin"": Sie ist noch nicht in der gebührenden Stellung. Die Linie ist schwach auf starkem P…	A girl who is in a lowly position and finds no husband may, in some circumstances, still win shelter as a concubine. Thi…
ten_wings	54	line:4_ten_wings	translation_pair	Die Gesinnung, die zur Verzögerung der Frist führt, will auf etwas warten, ehe sie geht. Von den Linien des oberen und d…	The girl is virtuous. She does not wish to throw herself away, and allows the customary time for marriage to slip by. Ho…
ten_wings	54	line:5_ten_wings	translation_pair	""Der Herrscher I verheiratet seine Tochter. Da waren ihre gestickten Kleider nicht so prächtig wie die der Dienerin."" De…	The sovereign I is T'ang the Completer. This ruler decreed that the imperial princesses should be subordinated to their …
ten_wings	54	line:6_ten_wings	translation_pair	Daß die obere Sechs keine Früchte hat, kommt daher, daß sie einen leeren Korb hält. Die obere schwache Sechs auf dem Gip…	At the sacrifice to the ancestors, the woman had to present harvest offerings in a basket, while the man slaughtered the…
ten_wings	54	sequence	de_only	Durch den Fortschritt kommt man sicher dahin, wo man hin- gehört. Darum folgt darauf das Zeichen: das heiratende Mäd- ch…	
oracle	55	intro	translation_pair	55. FONG / DIE FÜLLE oben Dschen, das Erregende, der Donner unten Li, das Haftende, die Flamme schen ist die Bewegung, L…	Chên is movement; Li is flame, whose attribute is clarity. Clarity within, movement without—this produces greatness and …
oracle	55	judgment	translation_pair	Die Fülle hat Gelingen. Der König erreicht sie. Sei nicht traurig; du mußt sein wie die Sonne am Mittag. Eine Zeit höchs…	ABUNDANCE has success. The king attains abundance. Be not sad. Be like the sun at midday.
oracle	55	image	translation_pair	Donner und Blitz kommen beide: das Bild der Fülle. So entscheidet der Edle die Prozesse und führt die Strafen aus. Das Z…	Both thunder and lightning come: The image of ABUNDANCE. Thus the superior man decides lawsuits And carries out punishme…
oracle	55	line:1	translation_pair	Wenn man seinem bestimmten Herrn begegnet, So mag man zehn Tage beisammen sein, und es ist kein Fehler. Hingehen findet …	When a man meets his destined ruler, They can be together ten days, And it is not a mistake. Going meets with recognitio…
oracle	55	line:2	translation_pair	Der Vorhang ist von solcher Fülle, Daß man am Mittag die Polsterne sieht. Durch Hingehen erreicht man Mißtrauen und HaB.…	The curtain is of such fullness That the polestars can be seen at noon. Through going one meets with mistrust and hate. …
oracle	55	line:3	translation_pair	Das Gestrüpp ist von solcher Fülle, Daß man am Mittag die kleinen Sterne sieht. Er bricht seinen rechten Arm. Kein Makel…	The underbrush is of such abundance That the small stars can be seen at noon. He breaks his right arm. No blame.
oracle	55	line:4	translation_pair	Der Vorhang ist von solcher Fülle, Daß man am Mittag die Polsterne sieht. Er begegnet seinem gleichen Herrn. Heil! Hier …	The curtain is of such fullness That the polestars can be seen at noon. He meets his ruler, who is of like kind. Good fo…
oracle	55	line:5	translation_pair	Es kommen Linien, es naht Segen und Ruhm. Heil! Der herrschende Mann ist bescheiden, so daß er für Rat der Tüchtigen zu-…	Lines are coming, Blessing and fame draw near. Good fortune.
oracle	55	line:6	translation_pair	Sein Haus ist in Fülle. Er verdeckt seine Sippe. Er späht durch das Tor Und merkt niemand mehr. Drei Jahre lang sieht er…	His house is in a state of abundance. He screens off his family. He peers through the gate And no longer perceives anyon…
ten_wings	55	judgment_ten_wings	translation_pair	Die Fülle bedeutet Größe. Klarheit bei der Bewegung, darum Fülle. ,,Der König erreicht sie."" Dadurch wird die Größe beto…	It is not given to every mortal to bring about a time of outstanding greatness and abundance. Only a born ruler of men i…
ten_wings	55	image_ten_wings	translation_pair	Donner und Blitz kommen beide: das Bild der Fülle. So ent- scheidet der Edle die Prozesse und führt die Strafen aus. Das…	This hexagram has a certain connection with Shih Ho, BITING THROUGH (21), in which thunder and lightning similarly appea…
ten_wings	55	line:1_ten_wings	translation_pair	Man mag zehn Tage beisammen sein, und es ist kein Feh- ler."" Mehr als zehn Tage ist vom Übel. Der Strich ist stark und k…	To bring about a time of abundance, a union of clarity with energetic movement is needed. Two individuals possessed of t…
ten_wings	55	line:2_ten_wings	translation_pair	Wenn man durch Wahrheit ihn erweckt"", d. h. man muß durch Zuverlässigkeit seinen Willen erwecken. Durch das Kernzeichen …	It often happens that plots and party intrigues, which have the darkening effect of an eclipse of the sun, come between …
ten_wings	55	line:3_ten_wings	translation_pair	""Das Gestrüpp ist von solcher Fülle"", daß man keine großen Geschäfte tun kann. ,,Er bricht seinen rechten Arm"": Endgülti…	The image is that of a progressive covering over of the sun. Here the eclipse reaches totality, therefore even the small…
ten_wings	55	line:4_ten_wings	translation_pair	""Der Vorhang ist von solcher Fülle."" Der Platz ist nicht der gebührende. ,,Am Mittag sieht man die Polsterne."" Er ist du…	Here the darkness is already decreasing, therefore interrelated elements come together. Here too the complement must be …
ten_wings	55	line:5_ten_wings	translation_pair	Das Heil der Sechs auf fünftem Platz kommt daher, daß sie Segen spendet. Die Linie steht in Beziehung zur Sechs auf zwei…	The ruler is modest and therefore open to the counsel of able men. Thus he is surrounded by men who suggest to him the l…
ten_wings	55	line:6_ten_wings	translation_pair	Sein Haus ist in Fülle."" Er treibt sich an der Grenze des Himmels umher. ,,Er späht durch das Tor und merkt niemand mehr…	This describes a man who because of his arrogance and obstinacy attains the opposite of what he strives for. He seeks ab…
ten_wings	55	sequence	de_only	Was einen Platz bekommt, wo es daheim ist, das wird sicher groß. Darum folgt darauf das Zeichen: die Fülle. Fülle be- de…	
oracle	56	intro	translation_pair	旅 ​56. LU / DER WANDERER oben Li, das Haftende, das Feuer unten Gen, das Stillehalten, der Berg De er Berg (Gen) steht s…	The mountain, Kên, stands still; above it fire, Li, flames up and does not tarry. Therefore the two trigrams do not stay…
oracle	56	judgment	translation_pair	Der Wanderer. Durch Kleinheit Gelingen. Dem Wanderer ist Beharrlichkeit von Heil. Als Wanderer und Fremdling darf man ni…	THE WANDERER. Success through smallness. Perseverance brings good fortune To the wanderer.
oracle	56	image	translation_pair	Auf dem Berg ist Feuer: das Bild des Wanderers. So ist der Edle klar und vorsichtig in der Anwendung von Strafen und ver…	Fire on the mountain: The image of THE WANDERER. Thus the superior man Is clear-minded and cautious In imposing penaltie…
oracle	56	line:1	translation_pair	Wenn der Wanderer sich mit kleinlichen Dingen abgibt, So zieht er sich dadurch Unglück zu. 11* Ein Wanderer darf sich ni…	If the wanderer busies himself with trivial things, He draws down misfortune upon himself.
oracle	56	line:2	translation_pair	Der Wanderer kommt zur Herberge. Er hat seinen Besitz bei sich. Er erlangt eines jungen Dieners Beharrlichkeit. Der Wand…	The wanderer comes to an inn. He has his property with him. He wins the steadfastness of a young servant.
oracle	56	line:3	translation_pair	Dem Wanderer verbrennt seine Herberge. Er verliert die Beharrlichkeit seines jungen Dieners. Gefahr. Ein gewalttätiger F…	The wanderer's inn burns down. He loses the steadfastness of his young servant. Danger.
oracle	56	line:4	translation_pair	Der Wanderer ruht an einem Unterkunftsort. Er erlangt seinen Besitz und eine Axt. Mein Herz ist nicht froh. Hier ist ein…	The wanderer rests in a shelter. He obtains his property and an ax. My heart is not glad.
oracle	56	line:5	translation_pair	Er schießt einen Fasan; auf den ersten Pfeil fällt er. Schließlich kommt dadurch Lob und Amt. Die Staatsmänner auf Reise…	He shoots a pheasant. It drops with the first arrow. In the end this brings both praise and office.
oracle	56	line:6	translation_pair	Dem Vogel verbrennt sein Nest. Der Wanderer lacht erst, Dann muß er klagen und weinen. Er verliert die Kuh im Leichtsinn…	The bird's nest burns up. The wanderer laughs at first, Then must needs lament and weep. Through carelessness he loses h…
ten_wings	56	judgment_ten_wings	translation_pair	""Der Wanderer. Durch Kleinheit Gelingen"": Das Weiche erlangt die Mitte im Außeren und fügt sich dem Festen. Stillehalten…	When a man is a wanderer and stranger, he should not be gruff nor overbearing. He has no large circle of acquaintances, …
ten_wings	56	image_ten_wings	translation_pair	Auf dem Berg ist Feuer: das Bild des Wanderers. So ist der Edle klar und vorsichtig in der Anwendung von Strafen und ver…	When grass on a mountain takes fire, there is bright light. However, the fire does not linger in one place, but travels …
ten_wings	56	line:1_ten_wings	translation_pair	""Wenn der Wanderer sich mit den kleinlichen Dingen ab- gibt"": Dann erschöpft sich sein Wille, und das ist ein Unglück. E…	A wanderer should not demean himself or busy himself with inferior things he meets with along the way. The humbler and m…
ten_wings	56	line:2_ten_wings	translation_pair	""Er erlangt eines jungen Dieners Beharrlichkeit."" Das ist endgültig kein Fehler. Die Linie ist weich und zentral, inmitt…	The wanderer here described is modest and reserved. He does not lose touch with his inner being, hence he finds a restin…
ten_wings	56	line:3_ten_wings	translation_pair	""Dem Wanderer verbrennt seine Herberge."" Das ist für ihn selbst ein Schade. Wenn er als Fremder mit seinem Untergebenen …	A truculent stranger does not know how to behave properly. He meddles in affairs and controversies that do not concern h…
ten_wings	56	line:4_ten_wings	translation_pair	Der Wanderer ruht an einem Unterkunftsort."" Er hat noch nicht seinen Platz erlangt. ""Er erlangt seinen Besitz und eine A…	This describes a wanderer who knows how to limit his desires outwardly, though he is inwardly strong and aspiring. There…
ten_wings	56	line:5_ten_wings	translation_pair	Schließlich kommt er durch Lob und Amt empor. Die Linie, weich auf dem Zentralplatz im Außern, ist hier der Wanderer. We…	Traveling statesmen were in the habit of introducing themselves to local princes with the gift of a pheasant. Here the w…
ten_wings	56	line:6_ten_wings	translation_pair	Als Wanderer oben zu sein, das führt mit Recht zum Ver- brennen. ""Er verliert die Kuh im Leichtsinn."" Er hört endgültig …	The picture of a bird whose nest burns up indicates loss of one's resting place. This misfortune may overtake the bird i…
ten_wings	56	sequence	de_only	Woran die Größe sich erschöpft, das ist sicher, daß sie ihre Heimat verliert. Darum folgt darauf das Zeichen: der Wan- d…	
oracle	57	intro	translation_pair	57. SUN/DAS SANFTE, DAS EINDRINGLICHE, DER WIND oben Sun, das Sanfte, der Wind, das Holz unten Sun, das Sanfte, der Wind…	Sun is one of the eight doubled trigrams. It is the eldest daughter and symbolizes wind or wood; it has for its attribut…
oracle	57	judgment	translation_pair	Das Sanfte. Durch Kleines Gelingen. Fördernd ist es, zu haben, wohin man geht. Fördernd ist es, den großen Mann zu sehen…	THE GENTLE. Success through what is small. It furthers one to have somewhere to go. It furthers one to see the great man…
oracle	57	image	translation_pair	Einander folgende Winde: das Bild des Sanft-Eindringenden. So verbreitet der Edle seine Gebote Und wirkt seine Geschäfte…	Winds following one upon the other: The image of THE GENTLY PENETRATING. Thus the superior man Spreads his commands abro…
oracle	57	line:1	translation_pair	Beim Vorgehen und Rückweichen Ist fördernd die Beharrlichkeit eines Kriegers. Das sanfte Wesen geht oft bis zur Unentsch…	In advancing and in retreating, The perseverance of a warrior furthers.
oracle	57	line:2	translation_pair	Eindringen unter das Bett. Man benützt Priester und Magier in großer Zahl. Heil! Kein Makel. Ess j Zuweilen hat man es m…	Penetration under the bed. Priests and magicians are used in great number. Good fortune. No blame.
oracle	57	line:3	translation_pair	Wiederholtes Eindringen. Beschämung. Das eindringliche Nachdenken darf nicht zu weit getrieben werden; sonst hemmt es di…	Repeated penetration. Humiliation.
oracle	57	line:4	translation_pair	Reue schwindet. Auf der Jagd fängt man drei Arten von Wild. Wenn man angeborene Bescheidenheit infolge der verantwortung…	Remorse vanishes. During the hunt Three kinds of game are caught.
oracle	57	line:5	translation_pair	Beharrlichkeit bringt Heil. Reue schwindet. Nichts, das nicht fördernd ist. Kein Anfang, aber ein Ende. Vor der Anderung…	Perseverance brings good fortune. Remorse vanishes. Nothing that does not further. No beginning, but an end. Before the …
oracle	57	line:6	translation_pair	Eindringen unter das Bett. Er verliert seinen Besitz und seine Axt. Beharrlichkeit bringt Unheil. Die Erkenntnis ist ein…	Penetration under the bed. He loses his property and his ax. Perseverance brings misfortune.
ten_wings	57	judgment_ten_wings	translation_pair	Wiederholtes Eindringen, um Gebote zu verbreiten. Das Feste dringt ein in die Mitte und das Korrekte, und sein Wille ges…	Penetration produces gradual and inconspicuous effects. It should be effected not by an act of violation but by influenc…
ten_wings	57	image_ten_wings	translation_pair	Einander folgende Winde: das Bild des sanft Eindringenden. So verbreitet der Edle seine Gebote und wirkt seine Geschäfte…	The penetrating quality of the wind depends upon its ceaselessness. This is what makes it so powerful; time is its instr…
ten_wings	57	line:1_ten_wings	translation_pair	Vorgehen und Rückweichen"": der Wille ist im Zweifel. ,,Fördernd ist die Beharrlichkeit eines Kriegers."" Der Wille ist be…	Inborn gentleness is often carried to the point of indecisiveness. One does not feel strong enough to advance resolutely…
ten_wings	57	line:2_ten_wings	translation_pair	Das Heil der großen Zahl beruht darauf, daß man die Mitte erlangt hat. 1 Vgl. Die modernen Theorien über das Wesen der S…	At times one has to deal with hidden enemies, intangible influences that slink into dark corners and from this hiding af…
ten_wings	57	line:3_ten_wings	translation_pair	Die Beschämung des wiederholten Eindringens kommt da- von, daß der Wille sich erschöpft. Der dritte Platz ist inmitten d…	Penetrating reflection must not be pushed too far, lest it cripple the power of decision. After a matter has been thorou…
ten_wings	57	line:4_ten_wings	translation_pair	Auf der Jagd fängt man drei Arten von Wild."" Das ist verdienstvoll. Das Kernzeichen Li bedeutet Waffen und daher Jagd. D…	When a responsible position and accumulated experience lead one to combine innate modesty with energetic action, great s…
ten_wings	57	line:5_ten_wings	translation_pair	Das Heil der Neun auf fünftem Platz beruht darauf, daß der Platz korrekt und zentral ist. Der Strich ist im Zentrum als …	In the situation described in Ku, WORK ON WHAT HAS BEEN SPOILED (18), an entirely new point of departure must be set up,…
ten_wings	57	line:6_ten_wings	translation_pair	Eindringen unter das Bett."" Oben ist es zu Ende. ""Er verliert seinen Besitz und seine Axt."" Ist das recht? Es ist von Un…	A man's understanding is sufficiently penetrating. He follows up injurious influences into the most secret corners. But …
ten_wings	57	sequence	de_only	Der Wanderer hat nichts, das ihn aufnehme, darum folgt darauf das Zeichen: das Sanfte, das Eindringliche. Das Sanfte be-…	
oracle	58	intro	translation_pair	58. DUI/DAS HEITERE, DER SEE oben Dui, das Heitere, der See unten Dui, das Heitere, der See D ui ist wie Sun eines der a…	This hexagram, like Sun, is one of the eight formed by doubling of a trigram. The trigram Tui denotes the youngest daugh…
oracle	58	judgment	translation_pair	Das Heitere. Gelingen. Günstig ist Beharrlichkeit. Die fröhliche Stimmung wirkt ansteckend, darum hat sie Erfolg. Aber d…	THE JOYOUS. Success. Perseverance is favorable.
oracle	58	image	translation_pair	Aufeinander beruhende Seen: das Bild des Heiteren. So tut sich der Edle mit seinen Freunden zusammen zur Besprechung und…	Lakes resting one on the other: The image of THE JOYOUS. Thus the superior man joins with his friends For discussion and…
oracle	58	line:1	translation_pair	Zufriedene Heiterkeit. Heil! Eine stille, wortlose, in sich gesammelte Freude, die nichts von außen be- gehrt und mit al…	Contented joyousness. Good fortune.
oracle	58	line:2	translation_pair	Wahrhaftige Heiterkeit. Heil! Die Reue schwindet. Oft befindet man sich in Beziehung zu minderwertigen Menschen, aus der…	Sincere joyousness. Good fortune. Remorse disappears.
oracle	58	line:3	translation_pair	Kommende Heiterkeit. Unheil! Die wahre Freude muß aus dem eigenen Innern quellen. Wenn man aber innerlich leer ist, so d…	Coming joyousness. Misfortune.
oracle	58	line:4	translation_pair	Überlegte Heiterkeit ist nicht beruhigt. Nach Abtun der Fehler hat man Freude. Oft befindet sich der Mensch mitten inne …	Joyousness that is weighed is not at peace. After ridding himself of mistakes a man has joy.
oracle	58	line:5	translation_pair	Wahrhaftigkeit gegen das Zersetzende ist gefährlich. Auch dem besten Menschen nahen sich gefährliche Elemente. Wenn man …	Sincerity toward disintegrating influences is dangerous.
oracle	58	line:6	translation_pair	Verführende Heiterkeit. Wenn man innerlich eitel ist, so lockt man die Freuden der Zerstreuung an und hat unter ihnen zu…	Seductive joyousness.
ten_wings	58	judgment_ten_wings	translation_pair	Das Heitere bedeutet Freude. Das Feste in der Mitte, das Weiche außen. Sich freuen und dabei als fördernd die Be- harrli…	The joyous mood is infectious and therefore brings success. But joy must be based on steadfastness if it is not to degen…
ten_wings	58	image_ten_wings	translation_pair	Aufeinander beruhende Seen: das Bild des Heiteren. So tut sich der Edle mit seinen Freunden zusammen zur Besprechung und…	A lake evaporates upward and thus gradually dries up; but when two lakes are joined they do not dry up so readily, for o…
ten_wings	58	line:1_ten_wings	translation_pair	Das Heil der zufriedenen Heiterkeit besteht darin, daß der Wandel noch nicht zweifelhaft geworden ist. Festigkeit und Be…	A quiet, wordless, self-contained joy, desiring nothing from without and resting content with everything, remains free o…
ten_wings	58	line:2_ten_wings	translation_pair	Das Heil wahrhaftiger Heiterkeit besteht im Vertrauen auf den eigenen Willen. Dieser Strich ist in naher Beziehung zu de…	We often find ourselves associating with inferior people in whose company we are tempted by pleasures that are inappropr…
ten_wings	58	line:3_ten_wings	translation_pair	und andere.	True joy must spring from within. But if one is empty within and wholly given over to the world, idle pleasures come str…
ten_wings	58	line:4_ten_wings	translation_pair	Die Freude der Neun auf viertem Platz hat Segen. Der Strich ist in der Mitte zwischen dem starken Herrn, Neun auf fünfte…	Often a man finds himself weighing the choice between various kinds of pleasures, and so long as he has not decided whic…
ten_wings	58	line:5_ten_wings	translation_pair	Wahrhaftigkeit gegen das Zersetzende"": Der Platz ist korrekt und gebührend. Das Zersetzende ist die obere Sechs. Die Neu…	Dangerous elements approach even the best of men. If a man permits himself to have anything to do with them, their disin…
ten_wings	58	line:6_ten_wings	translation_pair	Daß die obere Sechs zur Freude verführt, kommt daher, daß sie nicht lichtvoll ist. Diese Linie ist ähnlich wie die Sechs…	A vain nature invites diverting pleasures and must suffer accordingly (cf. the six in the third place). If a man is unst…
ten_wings	58	sequence	de_only	Wenn man in etwas eingedrungen ist, dann freut man sich. Darum folgt darauf das Zeichen: das Heitere. Das Heitere bedeut…	
oracle	59	intro	translation_pair	59. HUAN / DIE AUFLÖSUNG oben Sun, das Sanfte, der Wind unten Kan, das Abgründige, das Wasser er Wind, der oben über das…	Wind blowing over water disperses it, dissolving it into foam and mist. This suggests that when a man's vital energy is …
oracle	59	judgment	translation_pair	Die Auflösung: Gelingen. Der König naht seinem Tempel. Fördernd ist es, das große Wasser zu durchqueren. Fördernd ist Be…	DISPERSION. Success. The king approaches his temple. It furthers one to cross the great water. Perseverance furthers.
oracle	59	image	translation_pair	Der Wind fährt über das Wasser: das Bild der Auflösung. So opferten die alten Könige dem Herrn und bauten Tempel. Das Wa…	The wind drives over the water: The image of DISPERSION. Thus the kings of old sacrificed to the Lord And built temples.
oracle	59	line:1	translation_pair	Er bringt Hilfe mit der Macht eines Pferdes. Hier handelt es sich darum, daß, noch ehe die Trennung vollzogen ist, die e…	He brings help with the strength of a horse. Good fortune.
oracle	59	line:2	translation_pair	Bei der Auflösung läuft er seiner Stütze zu. Die Reue schwindet. Wenn man in sich selbst die Anfänge der Entfremdung von…	At the dissolution He hurries to that which supports him. Remorse disappears.
oracle	59	line:3	translation_pair	Er löst sein Ich auf. Keine Reue. Die Arbeit kann unter Umständen so schwer werden, daß man nicht mehr an sich selbst de…	He dissolves his self. No remorse.
oracle	59	line:4	translation_pair	Er löst sich von seiner Schar. Erhabenes Heil! Durch Auflösung folgt Anhäufung. Das ist etwas, an das Gewöhnliche nicht …	He dissolves his bond with his group. Supreme good fortune. Dispersion leads in turn to accumulation. This is something …
oracle	59	line:5	translation_pair	Auflösend wie Schweiß sind seine lauten Rufe. Auflösung! Ein König weilt ohne Makel. In Zeiten allgemeiner Auflösung und…	His loud cries are as dissolving as sweat. Dissolution! A king abides without blame.
oracle	59	line:6	translation_pair	Er löst sein Blut auf. Weggehen, Sichfernhalten, Hinausgehen ist ohne Makel. Das Auflösen des Blutes bedeutet auflösen, …	He dissolves his blood. Departing, keeping at a distance, going out, Is without blame.
ten_wings	59	judgment_ten_wings	translation_pair	Die Auflösung: Gelingen. Das Feste kommt und erschöpft sich nicht. Das Weiche bekommt einen Platz im Außeren, und der Ob…	The text of this hexagram resembles that of Ts'ui, GATHERING TOGETHER (45). In the latter, the subject is the bringing t…
ten_wings	59	image_ten_wings	translation_pair	Der Wind fährt über das Wasser: das Bild der Auflösung. So opferten die alten Könige dem Herrn und bauten Tempel. Auch h…	In the autumn and winter, water begins to freeze into ice. When the warm breezes of spring come, the rigidity is dissolv…
ten_wings	59	line:1_ten_wings	translation_pair	Das Heil der Anfangssechs beruht auf ihrer Hingebung. Das starke Pferd ist die Neun auf zweitem Platz. Kan bedeutet ein …	It is important that disunion should be overcome at the outset, before it has become complete—that the clouds should be …
ten_wings	59	line:2_ten_wings	translation_pair	Bei der Auflösung läuft er seiner Stütze zu"" und erlangt so, was er wünscht. Das Kernzeichen Dschen bedeutet Fuß und ras…	When an individual discovers within himself the beginnings of alienation from others, of misanthropy and ill humor, he m…
ten_wings	59	line:3_ten_wings	translation_pair	Er löst sein Ich auf."" Sein Wille ist nach außen gerichtet. Der Strich ist schwach auf starkem Platz, da wäre Reue das G…	Under certain circumstances, a man's work may become so difficult that he can no longer think of himself. He must set as…
ten_wings	59	line:4_ten_wings	translation_pair	""Er löst sich von seiner Schar. Erhabenes Heil!"" Sein Licht ist groß. Das untere Zeichen ist als umgewandeltes Kun anzus…	When we are working at a task that affects the general welfare, we must leave all private friendships out of account. On…
ten_wings	59	line:5_ten_wings	translation_pair	Ein König weilt ohne Makel."" Er ist an seinem rechten Platz. Das Zusammentreffen des Windes mit dem Wasser löst dieses a…	In times of general dispersion and separation, a great idea provides a focal point for the organization of recovery. Jus…
ten_wings	59	line:6_ten_wings	translation_pair	Er löst sein Blut auf."" Damit entfernt er sich von Schaden. Kan ist Blut. Der Wind löst auf. So wird die Gelegenheit zum…	The idea of the dissolving of a man's blood means the dispersion of that which might lead to bloodshed and wounds, i.e.,…
ten_wings	59	sequence	de_only	Auf die Freude folgt die Zerstreuung. Darum folgt darauf das Zeichen: die Auflösung. Auflösung bedeutet Auseinander- geh…	
oracle	60	intro	translation_pair	60. DSIA / DIE BESCHRANKUNG oben Kan, das Abgründige, das Wasser unten Dui, das Heitere, der See er See hat einen beschr…	A lake occupies a limited space. When more water comes into it, it overflows. Therefore limits must be set for the water…
oracle	60	judgment	translation_pair	Beschränkung: Gelingen. Bittere Beschränkung darf man nicht beharrlich üben.	LIMITATION. Success. Galling limitation must not be persevered in.
oracle	60	image	translation_pair	Oberhalb des Sees ist Wasser: Das Bild der Beschränkung. So schafft der Edle Zahl und Maß und untersucht, Was Tugend und…	Water over lake: the image of LIMITATION. Thus the superior man Creates number and measure, And examines the nature of v…
oracle	60	line:1	translation_pair	Nicht zu Tür und Hof hinausgehen ist kein Makel. Oft möchte man etwas unternehmen, sieht sich aber unübersteigbaren Schr…	Not going out of the door and the courtyard Is without blame.
oracle	60	line:2	translation_pair	Nicht zu Tor und Hof hinausgehen bringt Unheil. Wenn die Zeit des Handelns gekommen ist, gilt es rasches Zugreifen. Wie …	Not going out of the gate and the courtyard Brings misfortune.
oracle	60	line:3	translation_pair	Wer keine Beschränkung kennt, wird zu klagen haben. Kein Makel. Wenn man nur auf Freuden und Genuß bedacht ist, verliert…	He who knows no limitation Will have cause to lament. No blame.
oracle	60	line:4	translation_pair	Zufriedene Beschränkung. Gelingen. Jede Beschränkung hat ihren Wert. Aber wenn diese Beschränkung noch dauernde Anstreng…	Contented limitation. Success.
oracle	60	line:5	translation_pair	Süße Beschränkung bringt Heil. Hingehen bringt Achtung. Die Beschränkung muß in der richtigen Weise durchgeführt werden,…	Sweet limitation brings good fortune. Going brings esteem.
oracle	60	line:6	translation_pair	Bittere Beschränkung: Beharrlichkeit bringt Unheil. Reue schwindet. Wenn man zu streng ist in der Beschränkung, so halte…	Galling limitation. Perseverance brings misfortune. Remorse disappears.
ten_wings	60	judgment_ten_wings	translation_pair	,,Beschränkung: Gelingen."" Die Festen und Weichen sind gleich verteilt, und die Festen haben die Mitte erlangt. ,,Bitter…	Limitations are troublesome, but they are effective. If we live economically in normal times, we are prepared for times …
ten_wings	60	image_ten_wings	translation_pair	- Oberhalb des Sees ist Wasser: das Bild der Beschränkung. So schafft der Edle Zahl und Maß und untersucht, was Tugend u…	A lake is something limited. Water is inexhaustible. A lake can contain only a definite amount of the infinite quantity …
ten_wings	60	line:1_ten_wings	translation_pair	Nicht zu Tür und Hof hinausgehen"" ist ein Zeichen, daß man weiß, was offen und zu ist. Der Strich steht ganz am Anfang. …	Often a man who would like to undertake something finds himself confronted by insurmountable limitations. Then he must k…
ten_wings	60	line:2_ten_wings	translation_pair	Nicht zu Tor und Hof hinausgehen bringt Unheil."" Denn man versäumt die höchste Zeit. Hier ist die Lage anders. Man hat v…	When the time for action has come, the moment must be quickly seized. Just as water first collects in a lake without flo…
ten_wings	60	line:3_ten_wings	translation_pair	An der Klage über das Versäumnis der Beschränkung-wer ist da schuld? Die Sechs auf drittem Platz ist schwach und steht a…	If an individual is bent only on pleasures and enjoyment, it is easy for him to lose his sense of the limits that are ne…
ten_wings	60	line:4_ten_wings	translation_pair	Das Gelingen zufriedener Beschränkung kommt davon, daß man den Weg des Oberen empfängt. Der korrekte, weiche Strich steh…	Every limitation has its value, but a limitation that requires persistent effort entails a cost of too much energy. When…
ten_wings	60	line:5_ten_wings	translation_pair	Das Heil der süßen Beschränkung kommt davon, daß man zentral auf seinem Platz weilt. Die zentrale, starke und korrekte H…	The limitation must be carried out in the right way if it is to be effective. If we seek to impose restrictions on other…
ten_wings	60	line:6_ten_wings	translation_pair	Bittere Beschränkung. Beharrlichkeit bringt Unheil."" Ihr Weg erschöpft sich. Hier am Ende der Zeit der Beschränkung soll…	If one is too severe in setting up restrictions, people will not endure them. The more consistent such severity, the wor…
ten_wings	60	sequence	de_only	Die Dinge können nicht dauernd auseinander sein, darum folgt darauf das Zeichen: die Beschränkung.	
oracle	61	intro	translation_pair	​61. DSCHUNG FU / INNERE WAHRHEIT oben Sun, das Sanfte, der Wind unten Dui, das Heitere, der See Ü ber dem See weht der …	The wind blows over the lake and stirs the surface of the water. Thus visible effects of the invisible manifest themselv…
oracle	61	judgment	translation_pair	Innere Wahrheit: Schweine und Fische. Heil! Fördernd ist es, das große Wasser zu durchqueren. Fördernd ist Beharrlichkei…	INNER TRUTH. Pigs and fishes. Good fortune. It furthers one to cross the great water. Perseverance furthers.
oracle	61	image	translation_pair	Über dem See ist der Wind: Das Bild der inneren Wahrheit. So bespricht der Edle die Strafsachen, Um Hinrichtungen aufzuh…	Wind over lake: the image of INNER TRUTH. Thus the superior man discusses criminal cases In order to delay executions.
oracle	61	line:1	translation_pair	Bereitsein bringt Heil. Sind Hintergedanken da, so ist das beunruhigend. Die Hauptsache für die Kraft innerer Wahrheit i…	Being prepared brings good fortune. If there are secret designs, it is disquieting.
oracle	61	line:2	translation_pair	Ein rufender Kranich im Schatten. Sein Junges antwortet ihm. Ich habe einen guten Becher. Ich will ihn mit dir teilen. H…	A crane calling in the shade. Its young answers it. I have a good goblet. I will share it with you.
oracle	61	line:3	translation_pair	Er findet einen Genossen, bald trommelt er, bald hört er auf, Bald schluchzt er, bald singt er. Hier ist die Kraftquelle…	He finds a comrade. Now he beats the drum, now he stops. Now he sobs, now he sings.
oracle	61	line:4	translation_pair	Der Mond, der beinahe voll ist. Das Gespannpferd geht verloren. Kein Makel. Um die Kraft der inneren Wahrheit zu steiger…	The moon nearly at the full. The team horse goes astray. No blame.
oracle	61	line:5	translation_pair	Er besitzt Wahrheit, die verkettet. Kein Makel. Hier ist der Herr gezeichnet, der durch die Kraft seines Wesens alles zu…	He possesses truth, which links together. No blame.
oracle	61	line:6	translation_pair	Hahnenruf, der zum Himmel dringt. Beharrlichkeit bringt Unheil! Der Hahn ist zuverlässig. Er ruft, wenn es Morgen wird. …	Cockcrow penetrating to heaven. Perseverance brings misfortune.
ten_wings	61	judgment_ten_wings	translation_pair	Innere Wahrheit. Die Weichen sind im Innern, und doch halten die Starken die Mitte. Heiter und sanft: dadurch wird wahrh…	Pigs and fishes are the least intelligent of all animals and therefore the most difficult to influence. The force of inn…
ten_wings	61	image_ten_wings	translation_pair	Über dem See ist der Wind: das Bild der inneren Wahrheit. So bespricht der Edle die Strafsachen, um Hinrichtungen aufzuh…	Wind stirs water by penetrating it. Thus the superior man, when obliged to judge the mistakes of men, tries to penetrate…
ten_wings	61	line:1_ten_wings	translation_pair	Das Bereitsein der Anfangsneun bringt Heil: Der Wille hat sich noch nicht verändert. Das Zeichen, das mit ""bereit"" übers…	The force of inner truth depends chiefly on inner stability and preparedness. From this state of mind springs the correc…
ten_wings	61	line:2_ten_wings	translation_pair	Sein Junges antwortet ihm."" Das ist die Zuneigung des innersten Herzens. Der Kranich ist ein Seevogel, der im Herbst ruf…	This refers to the involuntary influence of a man's inner being upon persons of kindred spirit. The crane need not show …
ten_wings	61	line:3_ten_wings	translation_pair	Bald trommelt er, bald hört er auf."" Der Platz ist nicht der gebührende. Eine weiche Linie auf festem Platz auf dem Gipf…	Here the source of a man's strength lies not in himself but in his relation to other people. No matter how close to them…
ten_wings	61	line:4_ten_wings	translation_pair	""Das Gespannpferd geht verloren."" Er trennt sich von seiner Art und wendet sich nach oben. Das Gespannpferd ist die Sech…	To intensify the power of inner truth, a man must always turn to his superior, from whom he can receive enlightenment as…
ten_wings	61	line:5_ten_wings	translation_pair	""Er besitzt Wahrheit, die verkettet."" Der Platz ist korrekt und gebührend. Das Verketten als Bild kommt von der Bedeutun…	This describes the ruler who holds all elements together by the power of his personality. Only when the strength of his …
ten_wings	61	line:6_ten_wings	translation_pair	Hahnenruf, der zum Himmel dringt."" "" Wie könnte der lange dauern! Sun hat als Tier den Hahn. Der Hahn will zum Himmel fl…	The cock is dependable. It crows at dawn. But it cannot itself fly to heaven. It just crows. A man may count on mere wor…
ten_wings	61	sequence	de_only	Indem die Dinge beschränkt werden, werden sie zuverlässig gemacht. Darum folgt darauf das Zeichen: Innere Wahrheit.	
oracle	62	intro	translation_pair	​62. SIAU GO DES KLEINEN ÜBERGEWICHT oben Dschen, das Erregende, der Donner unten Gen, das Stillehalten, der Berg W ähre…	While in the hexagram Ta Kuo, PREPONDERANCE OF THE GREAT (28), the strong lines preponderate and are within, inclosed be…
oracle	62	judgment	translation_pair	Des Kleinen Übergewicht. Gelingen. Fördernd ist Beharrlichkeit. Man mag kleine Dinge tun, man soll nicht große Dinge tun…	PREPONDERANCE OF THE SMALL. Success. Perseverance furthers. Small things may be done; great things should not be done. T…
oracle	62	image	translation_pair	Auf dem Berg ist der Donner: Das Bild von des Kleinen Übergewicht. So legt der Edle im Wandel Das Übergewicht auf die Eh…	Thunder on the mountain: The image of PREPONDERANCE OF THE SMALL. Thus in his conduct the superior man gives preponderan…
oracle	62	line:1	translation_pair	Der Vogel kommt durch Fliegen ins Unheil. Der Vogel soll zunächst im Nest bleiben, bis er flügge ist. Will er vorher fli…	The bird meets with misfortune through flying.
oracle	62	line:2	translation_pair	Sie geht an ihrem Ahnherrn vorbei und trifft die Ahnfrau. Er erreicht nicht seinen Fürsten und trifft den Beamten. Kein …	She passes by her ancestor And meets her ancestress. He does not reach his prince And meets the official. No blame.
oracle	62	line:3	translation_pair	Wenn man sich nicht außerordentlich vorsieht, So kommt etwa einer von hinten und schlägt einen. Unheil! Zu Zeiten ist au…	If one is not extremely careful, Somebody may come up from behind and strike him. Misfortune.
oracle	62	line:4	translation_pair	Kein Makel. Ohne vorbeizugehen, trifft er ihn. Hingehen bringt Gefahr. Man muß sich hüten. Handle nicht. Sei dauernd beh…	No blame. He meets him without passing by. Going brings danger. One must be on guard. Do not act. Be constantly persever…
oracle	62	line:5	translation_pair	Dichte Wolken, kein Regen von unserm westlichen Gebiet. Der Fürst schießt und trifft jenen in der Höhle. Da hier ein hoh…	Dense clouds, No rain from our western territory. The prince shoots and hits him who is in the cave.
oracle	62	line:6	translation_pair	Ohne ihn zu treffen, geht er an ihm vorbei. Der fliegende Vogel verläßt ihn. Unheil! Das bedeutet Unglück und Schaden. W…	He passes him by, not meeting him. The flying bird leaves him. Misfortune. This means bad luck and injury.
ten_wings	62	judgment_ten_wings	translation_pair	Des Kleinen Übergewicht. Die Kleinen sind im Übergewicht und haben Gelingen. Beim Übergang gefördert werden durch Beharr…	Exceptional modesty and conscientiousness are sure to be rewarded with success; however, if a man is not to throw himsel…
ten_wings	62	image_ten_wings	translation_pair	gewicht. So legt der Edle im Wandel das Übergewicht auf die Ehrerbietung, bei Trauerfällen legt er das Übergewicht auf d…	Thunder on the mountain is different from thunder on the plain. In the mountains, thunder seems much nearer; outside the…
ten_wings	62	line:1_ten_wings	translation_pair	Der Vogel kommt durch Fliegen ins Unheil."" Da läßt sich nichts machen. - Die Linie befindet sich unten am Zeichen des Be…	A bird ought to remain in the nest until it is fledged. If it tries to fly before this, it invites misfortune. Extraordi…
ten_wings	62	line:2_ten_wings	translation_pair	Er erreicht nicht seinen Fürsten."" Der Beamte darf (den Fürsten) nicht übertreffen wollen. Die Neun auf drittem Platz is…	Two exceptional situations are instanced here. In the temple of ancestors, where alternation of generations prevails, th…
ten_wings	62	line:3_ten_wings	translation_pair	Es kommt etwa einer von hinten und schlägt einen."" Was ist das für ein Unheil! Die Linie ist zwar stark, aber die Sechs …	At certain times extraordinary caution is absolutely necessary. But it is just in such life situations that we find upri…
ten_wings	62	line:4_ten_wings	translation_pair	Ohne vorbeizugehen, trifft er ihn."" Der Platz ist nicht der gebührende. ,Hingehen bringt Gefahr. Man muß sich hüten."" "" …	Hardness of character is tempered by yielding position, so that no mistakes are made. The situation here calls for extre…
ten_wings	62	line:5_ten_wings	translation_pair	Dichte Wolken, kein Regen"": Er ist schon oben. Das Orakel:,,Dichte Wolken, kein Regen"" steht auch bei dem Zeichen,,Des K…	As a high place is pictured here, the image of a flying bird has become that of flying clouds. But dense as the clouds a…
ten_wings	62	line:6_ten_wings	translation_pair	Ohne ihn zu treffen, geht er an ihm vorbei."" Er ist schon hochmütig. Die obere Sechs steht eigentlich zur Neun auf dritt…	If one overshoots the goal, one cannot hit it. If a bird will not come to its nest but flies higher and higher, it event…
ten_wings	62	sequence	de_only	Wenn man das Vertrauen der Wesen hat, so bringt man sie in Bewegung; darum folgt darauf das Zeichen: Des Kleinen Übergew…	
oracle	63	intro	translation_pair	63. GI DSI / NACH DER VOLLENDUNG oben Kan, das Abgründige, das Wasser unten Li, das Haftende, das Feuer Das as Zeichen i…	This hexagram is the evolution of T'ai, PEACE (11). The transition from confusion to order is completed, and everything …
oracle	63	judgment	translation_pair	Gelingen im Kleinen. Fördernd ist Beharrlichkeit. Im Anfang Heil, am Ende Wirren. Der Übergang von der alten in die neue…	AFTER COMPLETION. Success in small matters. Perseverance furthers. At the beginning good fortune, At the end disorder.
oracle	63	image	translation_pair	Das Wasser ist oberhalb des Feuers: Das Bild des Zustands nach der Vollendung. So bedenkt der Edle das Unglück Und rüste…	Water over fire: the image of the condition In AFTER COMPLETION. Thus the superior man Takes thought of misfortune And a…
oracle	63	line:1	translation_pair	Er hemmt seine Räder. Er kommt mit dem Schwanz ins Wasser. Kein Makel. In Zeiten nach einem großen Übergang ist alles au…	He brakes his wheels. He gets his tail in the water. No blame.
oracle	63	line:2	translation_pair	Die Frau verliert ihren Wagenvorhang. Lauf ihm nicht nach, am siebten Tage bekommst du es. Wenn eine Frau im Wagen fuhr,…	The woman loses the curtain of her carriage. Do not run after it; On the seventh day you will get it.
oracle	63	line:3	translation_pair	Der hohe Ahn züchtigt das Teufelsland. Nach drei Jahren überwindet er es. Gemeine darf man nicht verwenden. Der hohe Ahn…	The Illustrious Ancestor Disciplines the Devil's Country. After three years he conquers it. Inferior people must not be …
oracle	63	line:4	translation_pair	Die schönsten Kleider geben Lumpen. Den ganzen Tag sei vorsichtig. In Zeiten der Kulturblüte kommen immer zuweilen Ersch…	The finest clothes turn to rags. Be careful all day long.
oracle	63	line:5	translation_pair	Der Nachbar im Osten, der einen Ochsen schlachtet, Bekommt nicht so viel wirkliches Glück Wie der Nachbar im Westen mit …	The neighbor in the east who slaughters an ox Does not attain as much real happiness As the neighbor in the west With hi…
oracle	63	line:6	translation_pair	Er kommt mit dem Haupt ins Wasser. Gefahr. Hier ist zum Schluß nochmals eine Warnung beigefügt. Nach dem Übergang über e…	He gets his head in the water. Danger.
ten_wings	63	judgment_ten_wings	translation_pair	Nach der Vollendung. Gelingen: Im Kleinen ist Gelingen. ""Fördernd ist Beharrlichkeit."" Die Festen und Weichen sind korre…	The transition from the old to the new time is already accomplished. In principle, everything stands systematized, and i…
ten_wings	63	image_ten_wings	translation_pair	Das Wasser ist oberhalb des Feuers: Das Bild des Zustands nach der Vollendung. So bedenkt der Edle das Unglück und rüste…	When water in a kettle hangs over fire, the two elements stand in relation and thus generate energy (cf. the production …
ten_wings	63	line:1_ten_wings	translation_pair	Er hemmt seine Räder."" Das ist seiner Bedeutung nach ohne Makel. Kan bedeutet Rad, bedeutet einen Fuchs, bedeutet Hemmen…	In times following a great transition, everything is pressing forward, striving in the direction of development and prog…
ten_wings	63	line:2_ten_wings	translation_pair	Am siebenten Tag bekommst du es"": infolge des mittleren Wegs. Das Zeichen Li, in dessen Mitte die Linie steht, ist die m…	When a woman drove out in her carriage, she had a curtain that hid her from the glances of the curious. It was regarded …
ten_wings	63	line:3_ten_wings	translation_pair	Nach drei Jahren überwindet er es."" Das ist erschöpfend. Li bedeutet Waffen. Das Teufelsland ist das Nordgebiet der Hunn…	""Illustrious Ancestor"" is the dynastic title of the Emperor Wu Ting of the Yin dynasty. After putting his realm in order…
ten_wings	63	line:4_ten_wings	translation_pair	Den ganzen Tag sei vorsichtig."" Es ist Grund zu Bedenken da. Der Strich ist weich auf weichem Platz im Anfang der Gefahr…	In a time of flowering culture, an occasional convulsion is bound to occur, uncovering a hidden evil within society and …
ten_wings	63	line:5_ten_wings	translation_pair	Der östliche Nachbar, der einen Ochsen schlachtet, ist nicht so zeitgemäß wie der westliche Nachbar. Dieser bekommt wirk…	Religious attitudes are likewise influenced by the spiritual atmosphere prevailing in times after completion. In divine …
ten_wings	63	line:6_ten_wings	translation_pair	Er kommt mit dem Haupt ins Wasser."" Wie kann man das lange aushalten! Während die Anfangsneun der Schwanz des Fuchses is…	Here in conclusion another warning is added. After crossing a stream, a man's head can get into the water only if he is …
ten_wings	63	sequence	de_only	Wer über den Dingen steht, der bringt sie zur Vollendung. Darum folgt darauf das Zeichen: Nach der Vollendung.	
oracle	64	intro	translation_pair	64. WE DSI / VOR DER VOLLENDUNG oben Li, das Haftende, die Flamme unten Kan, das Abgründige, das Wasser Es s ist in dem …	This hexagram indicates a time when the transition from disorder to order is not yet completed. The change is indeed pre…
oracle	64	judgment	translation_pair	Vor der Vollendung: Gelingen. Wenn aber der kleine Fuchs, Wenn er beinahe den Übergang vollendet hat, Mit dem Schwanz in…	BEFORE COMPLETION. Success. But if the little fox, after nearly completing the crossing, Gets his tail in the water, The…
oracle	64	image	translation_pair	Das Feuer ist oberhalb des Wassers: Das Bild des Zustands vor dem Übergang.	Fire over water: The image of the condition before transition. Thus the superior man is careful In the differentiation o…
oracle	64	line:1	translation_pair	Er kommt mit dem Schwanz ins Wasser. Beschämend. In Zeiten der Unordnung ist es verlockend, sich möglichst rasch vorzu- …	He gets his tail in the water. Humiliating.
oracle	64	line:2	translation_pair	Er hemmt seine Räder. Beharrlichkeit bringt Heil. Auch hier ist die Zeit zum Handeln noch nicht gekommen. Aber die Gedul…	He brakes his wheels. Perseverance brings good fortune.
oracle	64	line:3	translation_pair	Vor der Vollendung bringt Angriff Unheil. Fördernd ist es, das große Wasser zu durchqueren. Die Zeit des Übergangs ist d…	Before completion, attack brings misfortune. It furthers one to cross the great water.
oracle	64	line:4	translation_pair	Beharrlichkeit bringt Heil. Reue schwindet. Erschütterung, um das Teufelsland zu züchtigen. Drei Jahre lang gibt es Belo…	Perseverance brings good fortune. Remorse disappears. Shock, thus to discipline the Devil's Country. For three years, gr…
oracle	64	line:5	translation_pair	Beharrlichkeit bringt Heil. Keine Reue. Das Licht des Edlen ist wahrhaftig. Heil. Der Sieg ist errungen. Die Kraft der B…	Perseverance brings good fortune. No remorse. The light of the superior man is true. Good fortune.
oracle	64	line:6	translation_pair	In wahrem Vertrauen trinkt man Wein. Kein Makel. Wenn man aber sein Haupt naß macht, So verliert man das in Wahrheit. Vo…	There is drinking of wine In genuine confidence. No blame. But if one wets his head, He loses it, in truth.
ten_wings	64	judgment_ten_wings	translation_pair	,,Vor der Vollendung. Gelingen"": Denn das Weiche erlangt die Mitte. ""Der kleine Fuchs hat beinahe den Übergang vollendet…	The conditions are difficult. The task is great and full of responsibility. It is nothing less than that of leading the …
ten_wings	64	image_ten_wings	translation_pair	Das Feuer ist oberhalb des Wassers: das Bild des Zustands vor dem Übergang. So ist der Edle vorsichtig in der Unter- sch…	When fire, which by nature flames upward, is above, and water, which flows downward, is below, their effects take opposi…
ten_wings	64	line:1_ten_wings	translation_pair	Er kommt mit dem Schwanz ins Wasser."" Er kann eben nicht das Ende in Betracht ziehen. Es finden sich hier dieselben Bild…	In times of disorder there is a temptation to advance oneself as rapidly as possible in order to accomplish something ta…
ten_wings	64	line:2_ten_wings	translation_pair	Die Neun auf zweitem Platz hat bei Beharrlichkeit Heil, sie ist zentral und handelt so korrekt, Hier ist das Bild des Ra…	Here again the time to act has not yet come. But the patience needed is not that of idle waiting without thought of the …
ten_wings	64	line:3_ten_wings	translation_pair	Vor der Vollendung bringt Angriff Unheil."" Der Platz ist nicht der gebührende. Der Platz ist am Ende des unteren Zeichen…	The time of transition has arrived, but one lacks the strength to complete the transition. If one should attempt to forc…
ten_wings	64	line:4_ten_wings	translation_pair	Beharrlichkeit bringt Heil. Die Reue schwindet."" Der Wille geschieht. Entsprechend der Umkehrung der Zeichen ist die Züc…	Now it is the time of struggle. The transition must be completed. We must make ourselves strong in resolution; this brin…
ten_wings	64	line:5_ten_wings	translation_pair	Das Licht des Edlen ist wahrhaftig."" Sein Licht bringt Heil. Die Linie ist im Zentrum des Zeichens Li, Licht, daher ist …	The victory has been won. The power of steadfastness has not been routed. Everything has gone well. All misgivings have …
ten_wings	64	line:6_ten_wings	translation_pair	Wenn man beim Weintrinken sein Haupt naß macht, so kennt man eben keine Mäßigkeit. Der obere Strich ist stark und an sic…	Before completion, at the dawning of the new time, friends foregather in an atmosphere of mutual trust, and the time of …
ten_wings	64	sequence	de_only	Die Dinge können sich nicht erschöpfen, darum folgt darauf das Zeichen: ""Vor der Vollendung"" zum Schluß.	
