hex	field	classification	score_pct	opening_score_pct	verdict	label	de_preview	mt_en_preview	baynes_en_preview	notes
1	hex	pair			mt_failed	MT falló	1		1	Traducción automática vacía o no disponible en caché.
2	hex	pair			mt_failed	MT falló	2		2	Traducción automática vacía o no disponible en caché.
3	hex	pair			mt_failed	MT falló	3		3	Traducción automática vacía o no disponible en caché.
4	hex	pair			mt_failed	MT falló	4		4	Traducción automática vacía o no disponible en caché.
5	hex	pair			mt_failed	MT falló	5		5	Traducción automática vacía o no disponible en caché.
6	hex	pair			mt_failed	MT falló	6		6	Traducción automática vacía o no disponible en caché.
7	hex	pair			mt_failed	MT falló	7		7	Traducción automática vacía o no disponible en caché.
8	hex	pair			mt_failed	MT falló	8		8	Traducción automática vacía o no disponible en caché.
9	hex	pair			mt_failed	MT falló	9		9	Traducción automática vacía o no disponible en caché.
10	hex	pair			mt_failed	MT falló	10		10	Traducción automática vacía o no disponible en caché.
11	hex	pair			mt_failed	MT falló	11		11	Traducción automática vacía o no disponible en caché.
12	hex	pair			mt_failed	MT falló	12		12	Traducción automática vacía o no disponible en caché.
13	hex	pair			mt_failed	MT falló	13		13	Traducción automática vacía o no disponible en caché.
14	hex	pair			mt_failed	MT falló	14		14	Traducción automática vacía o no disponible en caché.
15	hex	pair			mt_failed	MT falló	15		15	Traducción automática vacía o no disponible en caché.
16	hex	pair			mt_failed	MT falló	16		16	Traducción automática vacía o no disponible en caché.
17	hex	pair			mt_failed	MT falló	17		17	Traducción automática vacía o no disponible en caché.
18	hex	pair			mt_failed	MT falló	18		18	Traducción automática vacía o no disponible en caché.
19	hex	pair			mt_failed	MT falló	19		19	Traducción automática vacía o no disponible en caché.
20	hex	pair			mt_failed	MT falló	20		20	Traducción automática vacía o no disponible en caché.
21	hex	pair			mt_failed	MT falló	21		21	Traducción automática vacía o no disponible en caché.
22	hex	pair			mt_failed	MT falló	22		22	Traducción automática vacía o no disponible en caché.
23	hex	pair			mt_failed	MT falló	23		23	Traducción automática vacía o no disponible en caché.
24	hex	pair			mt_failed	MT falló	24		24	Traducción automática vacía o no disponible en caché.
25	hex	pair			mt_failed	MT falló	25		25	Traducción automática vacía o no disponible en caché.
26	hex	pair			mt_failed	MT falló	26		26	Traducción automática vacía o no disponible en caché.
27	hex	pair			mt_failed	MT falló	27		27	Traducción automática vacía o no disponible en caché.
28	hex	pair			mt_failed	MT falló	28		28	Traducción automática vacía o no disponible en caché.
29	hex	pair			mt_failed	MT falló	29		29	Traducción automática vacía o no disponible en caché.
30	hex	pair			mt_failed	MT falló	30		30	Traducción automática vacía o no disponible en caché.
31	hex	pair			mt_failed	MT falló	31		31	Traducción automática vacía o no disponible en caché.
32	hex	pair			mt_failed	MT falló	32		32	Traducción automática vacía o no disponible en caché.
33	hex	pair			mt_failed	MT falló	33		33	Traducción automática vacía o no disponible en caché.
34	hex	pair			mt_failed	MT falló	34		34	Traducción automática vacía o no disponible en caché.
35	hex	pair			mt_failed	MT falló	35		35	Traducción automática vacía o no disponible en caché.
36	hex	pair			mt_failed	MT falló	36		36	Traducción automática vacía o no disponible en caché.
37	hex	pair			mt_failed	MT falló	37		37	Traducción automática vacía o no disponible en caché.
38	hex	pair			mt_failed	MT falló	38		38	Traducción automática vacía o no disponible en caché.
39	hex	pair			mt_failed	MT falló	39		39	Traducción automática vacía o no disponible en caché.
40	hex	pair			mt_failed	MT falló	40		40	Traducción automática vacía o no disponible en caché.
41	hex	pair			mt_failed	MT falló	41		41	Traducción automática vacía o no disponible en caché.
42	hex	pair			mt_failed	MT falló	42		42	Traducción automática vacía o no disponible en caché.
43	hex	pair			mt_failed	MT falló	43		43	Traducción automática vacía o no disponible en caché.
44	hex	pair			mt_failed	MT falló	44		44	Traducción automática vacía o no disponible en caché.
45	hex	pair			mt_failed	MT falló	45		45	Traducción automática vacía o no disponible en caché.
46	hex	pair			mt_failed	MT falló	46		46	Traducción automática vacía o no disponible en caché.
47	hex	pair			mt_failed	MT falló	47		47	Traducción automática vacía o no disponible en caché.
48	hex	pair			mt_failed	MT falló	48		48	Traducción automática vacía o no disponible en caché.
49	hex	pair			mt_failed	MT falló	49		49	Traducción automática vacía o no disponible en caché.
50	hex	pair			mt_failed	MT falló	50		50	Traducción automática vacía o no disponible en caché.
51	hex	pair			mt_failed	MT falló	51		51	Traducción automática vacía o no disponible en caché.
52	hex	pair			mt_failed	MT falló	52		52	Traducción automática vacía o no disponible en caché.
53	hex	pair			mt_failed	MT falló	53		53	Traducción automática vacía o no disponible en caché.
54	hex	pair			mt_failed	MT falló	54		54	Traducción automática vacía o no disponible en caché.
55	hex	pair			mt_failed	MT falló	55		55	Traducción automática vacía o no disponible en caché.
56	hex	pair			mt_failed	MT falló	56		56	Traducción automática vacía o no disponible en caché.
57	hex	pair			mt_failed	MT falló	57		57	Traducción automática vacía o no disponible en caché.
58	hex	pair			mt_failed	MT falló	58		58	Traducción automática vacía o no disponible en caché.
59	hex	pair			mt_failed	MT falló	59		59	Traducción automática vacía o no disponible en caché.
60	hex	pair			mt_failed	MT falló	60		60	Traducción automática vacía o no disponible en caché.
61	hex	pair			mt_failed	MT falló	61		61	Traducción automática vacía o no disponible en caché.
62	hex	pair			mt_failed	MT falló	62		62	Traducción automática vacía o no disponible en caché.
63	hex	pair			mt_failed	MT falló	63		63	Traducción automática vacía o no disponible en caché.
64	hex	pair			mt_failed	MT falló	64		64	Traducción automática vacía o no disponible en caché.
1	nombre	pair	100%	100%	strong_align	Alineación fuerte	DAS SCHÖPFERISCHE	THE CREATIVE	The Creative	Primera línea alineada (Jaccard 100%). | Solapamiento léxico alto MT↔Baynes (100%).
2	nombre	pair	0%	0%	divergent	Divergente	DAS EMPFANGENDE	MYMEMORY WARNING: YOU USED ALL AVAILABLE FREE TRANSLATIONS FOR TODAY. NEXT AVAILABLE IN 20 HOURS 21 MINUTES 57 SECONDS VISIT HTTPS://MYMEMOR…	The Receptive	Primera línea poco alineada (Jaccard 0%). | Solapamiento léxico bajo MT↔Baynes (0%).
3	nombre	pair	0%	0%	divergent	Divergente	DIE ANFANGSSCHWIERIGKEIT	MYMEMORY WARNING: YOU USED ALL AVAILABLE FREE TRANSLATIONS FOR TODAY. NEXT AVAILABLE IN 20 HOURS 21 MINUTES 35 SECONDS VISIT HTTPS://MYMEMOR…	Difficulty at the Beginning	Primera línea poco alineada (Jaccard 0%). | Solapamiento léxico bajo MT↔Baynes (0%).
4	nombre	pair	0%	0%	divergent	Divergente	DIE JUGENDTORHEIT	MYMEMORY WARNING: YOU USED ALL AVAILABLE FREE TRANSLATIONS FOR TODAY. NEXT AVAILABLE IN 20 HOURS 21 MINUTES 18 SECONDS VISIT HTTPS://MYMEMOR…	Youthful Folly	Primera línea poco alineada (Jaccard 0%). | Solapamiento léxico bajo MT↔Baynes (0%).
5	nombre	pair			mt_failed	MT falló	DAS WARTEN (DIE ERNÄHRUNG)		Waiting (Nourishment)	Traducción automática vacía o no disponible en caché.
6	nombre	pair	0%	0%	divergent	Divergente	DER STREIT	MYMEMORY WARNING: YOU USED ALL AVAILABLE FREE TRANSLATIONS FOR TODAY. NEXT AVAILABLE IN 20 HOURS 20 MINUTES 58 SECONDS VISIT HTTPS://MYMEMOR…	Conflict	Solapamiento léxico bajo MT↔Baynes (0%).
7	nombre	pair	0%	0%	divergent	Divergente	DAS HEER	MYMEMORY WARNING: YOU USED ALL AVAILABLE FREE TRANSLATIONS FOR TODAY. NEXT AVAILABLE IN 20 HOURS 20 MINUTES 50 SECONDS VISIT HTTPS://MYMEMOR…	The Army	Solapamiento léxico bajo MT↔Baynes (0%).
8	nombre	pair	0%	0%	divergent	Divergente	DAS ZUSAMMENHALTEN	MYMEMORY WARNING: YOU USED ALL AVAILABLE FREE TRANSLATIONS FOR TODAY. NEXT AVAILABLE IN 20 HOURS 20 MINUTES 41 SECONDS VISIT HTTPS://MYMEMOR…	Holding Together [Union]	Primera línea poco alineada (Jaccard 0%). | Solapamiento léxico bajo MT↔Baynes (0%).
9	nombre	pair			mt_failed	MT falló	DES KLEINEN ZÄHMUNGSKRAFT		The Taming Power of the Small	Traducción automática vacía o no disponible en caché.
10	nombre	pair	0%	0%	divergent	Divergente	DAS AUFTRETEN	MYMEMORY WARNING: YOU USED ALL AVAILABLE FREE TRANSLATIONS FOR TODAY. NEXT AVAILABLE IN 20 HOURS 20 MINUTES 21 SECONDS VISIT HTTPS://MYMEMOR…	Treading [Conduct]	Primera línea poco alineada (Jaccard 0%). | Solapamiento léxico bajo MT↔Baynes (0%).
11	nombre	pair	0%	0%	divergent	Divergente	DER FRIEDE	MYMEMORY WARNING: YOU USED ALL AVAILABLE FREE TRANSLATIONS FOR TODAY. NEXT AVAILABLE IN 20 HOURS 20 MINUTES 13 SECONDS VISIT HTTPS://MYMEMOR…	Peace	Solapamiento léxico bajo MT↔Baynes (0%).
12	nombre	pair	0%	0%	divergent	Divergente	DIE STOCKUNG	MYMEMORY WARNING: YOU USED ALL AVAILABLE FREE TRANSLATIONS FOR TODAY. NEXT AVAILABLE IN 20 HOURS 20 MINUTES 01 SECONDS VISIT HTTPS://MYMEMOR…	Standstill [Stagnation]	Primera línea poco alineada (Jaccard 0%). | Solapamiento léxico bajo MT↔Baynes (0%).
13	nombre	pair			mt_failed	MT falló	GEMEINSCHAFT MIT MENSCHEN		Fellowship with Men	Traducción automática vacía o no disponible en caché.
14	nombre	pair	0%	0%	divergent	Divergente	DER BESITZ VON GROSSEM	MYMEMORY WARNING: YOU USED ALL AVAILABLE FREE TRANSLATIONS FOR TODAY. NEXT AVAILABLE IN 20 HOURS 19 MINUTES 43 SECONDS VISIT HTTPS://MYMEMOR…	Posession in Great Measure	Primera línea poco alineada (Jaccard 0%). | Solapamiento léxico bajo MT↔Baynes (0%).
15	nombre	pair	0%	0%	divergent	Divergente	DIE BESCHEIDENHEIT	MYMEMORY WARNING: YOU USED ALL AVAILABLE FREE TRANSLATIONS FOR TODAY. NEXT AVAILABLE IN 20 HOURS 19 MINUTES 33 SECONDS VISIT HTTPS://MYMEMOR…	Modesty	DE mucho más largo que Baynes (18 vs 7 chars) — posible mezcla de comentario Wilhelm en campo oráculo. | Solapamiento léxico bajo MT↔Baynes (0%).
16	nombre	pair	0%	0%	divergent	Divergente	DIE BEGEISTERUNG	MYMEMORY WARNING: YOU USED ALL AVAILABLE FREE TRANSLATIONS FOR TODAY. NEXT AVAILABLE IN 20 HOURS 19 MINUTES 24 SECONDS VISIT HTTPS://MYMEMOR…	Enthusiasm	Solapamiento léxico bajo MT↔Baynes (0%).
17	nombre	pair	0%	0%	divergent	Divergente	DIE NACHFOLGE	MYMEMORY WARNING: YOU USED ALL AVAILABLE FREE TRANSLATIONS FOR TODAY. NEXT AVAILABLE IN 20 HOURS 19 MINUTES 16 SECONDS VISIT HTTPS://MYMEMOR…	Following	Solapamiento léxico bajo MT↔Baynes (0%).
18	nombre	pair	0%	0%	divergent	Divergente	DIE ARBEIT AM VERDORBENEN	MYMEMORY WARNING: YOU USED ALL AVAILABLE FREE TRANSLATIONS FOR TODAY. NEXT AVAILABLE IN 20 HOURS 19 MINUTES 09 SECONDS VISIT HTTPS://MYMEMOR…	Work on What Has Been Spoiled [Decay]	Primera línea poco alineada (Jaccard 0%). | Solapamiento léxico bajo MT↔Baynes (0%).
19	nombre	pair			mt_failed	MT falló	DIE ANNÄHERUNG		Approach	Traducción automática vacía o no disponible en caché.
20	nombre	pair			mt_failed	MT falló	DIE BETRACHTUNG (DER ANBLICK)		Contemplation (View)	Traducción automática vacía o no disponible en caché.
21	nombre	pair	0%	0%	divergent	Divergente	DAS DURCHBEISSEN	MYMEMORY WARNING: YOU USED ALL AVAILABLE FREE TRANSLATIONS FOR TODAY. NEXT AVAILABLE IN 20 HOURS 18 MINUTES 49 SECONDS VISIT HTTPS://MYMEMOR…	Biting Through	Primera línea poco alineada (Jaccard 0%). | Solapamiento léxico bajo MT↔Baynes (0%).
22	nombre	pair	0%	0%	divergent	Divergente	DIE ANMUT	MYMEMORY WARNING: YOU USED ALL AVAILABLE FREE TRANSLATIONS FOR TODAY. NEXT AVAILABLE IN 20 HOURS 18 MINUTES 41 SECONDS VISIT HTTPS://MYMEMOR…	Grace	Solapamiento léxico bajo MT↔Baynes (0%).
23	nombre	pair	0%	0%	divergent	Divergente	DIE ZERSPLITTERUNG	MYMEMORY WARNING: YOU USED ALL AVAILABLE FREE TRANSLATIONS FOR TODAY. NEXT AVAILABLE IN 20 HOURS 18 MINUTES 31 SECONDS VISIT HTTPS://MYMEMOR…	Splitting Apart	Primera línea poco alineada (Jaccard 0%). | Solapamiento léxico bajo MT↔Baynes (0%).
24	nombre	pair	0%	0%	divergent	Divergente	DIE WIEDERKEHR (DIE WENDEZEIT)	MYMEMORY WARNING: YOU USED ALL AVAILABLE FREE TRANSLATIONS FOR TODAY. NEXT AVAILABLE IN 20 HOURS 18 MINUTES 25 SECONDS VISIT HTTPS://MYMEMOR…	Return (The Turning Point)	Primera línea poco alineada (Jaccard 0%). | Solapamiento léxico bajo MT↔Baynes (0%).
25	nombre	pair			mt_failed	MT falló	DIE UNSCHULD (DAS UNERWARTETE)		Innocence (The Unexpected)	Traducción automática vacía o no disponible en caché.
26	nombre	pair			mt_failed	MT falló	DES GROSSEN ZÄHMUNGSKRAFT		The Taming Power of the Great	Traducción automática vacía o no disponible en caché.
27	nombre	pair	0%	0%	divergent	Divergente	DIE MUNDWINKEL (DIE ERNÄHRUNG)	MYMEMORY WARNING: YOU USED ALL AVAILABLE FREE TRANSLATIONS FOR TODAY. NEXT AVAILABLE IN 20 HOURS 18 MINUTES 00 SECONDS VISIT HTTPS://MYMEMOR…	The Corners of the Mouth	Primera línea poco alineada (Jaccard 0%). | Solapamiento léxico bajo MT↔Baynes (0%).
28	nombre	pair			mt_failed	MT falló	DES GROSSEN ÜBERGEWICHT		Preponderance of the Great	Traducción automática vacía o no disponible en caché.
29	nombre	pair			mt_failed	MT falló	DAS ABGRÜNDIGE, DAS WASSER		The Abysmal (Water)	Traducción automática vacía o no disponible en caché.
30	nombre	pair	0%	0%	divergent	Divergente	DAS HAFTENDE, DAS FEUER	MYMEMORY WARNING: YOU USED ALL AVAILABLE FREE TRANSLATIONS FOR TODAY. NEXT AVAILABLE IN 20 HOURS 17 MINUTES 32 SECONDS VISIT HTTPS://MYMEMOR…	The Clinging, Fire	Primera línea poco alineada (Jaccard 0%). | Solapamiento léxico bajo MT↔Baynes (0%).
31	nombre	pair			mt_failed	MT falló	DIE EINWIRKUNG (DIE WERBUNG)		Influence (Wooing)	Traducción automática vacía o no disponible en caché.
32	nombre	pair	0%	0%	divergent	Divergente	DIE DAUER	MYMEMORY WARNING: YOU USED ALL AVAILABLE FREE TRANSLATIONS FOR TODAY. NEXT AVAILABLE IN 20 HOURS 17 MINUTES 15 SECONDS VISIT HTTPS://MYMEMOR…	Duration	Solapamiento léxico bajo MT↔Baynes (0%).
33	nombre	pair	0%	0%	divergent	Divergente	DER RÜCKZUG	MYMEMORY WARNING: YOU USED ALL AVAILABLE FREE TRANSLATIONS FOR TODAY. NEXT AVAILABLE IN 20 HOURS 17 MINUTES 08 SECONDS VISIT HTTPS://MYMEMOR…	Retreat	Solapamiento léxico bajo MT↔Baynes (0%).
34	nombre	pair			mt_failed	MT falló	DES GROSSEN MACHT		The Power of the Great	Traducción automática vacía o no disponible en caché.
35	nombre	pair	0%	0%	divergent	Divergente	DER FORTSCHRITT	MYMEMORY WARNING: YOU USED ALL AVAILABLE FREE TRANSLATIONS FOR TODAY. NEXT AVAILABLE IN 20 HOURS 16 MINUTES 53 SECONDS VISIT HTTPS://MYMEMOR…	Progress	Solapamiento léxico bajo MT↔Baynes (0%).
36	nombre	pair			mt_failed	MT falló	DIE VERFINSTERUNG DES LICHTS		Darkening of the Light	Traducción automática vacía o no disponible en caché.
37	nombre	pair	0%	0%	divergent	Divergente	DIE SIPPE	MYMEMORY WARNING: YOU USED ALL AVAILABLE FREE TRANSLATIONS FOR TODAY. NEXT AVAILABLE IN 20 HOURS 16 MINUTES 39 SECONDS VISIT HTTPS://MYMEMOR…	The Family [The Clan]	Primera línea poco alineada (Jaccard 0%). | Solapamiento léxico bajo MT↔Baynes (0%).
38	nombre	pair	0%	0%	divergent	Divergente	DER GEGENSATZ	MYMEMORY WARNING: YOU USED ALL AVAILABLE FREE TRANSLATIONS FOR TODAY. NEXT AVAILABLE IN 20 HOURS 16 MINUTES 31 SECONDS VISIT HTTPS://MYMEMOR…	Opposition	Solapamiento léxico bajo MT↔Baynes (0%).
39	nombre	pair	0%	0%	divergent	Divergente	DAS HEMMNIS	MYMEMORY WARNING: YOU USED ALL AVAILABLE FREE TRANSLATIONS FOR TODAY. NEXT AVAILABLE IN 20 HOURS 16 MINUTES 21 SECONDS VISIT HTTPS://MYMEMOR…	Obstruction	Primera línea poco alineada (Jaccard 0%). | Solapamiento léxico bajo MT↔Baynes (0%).
40	nombre	pair	0%	0%	divergent	Divergente	DIE BEFREIUNG	MYMEMORY WARNING: YOU USED ALL AVAILABLE FREE TRANSLATIONS FOR TODAY. NEXT AVAILABLE IN 20 HOURS 16 MINUTES 11 SECONDS VISIT HTTPS://MYMEMOR…	Deliverance	Primera línea poco alineada (Jaccard 0%). | Solapamiento léxico bajo MT↔Baynes (0%).
41	nombre	pair	0%	0%	divergent	Divergente	DIE MINDERUNG	MYMEMORY WARNING: YOU USED ALL AVAILABLE FREE TRANSLATIONS FOR TODAY. NEXT AVAILABLE IN 20 HOURS 16 MINUTES 04 SECONDS VISIT HTTPS://MYMEMOR…	Decrease	Solapamiento léxico bajo MT↔Baynes (0%).
42	nombre	pair	0%	0%	divergent	Divergente	DIE MEHRUNG	MYMEMORY WARNING: YOU USED ALL AVAILABLE FREE TRANSLATIONS FOR TODAY. NEXT AVAILABLE IN 20 HOURS 15 MINUTES 54 SECONDS VISIT HTTPS://MYMEMOR…	Increase	Solapamiento léxico bajo MT↔Baynes (0%).
43	nombre	pair			mt_failed	MT falló	DER DURCHBRUCH (DIE ENTSCHLOSSENHEIT)		Break-through (Resoluteness)	Traducción automática vacía o no disponible en caché.
44	nombre	pair	0%	0%	divergent	Divergente	DAS ENTGEGENKOMMEN	MYMEMORY WARNING: YOU USED ALL AVAILABLE FREE TRANSLATIONS FOR TODAY. NEXT AVAILABLE IN 20 HOURS 15 MINUTES 33 SECONDS VISIT HTTPS://MYMEMOR…	Coming to Meet	Primera línea poco alineada (Jaccard 0%). | Solapamiento léxico bajo MT↔Baynes (0%).
45	nombre	pair	0%	0%	divergent	Divergente	DIE SAMMLUNG	MYMEMORY WARNING: YOU USED ALL AVAILABLE FREE TRANSLATIONS FOR TODAY. NEXT AVAILABLE IN 20 HOURS 15 MINUTES 24 SECONDS VISIT HTTPS://MYMEMOR…	Gathering Together [Massing]	Primera línea poco alineada (Jaccard 0%). | Solapamiento léxico bajo MT↔Baynes (0%).
46	nombre	pair	0%	0%	divergent	Divergente	DAS EMPORDRINGEN	MYMEMORY WARNING: YOU USED ALL AVAILABLE FREE TRANSLATIONS FOR TODAY. NEXT AVAILABLE IN 20 HOURS 15 MINUTES 16 SECONDS VISIT HTTPS://MYMEMOR…	Pushing Upward	Primera línea poco alineada (Jaccard 0%). | Solapamiento léxico bajo MT↔Baynes (0%).
47	nombre	pair	0%	0%	divergent	Divergente	DIE BEDRÄNGNIS	MYMEMORY WARNING: YOU USED ALL AVAILABLE FREE TRANSLATIONS FOR TODAY. NEXT AVAILABLE IN 20 HOURS 15 MINUTES 09 SECONDS VISIT HTTPS://MYMEMOR…	Oppression (Exhaustion)	Primera línea poco alineada (Jaccard 0%). | Solapamiento léxico bajo MT↔Baynes (0%).
48	nombre	pair	0%	0%	divergent	Divergente	DER BRUNNEN	MYMEMORY WARNING: YOU USED ALL AVAILABLE FREE TRANSLATIONS FOR TODAY. NEXT AVAILABLE IN 20 HOURS 14 MINUTES 59 SECONDS VISIT HTTPS://MYMEMOR…	The Well	Solapamiento léxico bajo MT↔Baynes (0%).
49	nombre	pair			mt_failed	MT falló	DIE UMWÄLZUNG (DIE MAUSERUNG)		Revolution (Molting)	Traducción automática vacía o no disponible en caché.
50	nombre	pair	0%	0%	divergent	Divergente	DER TIEGEL	MYMEMORY WARNING: YOU USED ALL AVAILABLE FREE TRANSLATIONS FOR TODAY. NEXT AVAILABLE IN 20 HOURS 14 MINUTES 40 SECONDS VISIT HTTPS://MYMEMOR…	The Caldron	Primera línea poco alineada (Jaccard 0%). | Solapamiento léxico bajo MT↔Baynes (0%).
51	nombre	pair	0%	0%	divergent	Divergente	DAS ERREGENDE	MYMEMORY WARNING: YOU USED ALL AVAILABLE FREE TRANSLATIONS FOR TODAY. NEXT AVAILABLE IN 20 HOURS 14 MINUTES 28 SECONDS VISIT HTTPS://MYMEMOR…	The Arousing (Shock, Thunder)	Primera línea poco alineada (Jaccard 0%). | Solapamiento léxico bajo MT↔Baynes (0%).
52	nombre	pair	0%	0%	divergent	Divergente	DAS STILLEHALTEN, DER BERG	MYMEMORY WARNING: YOU USED ALL AVAILABLE FREE TRANSLATIONS FOR TODAY. NEXT AVAILABLE IN 20 HOURS 14 MINUTES 20 SECONDS VISIT HTTPS://MYMEMOR…	Keeping Still, Mountain	Primera línea poco alineada (Jaccard 0%). | Solapamiento léxico bajo MT↔Baynes (0%).
53	nombre	pair	0%	0%	divergent	Divergente	DIE ENTWICKLUNG	MYMEMORY WARNING: YOU USED ALL AVAILABLE FREE TRANSLATIONS FOR TODAY. NEXT AVAILABLE IN 20 HOURS 14 MINUTES 10 SECONDS VISIT HTTPS://MYMEMOR…	Development (Gradual Progress)	Primera línea poco alineada (Jaccard 0%). | Solapamiento léxico bajo MT↔Baynes (0%).
54	nombre	pair			mt_failed	MT falló	DAS HEIRATENDE MÄDCHEN		The Marrying Maiden	Traducción automática vacía o no disponible en caché.
55	nombre	pair	0%	0%	divergent	Divergente	DIE FÜLLE	MYMEMORY WARNING: YOU USED ALL AVAILABLE FREE TRANSLATIONS FOR TODAY. NEXT AVAILABLE IN 20 HOURS 13 MINUTES 48 SECONDS VISIT HTTPS://MYMEMOR…	Abundance [Fullness]	Primera línea poco alineada (Jaccard 0%). | Solapamiento léxico bajo MT↔Baynes (0%).
56	nombre	pair	0%	0%	divergent	Divergente	DER WANDERER	MYMEMORY WARNING: YOU USED ALL AVAILABLE FREE TRANSLATIONS FOR TODAY. NEXT AVAILABLE IN 20 HOURS 13 MINUTES 40 SECONDS VISIT HTTPS://MYMEMOR…	The Wanderer	Primera línea poco alineada (Jaccard 0%). | Solapamiento léxico bajo MT↔Baynes (0%).
57	nombre	pair			mt_failed	MT falló	DAS SANFTE		The Gentle (Penetrating, Wind)	Traducción automática vacía o no disponible en caché.
58	nombre	pair	0%	0%	divergent	Divergente	DAS HEITERE, DER SEE	MYMEMORY WARNING: YOU USED ALL AVAILABLE FREE TRANSLATIONS FOR TODAY. NEXT AVAILABLE IN 20 HOURS 13 MINUTES 22 SECONDS VISIT HTTPS://MYMEMOR…	The Joyous, Lake	Primera línea poco alineada (Jaccard 0%). | Solapamiento léxico bajo MT↔Baynes (0%).
59	nombre	pair	0%	0%	divergent	Divergente	DIE AUFLÖSUNG	MYMEMORY WARNING: YOU USED ALL AVAILABLE FREE TRANSLATIONS FOR TODAY. NEXT AVAILABLE IN 20 HOURS 13 MINUTES 16 SECONDS VISIT HTTPS://MYMEMOR…	Dispersion [Dissolution]	Primera línea poco alineada (Jaccard 0%). | Solapamiento léxico bajo MT↔Baynes (0%).
60	nombre	pair			mt_failed	MT falló	DIE BESCHRÄNKUNG		Limitation	Traducción automática vacía o no disponible en caché.
61	nombre	pair	0%	0%	divergent	Divergente	INNERE WAHRHEIT	MYMEMORY WARNING: YOU USED ALL AVAILABLE FREE TRANSLATIONS FOR TODAY. NEXT AVAILABLE IN 20 HOURS 12 MINUTES 59 SECONDS VISIT HTTPS://MYMEMOR…	Inner Truth	Primera línea poco alineada (Jaccard 0%). | Solapamiento léxico bajo MT↔Baynes (0%).
62	nombre	pair			mt_failed	MT falló	DES KLEINEN ÜBERGEWICHT		Preponderance of the Small	Traducción automática vacía o no disponible en caché.
63	nombre	pair	0%	0%	divergent	Divergente	NACH DER VOLLENDUNG	MYMEMORY WARNING: YOU USED ALL AVAILABLE FREE TRANSLATIONS FOR TODAY. NEXT AVAILABLE IN 20 HOURS 12 MINUTES 36 SECONDS VISIT HTTPS://MYMEMOR…	After Completion	Primera línea poco alineada (Jaccard 0%). | Solapamiento léxico bajo MT↔Baynes (0%).
64	nombre	pair	0%	0%	divergent	Divergente	VOR DER VOLLENDUNG	MYMEMORY WARNING: YOU USED ALL AVAILABLE FREE TRANSLATIONS FOR TODAY. NEXT AVAILABLE IN 20 HOURS 12 MINUTES 26 SECONDS VISIT HTTPS://MYMEMOR…	Before Completion	Primera línea poco alineada (Jaccard 0%). | Solapamiento léxico bajo MT↔Baynes (0%).
1	chinese	pair			mt_failed	MT falló	乾		乾	Traducción automática vacía o no disponible en caché.
2	chinese	pair			mt_failed	MT falló	坤		坤	Traducción automática vacía o no disponible en caché.
3	chinese	pair			mt_failed	MT falló	屯		屯	Traducción automática vacía o no disponible en caché.
4	chinese	pair			mt_failed	MT falló	蒙		蒙	Traducción automática vacía o no disponible en caché.
5	chinese	pair			mt_failed	MT falló	需		需	Traducción automática vacía o no disponible en caché.
6	chinese	pair			mt_failed	MT falló	訟		訟	Traducción automática vacía o no disponible en caché.
7	chinese	pair			mt_failed	MT falló	師		師	Traducción automática vacía o no disponible en caché.
8	chinese	pair			mt_failed	MT falló	比		比	Traducción automática vacía o no disponible en caché.
9	chinese	pair			mt_failed	MT falló	小畜		小畜	Traducción automática vacía o no disponible en caché.
10	chinese	pair			mt_failed	MT falló	履		履	Traducción automática vacía o no disponible en caché.
11	chinese	pair			mt_failed	MT falló	泰		泰	Traducción automática vacía o no disponible en caché.
12	chinese	pair			mt_failed	MT falló	否		否	Traducción automática vacía o no disponible en caché.
13	chinese	pair			mt_failed	MT falló	同人		同人	Traducción automática vacía o no disponible en caché.
14	chinese	pair			mt_failed	MT falló	大有		大有	Traducción automática vacía o no disponible en caché.
15	chinese	pair			mt_failed	MT falló	謙		謙	Traducción automática vacía o no disponible en caché.
16	chinese	pair			mt_failed	MT falló	豫		豫	Traducción automática vacía o no disponible en caché.
17	chinese	pair			mt_failed	MT falló	隨		隨	Traducción automática vacía o no disponible en caché.
18	chinese	pair			mt_failed	MT falló	蠱		蠱	Traducción automática vacía o no disponible en caché.
19	chinese	pair			mt_failed	MT falló	臨		臨	Traducción automática vacía o no disponible en caché.
20	chinese	pair			mt_failed	MT falló	觀		觀	Traducción automática vacía o no disponible en caché.
21	chinese	pair			mt_failed	MT falló	噬嗑		噬嗑	Traducción automática vacía o no disponible en caché.
22	chinese	pair			mt_failed	MT falló	賁		賁	Traducción automática vacía o no disponible en caché.
23	chinese	pair			mt_failed	MT falló	剝		剝	Traducción automática vacía o no disponible en caché.
24	chinese	pair			mt_failed	MT falló	復		復	Traducción automática vacía o no disponible en caché.
25	chinese	pair			mt_failed	MT falló	無妄		無妄	Traducción automática vacía o no disponible en caché.
26	chinese	pair			mt_failed	MT falló	大畜		大畜	Traducción automática vacía o no disponible en caché.
27	chinese	pair			mt_failed	MT falló	頤		頤	Traducción automática vacía o no disponible en caché.
28	chinese	pair			mt_failed	MT falló	大過		大過	Traducción automática vacía o no disponible en caché.
29	chinese	pair			mt_failed	MT falló	坎		坎	Traducción automática vacía o no disponible en caché.
30	chinese	pair			mt_failed	MT falló	離		離	Traducción automática vacía o no disponible en caché.
31	chinese	pair			mt_failed	MT falló	咸		咸	Traducción automática vacía o no disponible en caché.
32	chinese	pair			mt_failed	MT falló	恆		恆	Traducción automática vacía o no disponible en caché.
33	chinese	pair			mt_failed	MT falló	遯		遯	Traducción automática vacía o no disponible en caché.
34	chinese	pair			mt_failed	MT falló	大壯		大壯	Traducción automática vacía o no disponible en caché.
35	chinese	pair			mt_failed	MT falló	晉		晉	Traducción automática vacía o no disponible en caché.
36	chinese	pair			mt_failed	MT falló	明夷		明夷	Traducción automática vacía o no disponible en caché.
37	chinese	pair			mt_failed	MT falló	家人		家人	Traducción automática vacía o no disponible en caché.
38	chinese	pair			mt_failed	MT falló	睽		睽	Traducción automática vacía o no disponible en caché.
39	chinese	pair			mt_failed	MT falló	蹇		蹇	Traducción automática vacía o no disponible en caché.
40	chinese	pair			mt_failed	MT falló	解		解	Traducción automática vacía o no disponible en caché.
41	chinese	pair			mt_failed	MT falló	損		損	Traducción automática vacía o no disponible en caché.
42	chinese	pair			mt_failed	MT falló	益		益	Traducción automática vacía o no disponible en caché.
43	chinese	pair			mt_failed	MT falló	夬		夬	Traducción automática vacía o no disponible en caché.
44	chinese	pair			mt_failed	MT falló	姤		姤	Traducción automática vacía o no disponible en caché.
45	chinese	pair			mt_failed	MT falló	萃		萃	Traducción automática vacía o no disponible en caché.
46	chinese	pair			mt_failed	MT falló	升		升	Traducción automática vacía o no disponible en caché.
47	chinese	pair			mt_failed	MT falló	困		困	Traducción automática vacía o no disponible en caché.
48	chinese	pair			mt_failed	MT falló	井		井	Traducción automática vacía o no disponible en caché.
49	chinese	pair			mt_failed	MT falló	革		革	Traducción automática vacía o no disponible en caché.
50	chinese	pair			mt_failed	MT falló	鼎		鼎	Traducción automática vacía o no disponible en caché.
51	chinese	pair			mt_failed	MT falló	震		震	Traducción automática vacía o no disponible en caché.
52	chinese	pair			mt_failed	MT falló	艮		艮	Traducción automática vacía o no disponible en caché.
53	chinese	pair			mt_failed	MT falló	漸		漸	Traducción automática vacía o no disponible en caché.
54	chinese	pair			mt_failed	MT falló	歸妹		歸妹	Traducción automática vacía o no disponible en caché.
55	chinese	pair			mt_failed	MT falló	豐		豐	Traducción automática vacía o no disponible en caché.
56	chinese	pair			mt_failed	MT falló	旅		旅	Traducción automática vacía o no disponible en caché.
57	chinese	pair			mt_failed	MT falló	巽		巽	Traducción automática vacía o no disponible en caché.
58	chinese	pair			mt_failed	MT falló	兌		兌	Traducción automática vacía o no disponible en caché.
59	chinese	pair			mt_failed	MT falló	渙		渙	Traducción automática vacía o no disponible en caché.
60	chinese	pair			mt_failed	MT falló	節		節	Traducción automática vacía o no disponible en caché.
61	chinese	pair			mt_failed	MT falló	中孚		中孚	Traducción automática vacía o no disponible en caché.
62	chinese	pair			mt_failed	MT falló	小過		小過	Traducción automática vacía o no disponible en caché.
63	chinese	pair			mt_failed	MT falló	既濟		既濟	Traducción automática vacía o no disponible en caché.
64	chinese	pair			mt_failed	MT falló	未濟		未濟	Traducción automática vacía o no disponible en caché.
1	chinese_roman	pair			mt_failed	MT falló	Kiën		Ch'ien	Traducción automática vacía o no disponible en caché.
2	chinese_roman	pair			mt_failed	MT falló	Kun		K'un	Traducción automática vacía o no disponible en caché.
3	chinese_roman	pair			mt_failed	MT falló	Dschun		Chun	Traducción automática vacía o no disponible en caché.
4	chinese_roman	pair			mt_failed	MT falló	Mong		Mêng	Traducción automática vacía o no disponible en caché.
5	chinese_roman	pair			mt_failed	MT falló	Sü		Hsü	Traducción automática vacía o no disponible en caché.
6	chinese_roman	pair			mt_failed	MT falló	Sung		Sung	Traducción automática vacía o no disponible en caché.
7	chinese_roman	pair			mt_failed	MT falló	Schï		Shih	Traducción automática vacía o no disponible en caché.
8	chinese_roman	pair			mt_failed	MT falló	Bi		Pi	Traducción automática vacía o no disponible en caché.
9	chinese_roman	pair			mt_failed	MT falló	Siau Tschu		Hsiao Ch'u	Traducción automática vacía o no disponible en caché.
10	chinese_roman	pair			mt_failed	MT falló	Lü		Lü	Traducción automática vacía o no disponible en caché.
11	chinese_roman	pair			mt_failed	MT falló	Tai		T'ai	Traducción automática vacía o no disponible en caché.
12	chinese_roman	pair			mt_failed	MT falló	Pi		P'i	Traducción automática vacía o no disponible en caché.
13	chinese_roman	pair			mt_failed	MT falló	Tung Jen		T'ung Jên	Traducción automática vacía o no disponible en caché.
14	chinese_roman	pair			mt_failed	MT falló	Da Yu		Ta Yu	Traducción automática vacía o no disponible en caché.
15	chinese_roman	pair			mt_failed	MT falló	Kiën		Ch'ien	Traducción automática vacía o no disponible en caché.
16	chinese_roman	pair			mt_failed	MT falló	Yü		Yü	Traducción automática vacía o no disponible en caché.
17	chinese_roman	pair			mt_failed	MT falló	Sui		Sui	Traducción automática vacía o no disponible en caché.
18	chinese_roman	pair			mt_failed	MT falló	Gu		Ku	Traducción automática vacía o no disponible en caché.
19	chinese_roman	pair			mt_failed	MT falló	Lin		Lin	Traducción automática vacía o no disponible en caché.
20	chinese_roman	pair			mt_failed	MT falló	Guan		Kuan	Traducción automática vacía o no disponible en caché.
21	chinese_roman	pair			mt_failed	MT falló	Schï Ho		Shih Ho	Traducción automática vacía o no disponible en caché.
22	chinese_roman	pair			mt_failed	MT falló	Bi		Pi	Traducción automática vacía o no disponible en caché.
23	chinese_roman	pair			mt_failed	MT falló	Bo		Po	Traducción automática vacía o no disponible en caché.
24	chinese_roman	pair			mt_failed	MT falló	Fu		Fu	Traducción automática vacía o no disponible en caché.
25	chinese_roman	pair			mt_failed	MT falló	Wu Wang		Wu Wang	Traducción automática vacía o no disponible en caché.
26	chinese_roman	pair			mt_failed	MT falló	Da Tschu		Ta Ch'u	Traducción automática vacía o no disponible en caché.
27	chinese_roman	pair			mt_failed	MT falló	I		I	Traducción automática vacía o no disponible en caché.
28	chinese_roman	pair			mt_failed	MT falló	Da Go		Ta Kuo	Traducción automática vacía o no disponible en caché.
29	chinese_roman	pair			mt_failed	MT falló	Kan		K'an	Traducción automática vacía o no disponible en caché.
30	chinese_roman	pair			mt_failed	MT falló	Li		Li	Traducción automática vacía o no disponible en caché.
31	chinese_roman	pair			mt_failed	MT falló	Hiën		Hsien	Traducción automática vacía o no disponible en caché.
32	chinese_roman	pair			mt_failed	MT falló	Hong		Hêng	Traducción automática vacía o no disponible en caché.
33	chinese_roman	pair			mt_failed	MT falló	Dun		Tun	Traducción automática vacía o no disponible en caché.
34	chinese_roman	pair			mt_failed	MT falló	Da Dschuang		Ta Chuang	Traducción automática vacía o no disponible en caché.
35	chinese_roman	pair			mt_failed	MT falló	Dsin		Chin	Traducción automática vacía o no disponible en caché.
36	chinese_roman	pair			mt_failed	MT falló	Ming I		Ming I	Traducción automática vacía o no disponible en caché.
37	chinese_roman	pair			mt_failed	MT falló	Gia Jen		Chia Jên	Traducción automática vacía o no disponible en caché.
38	chinese_roman	pair			mt_failed	MT falló	Kui		K'uei	Traducción automática vacía o no disponible en caché.
39	chinese_roman	pair			mt_failed	MT falló	Giën		Chien	Traducción automática vacía o no disponible en caché.
40	chinese_roman	pair			mt_failed	MT falló	Hië		Hsieh	Traducción automática vacía o no disponible en caché.
41	chinese_roman	pair			mt_failed	MT falló	Sun		Sun	Traducción automática vacía o no disponible en caché.
42	chinese_roman	pair			mt_failed	MT falló	I		I	Traducción automática vacía o no disponible en caché.
43	chinese_roman	pair			mt_failed	MT falló	Guai		Kuai	Traducción automática vacía o no disponible en caché.
44	chinese_roman	pair			mt_failed	MT falló	Gou		Kou	Traducción automática vacía o no disponible en caché.
45	chinese_roman	pair			mt_failed	MT falló	TSui		Ts'ui	Traducción automática vacía o no disponible en caché.
46	chinese_roman	pair			mt_failed	MT falló	Schong		Shêng	Traducción automática vacía o no disponible en caché.
47	chinese_roman	pair			mt_failed	MT falló	Kun		K'un	Traducción automática vacía o no disponible en caché.
48	chinese_roman	pair			mt_failed	MT falló	Dsing		Ching	Traducción automática vacía o no disponible en caché.
49	chinese_roman	pair			mt_failed	MT falló	Go		Ko	Traducción automática vacía o no disponible en caché.
50	chinese_roman	pair			mt_failed	MT falló	Ding		Ting	Traducción automática vacía o no disponible en caché.
51	chinese_roman	pair			mt_failed	MT falló	Dschen		Chên	Traducción automática vacía o no disponible en caché.
52	chinese_roman	pair			mt_failed	MT falló	Gen		Kên	Traducción automática vacía o no disponible en caché.
53	chinese_roman	pair			mt_failed	MT falló	Dsien		Chien	Traducción automática vacía o no disponible en caché.
54	chinese_roman	pair			mt_failed	MT falló	Gui me		Kuei Mei	Traducción automática vacía o no disponible en caché.
55	chinese_roman	pair			mt_failed	MT falló	Fong		Fêng	Traducción automática vacía o no disponible en caché.
56	chinese_roman	pair			mt_failed	MT falló	Lü		Lü	Traducción automática vacía o no disponible en caché.
57	chinese_roman	pair			mt_failed	MT falló	Sun		Sun	Traducción automática vacía o no disponible en caché.
58	chinese_roman	pair			mt_failed	MT falló	Dui		Tui	Traducción automática vacía o no disponible en caché.
59	chinese_roman	pair			mt_failed	MT falló	Huan		Huan	Traducción automática vacía o no disponible en caché.
60	chinese_roman	pair			mt_failed	MT falló	Dsië		Chieh	Traducción automática vacía o no disponible en caché.
61	chinese_roman	pair			mt_failed	MT falló	Dschung Fu		Chung Fu	Traducción automática vacía o no disponible en caché.
62	chinese_roman	pair			mt_failed	MT falló	Siau Go		Hsiao Kuo	Traducción automática vacía o no disponible en caché.
63	chinese_roman	pair			mt_failed	MT falló	Gi Dsi		Chi Chi	Traducción automática vacía o no disponible en caché.
64	chinese_roman	pair			mt_failed	MT falló	We Dsi		Wei Chi	Traducción automática vacía o no disponible en caché.
1	hex_font	pair			mt_failed	MT falló	䷀		䷀	Traducción automática vacía o no disponible en caché.
2	hex_font	pair			mt_failed	MT falló	䷁		䷁	Traducción automática vacía o no disponible en caché.
3	hex_font	pair			mt_failed	MT falló	䷂		䷂	Traducción automática vacía o no disponible en caché.
4	hex_font	pair			mt_failed	MT falló	䷃		䷃	Traducción automática vacía o no disponible en caché.
5	hex_font	pair			mt_failed	MT falló	䷄		䷄	Traducción automática vacía o no disponible en caché.
6	hex_font	pair			mt_failed	MT falló	䷅		䷅	Traducción automática vacía o no disponible en caché.
7	hex_font	pair			mt_failed	MT falló	䷆		䷆	Traducción automática vacía o no disponible en caché.
8	hex_font	pair			mt_failed	MT falló	䷇		䷇	Traducción automática vacía o no disponible en caché.
9	hex_font	pair			mt_failed	MT falló	䷈		䷈	Traducción automática vacía o no disponible en caché.
10	hex_font	pair			mt_failed	MT falló	䷉		䷉	Traducción automática vacía o no disponible en caché.
11	hex_font	pair			mt_failed	MT falló	䷊		䷊	Traducción automática vacía o no disponible en caché.
12	hex_font	pair			mt_failed	MT falló	䷋		䷋	Traducción automática vacía o no disponible en caché.
13	hex_font	pair			mt_failed	MT falló	䷌		䷌	Traducción automática vacía o no disponible en caché.
14	hex_font	pair			mt_failed	MT falló	䷍		䷍	Traducción automática vacía o no disponible en caché.
15	hex_font	pair			mt_failed	MT falló	䷎		䷎	Traducción automática vacía o no disponible en caché.
16	hex_font	pair			mt_failed	MT falló	䷏		䷏	Traducción automática vacía o no disponible en caché.
17	hex_font	pair			mt_failed	MT falló	䷐		䷐	Traducción automática vacía o no disponible en caché.
18	hex_font	pair			mt_failed	MT falló	䷑		䷑	Traducción automática vacía o no disponible en caché.
19	hex_font	pair			mt_failed	MT falló	䷒		䷒	Traducción automática vacía o no disponible en caché.
20	hex_font	pair			mt_failed	MT falló	䷓		䷓	Traducción automática vacía o no disponible en caché.
21	hex_font	pair			mt_failed	MT falló	䷔		䷔	Traducción automática vacía o no disponible en caché.
22	hex_font	pair			mt_failed	MT falló	䷕		䷕	Traducción automática vacía o no disponible en caché.
23	hex_font	pair			mt_failed	MT falló	䷖		䷖	Traducción automática vacía o no disponible en caché.
24	hex_font	pair			mt_failed	MT falló	䷗		䷗	Traducción automática vacía o no disponible en caché.
25	hex_font	pair			mt_failed	MT falló	䷘		䷘	Traducción automática vacía o no disponible en caché.
26	hex_font	pair			mt_failed	MT falló	䷙		䷙	Traducción automática vacía o no disponible en caché.
27	hex_font	pair			mt_failed	MT falló	䷚		䷚	Traducción automática vacía o no disponible en caché.
28	hex_font	pair			mt_failed	MT falló	䷛		䷛	Traducción automática vacía o no disponible en caché.
29	hex_font	pair			mt_failed	MT falló	䷜		䷜	Traducción automática vacía o no disponible en caché.
30	hex_font	pair			mt_failed	MT falló	䷝		䷝	Traducción automática vacía o no disponible en caché.
31	hex_font	pair			mt_failed	MT falló	䷞		䷞	Traducción automática vacía o no disponible en caché.
32	hex_font	pair			mt_failed	MT falló	䷟		䷟	Traducción automática vacía o no disponible en caché.
33	hex_font	pair			mt_failed	MT falló	䷠		䷠	Traducción automática vacía o no disponible en caché.
34	hex_font	pair			mt_failed	MT falló	䷡		䷡	Traducción automática vacía o no disponible en caché.
35	hex_font	pair			mt_failed	MT falló	䷢		䷢	Traducción automática vacía o no disponible en caché.
36	hex_font	pair			mt_failed	MT falló	䷣		䷣	Traducción automática vacía o no disponible en caché.
37	hex_font	pair			mt_failed	MT falló	䷤		䷤	Traducción automática vacía o no disponible en caché.
38	hex_font	pair			mt_failed	MT falló	䷥		䷥	Traducción automática vacía o no disponible en caché.
39	hex_font	pair			mt_failed	MT falló	䷦		䷦	Traducción automática vacía o no disponible en caché.
40	hex_font	pair			mt_failed	MT falló	䷧		䷧	Traducción automática vacía o no disponible en caché.
41	hex_font	pair			mt_failed	MT falló	䷨		䷨	Traducción automática vacía o no disponible en caché.
42	hex_font	pair			mt_failed	MT falló	䷩		䷩	Traducción automática vacía o no disponible en caché.
43	hex_font	pair			mt_failed	MT falló	䷪		䷪	Traducción automática vacía o no disponible en caché.
44	hex_font	pair			mt_failed	MT falló	䷫		䷫	Traducción automática vacía o no disponible en caché.
45	hex_font	pair			mt_failed	MT falló	䷬		䷬	Traducción automática vacía o no disponible en caché.
46	hex_font	pair			mt_failed	MT falló	䷭		䷭	Traducción automática vacía o no disponible en caché.
47	hex_font	pair			mt_failed	MT falló	䷮		䷮	Traducción automática vacía o no disponible en caché.
48	hex_font	pair			mt_failed	MT falló	䷯		䷯	Traducción automática vacía o no disponible en caché.
49	hex_font	pair			mt_failed	MT falló	䷰		䷰	Traducción automática vacía o no disponible en caché.
50	hex_font	pair			mt_failed	MT falló	䷱		䷱	Traducción automática vacía o no disponible en caché.
51	hex_font	pair			mt_failed	MT falló	䷲		䷲	Traducción automática vacía o no disponible en caché.
52	hex_font	pair			mt_failed	MT falló	䷳		䷳	Traducción automática vacía o no disponible en caché.
53	hex_font	pair			mt_failed	MT falló	䷴		䷴	Traducción automática vacía o no disponible en caché.
54	hex_font	pair			mt_failed	MT falló	䷵		䷵	Traducción automática vacía o no disponible en caché.
55	hex_font	pair			mt_failed	MT falló	䷶		䷶	Traducción automática vacía o no disponible en caché.
56	hex_font	pair			mt_failed	MT falló	䷷		䷷	Traducción automática vacía o no disponible en caché.
57	hex_font	pair			mt_failed	MT falló	䷸		䷸	Traducción automática vacía o no disponible en caché.
58	hex_font	pair			mt_failed	MT falló	䷹		䷹	Traducción automática vacía o no disponible en caché.
59	hex_font	pair			mt_failed	MT falló	䷺		䷺	Traducción automática vacía o no disponible en caché.
60	hex_font	pair			mt_failed	MT falló	䷻		䷻	Traducción automática vacía o no disponible en caché.
61	hex_font	pair			mt_failed	MT falló	䷼		䷼	Traducción automática vacía o no disponible en caché.
62	hex_font	pair			mt_failed	MT falló	䷽		䷽	Traducción automática vacía o no disponible en caché.
63	hex_font	pair			mt_failed	MT falló	䷾		䷾	Traducción automática vacía o no disponible en caché.
64	hex_font	pair			mt_failed	MT falló	䷿		䷿	Traducción automática vacía o no disponible en caché.
1	trigrama_arriba	pair			mt_failed	MT falló	oben Kiën, das Schöpferische, der Himmel		above CH'IEN THE CREATIVE, HEAVEN	Traducción automática vacía o no disponible en caché.
2	trigrama_arriba	pair			mt_failed	MT falló	oben Kun, das Empfangende, die Erde		above K'UN THE RECEPTIVE, EARTH	Traducción automática vacía o no disponible en caché.
3	trigrama_arriba	pair			mt_failed	MT falló	oben Kan, das Abgründige, das Wasser		above K'AN THE ABYSMAL, WATER	Traducción automática vacía o no disponible en caché.
4	trigrama_arriba	pair			mt_failed	MT falló	oben Gen, das Stillehalten, der Berg		above KêN KEEPING STILL, MOUNTAIN	Traducción automática vacía o no disponible en caché.
5	trigrama_arriba	pair			mt_failed	MT falló	oben das Abgründige, das Wasser		above K'AN THE ABYSMAL, WATER	Traducción automática vacía o no disponible en caché.
6	trigrama_arriba	pair			mt_failed	MT falló	oben Kiën, das Schöpferische, der Himmel		above CH'IEN THE CREATIVE, HEAVEN	Traducción automática vacía o no disponible en caché.
7	trigrama_arriba	pair			mt_failed	MT falló	oben Kun, das Empfangende, die Erde		above K'UN THE RECEPTIVE, EARTH	Traducción automática vacía o no disponible en caché.
8	trigrama_arriba	pair			mt_failed	MT falló	oben Kan, das Abgründige, das Wasser		above K'AN THE ABYSMAL, WATER	Traducción automática vacía o no disponible en caché.
9	trigrama_arriba	pair			mt_failed	MT falló	oben Sun, das Sanfte, der Wind		above SUN THE GENTLE, WIND	Traducción automática vacía o no disponible en caché.
10	trigrama_arriba	pair			mt_failed	MT falló	oben Kiën, das Schöpferische, der Himmel		above CH'IEN THE CREATIVE, HEAVEN	Traducción automática vacía o no disponible en caché.
11	trigrama_arriba	pair			mt_failed	MT falló	oben Kun, das Empfangende, die Erde		above K'UN THE RECEPTIVE, EARTH	Traducción automática vacía o no disponible en caché.
12	trigrama_arriba	pair			mt_failed	MT falló	oben Kiën, das Schöpferische, der Himmel		above CH'IEN THE CREATIVE, HEAVEN	Traducción automática vacía o no disponible en caché.
13	trigrama_arriba	pair			mt_failed	MT falló	oben Kiën, das Schöpferische, der Himmel		above CH'IEN THE CREATIVE, HEAVEN	Traducción automática vacía o no disponible en caché.
14	trigrama_arriba	pair			mt_failed	MT falló	oben Li, das Haftende, die Flamme		above LI THE CLINGING, FLAME	Traducción automática vacía o no disponible en caché.
15	trigrama_arriba	pair			mt_failed	MT falló	oben Kun, das Empfangende, die Erde		above K'UN THE RECEPTIVE, EARTH	Traducción automática vacía o no disponible en caché.
16	trigrama_arriba	pair			mt_failed	MT falló	oben Dschen, das Erregende, der Donner		above CHêN THE AROUSING, THUNDER	Traducción automática vacía o no disponible en caché.
17	trigrama_arriba	pair			mt_failed	MT falló	oben Dui, das Heitere, der See		above TUI THE JOYOUS, LAKE	Traducción automática vacía o no disponible en caché.
18	trigrama_arriba	pair			mt_failed	MT falló	oben Gen, das Stillehalten, der Berg		above Kên KEEPING STILL, MOUNTAIN	Traducción automática vacía o no disponible en caché.
19	trigrama_arriba	pair			mt_failed	MT falló	oben Kun, das Empfangende, die Erde		above K'UN THE RECEPTIVE, EARTH	Traducción automática vacía o no disponible en caché.
20	trigrama_arriba	pair			mt_failed	MT falló	oben Sun, das Sanfte, der Wind		above SUN THE GENTLE, WIND	Traducción automática vacía o no disponible en caché.
21	trigrama_arriba	pair			mt_failed	MT falló	oben Li, das Haftende, das Feuer		above LI THE CLINGING, FIRE	Traducción automática vacía o no disponible en caché.
22	trigrama_arriba	pair			mt_failed	MT falló	oben Gen, das Stillehalten, der Berg		above KêN KEEPING STILL, MOUNTAIN	Traducción automática vacía o no disponible en caché.
23	trigrama_arriba	pair			mt_failed	MT falló	oben Gen, das Stillehalten, der Berg		above KêN KEEPING STILL, MOUNTAIN	Traducción automática vacía o no disponible en caché.
24	trigrama_arriba	pair			mt_failed	MT falló	oben Kun, das Empfangende, die Erde		above K'UN THE RECEPTIVE, EARTH	Traducción automática vacía o no disponible en caché.
25	trigrama_arriba	pair			mt_failed	MT falló	oben Kiën, das Schöpferische, der Himmel		above CH'IEN THE CREATIVE, HEAVEN	Traducción automática vacía o no disponible en caché.
26	trigrama_arriba	pair			mt_failed	MT falló	oben Gen, das Stillehalten, der Berg		above KêN KEEPING STILL, MOUNTAIN	Traducción automática vacía o no disponible en caché.
27	trigrama_arriba	pair			mt_failed	MT falló	oben Gen, das Stillehalten, der Berg		above KêN KEEPING STILL, MOUNTAIN	Traducción automática vacía o no disponible en caché.
28	trigrama_arriba	pair			mt_failed	MT falló	oben Dui, das Heitere, der See		above TUI THE JOYOUS, LAKE	Traducción automática vacía o no disponible en caché.
29	trigrama_arriba	pair			mt_failed	MT falló	oben Kan, das Abgründige, das Wasser		above K'AN THE ABYSMAL, WATER	Traducción automática vacía o no disponible en caché.
30	trigrama_arriba	pair			mt_failed	MT falló	oben Li, das Haftende, das Feuer		above LI THE CLINGING, FIRE	Traducción automática vacía o no disponible en caché.
31	trigrama_arriba	pair			mt_failed	MT falló	oben Dui, das Heitere, der See		above TUI THE JOYOUS, LAKE	Traducción automática vacía o no disponible en caché.
32	trigrama_arriba	pair			mt_failed	MT falló	oben Dschen, das Erregende, der Donner		above CHEN THE AROUSING, THUNDER	Traducción automática vacía o no disponible en caché.
33	trigrama_arriba	pair			mt_failed	MT falló	oben Kiën, das Schöpferische, der Himmel		above CH'IEN THE CREATIVE, HEAVEN	Traducción automática vacía o no disponible en caché.
34	trigrama_arriba	pair			mt_failed	MT falló	oben Dschen, das Erregende, der Donner		above CHêN THE AROUSING, THUNDER	Traducción automática vacía o no disponible en caché.
35	trigrama_arriba	pair			mt_failed	MT falló	oben Li, das Haftende, das Feuer		above LI THE CLINGING, FIRE	Traducción automática vacía o no disponible en caché.
36	trigrama_arriba	pair			mt_failed	MT falló	oben Kun, das Empfangende, die Erde		above K'UN THE RECEPTIVE, EARTH	Traducción automática vacía o no disponible en caché.
37	trigrama_arriba	pair			mt_failed	MT falló	oben Sun, das Sanfte, der Wind		above SUN THE GENTLE, WIND	Traducción automática vacía o no disponible en caché.
38	trigrama_arriba	pair			mt_failed	MT falló	oben Li, das Haftende, die Flamme		above LI THE CLINGING, FLAME	Traducción automática vacía o no disponible en caché.
39	trigrama_arriba	pair			mt_failed	MT falló	oben Kan, das Abgründige, das Wasser		above K'AN THE ABYSMAL, WATER	Traducción automática vacía o no disponible en caché.
40	trigrama_arriba	pair			mt_failed	MT falló	oben Dschen, das Erregende, der Donner		above CHêN THE AROUSING, THUNDER	Traducción automática vacía o no disponible en caché.
41	trigrama_arriba	pair			mt_failed	MT falló	oben Gen, das Stillehalten, der Berg		above KêN KEEPING STILL, MOUNTAIN	Traducción automática vacía o no disponible en caché.
42	trigrama_arriba	pair			mt_failed	MT falló	oben Sun, das Sanfte, der Wind		above SUN THE GENTLE, WIND	Traducción automática vacía o no disponible en caché.
43	trigrama_arriba	pair			mt_failed	MT falló	oben Dui, das Heitere, der See		above TUI THE JOYOUS, LAKE	Traducción automática vacía o no disponible en caché.
44	trigrama_arriba	pair			mt_failed	MT falló	oben Kiën, das Schöpferische, der Himmel		above CH'IEN THE CREATIVE, HEAVEN	Traducción automática vacía o no disponible en caché.
45	trigrama_arriba	pair			mt_failed	MT falló	oben Dui, das Heitere, der See		above TUI THE JOYOUS, LAKE	Traducción automática vacía o no disponible en caché.
46	trigrama_arriba	pair			mt_failed	MT falló	oben Kun, das Empfangende, die Erde		above K'UN THE RECEPTIVE, EARTH	Traducción automática vacía o no disponible en caché.
47	trigrama_arriba	pair			mt_failed	MT falló	oben Dui, das Heitere, der See		above TUI THE JOYOUS, LAKE	Traducción automática vacía o no disponible en caché.
48	trigrama_arriba	pair			mt_failed	MT falló	oben Kan, das Abgründige, das Wasser		above K'AN THE ABYSMAL, WATER	Traducción automática vacía o no disponible en caché.
49	trigrama_arriba	pair			mt_failed	MT falló	oben Dui, das Heitere, der See.		above TUI THE JOYOUS, LAKE	Traducción automática vacía o no disponible en caché.
50	trigrama_arriba	pair			mt_failed	MT falló	oben Li, das Haßende, das Feuer		above LI THE CLINGING, FIRE	Traducción automática vacía o no disponible en caché.
51	trigrama_arriba	pair			mt_failed	MT falló	oben Dschen, das Erregende, der Donner		above CHêN THE AROUSING, THUNDER	Traducción automática vacía o no disponible en caché.
52	trigrama_arriba	pair			mt_failed	MT falló	oben Gen, das Stillehalten, der Berg		above KêN KEEPING STILL, MOUNTAIN	Traducción automática vacía o no disponible en caché.
53	trigrama_arriba	pair			mt_failed	MT falló	oben Sun, das Sanfte, der Wind, das Holz		above SUN THE GENTLE, WIND, WOOD	Traducción automática vacía o no disponible en caché.
54	trigrama_arriba	pair			mt_failed	MT falló	oben Dschen, das Erregende, der Donner		above CHêN THE AROUSING, THUNDER	Traducción automática vacía o no disponible en caché.
55	trigrama_arriba	pair			mt_failed	MT falló	oben Dschen, das Erregende, der Donner		above CHêN THE AROUSING, THUNDER	Traducción automática vacía o no disponible en caché.
56	trigrama_arriba	pair			mt_failed	MT falló	oben Li, das Haftende, das Feuer		above LI THE CLINGING, FIRE	Traducción automática vacía o no disponible en caché.
57	trigrama_arriba	pair			mt_failed	MT falló	oben Sun, das Sanfte, der Wind, das Holz		above SUN THE GENTLE, WIND, WOOD	Traducción automática vacía o no disponible en caché.
58	trigrama_arriba	pair			mt_failed	MT falló	oben Dui, das Heitere, der See		above TUI THE JOYOUS, LAKE	Traducción automática vacía o no disponible en caché.
59	trigrama_arriba	pair			mt_failed	MT falló	oben Sun, das Sanfte, der Wind		above SUN THE GENTLE, WIND	Traducción automática vacía o no disponible en caché.
60	trigrama_arriba	pair			mt_failed	MT falló	oben Kan, das Abgründige, das Wasser		above K'AN THE ABYSMAL, WATER	Traducción automática vacía o no disponible en caché.
61	trigrama_arriba	pair			mt_failed	MT falló	oben Sun, das Sanfte, der Wind		above SUN THE GENTLE, WIND	Traducción automática vacía o no disponible en caché.
62	trigrama_arriba	pair			mt_failed	MT falló	oben Dschen, das Erregende, der Donner		above CHêN THE AROUSING, THUNDER	Traducción automática vacía o no disponible en caché.
63	trigrama_arriba	pair			mt_failed	MT falló	oben Kan, das Abgründige, das Wasser		above K'AN THE ABYSMAL, WATER	Traducción automática vacía o no disponible en caché.
64	trigrama_arriba	pair			mt_failed	MT falló	oben Li, das Haftende, die Flamme		above LI THE CLINGING, FLAME	Traducción automática vacía o no disponible en caché.
1	trigrama_abajo	pair			mt_failed	MT falló	unten Kiën, das Schöpferische, der Himmel		below CH'IEN THE CREATIVE, HEAVEN	Traducción automática vacía o no disponible en caché.
2	trigrama_abajo	pair			mt_failed	MT falló	unten Kun, das Empfangende, die Erde		below K'UN THE RECEPTIVE, EARTH	Traducción automática vacía o no disponible en caché.
3	trigrama_abajo	pair			mt_failed	MT falló	unten Dschen, das Erregende, der Donner		below CHêN THE AROUSING, THUNDER	Traducción automática vacía o no disponible en caché.
4	trigrama_abajo	pair			mt_failed	MT falló	unten Kan, das Abgründige, das Wasser		below K'AN THE ABYSMAL, WATER	Traducción automática vacía o no disponible en caché.
5	trigrama_abajo	pair			mt_failed	MT falló	unten das Schöpferische, der Himmel		below CH'IEN THE CREATIVE, HEAVEN	Traducción automática vacía o no disponible en caché.
6	trigrama_abajo	pair			mt_failed	MT falló	unten Kan, das Abgründige, das Wasser		below K'AN THE ABYSMAL, WATER	Traducción automática vacía o no disponible en caché.
7	trigrama_abajo	pair			mt_failed	MT falló	unten Kan, das Abgründige, das Wasser		below K'AN THE ABYSMAL, WATER	Traducción automática vacía o no disponible en caché.
8	trigrama_abajo	pair			mt_failed	MT falló	unten Kun, das Empfangende, die Erde		below K'UN THE RECEPTIVE, EARTH	Traducción automática vacía o no disponible en caché.
9	trigrama_abajo	pair			mt_failed	MT falló	unten Kiën, das Schöpferische, der Himmel		below CH'IEN THE CREATIVE, HEAVEN	Traducción automática vacía o no disponible en caché.
10	trigrama_abajo	pair			mt_failed	MT falló	unten Dui, das Heitere, der See		below TUI THE JOYOUS, LAKE	Traducción automática vacía o no disponible en caché.
11	trigrama_abajo	pair			mt_failed	MT falló	unten Kiën, das Schöpferische, der Himmel		below CH'IEN THE CREATIVE, HEAVEN	Traducción automática vacía o no disponible en caché.
12	trigrama_abajo	pair			mt_failed	MT falló	unten Kun, das Empfangende, die Erde		below K'UN THE RECEPTIVE, EARTH	Traducción automática vacía o no disponible en caché.
13	trigrama_abajo	pair			mt_failed	MT falló	unten Li, das Haftende, die Flamme		below LI THE CLINGING, FLAME	Traducción automática vacía o no disponible en caché.
14	trigrama_abajo	pair			mt_failed	MT falló	unten Kiën, das Schöpferische, der Himmel		below CH'IEN THE CREATIVE, HEAVEN	Traducción automática vacía o no disponible en caché.
15	trigrama_abajo	pair			mt_failed	MT falló	unten Gen, das Stillehalten, der Berg		below KEN KEEPING STILL, MOUNTAIN	Traducción automática vacía o no disponible en caché.
16	trigrama_abajo	pair			mt_failed	MT falló	unten Kun, das Empfangende, die Erde		below K'UN THE RECEPTIVE, EARTH	Traducción automática vacía o no disponible en caché.
17	trigrama_abajo	pair			mt_failed	MT falló	unten Dschen, das Erregende, der Donner		below CHêN THE AROUSING, THUNDER	Traducción automática vacía o no disponible en caché.
18	trigrama_abajo	pair			mt_failed	MT falló	unten Sun, das Sanfte, der Wind		below Sun THE GENTLE, WIND	Traducción automática vacía o no disponible en caché.
19	trigrama_abajo	pair			mt_failed	MT falló	unten Dui, das Heitere, der See		below TUI THE JOYOUS, LAKE	Traducción automática vacía o no disponible en caché.
20	trigrama_abajo	pair			mt_failed	MT falló	unten Kun, das Empfangende, die Erde		below K'UN THE RECEPTIVE, EARTH	Traducción automática vacía o no disponible en caché.
21	trigrama_abajo	pair			mt_failed	MT falló	unten Dschen, das Erregende, der Donner		below CHêN THE AROUSING, THUNDER	Traducción automática vacía o no disponible en caché.
22	trigrama_abajo	pair			mt_failed	MT falló	unten Li, das Haftende, das Feuer		below LI THE CLINGING, FIRE	Traducción automática vacía o no disponible en caché.
23	trigrama_abajo	pair			mt_failed	MT falló	unten Kun, das Empfangende, die Erde		below K'UN THE RECEPTIVE, EARTH	Traducción automática vacía o no disponible en caché.
24	trigrama_abajo	pair			mt_failed	MT falló	unten Dschen, das Erregende, der Donner		below CHêN THE AROUSING, THUNDER	Traducción automática vacía o no disponible en caché.
25	trigrama_abajo	pair			mt_failed	MT falló	unten Dschen, das Erregende, der Donner		below CHêN THE AROUSING, THUNDER	Traducción automática vacía o no disponible en caché.
26	trigrama_abajo	pair			mt_failed	MT falló	unten Kiën, das Schöpferische, der Himmel		below CH'IEN THE CREATIVE, HEAVEN	Traducción automática vacía o no disponible en caché.
27	trigrama_abajo	pair			mt_failed	MT falló	unten Dschen, das Erregende, der Donner		below CHêN THE AROUSING, THUNDER	Traducción automática vacía o no disponible en caché.
28	trigrama_abajo	pair			mt_failed	MT falló	unten Sun, das Sanfte, der Wind, das Holz		below SUN THE GENTLE, WIND, WOOD	Traducción automática vacía o no disponible en caché.
29	trigrama_abajo	pair			mt_failed	MT falló	unten Kan, das Abgründige, das Wasser		below K'AN THE ABYSMAL, WATER	Traducción automática vacía o no disponible en caché.
30	trigrama_abajo	pair			mt_failed	MT falló	unten Li, das Haftende, das Feuer		below LI THE CLINGING, FIRE	Traducción automática vacía o no disponible en caché.
31	trigrama_abajo	pair			mt_failed	MT falló	unten Gen, das Stillehalten, der Berg		below KêN KEEPING STILL, MOUNTAIN	Traducción automática vacía o no disponible en caché.
32	trigrama_abajo	pair			mt_failed	MT falló	unten Sun, das Sanfte, der Wind		below SUN THE GENTLE, WIND	Traducción automática vacía o no disponible en caché.
33	trigrama_abajo	pair			mt_failed	MT falló	unten Gen, das Stillehalten, der Berg		below KêN KEEPING STILL, MOUNTAIN	Traducción automática vacía o no disponible en caché.
34	trigrama_abajo	pair			mt_failed	MT falló	unten Kiën, das Schöpferische, der Himmel		below CH'IEN THE CREATIVE, HEAVEN	Traducción automática vacía o no disponible en caché.
35	trigrama_abajo	pair			mt_failed	MT falló	unten Kun, das Empfangende, die Erde		below K'UN THE RECEPTIVE, EARTH	Traducción automática vacía o no disponible en caché.
36	trigrama_abajo	pair			mt_failed	MT falló	unten Li, das Haftende, das Feuer		below LI THE CLINGING, FIRE	Traducción automática vacía o no disponible en caché.
37	trigrama_abajo	pair			mt_failed	MT falló	unten Li, das Haftende, das Feuer		below LI THE CLINGING, FIRE	Traducción automática vacía o no disponible en caché.
38	trigrama_abajo	pair			mt_failed	MT falló	unten Dui, das Heitere, der See		below TUI THE JOYOUS, LAKE	Traducción automática vacía o no disponible en caché.
39	trigrama_abajo	pair			mt_failed	MT falló	unten Gen, das Stillehalten, der Berg		below KêN KEEPING STILL, MOUNTAIN	Traducción automática vacía o no disponible en caché.
40	trigrama_abajo	pair			mt_failed	MT falló	unten Kan, das Abgründige, das Wasser		below K'AN THE ABYSMAL, WATER	Traducción automática vacía o no disponible en caché.
41	trigrama_abajo	pair			mt_failed	MT falló	unten Dui, das Heitere, der See		below TUI THE JOYOUS, LAKE	Traducción automática vacía o no disponible en caché.
42	trigrama_abajo	pair			mt_failed	MT falló	unten Dschen, das Erregende, der Donner		below CHêN THE AROUSING, THUNDER	Traducción automática vacía o no disponible en caché.
43	trigrama_abajo	pair			mt_failed	MT falló	unten Kiën, das Schöpferische, der Himmel		below CH'IEN THE CREATIVE, HEAVEN	Traducción automática vacía o no disponible en caché.
44	trigrama_abajo	pair			mt_failed	MT falló	unten Sun, das Sanfte, der Wind		below SUN THE GENTLE, WIND	Traducción automática vacía o no disponible en caché.
45	trigrama_abajo	pair			mt_failed	MT falló	unten Kun, das Empfangende, die Erde		below K'UN THE RECEPTIVE, EARTH	Traducción automática vacía o no disponible en caché.
46	trigrama_abajo	pair			mt_failed	MT falló	unten Sun, das Sanfte, der Wind, das Holz		below SUN THE GENTLE, WIND, WOOD	Traducción automática vacía o no disponible en caché.
47	trigrama_abajo	pair			mt_failed	MT falló	unten Kan, das Abgründige, das Wasser		below K'AN THE ABYSMAL, WATER	Traducción automática vacía o no disponible en caché.
48	trigrama_abajo	pair			mt_failed	MT falló	unten Sun, das Sanfte, der Wind, das Holz		below SUN THE GENTLE, WIND, WOOD	Traducción automática vacía o no disponible en caché.
49	trigrama_abajo	pair			mt_failed	MT falló	unten Li, das Haftende, das Feuer		below LI THE CLINGING, FIRE	Traducción automática vacía o no disponible en caché.
50	trigrama_abajo	pair			mt_failed	MT falló	unten Sun, das Sanfte, der Wind, das Holz		below SUN THE GENTLE, WIND, WOOD	Traducción automática vacía o no disponible en caché.
51	trigrama_abajo	pair			mt_failed	MT falló	unten Dschen, das Erregende, der Donner		below CHêN THE AROUSING, THUNDER	Traducción automática vacía o no disponible en caché.
52	trigrama_abajo	pair			mt_failed	MT falló	unten Gen, das Stillehalten, der Berg		below KêN KEEPING STILL, MOUNTAIN	Traducción automática vacía o no disponible en caché.
53	trigrama_abajo	pair			mt_failed	MT falló	unten Gen, das Stillehalten, der Berg		below KêN KEEPING STILL, MOUNTAIN	Traducción automática vacía o no disponible en caché.
54	trigrama_abajo	pair			mt_failed	MT falló	unten Dui, das Heitere, der See		below TUI THE JOYOUS, LAKE	Traducción automática vacía o no disponible en caché.
55	trigrama_abajo	pair			mt_failed	MT falló	unten Li, das Haftende, die Flamme		below LI THE CLINGING, FIRE	Traducción automática vacía o no disponible en caché.
56	trigrama_abajo	pair			mt_failed	MT falló	unten Gen, das Stillehalten, der Berg		below KêN KEEPING STILL, MOUNTAIN	Traducción automática vacía o no disponible en caché.
57	trigrama_abajo	pair			mt_failed	MT falló	unten Sun, das Sanfte, der Wind, das Holz		below SUN THE GENTLE, WIND, WOOD	Traducción automática vacía o no disponible en caché.
58	trigrama_abajo	pair			mt_failed	MT falló	unten Dui, das Heitere, der See		below TUI THE JOYOUS, LAKE	Traducción automática vacía o no disponible en caché.
59	trigrama_abajo	pair			mt_failed	MT falló	unten Kan, das Abgründige, das Wasser		below K'AN THE ABYSMAL, WATER	Traducción automática vacía o no disponible en caché.
60	trigrama_abajo	pair			mt_failed	MT falló	unten Dui, das Heitere, der See		below TUI THE JOYOUS, LAKE	Traducción automática vacía o no disponible en caché.
61	trigrama_abajo	pair			mt_failed	MT falló	unten Dui, das Heitere, der See		below TUI THE JOYOUS, LAKE	Traducción automática vacía o no disponible en caché.
62	trigrama_abajo	pair			mt_failed	MT falló	unten Gen, das Stillehalten, der Berg		below KêN KEEPING STILL, MOUNTAIN	Traducción automática vacía o no disponible en caché.
63	trigrama_abajo	pair			mt_failed	MT falló	unten Li, das Haftende, das Feuer		below LI THE CLINGING, FIRE	Traducción automática vacía o no disponible en caché.
64	trigrama_abajo	pair			mt_failed	MT falló	unten Kan, das Abgründige, das Wasser		below K'AN THE ABYSMAL, WATER	Traducción automática vacía o no disponible en caché.
1	intro	pair			mt_failed	MT falló	1. Kiën / DAS SCHÖPFERISCHE oben Kiën, das Schöpferische, der Himmel unten Kiën, das Schöpferische, der Himmel Das Zeichen besteht aus sechs…		The first hexagram is made up of six unbroken lines. These unbroken lines stand for the primal power, which is lightgiving, active, strong, …	Traducción automática vacía o no disponible en caché.
2	intro	pair			mt_failed	MT falló	2. Kun / DAS EMPFANGENDE oben Kun, das Empfangende, die Erde unten Kun, das Empfangende, die Erde Das Zeichen besteht aus lauter geteilten L…		This hexagram is made up of broken lines only. The broken line represents the dark, yielding, receptive primal power of yin. The attribute o…	Traducción automática vacía o no disponible en caché.
3	intro	pair			mt_failed	MT falló	3. Dschun / DIE ANFANGSSCHWIERIGKEIT oben Kan, das Abgründige, das Wasser unten Dschen, das Erregende, der Donner Der Name des Zeichens, Dsc…		The name of the hexagram, Chun, really connotes a blade of grass pushing against an obstacle as it sprouts out of the earth—hence the meanin…	Traducción automática vacía o no disponible en caché.
4	intro	pair			mt_failed	MT falló	4. Mong / DIE JUGENDTORHEIT oben Gen, das Stillehalten, der Berg unten Kan, das Abgründige, das Wasser Auf doppelte Weise ist das Gedenken d…		In this hexagram we are reminded of youth and folly in two different ways. The image of the upper trigram, Kên, is the mountain, that of the…	Traducción automática vacía o no disponible en caché.
5	intro	pair			mt_failed	MT falló	5. Sü / DAS WARTEN (DIE ERNÄHRUNG) oben das Abgründige, das Wasser unten das Schöpferische, der Himmel Alle Wesen bedürfen der Nahrung von o…		All beings have need of nourishment from above. But the gift of food comes in its own time, and for this one must wait. This hexagram shows …	Traducción automática vacía o no disponible en caché.
6	intro	pair			mt_failed	MT falló	6. Sung / DER STREIT oben Kiën, das Schöpferische, der Himmel unten Kan, das Abgründige, das Wasser Das obere Urzeichen, dessen Bild der Him…		The upper trigram, whose image is heaven, has an upward movement; the lower trigram, water, in accordance with its nature, tends downward. T…	Traducción automática vacía o no disponible en caché.
7	intro	pair			mt_failed	MT falló	7. Schï / DAS HEER oben Kun, das Empfangende, die Erde unten Kan, das Abgründige, das Wasser Das Zeichen setzt sich zusammen aus dem Urzeich…		This hexagram is made up of the trigrams K'an, water, and K'un, earth, and thus it symbolizes the ground water stored up in the earth. In th…	Traducción automática vacía o no disponible en caché.
8	intro	pair			mt_failed	MT falló	8. Bi / DAS ZUSAMMENHALTEN oben Kan, das Abgründige, das Wasser unten Kun, das Empfangende, die Erde Das Wasser über der Erde fließt zusamme…		The waters on the surface of the earth flow together wherever they can, as for example in the ocean, where all the rivers come together. Sym…	Traducción automática vacía o no disponible en caché.
9	intro	pair			mt_failed	MT falló	9. Siau Tschu / DES KLEINEN ZÄHMUNGSKRAFT oben Sun, das Sanfte, der Wind unten Kiën, das Schöpferische, der Himmel Das Zeichen bedeutet das …		This hexagram means the force of the small—the power of the shadowy—that restrains, tames, impedes. A weak line in the fourth place, that of…	Traducción automática vacía o no disponible en caché.
10	intro	pair			mt_failed	MT falló	10. Lü / DAS AUFTRETEN oben Kiën, das Schöpferische, der Himmel unten Dui, das Heitere, der See Das Auftreten bedeutet einerseits die richti…		The name of the hexagram means on the one hand the right way of conducting oneself. Heaven, the father, is above, and the lake, the youngest…	Traducción automática vacía o no disponible en caché.
11	intro	pair			mt_failed	MT falló	11. Tai / DER FRIEDE oben Kun, das Empfangende, die Erde unten Kiën, das Schöpferische, der Himmel Das Empfangende, dessen Bewegung sich nac…		The Receptive, which moves downward, stands above; the Creative, which moves upward, is below. Hence their influences meet and are in harmon…	Traducción automática vacía o no disponible en caché.
12	intro	pair			mt_failed	MT falló	12. Pi / DIE STOCKUNG oben Kiën, das Schöpferische, der Himmel unten Kun, das Empfangende, die Erde Das Zeichen ist das gerade Gegenteil des…		This hexagram is the opposite of the preceding one. Heaven is above, drawing farther and farther away, while the earth below sinks farther i…	Traducción automática vacía o no disponible en caché.
13	intro	pair			mt_failed	MT falló	13. Tung Jen / GEMEINSCHAFT MIT MENSCHEN oben Kiën, das Schöpferische, der Himmel unten Li, das Haftende, die Flamme Das Bild des oberen Urz…		The image of the upper trigram Ch'ien is heaven, and that of the lower, Li, is flame. It is the nature of fire to flame up to heaven. This g…	Traducción automática vacía o no disponible en caché.
14	intro	pair			mt_failed	MT falló	14. Da Yu / DER BESITZ VON GROSSEM oben Li, das Haftende, die Flamme unten Kiën, das Schöpferische, der Himmel Das Feuer am Himmel oben stra…		The fire in heaven above shines far, and all things stand out in the light and become manifest. The weak fifth line occupies the place of ho…	Traducción automática vacía o no disponible en caché.
15	intro	pair			mt_failed	MT falló	15. Kiën / DIE BESCHEIDENHEIT oben Kun, das Empfangende, die Erde unten Gen, das Stillehalten, der Berg Das Zeichen setzt sich zusammen aus …		This hexagram is made up of the trigrams Kên, Keeping Still, mountain, and K'un. The mountain is the youngest son of the Creative, the repre…	Traducción automática vacía o no disponible en caché.
16	intro	pair			mt_failed	MT falló	16. Yü / DIE BEGEISTERUNG oben Dschen, das Erregende, der Donner unten Kun, das Empfangende, die Erde Die starke Linie auf viertem Platz, de…		The strong line in the fourth place, that of the leading official, meets with response and obedience from all the other lines, which are all…	Traducción automática vacía o no disponible en caché.
17	intro	pair			mt_failed	MT falló	17. Sui / DIE NACHFOLGE oben Dui, das Heitere, der See unten Dschen, das Erregende, der Donner Oben ist das Heitere, dessen Charakter die Fr…		The trigram Tui, the Joyous, whose attribute is gladness, is above; Chên, the Arousing, which has the attribute of movement, is below. Joy i…	Traducción automática vacía o no disponible en caché.
18	intro	pair			mt_failed	MT falló	18. Gu / DIE ARBEIT AM VERDORBENEN oben Gen, das Stillehalten, der Berg unten Sun, das Sanfte, der Wind Das chinesische Zeichen Gu stellt ei…		The Chinese character ku represents a bowl in whose contents worms are breeding. This means decay. It has come about because the gentle indi…	Traducción automática vacía o no disponible en caché.
19	intro	pair			mt_failed	MT falló	19. Lin / DIE ANNÄHERUNG oben Kun, das Empfangende, die Erde unten Dui, das Heitere, der See Das chinesische Wort Lin hat eine Reihe von Bed…		The Chinese word lin has a range of meanings that is not exhausted by any single word of another language. The ancient explanations in the B…	Traducción automática vacía o no disponible en caché.
20	intro	pair			mt_failed	MT falló	20. Guan / DIE BETRACHTUNG (DER ANBLICK) oben Sun, das Sanfte, der Wind unten Kun, das Empfangende, die Erde Der chinesische Name des Zeiche…		A slight variation of tonal stress gives the Chinese name for this hexagram a double meaning. It means both contemplating and being seen, in…	Traducción automática vacía o no disponible en caché.
21	intro	pair			mt_failed	MT falló	21. Schï Ho / DAS DURCHBEISSEN oben Li, das Haftende, das Feuer unten Dschen, das Erregende, der Donner Das Zeichen stellt einen geöffneten …		This hexagram represents an open mouth (cf. hexagram 27) with an obstruction (in the fourth place) between the teeth. As a result the lips c…	Traducción automática vacía o no disponible en caché.
22	intro	pair			mt_failed	MT falló	22. Bi / DIE ANMUT oben Gen, das Stillehalten, der Berg unten Li, das Haftende, das Feuer Das Zeichen zeigt ein Feuer, das aus den geheimen …		This hexagram shows a fire that breaks out of the secret depths of the earth and, blazing up, illuminates and beautifies the mountain, the h…	Traducción automática vacía o no disponible en caché.
23	intro	pair			mt_failed	MT falló	23. Bo / DIE ZERSPLITTERUNG oben Gen, das Stillehalten, der Berg unten Kun, das Empfangende, die Erde Die dunklen Linien sind im Begriff, na…		The dark lines are about to mount upward and overthrow the last firm, light line by exerting a disintegrating influence on it. The inferior,…	Traducción automática vacía o no disponible en caché.
24	intro	pair			mt_failed	MT falló	24. Fu / DIE WIEDERKEHR (DIE WENDEZEIT) oben Kun, das Empfangende, die Erde unten Dschen, das Erregende, der Donner Die Wendezeit wird dadur…		The idea of a turning point arises from the fact that after the dark lines have pushed all of the light lines upward and out of the hexagram…	Traducción automática vacía o no disponible en caché.
25	intro	pair			mt_failed	MT falló	25. Wu Wang / DIE UNSCHULD (DAS UNERWARTETE) oben Kiën, das Schöpferische, der Himmel unten Dschen, das Erregende, der Donner Oben ist Kiën,…		Ch'ien, heaven, is above; Chên, movement, is below. The lower trigram Chên is under the influence of the strong line it has received from ab…	Traducción automática vacía o no disponible en caché.
26	intro	pair			mt_failed	MT falló	26. Da Tschu / DES GROSSEN ZÄHMUNGSKRAFT oben Gen, das Stillehalten, der Berg unten Kiën, das Schöpferische, der Himmel Das »Schöpferische« …		The Creative is tamed by Kên, Keeping Still. This produces great power, a situation in contrast to that of the ninth hexagram, Hsiao Ch'u, T…	Traducción automática vacía o no disponible en caché.
27	intro	pair			mt_failed	MT falló	27. I / DIE MUNDWINKEL (DIE ERNÄHRUNG) oben Gen, das Stillehalten, der Berg unten Dschen, das Erregende, der Donner Das Zeichen ist das Bild…		This hexagram is a picture of an open mouth; above and below are the firm lines of the lips, and between them the opening. Starting with the…	Traducción automática vacía o no disponible en caché.
28	intro	pair			mt_failed	MT falló	28. Da Go / DES GROSSEN ÜBERGEWICHT oben Dui, das Heitere, der See unten Sun, das Sanfte, der Wind, das Holz Das Zeichen besteht aus vier st…		This hexagram consists of four strong lines inside and two weak lines outside. When the strong are outside and the weak inside, all is well …	Traducción automática vacía o no disponible en caché.
29	intro	pair			mt_failed	MT falló	29. Kan / DAS ABGRÜNDIGE, DAS WASSER oben Kan, das Abgründige, das Wasser unten Kan, das Abgründige, das Wasser Das Zeichen besteht aus der …		This hexagram consists of a doubling of the trigram K'an. It is one of the eight hexagrams in which doubling occurs. The trigram K'an means …	Traducción automática vacía o no disponible en caché.
30	intro	pair			mt_failed	MT falló	30. Li / DAS HAFTENDE, DAS FEUER oben Li, das Haftende, das Feuer unten Li, das Haftende, das Feuer Auch dieses Zeichen ist ein Doppelzeiche…		This hexagram is another double sign. The trigram Li means, ""to cling to something,"" ""to be conditioned,"" ""to depend or rest on something,"" …	Traducción automática vacía o no disponible en caché.
31	intro	pair			mt_failed	MT falló	31. Hiën / DIE EINWIRKUNG (DIE WERBUNG) oben Dui, das Heitere, der See unten Gen, das Stillehalten, der Berg Der Name des Zeichens bedeutet …		The name of the hexagram means ""universal,"" ""general,"" and in a figurative sense ""to influence,"" ""to stimulate."" The upper trigram is Tui, t…	Traducción automática vacía o no disponible en caché.
32	intro	pair			mt_failed	MT falló	32. Hong / DIE DAUER oben Dschen, das Erregende, der Donner unten Sun, das Sanfte, der Wind Das starke Zeichen Dschen ist oben, das schwache…		The strong trigram Chên is above, the weak trigram Sun below. This hexagram is the inverse of the preceding one. In the latter we have influ…	Traducción automática vacía o no disponible en caché.
33	intro	pair			mt_failed	MT falló	33. Dun / DER RÜCKZUG oben Kiën, das Schöpferische, der Himmel unten Gen, das Stillehalten, der Berg Die Kraft des Schattigen ist im Aufstei…		The power of the dark is ascending. The light retreats to security, so that the dark cannot encroach upon it. This retreat is a matter not o…	Traducción automática vacía o no disponible en caché.
34	intro	pair			mt_failed	MT falló	34. Da Dschuang / DES GROSSEN MACHT oben Dschen, das Erregende, der Donner unten Kiën, das Schöpferische, der Himmel Die großen, d.h. lichte…		The great lines, that is, the light, strong lines, are powerful. Four light lines have entered the hexagram from below and are about to asce…	Traducción automática vacía o no disponible en caché.
35	intro	pair			mt_failed	MT falló	35. Dsin / DER FORTSCHRITT oben Li, das Haftende, das Feuer unten Kun, das Empfangende, die Erde Das Zeichen stellt die Sonne dar, die über …		The hexagram represents the sun rising over the earth. It is therefore the symbol of rapid, easy progress, which at the same time means ever…	Traducción automática vacía o no disponible en caché.
36	intro	pair			mt_failed	MT falló	36. Ming I / DIE VERFINSTERUNG DES LICHTS oben Kun, das Empfangende, die Erde unten Li, das Haftende, das Feuer Die Sonne ist hier unter die…		Here the sun has sunk under the earth and is therefore darkened. The name of the hexagram means literally ""wounding of the bright""; hence th…	Traducción automática vacía o no disponible en caché.
37	intro	pair			mt_failed	MT falló	37. Gia Jen / DIE SIPPE oben Sun, das Sanfte, der Wind unten Li, das Haftende, das Feuer Das Zeichen stellt die Gesetze dar, die innerhalb d…		This hexagram represents the laws obtaining within the family. The strong line at the top represents the father, the lowest the son. The str…	Traducción automática vacía o no disponible en caché.
38	intro	pair			mt_failed	MT falló	38. Kui / DER GEGENSATZ oben Li, das Haftende, die Flamme unten Dui, das Heitere, der See Das Zeichen besteht aus dem oberen Urzeichen Li, d…		This hexagram is composed of the trigram Li above, i.e., flame, which burns upward, and Tui below, i.e., the lake, which seeps downward. The…	Traducción automática vacía o no disponible en caché.
39	intro	pair			mt_failed	MT falló	39. Giën / DAS HEMMNIS oben Kan, das Abgründige, das Wasser unten Gen, das Stillehalten, der Berg Das Zeichen stellt einen gefährlichen Abgr…		The hexagram pictures a dangerous abyss lying before us and a steep, inaccessible mountain rising behind us. We are surrounded by obstacles;…	Traducción automática vacía o no disponible en caché.
40	intro	pair			mt_failed	MT falló	40. Hië / DIE BEFREIUNG oben Dschen, das Erregende, der Donner unten Kan, das Abgründige, das Wasser Die Bewegung geht hier aus der Gefahr h…		Here the movement goes out of the sphere of danger. The obstacle has been removed, the difficulties are being resolved. Deliverance is not y…	Traducción automática vacía o no disponible en caché.
41	intro	pair			mt_failed	MT falló	41. Sun / DIE MINDERUNG oben Gen, das Stillehalten, der Berg unten Dui, das Heitere, der See Das Zeichen stellt eine Minderung des unteren Z…		This hexagram represents a decrease of the lower trigram in favor of the upper, because the third line, originally strong, has moved up to t…	Traducción automática vacía o no disponible en caché.
42	intro	pair			mt_failed	MT falló	42. I / DIE MEHRUNG oben Sun, das Sanfte, der Wind unten Dschen, das Erregende, der Donner Der Gedanke der Mehrung drückt sich dadurch aus, …		The idea of increase is expressed in the fact that the strong lowest line of the upper trigram has sunk down and taken its place under the l…	Traducción automática vacía o no disponible en caché.
43	intro	pair			mt_failed	MT falló	43. Guai / DER DURCHBRUCH (DIE ENTSCHLOSSENHEIT) oben Dui, das Heitere, der See unten Kiën, das Schöpferische, der Himmel Das Zeichen bedeut…		This hexagram signifies on the one hand a break-through after a long accumulation of tension, as a swollen river breaks through its dikes, o…	Traducción automática vacía o no disponible en caché.
44	intro	pair			mt_failed	MT falló	44. Gou / DAS ENTGEGENKOMMEN oben Kiën, das Schöpferische, der Himmel unten Sun, das Sanfte, der Wind Das Zeichen deutet auf eine Lage, da d…		This hexagram indicates a situation in which the principle of darkness, after having been eliminated, furtively and unexpectedly obtrudes ag…	Traducción automática vacía o no disponible en caché.
45	intro	pair			mt_failed	MT falló	45. TSui / DIE SAMMLUNG oben Dui, das Heitere, der See unten Kun, das Empfangende, die Erde Das Zeichen ist dem Zeichen Bi, Zusammenhalten (…		This hexagram is related in form and meaning to Pi, HOLDING TOGETHER (8). In the latter, water is over the earth; here a lake is over the ea…	Traducción automática vacía o no disponible en caché.
46	intro	pair			mt_failed	MT falló	46. Schong / DAS EMPORDRINGEN oben Kun, das Empfangende, die Erde unten Sun, das Sanfte, der Wind, das Holz Das untere Zeichen, Sun, hat als…		The lower trigram, Sun, represents wood, and the upper, K'un, means the earth. Linked with this is the idea that wood in the earth grows upw…	Traducción automática vacía o no disponible en caché.
47	intro	pair			mt_failed	MT falló	47. Kun / DIE BEDRÄNGNIS oben Dui, das Heitere, der See unten Kan, das Abgründige, das Wasser Oben ist der See, das Wasser darunter. Der See…		The lake is above, water below; the lake is empty, dried up. Exhaustion is expressed in yet another way: at the top, a dark line is holding …	Traducción automática vacía o no disponible en caché.
48	intro	pair			mt_failed	MT falló	48. Dsing / DER BRUNNEN oben Kan, das Abgründige, das Wasser unten Sun, das Sanfte, der Wind, das Holz Unten ist das Holz, oben das Wasser. …		Wood is below, water above. The wood goes down into the earth to bring up water. The image derives from the pole-and-bucket well of ancient …	Traducción automática vacía o no disponible en caché.
49	intro	pair			mt_failed	MT falló	49. Go / DIE UMWÄLZUNG (DIE MAUSERUNG) oben Dui, das Heitere, der See. unten Li, das Haftende, das Feuer Das Zeichen bedeutet ursprünglich e…		The Chinese character for this hexagram means in its original sense an animal's pelt, which is changed in the course of the year by molting.…	Traducción automática vacía o no disponible en caché.
50	intro	pair			mt_failed	MT falló	50. Ding / DER TIEGEL oben Li, das Haßende, das Feuer unten Sun, das Sanfte, der Wind, das Holz Das ganze Zeichen ist das Bild des Tiegels, …		The six lines construct the image of Ting, THE CALDRON; at the bottom are the legs, over them the belly, then come the ears (handles), and a…	Traducción automática vacía o no disponible en caché.
51	intro	pair			mt_failed	MT falló	51. Dschen / DAS ERREGENDE oben Dschen, das Erregende, der Donner unten Dschen, das Erregende, der Donner Das Zeichen Dschen ist der älteste…		The hexagram Chên represents the eldest son, who seizes rule with energy and power. A yang line develops below two yin lines and presses upw…	Traducción automática vacía o no disponible en caché.
52	intro	pair			mt_failed	MT falló	52. Gen / DAS STILLEHALTEN, DER BERG oben Gen, das Stillehalten, der Berg unten Gen, das Stillehalten, der Berg Das Bild des Zeichens ist de…		The image of this hexagram is the mountain, the youngest son of heaven and earth. The male principle is at the top, because it strives upwar…	Traducción automática vacía o no disponible en caché.
53	intro	pair			mt_failed	MT falló	53. Dsien / DIE ENTWICKLUNG oben Sun, das Sanfte, der Wind, das Holz unten Gen, das Stillehalten, der Berg Das Zeichen besteht aus Sun (Holz…		This hexagram is made up of Sun (wood, penetration) above, i.e., without, and Kên (mountain, stillness) below, i.e., within. A tree on a mou…	Traducción automática vacía o no disponible en caché.
54	intro	pair			mt_failed	MT falló	54. Gui me / DAS HEIRATENDE MÄDCHEN oben Dschen, das Erregende, der Donner unten Dui, das Heitere, der See Oben ist Dschen, der älteste Sohn…		Above we have Chên, the eldest son, and below, Tui, the youngest daughter. The man leads and the girl follows him in gladness. The picture i…	Traducción automática vacía o no disponible en caché.
55	intro	pair			mt_failed	MT falló	55. Fong / DIE FÜLLE oben Dschen, das Erregende, der Donner unten Li, das Haftende, die Flamme Dschen ist die Bewegung, Li die Flamme, deren…		Chên is movement; Li is flame, whose attribute is clarity. Clarity within, movement without—this produces greatness and abundance. The hexag…	Traducción automática vacía o no disponible en caché.
56	intro	pair			mt_failed	MT falló	56. Lü / DER WANDERER oben Li, das Haftende, das Feuer unten Gen, das Stillehalten, der Berg Der Berg (Gen) steht still, oben das Feuer (Li)…		The mountain, Kên, stands still; above it fire, Li, flames up and does not tarry. Therefore the two trigrams do not stay together. Strange l…	Traducción automática vacía o no disponible en caché.
57	intro	pair			mt_failed	MT falló	57. Sun / DAS SANFTE oben Sun, das Sanfte, der Wind, das Holz unten Sun, das Sanfte, der Wind, das Holz Sun ist eines der acht Doppelzeichen…		Sun is one of the eight doubled trigrams. It is the eldest daughter and symbolizes wind or wood; it has for its attribute gentleness, which …	Traducción automática vacía o no disponible en caché.
58	intro	pair			mt_failed	MT falló	58. Dui / DAS HEITERE, DER SEE oben Dui, das Heitere, der See unten Dui, das Heitere, der See Dui ist wie Sun eines der acht Doppelzeichen. …		This hexagram, like Sun, is one of the eight formed by doubling of a trigram. The trigram Tui denotes the youngest daughter; it is symbolize…	Traducción automática vacía o no disponible en caché.
59	intro	pair			mt_failed	MT falló	59. Huan / DIE AUFLÖSUNG oben Sun, das Sanfte, der Wind unten Kan, das Abgründige, das Wasser Der Wind, der oben über das Wasser fährt, zers…		Wind blowing over water disperses it, dissolving it into foam and mist. This suggests that when a man's vital energy is dammed up within him…	Traducción automática vacía o no disponible en caché.
60	intro	pair			mt_failed	MT falló	60. Dsië / DIE BESCHRÄNKUNG oben Kan, das Abgründige, das Wasser unten Dui, das Heitere, der See Der See hat einen beschränkten Raum. Wenn m…		A lake occupies a limited space. When more water comes into it, it overflows. Therefore limits must be set for the water. The image shows wa…	Traducción automática vacía o no disponible en caché.
61	intro	pair			mt_failed	MT falló	61. Dschung Fu / INNERE WAHRHEIT oben Sun, das Sanfte, der Wind unten Dui, das Heitere, der See Über dem See weht der Wind und bewegt die Ob…		The wind blows over the lake and stirs the surface of the water. Thus visible effects of the invisible manifest themselves. The hexagram con…	Traducción automática vacía o no disponible en caché.
62	intro	pair			mt_failed	MT falló	62. Siau Go / DES KLEINEN ÜBERGEWICHT oben Dschen, das Erregende, der Donner unten Gen, das Stillehalten, der Berg Während bei dem Zeichen »…		While in the hexagram Ta Kuo, PREPONDERANCE OF THE GREAT (28), the strong lines preponderate and are within, inclosed between weak lines at …	Traducción automática vacía o no disponible en caché.
63	intro	pair			mt_failed	MT falló	63. Gi Dsi / NACH DER VOLLENDUNG oben Kan, das Abgründige, das Wasser unten Li, das Haftende, das Feuer Das Zeichen ist die Ausgestaltung de…		This hexagram is the evolution of T'ai, PEACE (11). The transition from confusion to order is completed, and everything is in its proper pla…	Traducción automática vacía o no disponible en caché.
64	intro	pair			mt_failed	MT falló	64. We Dsi / VOR DER VOLLENDUNG oben Li, das Haftende, die Flamme unten Kan, das Abgründige, das Wasser Es ist in dem Zeichen die Zeit anged…		This hexagram indicates a time when the transition from disorder to order is not yet completed. The change is indeed prepared for, since all…	Traducción automática vacía o no disponible en caché.
1	judgment_oraculo	pair			mt_failed	MT falló	Das Schöpferische wirkt erhabenes Gelingen, fördernd durch Beharrlichkeit.		THE CREATIVE works sublime success, Furthering through perseverance.	Traducción automática vacía o no disponible en caché.
2	judgment_oraculo	pair			mt_failed	MT falló	Das Empfangende wirkt erhabenes Gelingen, fördernd durch die Beharrlichkeit einer Stute. Hat der Edle etwas zu unternehmen und will voraus, …		THE RECEPTIVE brings about sublime success, Furthering through the perseverance of a mare. If the superior man undertakes something and trie…	Traducción automática vacía o no disponible en caché.
3	judgment_oraculo	pair			mt_failed	MT falló	Die Anfangsschwierigkeit wirkt erhabenes Gelingen. Fördernd durch Beharrlichkeit. Man soll nichts unternehmen. Fördernd ist es, Gehilfen ein…		Difficulty at the Beginning works supreme success, Furthering through perseverance. Nothing should be undertaken. It furthers one to appoint…	Traducción automática vacía o no disponible en caché.
4	judgment_oraculo	pair			mt_failed	MT falló	Jugendtorheit hat Gelingen. Nicht ich suche den jungen Toren, der junge Tor sucht mich. Beim ersten Orakel gebe ich Auskunft. Fragt er zwei-…		YOUTHFUL FOLLY has success. It is not I who seek the young fool; The young fool seeks me. At the first oracle I inform him. If he asks two o…	Traducción automática vacía o no disponible en caché.
5	judgment_oraculo	pair			mt_failed	MT falló	Das Warten. Wenn du wahrhaftig bist, so hast du Licht und Gelingen. Beharrlichkeit bringt Heil. Fördernd ist es, das große Wasser zu durchqu…		WAITING. If you are sincere, You have light and success. Perseverance brings good fortune. It furthers one to cross the great water.	Traducción automática vacía o no disponible en caché.
6	judgment_oraculo	pair			mt_failed	MT falló	Der Streit: Du bist wahrhaftig und wirst gehemmt. Sorgliches Innehalten auf halbem Weg bringt Heil. Zu Ende führen bringt Unheil. Fördernd i…		CONFLICT. You are sincere And are being obstructed. A cautious halt halfway brings good fortune. Going through to the end brings misfortune.…	Traducción automática vacía o no disponible en caché.
7	judgment_oraculo	pair			mt_failed	MT falló	Das Heer braucht Beharrlichkeit und einen starken Mann. Heil ohne Makel.		THE ARMY. The army needs perseverance And a strong man. Good fortune without blame.	Traducción automática vacía o no disponible en caché.
8	judgment_oraculo	pair			mt_failed	MT falló	Das Zusammenhalten bringt Heil. Ergründe das Orakel nochmals, ob du Erhabenheit, Dauer und Beharrlichkeit hast; dann ist kein Makel da. Die …		HOLDING TOGETHER brings good fortune. Inquire of the oracle once again Whether you possess sublimity, constancy, and perseverance; Then ther…	Traducción automática vacía o no disponible en caché.
9	judgment_oraculo	pair			mt_failed	MT falló	Des Kleinen Zähmungskraft hat Gelingen. Dichte Wolken, kein Regen von unserm westlichen Gebiet.		THE TAMING POWER OF THE SMALL Has success. Dense clouds, no rain from our western region.	Traducción automática vacía o no disponible en caché.
10	judgment_oraculo	pair			mt_failed	MT falló	Auftreten auf des Tigers Schwanz. Er beißt den Menschen nicht. Gelingen.		TREADING. Treading upon the tail of the tiger. It does not bite the man. Success.	Traducción automática vacía o no disponible en caché.
11	judgment_oraculo	pair			mt_failed	MT falló	Der Friede. Das Kleine geht hin, das Große kommt her. Heil! Gelingen!		PEACE. The small departs, The great approaches. Good fortune. Success.	Traducción automática vacía o no disponible en caché.
12	judgment_oraculo	pair			mt_failed	MT falló	Die Stockung. Schlechte Menschen sind nicht fördernd für die Beharrlichkeit des Edlen. Das Große geht hin, das Kleine kommt herbei.		STANDSTILL. Evil people do not further The perseverance of the superior man. The great departs; the small approaches.	Traducción automática vacía o no disponible en caché.
13	judgment_oraculo	pair			mt_failed	MT falló	Gemeinschaft mit Menschen im Freien: Gelingen. Fördernd ist es, das große Wasser zu durchqueren. Fördernd ist des Edlen Beharrlichkeit.		FELLOWSHIP WITH MEN in the open. Success. It furthers one to cross the great water. The perseverance of the superior man furthers.	Traducción automática vacía o no disponible en caché.
14	judgment_oraculo	pair			mt_failed	MT falló	Der Besitz von Großem: Erhabenes Gelingen.		POSSESSION IN GREAT MEASURE. Supreme success.	Traducción automática vacía o no disponible en caché.
15	judgment_oraculo	pair			mt_failed	MT falló	Bescheidenheit schafft Gelingen. Der Edle bringt zu Ende.		MODESTY creates success. The superior man carries things through.	Traducción automática vacía o no disponible en caché.
16	judgment_oraculo	pair			mt_failed	MT falló	Die Begeisterung. Fördernd ist es, Gehilfen einzusetzen und Heere marschieren zu lassen.		ENTHUSIASM. It furthers one to install helpers And to set armies marching.	Traducción automática vacía o no disponible en caché.
17	judgment_oraculo	pair			mt_failed	MT falló	Die Nachfolge hat erhabenes Gelingen. Fördernd ist Beharrlichkeit. Kein Makel.		FOLLOWING has supreme success. Perseverance furthers. No blame.	Traducción automática vacía o no disponible en caché.
18	judgment_oraculo	pair			mt_failed	MT falló	Die Arbeit am Verdorbenen hat erhabenes Gelingen. Fördernd ist es, das große Wasser zu durchqueren. Vor dem Anfangspunkt drei Tage, nach dem…		WORK ON WHAT HAS BEEN SPOILED Has supreme success. It furthers one to cross the great water. Before the starting point, three days. After th…	Traducción automática vacía o no disponible en caché.
19	judgment_oraculo	pair			mt_failed	MT falló	Die Annäherung hat erhabenes Gelingen. Fördernd ist Beharrlichkeit. Kommt der achte Monat, so gibt's Unheil.		APPPROACH has supreme success. Perseverance furthers. When the eighth month comes, There will be misfortune.	Traducción automática vacía o no disponible en caché.
20	judgment_oraculo	pair			mt_failed	MT falló	Die Betrachtung. Die Waschung ist geschehen, aber noch nicht die Darbringung. Vertrauensvoll blicken sie zu ihm auf.		CONTEMPLATION. The ablution has been made, But not yet the offering. Full of trust they look up to him.	Traducción automática vacía o no disponible en caché.
21	judgment_oraculo	pair	0%	0%	divergent	Divergente	Das Durchbeißen hat Gelingen. Fördernd ist es, Gericht walten zu lassen.	MYMEMORY WARNING: YOU USED ALL AVAILABLE FREE TRANSLATIONS FOR TODAY. NEXT AVAILABLE IN 20 HOURS 18 MINUTES 49 SECONDS VISIT HTTPS://MYMEMOR…	BITING THROUGH has success. It is favorable to let justice be administered.	Primera línea poco alineada (Jaccard 0%). | Solapamiento léxico bajo MT↔Baynes (0%).
22	judgment_oraculo	pair			mt_failed	MT falló	Anmut hat Gelingen. Im Kleinen ist es fördernd, etwas zu unternehmen.		GRACE has success. In small matters It is favorable to undertake something.	Traducción automática vacía o no disponible en caché.
23	judgment_oraculo	pair			mt_failed	MT falló	Die Zersplitterung. Nicht fördernd ist es, wohin zu gehen.		SPLITTING APART. It does not further one To go anywhere.	Traducción automática vacía o no disponible en caché.
24	judgment_oraculo	pair			mt_failed	MT falló	Die Wiederkehr. Gelingen. Ausgang und Eingang ohne Fehl. Freunde kommen ohne Makel. Hin und her geht der Weg. Am siebten Tage kommt die Wied…		RETURN. Success. Going out and coming in without error. Friends come without blame. To and fro goes the way. On the seventh day comes return…	Traducción automática vacía o no disponible en caché.
25	judgment_oraculo	pair			mt_failed	MT falló	Die Unschuld. Erhabenes Gelingen. Fördernd ist Beharrlichkeit. Wenn jemand nicht recht ist, so hat er Unglück, und nicht fördernd ist es, ir…		INNOCENCE. Supreme success. Perseverance furthers. If someone is not as he should be, He has misfortune, And it does not further him To unde…	Traducción automática vacía o no disponible en caché.
26	judgment_oraculo	pair			mt_failed	MT falló	Des Großen Zähmungskraft. Fördernd ist Beharrlichkeit. Nicht zu Hause essen bringt Heil. Fördernd ist es, das große Wasser zu durchqueren.		THE TAMING POWER OF THE GREAT. Perseverance furthers. Not eating at home brings good fortune. It furthers one to cross the great water.	Traducción automática vacía o no disponible en caché.
27	judgment_oraculo	pair			mt_failed	MT falló	Die Mundwinkel. Beharrlichkeit bringt Heil. Sieh auf die Ernährung und womit einer selbst sucht seinen Mund zu füllen.		THE CORNERS OF THE MOUTH. Perseverance brings good fortune. Pay heed to the providing of nourishment And to what a man seeks To fill his own…	Traducción automática vacía o no disponible en caché.
28	judgment_oraculo	pair			mt_failed	MT falló	Des Großen Übergewicht. Der Firstbalken biegt sich durch. Fördernd ist es, zu haben, wohin man gehe. Gelingen.		PREPONDERANCE OF THE GREAT. The ridgepole sags to the breaking point. It furthers one to have somewhere to go. Success.	Traducción automática vacía o no disponible en caché.
29	judgment_oraculo	pair			mt_failed	MT falló	Das wiederholte Abgründige. Wenn du wahrhaftig bist, so hast du im Herzen Gelingen, und was du tust, hat Erfolg.		The Abysmal repeated. If you are sincere, you have success in your heart, And whatever you do succeeds.	Traducción automática vacía o no disponible en caché.
30	judgment_oraculo	pair			mt_failed	MT falló	Das Haftende. Fördernd ist Beharrlichkeit. Sie bringt Gelingen. Pflege der Kuh bringt Heil.		THE CLINGING. Perseverance furthers. It brings success. Care of the cow brings good fortune.	Traducción automática vacía o no disponible en caché.
31	judgment_oraculo	pair			mt_failed	MT falló	Die Einwirkung. Gelingen. Fördernd ist Beharrlichkeit. Ein Mädchen nehmen bringt Heil.		Influence. Success. Perseverance furthers. To take a maiden to wife brings good fortune.	Traducción automática vacía o no disponible en caché.
32	judgment_oraculo	pair			mt_failed	MT falló	Gelingen. Kein Makel. Fördernd ist Beharrlichkeit. Fördernd ist, zu haben, wohin man gehe.		DURATION. Success. No blame. Perseverance furthers. It furthers one to have somewhere to go.	Traducción automática vacía o no disponible en caché.
33	judgment_oraculo	pair			mt_failed	MT falló	Der Rückzug. Gelingen. Im Kleinen ist fördernd Beharrlichkeit.		RETREAT. Success. In what is small, perseverance furthers.	Traducción automática vacía o no disponible en caché.
34	judgment_oraculo	pair			mt_failed	MT falló	Des Großen Macht. Fördernd ist Beharrlichkeit.		THE POWER OF THE GREAT. Perseverance furthers.	Traducción automática vacía o no disponible en caché.
35	judgment_oraculo	pair	0%	0%	divergent	Divergente	Der Fortschritt: Der starke Fürst wird geehrt durch Pferde in großer Menge. An einem Tage wird er dreimal empfangen.	MYMEMORY WARNING: YOU USED ALL AVAILABLE FREE TRANSLATIONS FOR TODAY. NEXT AVAILABLE IN 20 HOURS 16 MINUTES 52 SECONDS VISIT HTTPS://MYMEMOR…	PROGRESS. The powerful prince Is honored with horses in large numbers. In a single day he is granted audience three times.	Primera línea poco alineada (Jaccard 0%). | Solapamiento léxico bajo MT↔Baynes (0%).
36	judgment_oraculo	pair			mt_failed	MT falló	Die Verfinsterung des Lichts. Fördernd ist es, in der Not beharrlich zu sein.		DARKENING OF THE LIGHT. In adversity It furthers one to be persevering.	Traducción automática vacía o no disponible en caché.
37	judgment_oraculo	pair			mt_failed	MT falló	Die Sippe. Fördernd ist die Beharrlichkeit der Frau.		THE FAMILY. The perseverance of the woman furthers.	Traducción automática vacía o no disponible en caché.
38	judgment_oraculo	pair			mt_failed	MT falló	Der Gegensatz. In kleinen Sachen Heil.		OPPOSITION. In small matters, good fortune.	Traducción automática vacía o no disponible en caché.
39	judgment_oraculo	pair			mt_failed	MT falló	Das Hemmnis. Fördernd ist der Südwesten. Nicht fördernd ist der Nordosten. Fördernd ist es, den großen Mann zu sehen. Beharrlichkeit ist von…		OBSTRUCTION. The southwest furthers. The northeast does not further. It furthers one to see the great man. Perseverance brings good fortune.	Traducción automática vacía o no disponible en caché.
40	judgment_oraculo	pair			mt_failed	MT falló	Die Befreiung. Fördernd ist der Südwesten. Wenn nichts mehr da ist, wohin man zu gehen hätte, ist das Wiederkommen von Heil. Wenn es noch et…		DELIVERANCE. The southwest furthers. If there is no longer anything where one has to go, Return brings good fortune. If there is still somet…	Traducción automática vacía o no disponible en caché.
41	judgment_oraculo	pair			mt_failed	MT falló	Minderung verbunden mit Wahrhaftigkeit wirkt erhabenes Heil ohne Makel. Man kann darin beharrlich sein. Fördernd ist es, etwas zu unternehme…		DECREASE combined with sincerity Brings about supreme good fortune Without blame. One may be persevering in this. It furthers one to underta…	Traducción automática vacía o no disponible en caché.
42	judgment_oraculo	pair			mt_failed	MT falló	Die Mehrung. Fördernd ist es, etwas zu unternehmen. Fördernd ist es, das große Wasser zu durchqueren.		INCREASE. It furthers one To undertake something. It furthers one to cross the great water.	Traducción automática vacía o no disponible en caché.
43	judgment_oraculo	pair			mt_failed	MT falló	Der Durchbruch. Entschlossen muß man am Hof des Königs die Sache bekanntmachen. Der Wahrheit gemäß muß sie verkündet werden. Gefahr! Man muß…		BREAK-THROUGH. One must resolutely make the matter known At the court of the king. It must be announced truthfully. Danger. It is necessary …	Traducción automática vacía o no disponible en caché.
44	judgment_oraculo	pair			mt_failed	MT falló	Das Entgegenkommen. Das Mädchen ist mächtig. Man soll ein solches Mädchen nicht heiraten.		COMING TO MEET. The maiden is powerful. One should not marry such a maiden.	Traducción automática vacía o no disponible en caché.
45	judgment_oraculo	pair	0%	0%	divergent	Divergente	Die Sammlung. Gelingen. Der König naht sich seinem Tempel. Fördernd ist es, den großen Mann zu sehen. Das bringt Gelingen. Fördernd ist Beha…	MYMEMORY WARNING: YOU USED ALL AVAILABLE FREE TRANSLATIONS FOR TODAY. NEXT AVAILABLE IN 20 HOURS 15 MINUTES 23 SECONDS VISIT HTTPS://MYMEMOR…	GATHERING TOGETHER. Success. The king approaches his temple. It furthers one to see the great man. This brings success. Perseverance further…	Primera línea poco alineada (Jaccard 0%). | Solapamiento léxico bajo MT↔Baynes (0%).
46	judgment_oraculo	pair			mt_failed	MT falló	Das Empordringen hat erhabenes Gelingen. Man muß den großen Mann sehen. Fürchte dich nicht! Aufbruch nach Süden bringt Heil.		PUSHING UPWARD has supreme success. One must see the great man. Fear not. Departure toward the south Brings good fortune.	Traducción automática vacía o no disponible en caché.
47	judgment_oraculo	pair			mt_failed	MT falló	Die Bedrängnis. Gelingen. Beharrlichkeit. Der große Mann wirkt Heil. Kein Makel. Wenn man etwas zu sagen hat, wird es nicht geglaubt.		OPPPRESSION. Success. Perseverance. The great man brings about good fortune. No blame. When one has something to say, It is not believed.	Traducción automática vacía o no disponible en caché.
48	judgment_oraculo	pair			mt_failed	MT falló	Der Brunnen. Man mag die Stadt wechseln, aber kann nicht den Brunnen wechseln. Er nimmt nicht ab und nimmt nicht zu. Sie kommen und gehen un…		THE WELL. The town may be changed, But the well cannot be changed. It neither decreases nor increases. They come and go and draw from the we…	Traducción automática vacía o no disponible en caché.
49	judgment_oraculo	pair			mt_failed	MT falló	Die Umwälzung. Am eigenen Tag, da findest du Glauben. Erhabenes Gelingen, fördernd durch Beharrlichkeit. Die Reue schwindet.		REVOLUTION. On your own day You are believed. Supreme success, Furthering through perseverance. Remorse disappears.	Traducción automática vacía o no disponible en caché.
50	judgment_oraculo	pair			mt_failed	MT falló	Der Tiegel. Erhabenes Heil. Gelingen.		THE CALDRON. Supreme good fortune. Success.	Traducción automática vacía o no disponible en caché.
51	judgment_oraculo	pair			mt_failed	MT falló	Das Erschüttern bringt Gelingen. Das Erschüttern kommt: Hu, Hu! Lachende Worte: Ha, Ha! Das Erschüttern erschreckt hundert Meilen, und er lä…		SHOCK brings success. Shock comes—oh, oh! Laughing words—ha, ha! The shock terrifies for a hundred miles, And he does not let fall the sacri…	Traducción automática vacía o no disponible en caché.
52	judgment_oraculo	pair			mt_failed	MT falló	Stillehalten seines Rückens, so daß er seinen Leib nicht mehr empfindet. Er geht in seinen Hof und sieht nicht seine Menschen. Kein Makel.		KEEPING STILL. Keeping his back still So that he no longer feels his body. He goes into his courtyard And does not see his people. No blame.	Traducción automática vacía o no disponible en caché.
53	judgment_oraculo	pair			mt_failed	MT falló	Die Entwicklung. Das Mädchen wird verheiratet. Heil! Fördernd ist Beharrlichkeit.		DEVELOPMENT. The maiden Is given in marriage. Good fortune. Perseverance furthers.	Traducción automática vacía o no disponible en caché.
54	judgment_oraculo	pair			mt_failed	MT falló	Das heiratende Mädchen. Unternehmungen bringen Unheil. Nichts, das fördernd wäre.		THE MARRYING MAIDEN. Undertakings bring misfortune. Nothing that would further.	Traducción automática vacía o no disponible en caché.
55	judgment_oraculo	pair			mt_failed	MT falló	Die Fülle hat Gelingen. Der König erreicht sie. Sei nicht traurig; du mußt sein wie die Sonne am Mittag.		ABUNDANCE has success. The king attains abundance. Be not sad. Be like the sun at midday.	Traducción automática vacía o no disponible en caché.
56	judgment_oraculo	pair			mt_failed	MT falló	Der Wanderer. Durch Kleinheit Gelingen. Dem Wanderer ist Beharrlichkeit von Heil.		THE WANDERER. Success through smallness. Perseverance brings good fortune To the wanderer.	Traducción automática vacía o no disponible en caché.
57	judgment_oraculo	pair			mt_failed	MT falló	Das Sanfte. Durch Kleines Gelingen. Fördernd ist es, zu haben, wohin man geht. Fördernd ist es, den großen Mann zu sehen.		THE GENTLE. Success through what is small. It furthers one to have somewhere to go. It furthers one to see the great man.	Traducción automática vacía o no disponible en caché.
58	judgment_oraculo	pair			mt_failed	MT falló	Das Heitere. Gelingen. Günstig ist Beharrlichkeit.		THE JOYOUS. Success. Perseverance is favorable.	Traducción automática vacía o no disponible en caché.
59	judgment_oraculo	pair			mt_failed	MT falló	Die Auflösung. Gelingen. Der König naht seinem Tempel. Fördernd ist es, das große Wasser zu durchqueren. Fördernd ist Beharrlichkeit.		DISPERSION. Success. The king approaches his temple. It furthers one to cross the great water. Perseverance furthers.	Traducción automática vacía o no disponible en caché.
60	judgment_oraculo	pair			mt_failed	MT falló	Beschränkung. Gelingen. Bittere Beschränkung darf man nicht beharrlich üben.		LIMITATION. Success. Galling limitation must not be persevered in.	Traducción automática vacía o no disponible en caché.
61	judgment_oraculo	pair			mt_failed	MT falló	Innere Wahrheit. Schweine und Fische. Heil! Fördernd ist es, das große Wasser zu durchqueren. Fördernd ist Beharrlichkeit.		INNER TRUTH. Pigs and fishes. Good fortune. It furthers one to cross the great water. Perseverance furthers.	Traducción automática vacía o no disponible en caché.
62	judgment_oraculo	pair			mt_failed	MT falló	Des Kleinen Übergewicht. Gelingen. Fördernd ist Beharrlichkeit. Man mag kleine Dinge tun, man soll nicht große Dinge tun. Der fliegende Voge…		PREPONDERANCE OF THE SMALL. Success. Perseverance furthers. Small things may be done; great things should not be done. The flying bird bring…	Traducción automática vacía o no disponible en caché.
63	judgment_oraculo	pair			mt_failed	MT falló	Gelingen im Kleinen. Fördernd ist Beharrlichkeit. Im Anfang Heil, am Ende Wirren.		AFTER COMPLETION. Success in small matters. Perseverance furthers. At the beginning good fortune, At the end disorder.	Traducción automática vacía o no disponible en caché.
64	judgment_oraculo	pair			mt_failed	MT falló	Vor der Vollendung. Gelingen. Wenn aber der kleine Fuchs, wenn er beinahe den Übergang vollendet hat, mit dem Schwanz ins Wasser kommt, dann…		BEFORE COMPLETION. Success. But if the little fox, after nearly completing the crossing, Gets his tail in the water, There is nothing that w…	Traducción automática vacía o no disponible en caché.
1	judgment_comentario	pair			mt_failed	MT falló	Dem ursprünglichen Sinne nach gehören die Eigenschaften paarweise zusammen. Für den, der dies Orakel gewinnt, bedeutet das, daß ihm Gelingen…		According to the original meaning, the attributes [sublimity, potentiality of success, power to further, perseverance] are paired. When an i…	Traducción automática vacía o no disponible en caché.
2	judgment_comentario	pair			mt_failed	MT falló	Die vier Grundrichtungen des Schöpferischen: »erhabenes Gelingen, fördernd durch Beharrlichkeit« finden sich auch als Bezeichnung des Empfan…		The four fundamental aspects of the Creative—""sublime success, furthering through perseverance""—are also attributed to the Receptive. Here, …	Traducción automática vacía o no disponible en caché.
3	judgment_comentario	pair			mt_failed	MT falló	Werdezeiten haben Schwierigkeiten. Es ist wie eine Erstgeburt. Aber diese Schwierigkeiten entstehen aus der Fülle dessen, was nach Gestaltun…		Times of growth are beset with difficulties. They resemble a first birth. But these difficulties arise from the very profusion of all that i…	Traducción automática vacía o no disponible en caché.
4	judgment_comentario	pair			mt_failed	MT falló	In der Jugend ist Torheit nichts Schlimmes. Es kann ihr doch gelingen. Nur muß man einen erfahrenen Lehrer finden und ihm auf die rechte Wei…		In the time of youth, folly is not an evil. One may succeed in spite of it, provided one finds an experienced teacher and has the right atti…	Traducción automática vacía o no disponible en caché.
5	judgment_comentario	pair			mt_failed	MT falló	Das Warten ist kein leeres Hoffen. Es hat die innere Gewißheit, sein Ziel zu erreichen. Nur diese innere Gewißheit gibt das Licht, das allei…		Waiting is not mere empty hoping. It has the inner certainty of reaching the goal. Such certainty alone gives that light which leads to succ…	Traducción automática vacía o no disponible en caché.
6	judgment_comentario	pair			mt_failed	MT falló	Streit entsteht, wenn man im Gefühl seines Rechts auf Widerstand stößt. Ohne die Überzeugung des eigenen Rechts führt Widerstand zu Hinterli…		Conflict develops when one feels himself to be in the right and runs into opposition. If one is not convinced of being in the right, opposit…	Traducción automática vacía o no disponible en caché.
7	judgment_comentario	pair			mt_failed	MT falló	Ein Heer ist eine Masse, die, um ein Heer zu werden, der Organisation bedarf. Ohne feste Disziplin läßt sich nichts erreichen. Diese Diszipl…		An army is a mass that needs organization in order to become a fighting force. Without strict discipline nothing can be accomplished, but th…	Traducción automática vacía o no disponible en caché.
8	judgment_comentario	pair			mt_failed	MT falló	Es handelt sich darum, daß man sich mit andern zusammentut, um durch den Zusammenhalt sich gegenseitig zu ergänzen und zu fördern. Für einen…		What is required is that we unite with others, in order that all may complement and aid one another through holding together. But such holdi…	Traducción automática vacía o no disponible en caché.
9	judgment_comentario	pair			mt_failed	MT falló	Das Gleichnis stammt aus der Lage der Verhältnisse in China zur Zeit des Königs Wen. Er stammte aus Westen, war aber damals im Osten am Hof …		This image refers to the state of affairs in China at the time when King Wên, who came originally from the west, was in the east at the cour…	Traducción automática vacía o no disponible en caché.
10	judgment_comentario	pair			mt_failed	MT falló	Die Lage ist eigentlich schwierig. Stärkstes und Schwächstes ist unmittelbar beisammen. Das Schwache geht hinter dem Starken her und macht s…		The situation is really difficult. That which is strongest and that which is weakest are close together. The weak follows behind the strong …	Traducción automática vacía o no disponible en caché.
11	judgment_comentario	pair			mt_failed	MT falló	Das Zeichen deutet in der Natur auf eine Zeit, da sozusagen der Himmel auf Erden ist. Der Himmel hat sich unter die Erde gestellt. So verein…		This hexagram denotes a time in nature when heaven seems to be on earth. Heaven has placed itself beneath the earth, and so their powers uni…	Traducción automática vacía o no disponible en caché.
12	judgment_comentario	pair			mt_failed	MT falló	Himmel und Erde stehen außer Verkehr, und alle Dinge erstarren. Obere und Untere stehen außer Beziehung, und auf Erden herrscht Verwirrung u…		Heaven and earth are out of communion and all things are benumbed. What is above has no relation to what is below, and on earth confusion an…	Traducción automática vacía o no disponible en caché.
13	judgment_comentario	pair			mt_failed	MT falló	Die wirkliche Gemeinschaft der Menschen muß auf Grund einer kosmischen Anteilnahme zustande kommen. Nicht Sonderzwecke des Ichs, sondern Men…		True fellowship among men must be based upon a concern that is universal. It is not the private interests of the individual that create last…	Traducción automática vacía o no disponible en caché.
14	judgment_comentario	pair			mt_failed	MT falló	Die beiden Urzeichen zeigen an, daß Kraft und Klarheit sich vereinigen. Der Besitz von Großem ist vom Schicksal bestimmt und entspricht der …		The two trigrams indicate that strength and clarity unite. Possession in great measure is determined by fate and accords with the time. How …	Traducción automática vacía o no disponible en caché.
15	judgment_comentario	pair			mt_failed	MT falló	Das Gesetz des Himmels macht das Volle leer und füllt das Bescheidene: wenn die Sonne am höchsten steht, muß sie nach himmlischem Gesetz dem…		It is the law of heaven to make fullness empty and to make full what is modest; when the sun is at its zenith, it must, according to the law…	Traducción automática vacía o no disponible en caché.
16	judgment_comentario	pair			mt_failed	MT falló	Die Zeit der Begeisterung beruht darauf, daß ein bedeutender Mann da ist, der in Fühlung mit der Volksseele ist und in Übereinstimmung mit i…		The time of ENTHUSIASM derives from the fact that there is at hand an eminent man who is in sympathy with the spirit of the people and acts …	Traducción automática vacía o no disponible en caché.
17	judgment_comentario	pair			mt_failed	MT falló	Um Nachfolge zu erreichen, muß man selbst erst sich anzupassen verstehen. Nur durch Dienen kommt man zum Herrschen; denn nur so erlangt man …		In order to obtain a following one must first know how to adapt oneself. If a man would rule he must first learn to serve, for only in this …	Traducción automática vacía o no disponible en caché.
18	judgment_comentario	pair			mt_failed	MT falló	Was durch Schuld von Menschen verdorben ist, kann durch Arbeit von Menschen wieder gutgemacht werden. Es ist nicht unabänderliches Geschick,…		What has been spoiled through man's fault can be made good again through man's work. It is not immutable fate, as in the time of STANDSTILL,…	Traducción automática vacía o no disponible en caché.
19	judgment_comentario	pair			mt_failed	MT falló	Das Zeichen als Ganzes deutet auf eine Zeit hoffnungsfrohen Fortschritts. Der Frühling naht. Freude und Nachgiebigkeit bringen Hohe und Nied…		The hexagram as a whole points to a time of joyous, hopeful progress. Spring is approaching. Joy and forbearance bring high and low nearer t…	Traducción automática vacía o no disponible en caché.
20	judgment_comentario	pair			mt_failed	MT falló	Die Opferhandlung in China begann mit einer Waschung und Libation, durch die die Gottheit herbeigerufen wurde. Darauf wurden die Opfer darge…		The sacrificial ritual in China began with an ablution and a libation by which the Deity was invoked, after which the sacrifice was offered.…	Traducción automática vacía o no disponible en caché.
21	judgment_comentario	pair			mt_failed	MT falló	Wenn ein Hindernis der Vereinigung entgegensteht, so schafft energisches Durchbeißen Erfolg. Das gilt in allen Verhältnissen. Immer wird die…		When an obstacle to union arises, energetic biting through brings success. This is true in all situations. Whenever unity cannot be establis…	Traducción automática vacía o no disponible en caché.
22	judgment_comentario	pair			mt_failed	MT falló	Die Anmut bringt Gelingen. Aber sie ist nicht das Wesentliche, die Grundlage, sondern nur die Verzierung. Daher darf sie nur sparsam, im Kle…		Grace brings success. However, it is not the essential or fundamental thing; it is only the ornament and must therefore be used sparingly an…	Traducción automática vacía o no disponible en caché.
23	judgment_comentario	pair			mt_failed	MT falló	Es ist eine Zeit, da die Gemeinen im Vordringen sind und eben im Begriff stehen, die letzten Starken und Edlen zu verdrängen. Darum, weil da…		This pictures a time when inferior people are pushing forward and are about to crowd out the few remaining strong and superior men. Under th…	Traducción automática vacía o no disponible en caché.
24	judgment_comentario	pair			mt_failed	MT falló	Nach einer Zeit des Zerfalls kommt die Wendezeit. Das starke Licht, das zuvor vertrieben war, tritt wieder ein. Es gibt Bewegung. Diese Bewe…		After a time of decay comes the turning point. The powerful light that has been banished returns. There is movement, but it is not brought a…	Traducción automática vacía o no disponible en caché.
25	judgment_comentario	pair			mt_failed	MT falló	Der Mensch hat vom Himmel die ursprünglich gute Natur erhalten, daß sie ihn bei allen Bewegungen leite. Durch Hingabe an dieses Göttliche in…		Man has received from heaven a nature innately good, to guide him in all his movements. By devotion to this divine spirit within himself, he…	Traducción automática vacía o no disponible en caché.
26	judgment_comentario	pair			mt_failed	MT falló	Zum Festhalten und Ansammeln von großen, schöpferischen Kräften, wie es in dem Zeichen dargestellt ist, bedarf es eines starken, klaren Mann…		To hold firmly to great creative powers and store them up, as set forth in this hexagram, there is need of a strong, clearheaded man who is …	Traducción automática vacía o no disponible en caché.
27	judgment_comentario	pair			mt_failed	MT falló	Bei der Zuwendung von Pflege und Ernährung ist es wichtig, daß für die rechten Leute gesorgt wird und man für seine eigene Ernährung in der …		In bestowing care and nourishment, it is important that the right people should be taken care of and that we should attend to our own nouris…	Traducción automática vacía o no disponible en caché.
28	judgment_comentario	pair			mt_failed	MT falló	Das Große ist im Übergewicht. Die Belastung ist zu groß für die tragenden Kräfte. Der Firstbalken, auf dem das ganze Dach ruht, biegt sich d…		The weight of the great is excessive. The load is too heavy for the strength of the supports. The ridgepole, on which the whole roof rests, …	Traducción automática vacía o no disponible en caché.
29	judgment_comentario	pair			mt_failed	MT falló	Durch die Wiederholung der Gefahr gewöhnt man sich daran. Das Wasser gibt das Beispiel für das rechte Verhalten in solchen Zuständen. Es fli…		Through repetition of danger we grow accustomed to it. Water sets the example for the right conduct under such circumstances. It flows on an…	Traducción automática vacía o no disponible en caché.
30	judgment_comentario	pair			mt_failed	MT falló	Das Dunkle haftet am Lichten und vollendet so dessen Helligkeit. Indem das Helle Licht ausstrahlt, bedarf es des Beharrlichen im Innern, dam…		What is dark clings to what is light and so enhances the brightness of the latter. A luminous thing giving out light must have within itself…	Traducción automática vacía o no disponible en caché.
31	judgment_comentario	pair			mt_failed	MT falló	Das Schwache ist oben, das Starke unten, dadurch ziehen sich ihre Kräfte an, so daß sie sich vereinigen. Das schafft das Gelingen. Denn alle…		The weak element is above, the strong below; hence their powers attract each other, so that they unite. This brings about success, for all s…	Traducción automática vacía o no disponible en caché.
32	judgment_comentario	pair			mt_failed	MT falló	Die Dauer ist ein Zustand, dessen Bewegung sich nicht durch Hemmungen aufreibt. Sie ist nicht ein Ruhezustand; denn bloßer Stillstand ist Rü…		Duration is a state whose movement is not worn down by hindrances. It is not a state of rest, for mere standstill is regression. Duration is…	Traducción automática vacía o no disponible en caché.
33	judgment_comentario	pair			mt_failed	MT falló	Die Verhältnisse sind so, daß die feindlichen Kräfte, durch die Zeit begünstigt, im Vorrücken sind. In diesem Fall ist der Rückzug das richt…		Conditions are such that the hostile forces favored by the time are advancing. In this case retreat is the right course, and it is through r…	Traducción automática vacía o no disponible en caché.
34	judgment_comentario	pair			mt_failed	MT falló	Das Zeichen deutet auf eine Zeit, da innerer Wert gewaltig aufsteigt und zur Macht kommt. Aber die Stärke hat die Mitte schon überschritten.…		The hexagram points to a time when inner worth mounts with great force and comes to power. But its strength has already passed beyond the me…	Traducción automática vacía o no disponible en caché.
35	judgment_comentario	pair			mt_failed	MT falló	Als Beispiel wird eine Zeit geschildert, da ein starker Lehnsfürst die übrigen Fürsten um den Großkönig in Gehorsam und Frieden versammelt u…		As an example of progress, this pictures a time when a powerful feudal lord rallies the other lords around the sovereign and pledges fealty …	Traducción automática vacía o no disponible en caché.
36	judgment_comentario	pair			mt_failed	MT falló	Man darf sich auch von ungünstigen Verhältnissen nicht wehrlos mitreißen, nicht in seiner inneren Willenshaltung beugen lassen. Dies ist mög…		One must not unresistingly let himself be swept along by unfavorable circumstances, nor permit his steadfastness to be shaken. He can avoid …	Traducción automática vacía o no disponible en caché.
37	judgment_comentario	pair			mt_failed	MT falló	Die Grundlage der Sippe sind die Beziehungen von Gatte und Gattin. Das Band, das die Sippe zusammenhält, liegt in der Treue und Beharrlichke…		The foundation of the family is the relationship between husband and wife. The tie that holds the family together lies in the loyalty and pe…	Traducción automática vacía o no disponible en caché.
38	judgment_comentario	pair			mt_failed	MT falló	Wenn die Menschen in Gegensatz und Entfremdung leben, so läßt sich ein großes gemeinsames Werk nicht ausführen. Die Gesinnungen gehen zu wei…		When people live in opposition and estrangement they cannot carry out a great undertaking in common; their points of view diverge too widely…	Traducción automática vacía o no disponible en caché.
39	judgment_comentario	pair			mt_failed	MT falló	Südwesten ist die Gegend des Rückzugs, Nordosten die Gegend des Vordringens. Es handelt sich um eine Lage, da sich Hemmnisse einem gegenüber…		The southwest is the region of retreat, the northeast that of advance. Here an individual is confronted by obstacles that cannot be overcome…	Traducción automática vacía o no disponible en caché.
40	judgment_comentario	pair			mt_failed	MT falló	Es handelt sich um eine Zeit, da Spannungen und Verwicklungen sich zu lösen beginnen. In solchen Zeiten gilt es, sobald wie möglich zu den g…		This refers to a time in which tensions and complications begin to be eased. At such times we ought to make our way back to ordinary conditi…	Traducción automática vacía o no disponible en caché.
41	judgment_comentario	pair			mt_failed	MT falló	Minderung bedeutet nicht unter allen Umständen etwas Schlechtes. Mehrung und Minderung kommen zu ihrer Zeit. Da gilt es, sich in die Zeit zu…		Decrease does not under all circumstances mean something bad. Increase and decrease come in their own time. What matters here is to understa…	Traducción automática vacía o no disponible en caché.
42	judgment_comentario	pair			mt_failed	MT falló	Durch das Opfer, das von oben her zur Mehrung des Unteren gebracht wird, entsteht im Volk eine Stimmung der Freude und Dankbarkeit, die für …		Sacrifice on the part of those above for the increase of those below fills the people with a sense of joy and gratitude that is extremely va…	Traducción automática vacía o no disponible en caché.
43	judgment_comentario	pair			mt_failed	MT falló	Wenn in einer Stadt auch nur ein Gemeiner an herrschendem Platz sich hält, so vermag er die Edlen zu bedrücken. Wenn im Herzen auch nur noch…		Even if only one inferior man is occupying a ruling position in a city, he is able to oppress superior men. Even a single passion still lurk…	Traducción automática vacía o no disponible en caché.
44	judgment_comentario	pair			mt_failed	MT falló	Das Emporkommen des Gemeinen ist unter dem Bild eines frechen Mädchens gezeichnet, das sich leichthin preisgibt und dadurch die Herrschaft a…		The rise of the inferior element is pictured here in the image of a bold girl who lightly surrenders herself and thus seizes power. This wou…	Traducción automática vacía o no disponible en caché.
45	judgment_comentario	pair			mt_failed	MT falló	Die Sammlung der Menschen in größeren Gemeinschaften ist entweder eine natürliche, wie innerhalb der Familie, oder eine künstliche, wie im S…		The gathering together of people in large communities is either a natural occurrence, as in the case of the family, or an artificial one, as…	Traducción automática vacía o no disponible en caché.
46	judgment_comentario	pair			mt_failed	MT falló	Das Empordringen der tüchtigen Elemente stößt auf kein Hindernis, darum ist es von großem Erfolg begleitet. Die Art, die das Empordringen er…		The pushing upward of the good elements encounters no obstruction and is therefore accompanied by great success. The pushing upward is made …	Traducción automática vacía o no disponible en caché.
47	judgment_comentario	pair			mt_failed	MT falló	Notzeiten sind das Gegenteil von Erfolg. Aber sie können zu Erfolg führen, wenn sie den rechten Menschen treffen. Wenn ein starker Mensch in…		Times of adversity are the reverse of times of success, but they can lead to success if they befall the right man. When a strong man meets w…	Traducción automática vacía o no disponible en caché.
48	judgment_comentario	pair			mt_failed	MT falló	Die Hauptstädte wurden im alten China zuweilen verlegt, teils aus Gründen der Gunst der Lage, teils bei dem Wechsel der Dynastien. Der Baust…		In ancient China the capital cities were sometimes moved, partly for the sake of more favorable location, partly because of a change in dyna…	Traducción automática vacía o no disponible en caché.
49	judgment_comentario	pair			mt_failed	MT falló	Staatliche Umwälzungen sind etwas überaus Schweres. Man darf sie nur im äußersten Notfall, wenn kein anderer Ausweg übrig ist, vornehmen. Ni…		Political revolutions are extremely grave matters. They should be undertaken only under stress of direst necessity, when there is no other w…	Traducción automática vacía o no disponible en caché.
50	judgment_comentario	pair			mt_failed	MT falló	Während der Brunnen die soziale Grundlage der Gesellschaft behandelt, die wie das Wasser ist, das dem Holz zur Nahrung dient, so wird hier d…		While THE WELL relates to the social foundation of our life, and this foundation is likened to the water that serves to nourish growing wood…	Traducción automática vacía o no disponible en caché.
51	judgment_comentario	pair			mt_failed	MT falló	Die Erschütterung, die durch das Hervortreten Gottes im Innern der Erde aufsteigt, macht, daß der Mensch sich fürchtet, aber diese Furcht vo…		The shock that comes from the manifestation of God within the depths of the earth makes man afraid, but this fear of God is good, for joy an…	Traducción automática vacía o no disponible en caché.
52	judgment_comentario	pair			mt_failed	MT falló	Die wahre Ruhe ist die, daß man stillehält, wenn die Zeit gekommen ist, stillezuhalten, und daß man vorangeht, wenn die Zeit gekommen ist, v…		True quiet means keeping still when the time has come to keep still, and going forward when the time has come to go forward. In this way res…	Traducción automática vacía o no disponible en caché.
53	judgment_comentario	pair			mt_failed	MT falló	Zögernd ist die Entwicklung, die dazu führt, daß das Mädchen dem Mann in sein Heim folgt. Es müssen die verschiedenen Formalitäten erledigt …		The development of events that leads to a girl's following a man to his home proceeds slowly. The various formalities must be disposed of be…	Traducción automática vacía o no disponible en caché.
54	judgment_comentario	pair			mt_failed	MT falló	Ein Mädchen, das in die Familie aufgenommen ist, ohne Hauptfrau zu sein, muß sich besonders vorsichtig und zurückhaltend benehmen. Es darf s…		A girl who is taken into the family, but not as the chief wife, must behave with special caution and reserve. She must not take it upon hers…	Traducción automática vacía o no disponible en caché.
55	judgment_comentario	pair			mt_failed	MT falló	Eine Zeit höchster Größe und Fülle herbeizuführen, ist nicht jedem Sterblichen beschieden. Es muß ein geborener Herrscher über die Menschen …		It is not given to every mortal to bring about a time of outstanding greatness and abundance. Only a born ruler of men is able to do it, bec…	Traducción automática vacía o no disponible en caché.
56	judgment_comentario	pair			mt_failed	MT falló	Als Wanderer und Fremdling darf man nicht schroff sein und hoch hinaus wollen. Man hat keinen großen Bekanntenkreis, darum darf man sich nic…		When a man is a wanderer and stranger, he should not be gruff nor overbearing. He has no large circle of acquaintances, therefore he should …	Traducción automática vacía o no disponible en caché.
57	judgment_comentario	pair			mt_failed	MT falló	Eindringlichkeit erzeugt allmähliche und unscheinbare Wirkungen. Es soll nicht durch Vergewaltigung gewirkt werden, sondern durch ununterbro…		Penetration produces gradual and inconspicuous effects. It should be effected not by an act of violation but by influence that never lapses.…	Traducción automática vacía o no disponible en caché.
58	judgment_comentario	pair			mt_failed	MT falló	Die fröhliche Stimmung wirkt ansteckend, darum hat sie Erfolg. Aber die Freude bedarf als Grundlage der Beständigkeit, damit sie nicht zu un…		The joyous mood is infectious and therefore brings success. But joy must be based on steadfastness if it is not to degenerate into uncontrol…	Traducción automática vacía o no disponible en caché.
59	judgment_comentario	pair			mt_failed	MT falló	Das Zeichen hat in seinem Text Ähnlichkeit mit dem Zeichen Tsui, »die Sammlung« (Nr. 45). Dort handelt es sich um Sammlung des Getrennten, w…		The text of this hexagram resembles that of Ts'ui, GATHERING TOGETHER (45). In the latter, the subject is the bringing together of elements …	Traducción automática vacía o no disponible en caché.
60	judgment_comentario	pair			mt_failed	MT falló	Schranken sind bemühend. Aber sie richten etwas aus. Durch Sparsamkeit im gewöhnlichen Leben ist man gerüstet auf Zeiten der Not. Durch Zurü…		Limitations are troublesome, but they are effective. If we live economically in normal times, we are prepared for times of want. To be spari…	Traducción automática vacía o no disponible en caché.
61	judgment_comentario	pair			mt_failed	MT falló	Schweine und Fische sind die ungeistigsten und daher am schwersten zu beeinflussenden Tiere. Die Kraft der inneren Wahrheit muß einen hohen …		Pigs and fishes are the least intelligent of all animals and therefore the most difficult to influence. The force of inner truth must grow g…	Traducción automática vacía o no disponible en caché.
62	judgment_comentario	pair			mt_failed	MT falló	Außerordentliche Bescheidenheit und Gewissenhaftigkeit wird sicher von Erfolg belohnt werden, nur ist es wichtig, daß sie nicht leere Formel…		Exceptional modesty and conscientiousness are sure to be rewarded with success; however, if a man is not to throw himself away, it is import…	Traducción automática vacía o no disponible en caché.
63	judgment_comentario	pair			mt_failed	MT falló	Der Übergang von der alten in die neue Zeit ist schon vollzogen. Prinzipiell ist alles schon geregelt. Nur noch im einzelnen läßt sich Erfol…		The transition from the old to the new time is already accomplished. In principle, everything stands systematized, and it is only in regard …	Traducción automática vacía o no disponible en caché.
64	judgment_comentario	pair			mt_failed	MT falló	Die Verhältnisse sind schwierig. Die Aufgabe ist groß und verantwortungsvoll. Es handelt sich um nichts Geringeres, als die Welt aus der Ver…		The conditions are difficult. The task is great and full of responsibility. It is nothing less than that of leading the world out of confusi…	Traducción automática vacía o no disponible en caché.
1	image_oraculo	pair			mt_failed	MT falló	Des Himmels Bewegung ist kraftvoll. So macht der Edle sich stark und unermüdlich.		The movement of heaven is full of power. Thus the superior man makes himself strong and untiring.	Traducción automática vacía o no disponible en caché.
2	image_oraculo	pair			mt_failed	MT falló	Der Zustand der Erde ist die empfangende Hingebung. So trägt der Edle weiträumigen Wesens die Außenwelt.		The earth's condition is receptive devotion. Thus the superior man who has breadth of character Carries the outer world.	Traducción automática vacía o no disponible en caché.
3	image_oraculo	pair			mt_failed	MT falló	Wolken und Donner: das Bild der Anfangsschwierigkeit. So wirkt der Edle entwirrend und ordnend.		Clouds and thunder: The image of Difficulty at the Beginning. Thus the superior man Brings order out of confusion.	Traducción automática vacía o no disponible en caché.
4	image_oraculo	pair			mt_failed	MT falló	Unten am Berg kommt ein Quell hervor: das Bild der Jugend. So nährt der Edle durch gründliches Handeln seinen Charakter.		A spring wells up at the foot of the mountain: The image Of YOUTH. Thus the superior man fosters his character By thoroughness in all that h…	Traducción automática vacía o no disponible en caché.
5	image_oraculo	pair			mt_failed	MT falló	Wolken steigen am Himmel auf: das Bild des Wartens. So ißt und trinkt der Edle und ist heiter und guter Dinge.		Clouds rise up to heaven: The image of WAITING. Thus the superior man eats and drinks, Is joyous and of good cheer.	Traducción automática vacía o no disponible en caché.
6	image_oraculo	pair			mt_failed	MT falló	Himmel und Wasser gehen einander entgegengesetzt: das Bild des Streites. So überlegt der Edle bei allen Geschäften, die er tut, den Anfang.		Heaven and water go their opposite ways: The image of CONFLICT. Thus in all his transactions the superior man Carefully considers the beginn…	Traducción automática vacía o no disponible en caché.
7	image_oraculo	pair			mt_failed	MT falló	Inmitten der Erde ist Wasser, das Bild des Heeres. So mehrt der Edle durch Weitherzigkeit gegen das Volk seine Massen.		In the middle of the earth is water: The image of THE ARMY. Thus the superior man increases his masses By generosity toward the people.	Traducción automática vacía o no disponible en caché.
8	image_oraculo	pair			mt_failed	MT falló	Auf der Erde ist Wasser: das Bild des Zusammenhaltens. So haben die Könige der Vorzeit die einzelnen Staaten als Lehen vergeben und mit den …		On the earth is water: The image of HOLDING TOGETHER. Thus the kings of antiquity Bestowed the different states as fiefs And cultivated frie…	Traducción automática vacía o no disponible en caché.
9	image_oraculo	pair			mt_failed	MT falló	Der Wind fährt über den Himmel hin: das Bild der Zähmungskraft des Kleinen. So verfeinert der Edle die äußere Form seines Wesens.		The wind drives across heaven: The image of THE TAMING POWER OF THE SMALL. Thus the superior man Refines the outward aspect of his nature.	Traducción automática vacía o no disponible en caché.
10	image_oraculo	pair			mt_failed	MT falló	Oben der Himmel, unten der See: das Bild des Auftretens. So unterscheidet der Edle hoch und niedrig und festigt dadurch den Sinn des Volkes.		Heaven above, the lake below: The image of TREADING. Thus the superior man discriminates between high and low, And thereby fortifies the thi…	Traducción automática vacía o no disponible en caché.
11	image_oraculo	pair			mt_failed	MT falló	Himmel und Erde vereinigen sich: das Bild des Friedens. So teilt und vollendet der Herrscher den Lauf von Himmel und Erde, fördert und ordne…		Heaven and earth unite: the image of PEACE. Thus the ruler Divides and completes the course of heaven and earth; He furthers and regulates t…	Traducción automática vacía o no disponible en caché.
12	image_oraculo	pair			mt_failed	MT falló	Himmel und Erde vereinigen sich nicht: das Bild der Stockung. So zieht sich der Edle auf seinen innern Wert zurück, um den Schwierigkeiten z…		Heaven and earth do not unite: The image of STANDSTILL. Thus the superior man falls back upon his inner worth In order to escape the difficu…	Traducción automática vacía o no disponible en caché.
13	image_oraculo	pair			mt_failed	MT falló	Himmel zusammen mit Feuer: das Bild der Gemeinschaft mit Menschen. So gliedert der Edle die Stämme und unterscheidet die Dinge.		Heaven together with fire: The image of FELLOWSHIP WITH MEN. Thus the superior man organizes the clans And makes distinctions between things…	Traducción automática vacía o no disponible en caché.
14	image_oraculo	pair			mt_failed	MT falló	Das Feuer am Himmel oben: das Bild des Besitzes von Großem. So hemmt der Edle das Böse und fördert das Gute und gehorcht so des Himmels gute…		Fire in heaven above: The image of POSSESSION IN GREAT MEASURE. Thus the superior man curbs evil and furthers good, And thereby obeys the be…	Traducción automática vacía o no disponible en caché.
15	image_oraculo	pair			mt_failed	MT falló	Inmitten der Erde ist ein Berg: das Bild der Bescheidenheit. So verringert der Edle, was zu viel ist, und vermehrt, was zu wenig ist. Er wäg…		Within the earth, a mountain: The image of MODESTY. Thus the superior man reduces that which is too much, And augments that which is too lit…	Traducción automática vacía o no disponible en caché.
16	image_oraculo	pair			mt_failed	MT falló	Der Donner kommt aus der Erde hervorgetönt: das Bild der Begeisterung. So machten die alten Könige Musik, um die Verdienste zu ehren, und br…		Thunder comes resounding out of the earth: The image of ENTHUSIASM. Thus the ancient kings made music In order to honor merit, And offered i…	Traducción automática vacía o no disponible en caché.
17	image_oraculo	pair			mt_failed	MT falló	Inmitten des Sees ist der Donner: das Bild der Nachfolge. So kehrt der Edle zur Zeit des Abenddunkels zu Erholung und Ruhe ein.		Thunder in the middle of the lake: The image of FOLLOWING. Thus the superior man at nightfall Goes indoors for rest and recuperation.	Traducción automática vacía o no disponible en caché.
18	image_oraculo	pair			mt_failed	MT falló	Unten am Berg weht der Wind: das Bild des Verderbens. So rüttelt der Edle die Leute auf und stärkt ihren Geist.		The wind blows low on the mountain: The image of DECAY. Thus the superior man stirs up the people And strengthens their spirit.	Traducción automática vacía o no disponible en caché.
19	image_oraculo	pair			mt_failed	MT falló	Oberhalb des Sees ist die Erde: das Bild der Annäherung. So ist der Edle in seiner Absicht zu lehren unerschöpflich und im Ertragen und Schü…		The earth above the lake: The image of APPROACH. Thus the superior man is inexhaustible In his will to teach, And without limits In his tole…	Traducción automática vacía o no disponible en caché.
20	image_oraculo	pair			mt_failed	MT falló	Der Wind geht über die Erde hin: das Bild der Betrachtung. So besuchten die alten Könige die Weltgegenden, betrachteten das Volk und spendet…		The wind blows over the earth: The image of CONTEMPLATION. Thus the kings of old visited the regions of the world, Contemplated the people, …	Traducción automática vacía o no disponible en caché.
21	image_oraculo	pair			mt_failed	MT falló	Donner und Blitz: das Bild des Durchbeißens. So festigten die früheren Könige die Gesetze durch klarbestimmte Strafen.		Thunder and lightning: The image of BITING THROUGH. Thus the kings of former times made firm the laws Through clearly defined penalties.	Traducción automática vacía o no disponible en caché.
22	image_oraculo	pair			mt_failed	MT falló	Unten am Berg ist das Feuer: das Bild der Anmut. So verfährt der Edle bei der Klarstellung der laufenden Angelegenheiten, aber er wagt es ni…		Fire at the foot of the mountain: The image of GRACE. Thus does the superior man proceed When clearing up current affairs. But he dare not d…	Traducción automática vacía o no disponible en caché.
23	image_oraculo	pair			mt_failed	MT falló	Der Berg ruht auf der Erde: das Bild der Zersplitterung. So können die Oberen nur durch reiches Spenden an die Unteren ihre Stellung sichern…		The mountain rests on the earth: The image of SPLITTING APART. Thus those above can ensure their position Only by giving generously to those…	Traducción automática vacía o no disponible en caché.
24	image_oraculo	pair			mt_failed	MT falló	Der Donner inmitten der Erde: das Bild der Wendezeit. So schlössen die alten Könige zur Sonnwendzeit die Pässe. Händler und Fremdlinge wande…		Thunder within the earth: The image of THE TURNING POINT. Thus the kings of antiquity closed the passes At the time of solstice. Merchants a…	Traducción automática vacía o no disponible en caché.
25	image_oraculo	pair			mt_failed	MT falló	Unter dem Himmel geht der Donner: Alle Dinge erlangen den Naturzustand der Unschuld. So pflegten und nährten die alten Könige, reich an Tuge…		Under heaven thunder rolls: All things attain the natural state of innocence. Thus the kings of old, Rich in virtue, and in harmony with the…	Traducción automática vacía o no disponible en caché.
26	image_oraculo	pair			mt_failed	MT falló	Der Himmel inmitten des Berges: das Bild von des Großen Zähmungskraft. So lernt der Edle viele Worte der Vorzeit und Taten der Vergangenheit…		Heaven within the mountain: The image of THE TAMING POWER OF THE GREAT. Thus the superior man acquaints himself with many sayings of antiqui…	Traducción automática vacía o no disponible en caché.
27	image_oraculo	pair			mt_failed	MT falló	Unten am Berg ist der Donner: das Bild der Ernährung. So hat der Edle acht auf seine Worte und ist mäßig im Essen und Trinken.		At the foot of the mountain, thunder: The image of PROVIDING NOURISHMENT. Thus the superior man is careful of his words And temperate in eat…	Traducción automática vacía o no disponible en caché.
28	image_oraculo	pair			mt_failed	MT falló	Der See geht über die Bäume weg: das Bild des Übergewichts im Großen. So ist der Edle, wenn er allein steht, unbesorgt, und wenn er auf die …		The lake rises above the trees: The image of PREPONDERANCE OF THE GREAT. Thus the superior man, when he stands alone, Is unconcerned, And if…	Traducción automática vacía o no disponible en caché.
29	image_oraculo	pair			mt_failed	MT falló	Das Wasser fließt ununterbrochen und kommt ans Ziel: das Bild des wiederholten Abgründigen. So wandelt der Edle in dauernder Tugend und übt …		Water flows on uninterruptedly and reaches its goal: The image of the Abysmal repeated. Thus the superior man walks in lasting virtue And ca…	Traducción automática vacía o no disponible en caché.
30	image_oraculo	pair			mt_failed	MT falló	Die Helle erhebt sich zweimal: das Bild des Feuers. So erleuchtet der große Mann durch Fortsetzung dieser Helle die vier Weltgegenden.		That which is bright rises twice: The image of FIRE. Thus the great man, by perpetuating this brightness, Illumines the four quarters of the…	Traducción automática vacía o no disponible en caché.
31	image_oraculo	pair			mt_failed	MT falló	Auf dem Berge ist ein See: das Bild der Einwirkung. So läßt der Edle durch Aufnahmebereitschaft die Menschen an sich herankommen.		A lake on the mountain: The image of influence. Thus the superior man encourages people to approach him By his readiness to receive them.	Traducción automática vacía o no disponible en caché.
32	image_oraculo	pair			mt_failed	MT falló	Donner und Wind: das Bild der Dauer. So steht der Edle fest und wandelt seine Richtung nicht.		Thunder and wind: the image of DURATION. Thus the superior man stands firm And does not change his direction.	Traducción automática vacía o no disponible en caché.
33	image_oraculo	pair			mt_failed	MT falló	Unter dem Himmel ist der Berg: das Bild des Rückzugs. So hält der Edle den Gemeinen fern, nicht zornig, sondern gemessen.		Mountain under heaven: the image of RETREAT. Thus the superior man keeps the inferior man at a distance, Not angrily but with reserve.	Traducción automática vacía o no disponible en caché.
34	image_oraculo	pair			mt_failed	MT falló	Der Donner ist am Himmel droben: das Bild der Macht des Großen. So tritt der Edle nicht auf Wege, die nicht der Ordnung entsprechen.		Thunder in heaven above: The image of THE POWER OF THE GREAT. Thus the superior man does not tread upon paths That do not accord with establ…	Traducción automática vacía o no disponible en caché.
35	image_oraculo	pair			mt_failed	MT falló	Die Sonne steigt über die Erde empor: das Bild des Fortschritts. So macht der Edle selbst seine klaren Anlagen hell.		The sun rises over the earth: The image of PROGRESS. Thus the superior man himself Brightens his bright virtue.	Traducción automática vacía o no disponible en caché.
36	image_oraculo	pair			mt_failed	MT falló	Das Licht ist in die Erde hineingesunken: das Bild der Verfinsterung des Lichts. So lebt der Edle mit der großen Menge: er verhüllt seinen S…		The light has sunk into the earth: The image of DARKENING OF THE LIGHT. Thus does the superior man live with the great mass: He veils his li…	Traducción automática vacía o no disponible en caché.
37	image_oraculo	pair			mt_failed	MT falló	Der Wind kommt aus dem Feuer hervor: das Bild der Sippe. So hat der Edle in seinen Worten die Sache und in seinem Wandel die Dauer.		The image of THE FAMILY. Thus the superior man has substance in his words And duration in his way of life.	Traducción automática vacía o no disponible en caché.
38	image_oraculo	pair			mt_failed	MT falló	Oben das Feuer, unten der See: das Bild des Gegensatzes. So behält der Edle bei aller Gemeinschaft seine Besonderheit.		Above, fire; below, the lake: The image of OPPOSITION. Thus amid all fellowship The superior man retains his individuality.	Traducción automática vacía o no disponible en caché.
39	image_oraculo	pair			mt_failed	MT falló	Auf dem Berg ist das Wasser: das Bild des Hemmnisses. So wendet sich der Edle seiner eigenen Person zu und bildet seinen Charakter.		Water on the mountain: The image of OBSTRUCTION. Thus the superior man turns his attention to himself And molds his character.	Traducción automática vacía o no disponible en caché.
40	image_oraculo	pair			mt_failed	MT falló	Donner und Regen erheben sich: das Bild der Befreiung. So verzeiht der Edle Fehler und vergibt die Schuld.		Thunder and rain set in: The image of DELIVERANCE. Thus the superior man pardons mistakes And forgives misdeeds.	Traducción automática vacía o no disponible en caché.
41	image_oraculo	pair			mt_failed	MT falló	Unten am Berg ist der See: das Bild der Minderung. So bändigt der Edle seinen Zorn und hemmt seine Triebe.		At the foot of the mountain, the lake: The image of DECREASE. Thus the superior man controls his anger And restrains his instincts.	Traducción automática vacía o no disponible en caché.
42	image_oraculo	pair			mt_failed	MT falló	Wind und Donner: das Bild der Mehrung. So der Edle: Sieht er Gutes, so ahmt er es nach, hat er Fehler, so legt er sie ab.		Wind and thunder: the image of INCREASE. Thus the superior man: If he sees good, he imitates it; If he has faults, he rids himself of them.	Traducción automática vacía o no disponible en caché.
43	image_oraculo	pair			mt_failed	MT falló	Der See ist an den Himmel emporgestiegen: das Bild des Durchbruchs. So spendet der Edle Reichtum nach unten hin und scheut es, bei seiner Tu…		The lake has risen up to heaven: The image of BREAK-THROUGH. Thus the superior man Dispenses riches downward And refrains from resting on hi…	Traducción automática vacía o no disponible en caché.
44	image_oraculo	pair			mt_failed	MT falló	Unter dem Himmel ist der Wind: das Bild des Entgegenkommens. So macht es der Fürst beim Verbreiten seiner Befehle und ihrer Verkündigung an …		Under heaven, wind: The image of COMING TO MEET. Thus does the prince act when disseminating his commands And proclaiming them to the four q…	Traducción automática vacía o no disponible en caché.
45	image_oraculo	pair			mt_failed	MT falló	Der See ist oberhalb der Erde: das Bild der Sammlung. So erneuert der Edle seine Waffen, um Unvorhergesehenem zu begegnen.		Over the earth, the lake: The image of GATHERING TOGETHER. Thus the superior man renews his weapons In order to meet the unforeseen.	Traducción automática vacía o no disponible en caché.
46	image_oraculo	pair			mt_failed	MT falló	Inmitten der Erde wächst das Holz: das Bild des Empordringens. So häuft der Edle hingebenden Wesens Kleines, um es zu Hohem und Großem zu br…		Within the earth, wood grows: The image of PUSHING UPWARD. Thus the superior man of devoted character Heaps up small things In order to achi…	Traducción automática vacía o no disponible en caché.
47	image_oraculo	pair			mt_failed	MT falló	Im See ist kein Wasser: das Bild der Erschöpfung. So setzt der Edle sein Leben daran, um seinem Willen zu folgen.		There is no water in the lake: The image of EXHAUSTION. Thus the superior man stakes his life On following his will.	Traducción automática vacía o no disponible en caché.
48	image_oraculo	pair			mt_failed	MT falló	Über dem Holz ist Wasser: das Bild des Brunnens. So ermuntert der Edle das Volk bei der Arbeit und ermahnt es, einander zu helfen.		Water over wood: the image of THE WELL. Thus the superior man encourages the people at their work, And exhorts them to help one another.	Traducción automática vacía o no disponible en caché.
49	image_oraculo	pair			mt_failed	MT falló	Im See ist Feuer: das Bild der Umwälzung. So ordnet der Edle die Zeitrechnung und macht die Zeiten klar.		Fire in the lake: the image of REVOLUTION. Thus the superior man Sets the calendar in order And makes the seasons clear.	Traducción automática vacía o no disponible en caché.
50	image_oraculo	pair			mt_failed	MT falló	Über dem Holz ist Feuer: das Bild des Tiegels. So festigt der Edle durch Richtigmachung der Stellung das Schicksal.		Fire over wood: The image of THE CALDRON. Thus the superior man consolidates his fate By making his position correct.	Traducción automática vacía o no disponible en caché.
51	image_oraculo	pair			mt_failed	MT falló	Fortgesetzter Donner: das Bild des Erschütterns. So macht der Edle unter Furcht und Zittern sein Leben recht und erforscht sich selbst.		Thunder repeated: the image of SHOCK. Thus in fear and trembling The superior man sets his life in order And examines himself.	Traducción automática vacía o no disponible en caché.
52	image_oraculo	pair			mt_failed	MT falló	Zusammenstehende Berge: das Bild des Stillehaltens. So geht der Edle mit seinen Gedanken nicht über seine Lage hinaus.		Mountains standing close together: The image of KEEPING STILL. Thus the superior man Does not permit his thoughts To go beyond his situation…	Traducción automática vacía o no disponible en caché.
53	image_oraculo	pair			mt_failed	MT falló	Auf dem Berge ist ein Baum: das Bild der Entwicklung. So weilt der Edle in würdiger Tugend, um die Sitten zu bessern.		On the mountain, a tree: The image of DEVELOPMENT. Thus the superior man abides in dignity and virtue, In order to improve the mores.	Traducción automática vacía o no disponible en caché.
54	image_oraculo	pair			mt_failed	MT falló	Oberhalb des Sees ist der Donner: das Bild des heiratenden Mädchens. So erkennt der Edle durch die Ewigkeit des Endes das Vergängliche.		Thunder over the lake: The image of THE MARRYING MAIDEN. Thus the superior man Understands the transitory In the light of the eternity of th…	Traducción automática vacía o no disponible en caché.
55	image_oraculo	pair			mt_failed	MT falló	Donner und Blitz kommen beide: das Bild der Fülle. So entscheidet der Edle die Prozesse und führt die Strafen aus.		Both thunder and lightning come: The image of ABUNDANCE. Thus the superior man decides lawsuits And carries out punishments.	Traducción automática vacía o no disponible en caché.
56	image_oraculo	pair			mt_failed	MT falló	Auf dem Berg ist Feuer: das Bild des Wanderers. So ist der Edle klar und vorsichtig in der Anwendung von Strafen und verschleppt keine Strei…		Fire on the mountain: The image of THE WANDERER. Thus the superior man Is clear-minded and cautious In imposing penalties, And protracts no …	Traducción automática vacía o no disponible en caché.
57	image_oraculo	pair			mt_failed	MT falló	Einander folgende Winde: das Bild des Sanft-Eindringenden. So verbreitet der Edle seine Gebote und wirkt seine Geschäfte.		Winds following one upon the other: The image of THE GENTLY PENETRATING. Thus the superior man Spreads his commands abroad And carries out h…	Traducción automática vacía o no disponible en caché.
58	image_oraculo	pair			mt_failed	MT falló	Aufeinander beruhende Seen: das Bild des Heiteren. So tut sich der Edle mit seinen Freunden zusammen zur Besprechung und Einübung.		Lakes resting one on the other: The image of THE JOYOUS. Thus the superior man joins with his friends For discussion and practice.	Traducción automática vacía o no disponible en caché.
59	image_oraculo	pair			mt_failed	MT falló	Der Wind fährt über das Wasser: das Bild der Auflösung. So opferten die alten Könige dem Herrn und bauten Tempel.		The wind drives over the water: The image of DISPERSION. Thus the kings of old sacrificed to the Lord And built temples.	Traducción automática vacía o no disponible en caché.
60	image_oraculo	pair			mt_failed	MT falló	Oberhalb des Sees ist Wasser: das Bild der Beschränkung. So schafft der Edle Zahl und Maß und untersucht, was Tugend und rechter Wandel ist.		Water over lake: the image of LIMITATION. Thus the superior man Creates number and measure, And examines the nature of virtue and correct co…	Traducción automática vacía o no disponible en caché.
61	image_oraculo	pair			mt_failed	MT falló	Über dem See ist der Wind: das Bild der inneren Wahrheit. So bespricht der Edle die Strafsachen, um Hinrichtungen aufzuhalten.		Wind over lake: the image of INNER TRUTH. Thus the superior man discusses criminal cases In order to delay executions.	Traducción automática vacía o no disponible en caché.
62	image_oraculo	pair			mt_failed	MT falló	Auf dem Berg ist der Donner: das Bild von des Kleinen Übergewicht. So legt der Edle im Wandel das Übergewicht auf die Ehrerbietung. Bei Trau…		Thunder on the mountain: The image of PREPONDERANCE OF THE SMALL. Thus in his conduct the superior man gives preponderance to reverence. In …	Traducción automática vacía o no disponible en caché.
63	image_oraculo	pair			mt_failed	MT falló	Das Wasser ist oberhalb des Feuers: das Bild des Zustands nach der Vollendung. So bedenkt der Edle das Unglück und rüstet sich im voraus dag…		Water over fire: the image of the condition In AFTER COMPLETION. Thus the superior man Takes thought of misfortune And arms himself against …	Traducción automática vacía o no disponible en caché.
64	image_oraculo	pair			mt_failed	MT falló	Das Feuer ist oberhalb des Wassers: das Bild des Zustands vor dem Übergang. So ist der Edle vorsichtig in der Unterscheidung der Dinge, dami…		Fire over water: The image of the condition before transition. Thus the superior man is careful In the differentiation of things, So that ea…	Traducción automática vacía o no disponible en caché.
1	image_comentario	pair			mt_failed	MT falló	Die Verdoppelung des Zeichens Kiën, dessen Bild der Himmel ist, deutet, da es nur einen Himmel gibt, auf die Bewegung des Himmels. Eine voll…		Since there is only one heaven, the doubling of the trigram Ch'ien, of which heaven is the image, indicates the movement of heaven. One comp…	Traducción automática vacía o no disponible en caché.
2	image_comentario	pair			mt_failed	MT falló	Ebenso wie es nur einen Himmel gibt, gibt es auch nur eine Erde. Während aber beim Himmel die Verdoppelung des Zeichens zeitliche Dauer bede…		Just as there is only one heaven, so too there is only one earth. In the hexagram of heaven the doubling of the trigram implies duration in …	Traducción automática vacía o no disponible en caché.
3	image_comentario	pair			mt_failed	MT falló	Wolken und Donner werden dargestellt durch bestimmte Linienornamente, das heißt, daß in dem Chaos der Anfangsschwierigkeit die Ordnung schon…		Clouds and thunder are represented by definite decorative lines; this means that in the chaos of difficulty at the beginning, order is alrea…	Traducción automática vacía o no disponible en caché.
4	image_comentario	pair			mt_failed	MT falló	Die Quelle kommt dadurch ins Fließen und zur Überwindung des Stillstandes, daß sie alle hohlen Stellen auf ihrem Weg ausfüllt. Ebenso ist de…		A spring succeeds in flowing on and escapes stagnation by filling up all the hollow places in its path. In the same way character is develop…	Traducción automática vacía o no disponible en caché.
5	image_comentario	pair			mt_failed	MT falló	Wenn die Wolken am Himmel aufsteigen, so ist das ein Zeichen, daß es regnen wird. Da läßt sich dann weiter nichts machen als warten, bis der…		When clouds rise in the sky, it is a sign that it will rain. There is nothing to do but to wait until the rain falls. It is the same in life…	Traducción automática vacía o no disponible en caché.
6	image_comentario	pair			mt_failed	MT falló	Das Bild deutet darauf hin, daß die Ursachen des Streites in den zuvor schon vorhandenen entgegengesetzten Richtungen beider Teile liegen. S…		The image indicates that the causes of conflict are latent in the opposing tendencies of the two trigrams. Once these opposing tendencies ap…	Traducción automática vacía o no disponible en caché.
7	image_comentario	pair			mt_failed	MT falló	Das Grundwasser ist unsichtbar inmitten der Erde vorhanden. So ist auch die Kriegsmacht eines Volkes unsichtbar in seinen Massen vorhanden. …		Ground water is invisibly present within the earth. In the same way the military power of a people is invisibly present in the masses. When …	Traducción automática vacía o no disponible en caché.
8	image_comentario	pair			mt_failed	MT falló	Das Wasser auf der Erde füllt alle Lücken aus und haftet fest an ihr. Die Gesellschaftsorganisation des Altertums war auf diesen Grundsatz d…		Water fills up all the empty places on the earth and clings fast to it. The social organization of ancient China was based on this principle…	Traducción automática vacía o no disponible en caché.
9	image_comentario	pair			mt_failed	MT falló	Der Wind treibt die Wolken am Himmel zwar zusammen, aber weil er nur Luft ist ohne festen Körper, bringt er keine großen, dauernden Wirkunge…		The wind can indeed drive the clouds together in the sky; yet, being nothing but air, without solid body, it does not produce great or lasti…	Traducción automática vacía o no disponible en caché.
10	image_comentario	pair			mt_failed	MT falló	Himmel und See zeigen einen Höhenunterschied, der durch ihr Wesen von selbst gekommen ist und daher durch keinerlei Neid getrübt wird. So mu…		Heaven and the lake show a difference of elevation that inheres in the natures of the two, hence no envy arises. Among mankind also there ar…	Traducción automática vacía o no disponible en caché.
11	image_comentario	pair			mt_failed	MT falló	Himmel und Erde stehen im Verkehr und vereinigen ihre Wirkungen. Das gibt eine allgemeine Zeit des Blühens und Gedeihens. Dieser Kraftstrom …		Heaven and earth are in contact and combine their influences, producing a time of universal flowering and prosperity. This stream of energy …	Traducción automática vacía o no disponible en caché.
12	image_comentario	pair			mt_failed	MT falló	Wenn gegenseitiges Mißtrauen im öffentlichen Leben herrscht infolge des Einflusses, den die Gemeinen haben, so ist eine fruchtbare Wirksamke…		When, owing to the influence of inferior men, mutual mistrust prevails in public life, fruitful activity is rendered impossible, because the…	Traducción automática vacía o no disponible en caché.
13	image_comentario	pair			mt_failed	MT falló	Der Himmel hat dieselbe Bewegungsrichtung wie das Feuer und ist doch von ihm unterschieden. Wie die leuchtenden Körper am Himmel zur Glieder…		Heaven has the same direction of movement as fire, yet it is different from fire. Just as the luminaries in the sky serve for the systematic…	Traducción automática vacía o no disponible en caché.
14	image_comentario	pair			mt_failed	MT falló	Die Sonne droben am Himmel, die alles Irdische bescheint, ist das Bild des Besitzes im Großen. Aber ein solcher Besitz muß recht verwaltet w…		The sun in heaven above, shedding light over everything on earth, is the image of possession on a grand scale. But a possession of this sort…	Traducción automática vacía o no disponible en caché.
15	image_comentario	pair			mt_failed	MT falló	Der Erde, in der ein Berg verborgen ist, sieht man ihren Reichtum nicht an, denn das Hohe des Berges dient zum Ausgleich der Vertiefungen. S…		The wealth of the earth in which a mountain is hidden is not visible to the eye, because the depths are offset by the height of the mountain…	Traducción automática vacía o no disponible en caché.
16	image_comentario	pair			mt_failed	MT falló	Wenn der Donner, die elektrische Kraft, zu Beginn des Sommers wieder aus der Erde hervorgerauscht kommt und das erste Gewitter die Natur erf…		When, at the beginning of summer, thunder—electrical energy—comes rushing forth from the earth again, and the first thunderstorm refreshes n…	Traducción automática vacía o no disponible en caché.
17	image_comentario	pair			mt_failed	MT falló	Im Herbst zieht sich die Elektrizität wieder in die Erde zurück und ruht. Der Donner inmitten des Sees ist als Bild genommen, nicht der Donn…		In the autumn electricity withdraws into the earth again and rests. Here it is the thunder in the middle of the lake that serves as the imag…	Traducción automática vacía o no disponible en caché.
18	image_comentario	pair			mt_failed	MT falló	Wenn der Wind unten am Berg weht, so wird er zurückgeworfen und verdirbt die Pflanzen. Das enthält die Aufforderung zu bessern. So ist es au…		When the wind blows low on the mountain, it is thrown back and spoils the vegetation. This contains a challenge to improvement. It is the sa…	Traducción automática vacía o no disponible en caché.
19	image_comentario	pair			mt_failed	MT falló	Die Erde grenzt von oben an den See, das ist das Bild der Annäherung und Herablassung des Höheren gegen die Tieferstehenden. Aus den beiden …		The earth borders upon the lake from above. This symbolizes the approach and condescension of the man of higher position to those beneath hi…	Traducción automática vacía o no disponible en caché.
20	image_comentario	pair			mt_failed	MT falló	Wenn der Wind über die Erde weht, so kommt er überall hin, und das Gras muß sich seiner Macht beugen. Diese beiden Vorgänge finden in dem Ze…		When the wind blows over the earth it goes far and wide, and the grass must bend to its power. These two occurrences find confirmation in th…	Traducción automática vacía o no disponible en caché.
21	image_comentario	pair			mt_failed	MT falló	Die Strafen sind die einzelnen Anwendungen der Gesetze. Die Gesetze enthalten die Aufzeichnung der Strafen. Klarheit herrscht, wenn bei der …		Penalties are the individual applications of the law. The laws specify the penalties. Clarity prevails when mild and severe penalties are cl…	Traducción automática vacía o no disponible en caché.
22	image_comentario	pair			mt_failed	MT falló	Das Feuer, dessen Schein den Berg erleuchtet und anmutig macht, leuchtet nicht auf große Entfernung. So genügt anmutige Form zwar, um kleine…		The fire, whose light illuminates the mountain and makes it pleasing, does not shine far; in the same way, beautiful form suffices to bright…	Traducción automática vacía o no disponible en caché.
23	image_comentario	pair			mt_failed	MT falló	Der Berg ruht auf der Erde. Wenn er steil und schmal ist und keine breite Grundlage hat, so muß er einstürzen. Nur dadurch, daß er breit und…		The mountain rests on the earth. When it is steep and narrow, lacking a broad base, it must topple over. Its position is strong only when it…	Traducción automática vacía o no disponible en caché.
24	image_comentario	pair			mt_failed	MT falló	Die Wintersonnenwende wurde in China von jeher als die Ruhezeit des Jahres gefeiert – ein Brauch, der sich in der Neujahrsruhezeit noch imme…		The winter solstice has always been celebrated in China as the resting time of the year—a custom that survives in the time of rest observed …	Traducción automática vacía o no disponible en caché.
25	image_comentario	pair			mt_failed	MT falló	Wenn der Donner – die Lebenskraft – im Frühling sich unter dem Himmel wieder regt, dann sproßt und wächst alles, und alle Geschöpfe erhalten…		In springtime when thunder, life energy, begins to move again under the heavens, everything sprouts and grows, and all beings receive from t…	Traducción automática vacía o no disponible en caché.
26	image_comentario	pair			mt_failed	MT falló	Der Himmel inmitten des Berges deutet auf verborgene Schätze. So liegt in den Worten und Taten der Vergangenheit ein Schatz verborgen, der z…		Heaven within the mountain points to hidden treasures. In the words and deeds of the past there lies hidden a treasure that men may use to s…	Traducción automática vacía o no disponible en caché.
27	image_comentario	pair			mt_failed	MT falló	»Gott tritt hervor im Zeichen der Erregung.« Wenn im Frühling die Lebenskräfte sich wieder regen, dann entstehen alle Dinge aufs neue. »Er v…		""God comes forth in the sign of the Arousing""2: when in the spring the life forces stir again, all things come into being anew. ""He brings t…	Traducción automática vacía o no disponible en caché.
28	image_comentario	pair			mt_failed	MT falló	Außerordentliche Zeiten des Übergewichts des Großen sind wie eine Überschwemmung, da der See über die Bäume weggeht. Aber solche Zustände ge…		Extraordinary times when the great preponderates are like floodtimes when the lake rises over the treetops. But such conditions are temporar…	Traducción automática vacía o no disponible en caché.
29	image_comentario	pair			mt_failed	MT falló	Das Wasser erreicht sein Ziel durch ununterbrochenes Fließen. Es füllt jede Vertiefung aus, ehe es weiterfließt. So macht es der Edle. Er le…		Water reaches its goal by flowing continually. It fills up every depression before it flows on. The superior man follows its example; he is …	Traducción automática vacía o no disponible en caché.
30	image_comentario	pair			mt_failed	MT falló	Jedes der beiden Einzelzeichen stellt die Sonne in einem Tageslauf dar. Es ist also eine wiederholte Tätigkeit der Sonne dargestellt. Damit …		Each of the two trigrams represents the sun in the course of a day. The two together represent the repeated movement of the sun, the functio…	Traducción automática vacía o no disponible en caché.
31	image_comentario	pair			mt_failed	MT falló	Ein Berg, auf dem oben ein See ist, erlangt Anregung durch dessen Feuchtigkeit. Dieser Vorteil wird ihm zuteil, weil sein Gipfel nicht hervo…		A mountain with a lake on its summit is stimulated by the moisture from the lake. It has this advantage because its summit does not jut out …	Traducción automática vacía o no disponible en caché.
32	image_comentario	pair			mt_failed	MT falló	Der Donner rollt, und der Wind weht. Beides ist etwas äußerst Bewegliches, so daß es dem Anschein nach das Gegenteil von Dauer ist. Aber ihr…		Thunder rolls, and the wind blows; both are examples of extreme mobility and so are seemingly the very opposite of duration, but the laws go…	Traducción automática vacía o no disponible en caché.
33	image_comentario	pair			mt_failed	MT falló	Der Berg erhebt sich unter dem Himmel, aber in seiner Natur liegt es, daß er schließlich stehenbleibt. Der Himmel dagegen zieht sich nach ob…		The mountain rises up under heaven, but owing to its nature it finally comes to a stop. Heaven on the other hand retreats upward before it i…	Traducción automática vacía o no disponible en caché.
34	image_comentario	pair			mt_failed	MT falló	Der Donner, die elektrische Kraft, steigt im Frühjahr nach oben. Diese Bewegung ist im Einklang mit der Richtung der Bewegung des Himmels. E…		Thunder—electrical energy—mounts upward in the spring. The direction of this movement is in harmony with that of the movement of heaven. It …	Traducción automática vacía o no disponible en caché.
35	image_comentario	pair			mt_failed	MT falló	Das Licht der Sonne, das über die Erde aufsteigt, ist von Natur klar, aber je höher die Sonne steigt, desto mehr kommt sie aus den trüben Dü…		The light of the sun as it rises over the earth is by nature clear. The higher the sun rises, the more it emerges from the dark mists, sprea…	Traducción automática vacía o no disponible en caché.
36	image_comentario	pair			mt_failed	MT falló	In Zeiten der Finsternis gilt es vorsichtig und zurückhaltend zu sein. Nicht durch rücksichtsloses Auftreten soll man sich nutzlos übermächt…		In a time of darkness it is essential to be cautious and reserved. One should not needlessly awaken overwhelming enmity by inconsiderate beh…	Traducción automática vacía o no disponible en caché.
37	image_comentario	pair			mt_failed	MT falló	Die Hitze erzeugt Kraft; das bedeutet der Wind, der durch das Feuer entfacht wird und aus ihm hervorgeht. Das ist die Wirkung von innen nach…		Heat creates energy: this is signified by the wind stirred up by the fire and issuing forth from it. This represents influence working from …	Traducción automática vacía o no disponible en caché.
38	image_comentario	pair			mt_failed	MT falló	Wie die beiden Elemente Feuer und Wasser, auch wenn sie beisammen sind, sich nie vermischen, sondern ihre eigene Natur behalten, so wird der…		The two elements, fire and water, never mingle but even when in contact retain their own natures. So the cultured man is never led into base…	Traducción automática vacía o no disponible en caché.
39	image_comentario	pair			mt_failed	MT falló	Schwierigkeiten und Hemmnisse werfen den Menschen auf sich selbst zurück. Während aber der Gemeine die Schuld draußen bei andern Menschen su…		Difficulties and obstructions throw a man back upon himself. While the inferior man seeks to put the blame on other persons, bewailing his f…	Traducción automática vacía o no disponible en caché.
40	image_comentario	pair			mt_failed	MT falló	Das Gewitter hat luftreinigende Wirkung. So macht es der Edle auch mit den Fehlern und Sünden der Menschen, die Spannungszustände hervorrufe…		A thunderstorm has the effect of clearing the air; the superior man produces a similar effect when dealing with mistakes and sins of men tha…	Traducción automática vacía o no disponible en caché.
41	image_comentario	pair			mt_failed	MT falló	Der See unten am Berg verdunstet. Dadurch wird er gemindert zu Gunsten des Bergs, der durch seine Feuchtigkeit bereichert wird. Der Berg ist…		The lake at the foot of the mountain evaporates. In this way it decreases to the benefit of the mountain, which is enriched by its moisture.…	Traducción automática vacía o no disponible en caché.
42	image_comentario	pair			mt_failed	MT falló	Indem man beobachtet, wie Donner und Wind sich gegenseitig mehren und verstärken, lernt man den Weg zu seiner eignen Selbstmehrung und Besse…		While observing how thunder and wind increase and strengthen each other, a man can note the way to self-increase and self-improvement. When …	Traducción automática vacía o no disponible en caché.
43	image_comentario	pair			mt_failed	MT falló	Wenn das Wasser des Sees an den Himmel emporgestiegen ist, so läßt das einen Wolkenbruch befürchten. Das läßt sich der Edle zur Warnung dien…		When the water of a lake has risen up to heaven, there is reason to fear a cloudburst. Taking this as a warning, the superior man forestalls…	Traducción automática vacía o no disponible en caché.
44	image_comentario	pair			mt_failed	MT falló	Die Lage ist ähnlich wie bei dem Zeichen »Anblick« (Nr. 20). Dort weht der Wind über die Erde, hier weht er unter dem Himmel. Beide Male kom…		The situation here resembles that in hexagram 20, Kuan, CONTEMPLATION (VIEW). In the latter the wind blows over the earth, here it blows und…	Traducción automática vacía o no disponible en caché.
45	image_comentario	pair			mt_failed	MT falló	Wenn das Wasser im See sich sammelt, so daß es über die Erde emporsteigt, so droht ein Durchbruch. Dagegen muß man Vorkehrungen treffen. So …		If the water in the lake gathers until it rises above the earth, there is danger of a break-through. Precautions must be taken to prevent th…	Traducción automática vacía o no disponible en caché.
46	image_comentario	pair			mt_failed	MT falló	Das Holz in der Erde wächst ohne Hast und ohne Rast der Höhe zu, indem es sich fügsam um die Hindernisse herumbiegt. So ist der Edle hingebe…		Adapting itself to obstacles and bending around them, wood in the earth grows upward without haste and without rest. Thus too the superior m…	Traducción automática vacía o no disponible en caché.
47	image_comentario	pair			mt_failed	MT falló	Wenn das Wasser aus dem See nach unten geflossen ist, muß der See vertrocknen und sich erschöpfen. Das ist Schicksal. Das ist das Bild widri…		When the water has flowed out below, the lake must dry up and become exhausted. That is fate. This symbolizes an adverse fate in human life.…	Traducción automática vacía o no disponible en caché.
48	image_comentario	pair			mt_failed	MT falló	Unten ist das Zeichen Sun, Holz, darüber das Zeichen Kan, Wasser. Das Holz saugt das Wasser nach oben. Wie das Holz als Organismus die Tätig…		The trigram Sun, wood, is below, and the trigram K'an, water, is above it. Wood sucks water upward. Just as wood as an organism imitates the…	Traducción automática vacía o no disponible en caché.
49	image_comentario	pair			mt_failed	MT falló	Das Feuer unten und der See oben bekämpfen und vernichten einander. So findet im Lauf des Jahres auch ein Kampf der lichten und der dunklen …		Fire below and the lake above combat and destroy each other. So too in the course of the year a combat takes place between the forces of lig…	Traducción automática vacía o no disponible en caché.
50	image_comentario	pair			mt_failed	MT falló	Das Holz ist das Schicksal des Feuers; solange es unten vorhanden ist, brennt das Feuer oben. So ist es mit dem menschlichen Leben. Auch im …		The fate of fire depends on wood; as long as there is wood below, the fire bums above. It is the same in human life; there is in man likewis…	Traducción automática vacía o no disponible en caché.
51	image_comentario	pair			mt_failed	MT falló	Der fortgesetzte Donner bringt durch seine Erschütterung Furcht und Zittern mit sich. So steht der Edle stets in Ehrfurcht vor dem Hervortre…		The shock of continuing thunder brings fear and trembling. The superior man is always filled with reverence at the manifestation of God; he …	Traducción automática vacía o no disponible en caché.
52	image_comentario	pair			mt_failed	MT falló	Das Herz denkt dauernd. Das läßt sich nicht ändern. Aber es sollen die Bewegungen des Herzens, d.h. die Gedanken, sich auf die gegenwärtige …		The heart thinks constantly. This cannot be changed, but the movements of the heart—that is, a man's thoughts—should restrict themselves to …	Traducción automática vacía o no disponible en caché.
53	image_comentario	pair			mt_failed	MT falló	Der Baum auf dem Berge ist weithin sichtbar, und seine Entwicklung ist von Einfluß auf das Landschaftsbild der ganzen Gegend. Er schießt nic…		The tree on the mountain is visible from afar, and its development influences the landscape of the entire region. It does not shoot up like …	Traducción automática vacía o no disponible en caché.
54	image_comentario	pair			mt_failed	MT falló	Der Donner erregt das Wasser des Sees, das ihm in schimmernden Wellen folgt. Das ist das Bild des Mädchens, das dem Manne seiner Wahl folgt.…		Thunder stirs the water of the lake, which follows it in shimmering waves. This symbolizes the girl who follows the man of her choice. But e…	Traducción automática vacía o no disponible en caché.
55	image_comentario	pair			mt_failed	MT falló	Das Zeichen hat eine gewisse Beziehung zu dem Zeichen »das Durchbeißen«, Nr. 21, wo ebenfalls Donner und Blitz beisammen sind, aber in umgek…		This hexagram has a certain connection with Shih Ho, BITING THROUGH (21), in which thunder and lightning similarly appear together, but in t…	Traducción automática vacía o no disponible en caché.
56	image_comentario	pair			mt_failed	MT falló	Wenn das Gras auf dem Berge abbrennt, so gibt es einen hellen Schein. Aber das Feuer verweilt nicht, sondern wandert der neuen Nahrung nach.…		When grass on a mountain takes fire, there is bright light. However, the fire does not linger in one place, but travels on to new fuel. It i…	Traducción automática vacía o no disponible en caché.
57	image_comentario	pair			mt_failed	MT falló	Das Eindringliche des Windes beruht auf seiner Unaufhörlichkeit. Dadurch wird er so machtvoll. Er nimmt die Zeit als Mittel zur Wirkung. So …		The penetrating quality of the wind depends upon its ceaselessness. This is what makes it so powerful; time is its instrument. In the same w…	Traducción automática vacía o no disponible en caché.
58	image_comentario	pair			mt_failed	MT falló	Ein See verdunstet nach oben und erschöpft sich dadurch allmählich. Wenn aber zwei Seen miteinander in Verbindung sind, so erschöpfen sie si…		A lake evaporates upward and thus gradually dries up; but when two lakes are joined they do not dry up so readily, for one replenishes the o…	Traducción automática vacía o no disponible en caché.
59	image_comentario	pair			mt_failed	MT falló	Das Wasser beginnt im Herbst und Winter zu erstarren und zu Eis zu gefrieren. Wenn die milden Lüfte des Frühlings kommen, löst sich die Erst…		In the autumn and winter, water begins to freeze into ice. When the warm breezes of spring come, the rigidity is dissolved, and the elements…	Traducción automática vacía o no disponible en caché.
60	image_comentario	pair			mt_failed	MT falló	Der See ist etwas Endliches; das Wasser ist unerschöpflich. Der See kann nur ein bestimmtes Maß des unendlichen Wassers fassen. Darin besteh…		A lake is something limited. Water is inexhaustible. A lake can contain only a definite amount of the infinite quantity of water; this is it…	Traducción automática vacía o no disponible en caché.
61	image_comentario	pair			mt_failed	MT falló	Der Wind bewegt das Wasser, weil er in seine Zwischenräume einzudringen vermag. So sucht der Edle, wo er Fehler der Menschen abzuurteilen ha…		Wind stirs water by penetrating it. Thus the superior man, when obliged to judge the mistakes of men, tries to penetrate their minds with un…	Traducción automática vacía o no disponible en caché.
62	image_comentario	pair			mt_failed	MT falló	Der Donner auf dem Berge ist anders als der in der Ebene. In den Bergen ist der Donner viel näher, während er außerhalb der Gebirge weniger …		Thunder on the mountain is different from thunder on the plain. In the mountains, thunder seems much nearer; outside the mountains, it is le…	Traducción automática vacía o no disponible en caché.
63	image_comentario	pair			mt_failed	MT falló	Wenn das Wasser im Kessel über dem Feuer hängt, so stehen beide Elemente in Beziehung, und es wird dadurch Kraft erzeugt. (Vgl. die Entstehu…		When water in a kettle hangs over fire, the two elements stand in relation and thus generate energy (cf. the production of steam). But the r…	Traducción automática vacía o no disponible en caché.
64	image_comentario	pair			mt_failed	MT falló	Wenn das Feuer, das ohnehin nach oben dringt, oben und das Wasser, dessen Bewegung abwärts geht, unten ist, so gehen ihre Wirkungen auseinan…		When fire, which by nature flames upward, is above, and water, which flows downward, is below, their effects take opposite directions and re…	Traducción automática vacía o no disponible en caché.
1	L1_etiqueta	pair			mt_failed	MT falló	Anfangs eine Neun bedeutet:		Nine at the beginning means:	Traducción automática vacía o no disponible en caché.
2	L1_etiqueta	pair			mt_failed	MT falló	Anfangs eine Sechs bedeutet:		Six at the beginning means:	Traducción automática vacía o no disponible en caché.
3	L1_etiqueta	pair			mt_failed	MT falló	Anfangs eine Neun bedeutet:		Nine at the beginning means:	Traducción automática vacía o no disponible en caché.
4	L1_etiqueta	pair			mt_failed	MT falló	Anfangs eine Sechs bedeutet:		Six at the beginning means:	Traducción automática vacía o no disponible en caché.
5	L1_etiqueta	pair			mt_failed	MT falló	Anfangs eine Neun bedeutet:		Nine at the beginning means:	Traducción automática vacía o no disponible en caché.
6	L1_etiqueta	pair			mt_failed	MT falló	Anfangs eine Sechs bedeutet:		Six at the beginning means:	Traducción automática vacía o no disponible en caché.
7	L1_etiqueta	pair			mt_failed	MT falló	Anfangs eine Sechs bedeutet:		Six at the beginning means:	Traducción automática vacía o no disponible en caché.
8	L1_etiqueta	pair			mt_failed	MT falló	Anfangs eine Sechs bedeutet:		Six at the beginning means:	Traducción automática vacía o no disponible en caché.
9	L1_etiqueta	pair			mt_failed	MT falló	Anfangs eine Neun bedeutet:		Nine at the beginning means:	Traducción automática vacía o no disponible en caché.
10	L1_etiqueta	pair			mt_failed	MT falló	Anfangs eine Neun bedeutet:		Nine at the beginning means:	Traducción automática vacía o no disponible en caché.
11	L1_etiqueta	pair			mt_failed	MT falló	Anfangs eine Neun bedeutet:		Nine at the beginning means:	Traducción automática vacía o no disponible en caché.
12	L1_etiqueta	pair			mt_failed	MT falló	Anfangs eine Sechs bedeutet:		Six at the beginning means:	Traducción automática vacía o no disponible en caché.
13	L1_etiqueta	pair			mt_failed	MT falló	Anfangs eine Neun bedeutet:		Nine at the beginning means:	Traducción automática vacía o no disponible en caché.
14	L1_etiqueta	pair			mt_failed	MT falló	Anfangs eine Neun bedeutet:		Nine at the beginning means:	Traducción automática vacía o no disponible en caché.
15	L1_etiqueta	pair			mt_failed	MT falló	Anfangs eine Sechs bedeutet:		Six at the beginning means:	Traducción automática vacía o no disponible en caché.
16	L1_etiqueta	pair			mt_failed	MT falló	Anfangs eine Sechs bedeutet:		Six at the beginning means:	Traducción automática vacía o no disponible en caché.
17	L1_etiqueta	pair			mt_failed	MT falló	Anfangs eine Neun bedeutet:		Nine at the beginning means:	Traducción automática vacía o no disponible en caché.
18	L1_etiqueta	pair			mt_failed	MT falló	Anfangs eine Sechs bedeutet:		Six at the beginning means:	Traducción automática vacía o no disponible en caché.
19	L1_etiqueta	pair			mt_failed	MT falló	Anfangs eine Neun bedeutet:		Nine at the beginning means:	Traducción automática vacía o no disponible en caché.
20	L1_etiqueta	pair			mt_failed	MT falló	Anfangs eine Sechs bedeutet:		Six at the beginning means:	Traducción automática vacía o no disponible en caché.
21	L1_etiqueta	pair			mt_failed	MT falló	Anfangs eine Neun bedeutet:		Nine at the beginning means:	Traducción automática vacía o no disponible en caché.
22	L1_etiqueta	pair			mt_failed	MT falló	Anfangs eine Neun bedeutet:		Nine at the beginning means:	Traducción automática vacía o no disponible en caché.
23	L1_etiqueta	pair			mt_failed	MT falló	Anfangs eine Sechs bedeutet:		Six at the beginning means:	Traducción automática vacía o no disponible en caché.
24	L1_etiqueta	pair			mt_failed	MT falló	Anfangs eine Neun bedeutet:		Nine at the beginning means:	Traducción automática vacía o no disponible en caché.
25	L1_etiqueta	pair			mt_failed	MT falló	Anfangs eine Neun bedeutet:		Nine at the beginning means:	Traducción automática vacía o no disponible en caché.
26	L1_etiqueta	pair			mt_failed	MT falló	Anfangs eine Neun bedeutet:		Nine at the beginning means:	Traducción automática vacía o no disponible en caché.
27	L1_etiqueta	pair			mt_failed	MT falló	Anfangs eine Neun bedeutet:		Nine at the beginning means:	Traducción automática vacía o no disponible en caché.
28	L1_etiqueta	pair			mt_failed	MT falló	Anfangs eine Sechs bedeutet:		Six at the beginning means:	Traducción automática vacía o no disponible en caché.
29	L1_etiqueta	pair			mt_failed	MT falló	Anfangs eine Sechs bedeutet:		Six at the beginning means:	Traducción automática vacía o no disponible en caché.
30	L1_etiqueta	pair			mt_failed	MT falló	Anfangs eine Neun bedeutet:		Nine at the beginning means:	Traducción automática vacía o no disponible en caché.
31	L1_etiqueta	pair			mt_failed	MT falló	Anfangs eine Sechs bedeutet:		Six at the beginning means:	Traducción automática vacía o no disponible en caché.
32	L1_etiqueta	pair			mt_failed	MT falló	Anfangs eine Sechs bedeutet:		Six at the beginning means:	Traducción automática vacía o no disponible en caché.
33	L1_etiqueta	pair			mt_failed	MT falló	Anfangs eine Sechs bedeutet:		Six at the beginning means:	Traducción automática vacía o no disponible en caché.
34	L1_etiqueta	pair			mt_failed	MT falló	Anfangs eine Neun bedeutet:		Nine at the beginning means:	Traducción automática vacía o no disponible en caché.
35	L1_etiqueta	pair			mt_failed	MT falló	Anfangs eine Sechs bedeutet:		Six at the beginning means:	Traducción automática vacía o no disponible en caché.
36	L1_etiqueta	pair			mt_failed	MT falló	Anfangs eine Neun bedeutet:		Nine at the beginning means:	Traducción automática vacía o no disponible en caché.
37	L1_etiqueta	pair			mt_failed	MT falló	Anfangs eine Neun bedeutet:		Nine at the beginning means:	Traducción automática vacía o no disponible en caché.
38	L1_etiqueta	pair			mt_failed	MT falló	Anfangs eine Neun bedeutet:		Nine at the beginning means:	Traducción automática vacía o no disponible en caché.
39	L1_etiqueta	pair			mt_failed	MT falló	Anfangs eine Sechs bedeutet:		Six at the beginning means:	Traducción automática vacía o no disponible en caché.
40	L1_etiqueta	pair			mt_failed	MT falló	Anfangs eine Sechs bedeutet:		Six at the beginning means:	Traducción automática vacía o no disponible en caché.
41	L1_etiqueta	pair			mt_failed	MT falló	Anfangs eine Neun bedeutet:		Nine at the beginning means:	Traducción automática vacía o no disponible en caché.
42	L1_etiqueta	pair			mt_failed	MT falló	Anfangs eine Neun bedeutet:		Nine at the beginning means:	Traducción automática vacía o no disponible en caché.
43	L1_etiqueta	pair			mt_failed	MT falló	Anfangs eine Neun bedeutet:		Nine at the beginning means:	Traducción automática vacía o no disponible en caché.
44	L1_etiqueta	pair			mt_failed	MT falló	Anfangs eine Sechs bedeutet:		Six at the beginning means:	Traducción automática vacía o no disponible en caché.
45	L1_etiqueta	pair			mt_failed	MT falló	Anfangs eine Sechs bedeutet:		Six at the beginning means:	Traducción automática vacía o no disponible en caché.
46	L1_etiqueta	pair			mt_failed	MT falló	Anfangs eine Sechs bedeutet:		Six at the beginning means:	Traducción automática vacía o no disponible en caché.
47	L1_etiqueta	pair			mt_failed	MT falló	Anfangs eine Sechs bedeutet:		Six at the beginning means:	Traducción automática vacía o no disponible en caché.
48	L1_etiqueta	pair			mt_failed	MT falló	Anfangs eine Sechs bedeutet:		Six at the beginning means:	Traducción automática vacía o no disponible en caché.
49	L1_etiqueta	pair			mt_failed	MT falló	Anfangs eine Neun bedeutet:		Nine at the beginning means:	Traducción automática vacía o no disponible en caché.
50	L1_etiqueta	pair			mt_failed	MT falló	Anfangs eine Sechs bedeutet:		Six at the beginning means:	Traducción automática vacía o no disponible en caché.
51	L1_etiqueta	pair			mt_failed	MT falló	Anfangs eine Neun bedeutet:		Nine at the beginning means:	Traducción automática vacía o no disponible en caché.
52	L1_etiqueta	pair			mt_failed	MT falló	Anfangs eine Sechs bedeutet:		Six at the beginning means:	Traducción automática vacía o no disponible en caché.
53	L1_etiqueta	pair			mt_failed	MT falló	Anfangs eine Sechs bedeutet:		Six at the beginning means:	Traducción automática vacía o no disponible en caché.
54	L1_etiqueta	pair			mt_failed	MT falló	Anfangs eine Neun bedeutet:		Nine at the beginning means:	Traducción automática vacía o no disponible en caché.
55	L1_etiqueta	pair			mt_failed	MT falló	Anfangs eine Neun bedeutet:		Nine at the beginning means:	Traducción automática vacía o no disponible en caché.
56	L1_etiqueta	pair			mt_failed	MT falló	Anfangs eine Sechs bedeutet:		Six at the beginning means:	Traducción automática vacía o no disponible en caché.
57	L1_etiqueta	pair			mt_failed	MT falló	Anfangs eine Sechs bedeutet:		Six at the beginning means:	Traducción automática vacía o no disponible en caché.
58	L1_etiqueta	pair			mt_failed	MT falló	Anfangs eine Neun bedeutet:		Nine at the beginning means:	Traducción automática vacía o no disponible en caché.
59	L1_etiqueta	pair			mt_failed	MT falló	Anfangs eine Sechs bedeutet:		Six at the beginning means:	Traducción automática vacía o no disponible en caché.
60	L1_etiqueta	pair			mt_failed	MT falló	Anfangs eine Neun bedeutet:		Nine at the beginning means:	Traducción automática vacía o no disponible en caché.
61	L1_etiqueta	pair			mt_failed	MT falló	Anfangs eine Neun bedeutet:		Nine at the beginning means:	Traducción automática vacía o no disponible en caché.
62	L1_etiqueta	pair			mt_failed	MT falló	Anfangs eine Sechs bedeutet:		Six at the beginning means:	Traducción automática vacía o no disponible en caché.
63	L1_etiqueta	pair			mt_failed	MT falló	Anfangs eine Neun bedeutet:		Nine at the beginning means:	Traducción automática vacía o no disponible en caché.
64	L1_etiqueta	pair			mt_failed	MT falló	Anfangs eine Sechs bedeutet:		Six at the beginning means:	Traducción automática vacía o no disponible en caché.
1	L1_oraculo	pair			mt_failed	MT falló	Verdeckter Drache. Handle nicht.		Hidden dragon. Do not act.	Traducción automática vacía o no disponible en caché.
2	L1_oraculo	pair			mt_failed	MT falló	Tritt man auf Reif, so naht das feste Eis.		When there is hoarfrost underfoot, Solid ice is not far off.	Traducción automática vacía o no disponible en caché.
3	L1_oraculo	pair			mt_failed	MT falló	Zögern und Hemmung. Fördernd ist es, beharrlich zu bleiben. Fördernd ist es, Gehilfen einzusetzen.		Hesitation and hindrance. It furthers one to remain persevering. It furthers one to appoint helpers.	Traducción automática vacía o no disponible en caché.
4	L1_oraculo	pair			mt_failed	MT falló	Um den Toren zu entwickeln, ist es fördernd, den Menschen in Zucht zu nehmen. Man soll die Fesseln abnehmen. So weitermachen bringt Beschämu…		To make a fool develop It furthers one to apply discipline. The fetters should be removed. To go on in this way brings humiliation.	Traducción automática vacía o no disponible en caché.
5	L1_oraculo	pair			mt_failed	MT falló	Warten auf dem Anger. Fördernd ist es, im Dauernden zu bleiben. Kein Makel.		Waiting in the meadow. It furthers one to abide in what endures. No blame.	Traducción automática vacía o no disponible en caché.
6	L1_oraculo	pair			mt_failed	MT falló	Wenn man die Sache nicht verewigt, so gibt es ein kleines Gerede. Am Ende kommt Heil.		If one does not perpetuate the affair, There is a little gossip. In the end, good fortune comes.	Traducción automática vacía o no disponible en caché.
7	L1_oraculo	pair			mt_failed	MT falló	Ein Heer muß ausziehen nach der Ordnung. Ist die nicht gut, droht Unheil.		An army must set forth in proper order. If the order is not good, misfortune threatens.	Traducción automática vacía o no disponible en caché.
8	L1_oraculo	pair			mt_failed	MT falló	Halte wahr und treu zu ihm: das ist kein Makel. Wahrheit wie eine volle Tonschüssel: So kommt schließlich von außen her das Heil.		Hold to him in truth and loyalty; This is without blame. Truth, like a full earthen bowl: Thus in the end Good fortune comes from without.	Traducción automática vacía o no disponible en caché.
9	L1_oraculo	pair			mt_failed	MT falló	Wiederkehr auf den Weg. Wie wäre das ein Makel! Heil!		Return to the way. How could there be blame in this? Good fortune.	Traducción automática vacía o no disponible en caché.
10	L1_oraculo	pair			mt_failed	MT falló	Einfaches Auftreten. Fortschreiten ohne Makel.		Simple conduct. Progress without blame.	Traducción automática vacía o no disponible en caché.
11	L1_oraculo	pair			mt_failed	MT falló	Zieht man Bandgras aus, so geht der Rasen mit. Jeder nach seiner Art. Unternehmungen bringen Heil.		When ribbon grass is pulled up, the sod comes with it. Each according to his kind. Undertakings bring good fortune.	Traducción automática vacía o no disponible en caché.
12	L1_oraculo	pair			mt_failed	MT falló	Zieht man Bandgras aus, so geht der Rasen mit. Jeder nach seiner Art. Beharrlichkeit bringt Heil und Gelingen.		When ribbon grass is pulled up, the sod comes with it. Each according to his kind. Perseverance brings good fortune and success.	Traducción automática vacía o no disponible en caché.
13	L1_oraculo	pair			mt_failed	MT falló	Gemeinschaft mit Menschen im Tore. Kein Makel.		Fellowship with men at the gate. No blame.	Traducción automática vacía o no disponible en caché.
14	L1_oraculo	pair			mt_failed	MT falló	Keine Beziehung zu Schädlichem, das ist nicht ein Makel. Bleibt man der Schwierigkeit bewußt, so bleibt man ohne Makel.		No relationship with what is harmful; There is no blame in this. If one remains conscious of difficulty, One remains without blame.	Traducción automática vacía o no disponible en caché.
15	L1_oraculo	pair			mt_failed	MT falló	Ein bescheiden-bescheidener Edler mag das große Wasser durchqueren. Heil!		A superior man modest about his modesty May cross the great water. Good fortune.	Traducción automática vacía o no disponible en caché.
16	L1_oraculo	pair			mt_failed	MT falló	Begeisterung, die sich äußert, bringt Unheil.		Enthusiasm that expresses itself Brings misfortune.	Traducción automática vacía o no disponible en caché.
17	L1_oraculo	pair			mt_failed	MT falló	Das Maßgebende ändert sich. Beharrlichkeit bringt Heil. Zur Tür hinausgehen im Verkehr schafft Werke.		The standard is changing. Perseverance brings good fortune. To go out of the door in company Produces deeds.	Traducción automática vacía o no disponible en caché.
18	L1_oraculo	pair			mt_failed	MT falló	Zurechtbringen des vom Vater Verdorbenen. Wenn ein Sohn da ist, bleibt auf dem heimgegangenen Vater kein Makel. Gefahr. Schließlich Heil.		Setting right what has been spoiled by the father. If there is a son, No blame rests upon the departed father. Danger. In the end good fortu…	Traducción automática vacía o no disponible en caché.
19	L1_oraculo	pair			mt_failed	MT falló	Gemeinsame Annäherung. Beharrlichkeit bringt Heil.		Joint approach. Perseverance brings good fortune.	Traducción automática vacía o no disponible en caché.
20	L1_oraculo	pair			mt_failed	MT falló	Knabenhaftes Betrachten. Für einen geringen Menschen kein Makel. Für einen Edlen beschämend.		Boylike contemplation. For an inferior man, no blame. For a superior man, humiliation.	Traducción automática vacía o no disponible en caché.
21	L1_oraculo	pair			mt_failed	MT falló	Steckt mit den Füßen im Block, daß die Zehen verschwinden. Kein Makel.		His feet are fastened in the stocks, So that his toes disappear. No blame.	Traducción automática vacía o no disponible en caché.
22	L1_oraculo	pair			mt_failed	MT falló	Macht seine Zehen anmutig, verläßt den Wagen und geht.		He lends grace to his toes, leaves the carriage, and walks.	Traducción automática vacía o no disponible en caché.
23	L1_oraculo	pair			mt_failed	MT falló	Das Bett wird zersplittert am Bein. Die Beharrlichen werden vernichtet. Unheil.		The leg of the bed is split. Those who persevere are destroyed. Misfortune.	Traducción automática vacía o no disponible en caché.
24	L1_oraculo	pair			mt_failed	MT falló	Wiederkehr aus geringer Entfernung. Es bedarf keiner Reue. Großes Heil!		Return from a short distance. No need for remorse. Great good fortune.	Traducción automática vacía o no disponible en caché.
25	L1_oraculo	pair			mt_failed	MT falló	Unschuldiger Wandel bringt Heil!		Innocent behavior brings good fortune.	Traducción automática vacía o no disponible en caché.
26	L1_oraculo	pair			mt_failed	MT falló	Es ist Gefahr da. Fördernd ist es, abzustehen.		Danger is at hand. It furthers one to desist.	Traducción automática vacía o no disponible en caché.
27	L1_oraculo	pair			mt_failed	MT falló	Du läßt Deine Zauberschildkröte fahren und blickst nach mir mit herabhängenden Mundwinkeln. Unheil!		You let your magic tortoise go, And look at me with the corners of your mouth drooping. Misfortune.	Traducción automática vacía o no disponible en caché.
28	L1_oraculo	pair			mt_failed	MT falló	Unterlegen mit weißem Schilfgras. Kein Makel.		To spread white rushes underneath. No blame.	Traducción automática vacía o no disponible en caché.
29	L1_oraculo	pair			mt_failed	MT falló	Wiederholung des Abgründigen. Man gerät im Abgrund in ein Loch. Unheil.		Repetition of the Abysmal. In the abyss one falls into a pit. Misfortune.	Traducción automática vacía o no disponible en caché.
30	L1_oraculo	pair			mt_failed	MT falló	Die Fußspuren laufen kreuz und quer. Wenn man ernst dabei ist: kein Makel.		The footprints run crisscross. If one is seriously intent, no blame.	Traducción automática vacía o no disponible en caché.
31	L1_oraculo	pair			mt_failed	MT falló	Die Einwirkung äußert sich in der großen Zehe.		The influence shows itself in the big toe.	Traducción automática vacía o no disponible en caché.
32	L1_oraculo	pair			mt_failed	MT falló	Zu rasch Dauer wollen, bringt beharrlich Unheil. Nichts, was fördernd wäre.		Seeking duration too hastily brings misfortune persistently. Nothing that would further.	Traducción automática vacía o no disponible en caché.
33	L1_oraculo	pair			mt_failed	MT falló	Beim Rückzug am Schwanz: das ist gefährlich. Man darf nicht etwas unternehmen wollen.		At the tail in retreat. This is dangerous. One must not wish to undertake anything.	Traducción automática vacía o no disponible en caché.
34	L1_oraculo	pair			mt_failed	MT falló	Macht in den Zehen. Fortmachen bringt Unheil. Das ist gewißlich wahr.		Power in the toes. Continuing brings misfortune. This is certainly true.	Traducción automática vacía o no disponible en caché.
35	L1_oraculo	pair			mt_failed	MT falló	Fortschreitend, aber zurückgewiesen. Beharrlichkeit bringt Heil.		Progressing, but turned back. Perseverance brings good fortune. If one meets with no confidence, one should remain calm. No mistake.	Traducción automática vacía o no disponible en caché.
36	L1_oraculo	pair			mt_failed	MT falló	Verfinsterung des Lichts im Fluge. Er senkt seine Flügel.		Darkening of the light during flight. He lowers his wings. The superior man does not eat for three days On his wanderings. But he has somewh…	Traducción automática vacía o no disponible en caché.
37	L1_oraculo	pair			mt_failed	MT falló	Fester Abschluß innerhalb der Sippe. Reue schwindet.		Firm seclusion within the family. Remorse disappears.	Traducción automática vacía o no disponible en caché.
38	L1_oraculo	pair			mt_failed	MT falló	Die Reue schwindet. Wenn du dein Pferd verlierst, so lauf ihm nicht nach. Es kommt von selber wieder.		Remorse disappears. If you lose your horse, do not run after it; It will come back of its own accord. When you see evil people, Guard yourse…	Traducción automática vacía o no disponible en caché.
39	L1_oraculo	pair			mt_failed	MT falló	Gehen führt in Hemmnis, Kommen findet Lob.		Going leads to obstructions, Coming meets with praise.	Traducción automática vacía o no disponible en caché.
40	L1_oraculo	pair			mt_failed	MT falló	Ohne Makel.		Without blame.	Traducción automática vacía o no disponible en caché.
41	L1_oraculo	pair			mt_failed	MT falló	Wenn die Geschäfte fertig sind, rasch hingehen, ist kein Makel. Doch muß man überlegen, wie weit man andere mindern darf.		Going quickly when one's tasks are finished Is without blame. But one must reflect on how much one may decrease others.	Traducción automática vacía o no disponible en caché.
42	L1_oraculo	pair			mt_failed	MT falló	Fördernd ist es, große Taten zu vollbringen. Erhabenes Heil! Kein Makel.		It furthers one to accomplish great deeds. Supreme good fortune. No blame.	Traducción automática vacía o no disponible en caché.
43	L1_oraculo	pair			mt_failed	MT falló	Mächtig in den vorwärtsschreitenden Zehen. Geht man hin und ist der Sache nicht gewachsen, so macht man einen Fehler.		Mighty in the forward-striding toes. When one goes and is not equal to the task, One makes a mistake.	Traducción automática vacía o no disponible en caché.
44	L1_oraculo	pair			mt_failed	MT falló	Man muß es hemmen mit ehernem Radschuh. Beharrlichkeit ist von Heil. Wenn man es hingehen läßt, so erfährt man Unheil.		It must be checked with a brake of bronze. Perseverance brings good fortune. If one lets it take its course, one experiences misfortune. Eve…	Traducción automática vacía o no disponible en caché.
45	L1_oraculo	pair			mt_failed	MT falló	Wenn du wahrhaftig bist, doch nicht bis zum Ende, so gibt es bald Verwirrung, bald Sammlung.		If you are sincere, but not to the end, There will sometimes be confusion, sometimes gathering together. If you call out, Then after one gra…	Traducción automática vacía o no disponible en caché.
46	L1_oraculo	pair			mt_failed	MT falló	Empordringen, das Zutrauen findet, bringt großes Heil.		Pushing upward that meets with confidence Brings great good fortune.	Traducción automática vacía o no disponible en caché.
47	L1_oraculo	pair			mt_failed	MT falló	Man sitzt bedrängt unter einem kahlen Baum und gerät in ein finsteres Tal. Drei Jahre lang sieht man nichts.		One sits oppressed under a bare tree And strays into a gloomy valley. For three years one sees nothing.	Traducción automática vacía o no disponible en caché.
48	L1_oraculo	pair			mt_failed	MT falló	Der Schlamm des Brunnens wird nicht getrunken. Zu einem alten Brunnen kommen keine Tiere.		One does not drink the mud of the well. No animals come to an old well.	Traducción automática vacía o no disponible en caché.
49	L1_oraculo	pair			mt_failed	MT falló	Man wird eingewickelt in das Fell einer gelben Kuh.		Wrapped in the hide of a yellow cow.	Traducción automática vacía o no disponible en caché.
50	L1_oraculo	pair			mt_failed	MT falló	Ein Tiegel mit umgekippten Beinen. Fördernd zur Entfernung des Stockenden. Man nimmt eine Nebenfrau um ihres Sohns willen. Kein Makel.		A ting with legs upturned. Furthers removal of stagnating stuff. One takes a concubine for the sake of her son. No blame.	Traducción automática vacía o no disponible en caché.
51	L1_oraculo	pair			mt_failed	MT falló	Das Erschüttern kommt: Hu, Hu! Darauf folgen lachende Worte: Ha, Ha! Heil!		Shock comes—oh, oh! Then follow laughing words—ha, ha! Good fortune.	Traducción automática vacía o no disponible en caché.
52	L1_oraculo	pair			mt_failed	MT falló	Stillehalten seiner Zehen. Kein Makel. Fördernd ist dauernde Beharrlichkeit.		Keeping his toes still. No blame. Continued perseverance furthers.	Traducción automática vacía o no disponible en caché.
53	L1_oraculo	pair			mt_failed	MT falló	Die Wildgans zieht allmählich dem Ufer zu. Der junge Sohn ist in Gefahr. Es gibt Gerede. Kein Makel.		The wild goose gradually draws near the shore. The young son is in danger. There is talk. No blame.	Traducción automática vacía o no disponible en caché.
54	L1_oraculo	pair			mt_failed	MT falló	Das heiratende Mädchen als Nebenfrau. Ein Lahmer, der auftreten kann. Unternehmungen bringen Heil.		The marrying maiden as a concubine. A lame man who is able to tread. Undertakings bring good fortune.	Traducción automática vacía o no disponible en caché.
55	L1_oraculo	pair			mt_failed	MT falló	Wenn man seinem bestimmten Herrn begegnet, so mag man zehn Tage beisammen sein, und es ist kein Fehler. Hingehen findet Anerkennung.		When a man meets his destined ruler, They can be together ten days, And it is not a mistake. Going meets with recognition.	Traducción automática vacía o no disponible en caché.
56	L1_oraculo	pair			mt_failed	MT falló	Wenn der Wanderer sich mit kleinlichen Dingen abgibt, so zieht er sich dadurch Unglück zu.		If the wanderer busies himself with trivial things, He draws down misfortune upon himself.	Traducción automática vacía o no disponible en caché.
57	L1_oraculo	pair			mt_failed	MT falló	Beim Vorgehen und Rückweichen ist fördernd die Beharrlichkeit eines Kriegers.		In advancing and in retreating, The perseverance of a warrior furthers.	Traducción automática vacía o no disponible en caché.
58	L1_oraculo	pair			mt_failed	MT falló	Zufriedene Heiterkeit. Heil!		Contented joyousness. Good fortune.	Traducción automática vacía o no disponible en caché.
59	L1_oraculo	pair			mt_failed	MT falló	Er bringt Hilfe mit der Macht eines Pferdes.		He brings help with the strength of a horse. Good fortune.	Traducción automática vacía o no disponible en caché.
60	L1_oraculo	pair			mt_failed	MT falló	Nicht zu Tür und Hof hinausgehen ist kein Makel.		Not going out of the door and the courtyard Is without blame.	Traducción automática vacía o no disponible en caché.
61	L1_oraculo	pair			mt_failed	MT falló	Bereitsein bringt Heil. Sind Hintergedanken da, so ist das beunruhigend.		Being prepared brings good fortune. If there are secret designs, it is disquieting.	Traducción automática vacía o no disponible en caché.
62	L1_oraculo	pair			mt_failed	MT falló	Der Vogel kommt durch Fliegen ins Unheil.		The bird meets with misfortune through flying.	Traducción automática vacía o no disponible en caché.
63	L1_oraculo	pair			mt_failed	MT falló	Er hemmt seine Räder. Er kommt mit dem Schwanz ins Wasser. Kein Makel.		He brakes his wheels. He gets his tail in the water. No blame.	Traducción automática vacía o no disponible en caché.
64	L1_oraculo	pair			mt_failed	MT falló	Er kommt mit dem Schwanz ins Wasser. Beschämend.		He gets his tail in the water. Humiliating.	Traducción automática vacía o no disponible en caché.
1	L1_comentario	pair			mt_failed	MT falló	Der Drache hat in China eine ganz andere Bedeutung als in der westlichen Auffassung. Der Drache ist das Symbol der beweglich-elektrischen, s…		In China the dragon has a meaning altogether different from that given it in the Western world. The dragon is a symbol of the electrically c…	Traducción automática vacía o no disponible en caché.
2	L1_comentario	pair			mt_failed	MT falló	Wie die lichte Kraft das Leben darstellt, so die schattige Kraft den Tod. Im Herbst, wenn der Frühreif fällt, ist die Kraft des Dunkels und …		Just as the light-giving power represents life, so the dark power, the shadowy, represents death. When the first hoarfrost comes in the autu…	Traducción automática vacía o no disponible en caché.
3	L1_comentario	pair			mt_failed	MT falló	Wenn man zu Anfang einer Unternehmung auf Hemmung stößt, so darf man den Fortschritt nicht erzwingen wollen, sondern muß vorsichtig innehalt…		If a person encounters a hindrance at the beginning of an enterprise, he must not try to force advance but must pause and take thought. Howe…	Traducción automática vacía o no disponible en caché.
4	L1_comentario	pair			mt_failed	MT falló	Am Anfang der Erziehung steht das Gesetz. Die Unerfahrenheit der Jugend ist geneigt, zunächst alles lässig und spielerisch zu nehmen. Da muß…		Law is the beginning of education. Youth in its inexperience is inclined at first to take everything carelessly and playfully. It must be sh…	Traducción automática vacía o no disponible en caché.
5	L1_comentario	pair			mt_failed	MT falló	Die Gefahr ist noch fern. Man wartet noch auf weiter Ebene. Die Verhältnisse sind noch einfach. Es liegt nur etwas in der Luft, das kommen w…		The danger is not yet close. One is still waiting on the open plain. Conditions are still simple, yet there is a feeling of something impend…	Traducción automática vacía o no disponible en caché.
6	L1_comentario	pair			mt_failed	MT falló	Solange der Streit noch im ersten Anfang ist, tut man am besten, ihn fallen zu lassen. Zumal einem stärkeren Gegner gegenüber ist es nicht r…		While a conflict is in the incipient stage, the best thing to do is to drop the issue. Especially when the adversary is stronger, it is not …	Traducción automática vacía o no disponible en caché.
7	L1_comentario	pair			mt_failed	MT falló	Zu Beginn einer kriegerischen Unternehmung muß Ordnung herrschen. Es muß ein gerechter und triftiger Grund da sein, und der Gehorsam und das…		At the beginning of a military enterprise, order is imperative. A just and valid cause must exist, and the obedience and coordination of the…	Traducción automática vacía o no disponible en caché.
8	L1_comentario	pair			mt_failed	MT falló	Wenn es sich um Anknüpfen von Beziehungen handelt, ist volle Wahrhaftigkeit die einzig richtige Grundlage. Diese Gesinnung, die unter dem Bi…		Fundamental sincerity is the only proper basis for forming relationships. This attitude, symbolized by a full earthen bowl, in which the con…	Traducción automática vacía o no disponible en caché.
9	L1_comentario	pair			mt_failed	MT falló	In der Natur des Starken liegt es, voran zu drängen. Damit begibt er sich aber in den Hemmungsbereich. Darum kehrt er auf den seiner Lage en…		It lies in the nature of a strong man to press forward. In so doing he encounters obstructions. Therefore he returns to the way suited to hi…	Traducción automática vacía o no disponible en caché.
10	L1_comentario	pair			mt_failed	MT falló	Man befindet sich in einer Lage, in der man noch nicht gebunden ist durch die Verpflichtungen des Verkehrs. Wenn man einfach auftritt, bleib…		The situation is one in which we are still not bound by any obligations of social intercourse. If our conduct is simple, we remain free of t…	Traducción automática vacía o no disponible en caché.
11	L1_comentario	pair			mt_failed	MT falló	In Zeiten der Blüte zieht jeder tüchtige Mann, der auf einen Posten berufen wird, sofort andere Gleichgesinnte nach sich, wie man beim Herau…		In times of prosperity every able man called to fill an office draws like-minded people along with him, just as in pulling up ribbon grass o…	Traducción automática vacía o no disponible en caché.
12	L1_comentario	pair			mt_failed	MT falló	Der Text ist beinahe derselbe wie bei der ersten Linie des letzten Zeichens, nur im umgekehrten Sinn. Dort zieht einer den andern nach sich …		The text is almost the same as that of the first line of the preceding hexagram, but with a contrary meaning. In the latter a man is drawing…	Traducción automática vacía o no disponible en caché.
13	L1_comentario	pair			mt_failed	MT falló	Der Beginn einer Vereinigung von Menschen soll vor der Tür stattfinden. Alle stehen einander gleich nahe. Irgendwelche Sonderbestrebungen be…		The beginning of union among people should take place before the door. All are equally close to one another. No divergent aims have yet aris…	Traducción automática vacía o no disponible en caché.
14	L1_comentario	pair			mt_failed	MT falló	Großer Besitz, der noch im Anfangsstadium ist und noch keine Anfechtung erfahren hat, ist ohne Makel; denn es ist noch gar keine Gelegenheit…		Great possession that is still in its beginnings and that has not yet been challenged brings no blame, since there has been no opportunity t…	Traducción automática vacía o no disponible en caché.
15	L1_comentario	pair			mt_failed	MT falló	Eine gefährliche Unternehmung, wie das Durchqueren eines großen Wassers, ist sehr erschwert, wenn viele Ansprüche und Rücksichten dabei in B…		A dangerous enterprise, such as the crossing of a great stream, is made much more difficult if many claims and considerations have to be tak…	Traducción automática vacía o no disponible en caché.
16	L1_comentario	pair			mt_failed	MT falló	Jemand in untergeordneter Stellung hat vornehme Beziehungen, deren er sich begeistert rühmt. Durch diesen Übermut zieht er mit Notwendigkeit…		A man in an inferior position has aristocratic connections about which he boasts enthusiastically. This arrogance inevitably invites misfort…	Traducción automática vacía o no disponible en caché.
17	L1_comentario	pair			mt_failed	MT falló	Es gibt Ausnahmezustände, da das Verhältnis von Leiter und Geleitetem sich ändert. In der Idee der Anpassung und Nachfolge liegt es, daß man…		There are exceptional conditions in which the relation between leader and followers changes. It is implicit in the idea of following and ada…	Traducción automática vacía o no disponible en caché.
18	L1_comentario	pair			mt_failed	MT falló	Das starre Stehenbleiben beim Hergebrachten hat Verderben zur Folge gehabt. Aber das Verderben ist noch nicht tief eingewurzelt, darum kann …		Rigid adherence to tradition has resulted in decay. But the decay has not yet penetrated deeply and so can still be easily remedied. It is a…	Traducción automática vacía o no disponible en caché.
19	L1_comentario	pair			mt_failed	MT falló	Das Gute beginnt sich durchzusetzen und findet an einflußreicher Stelle Entgegenkommen. Von dort geht die Anregung an den tüchtigen Menschen…		The good begins to prevail and to find response in influential circles. This in turn is an incentive to men of ability. It is well to join t…	Traducción automática vacía o no disponible en caché.
20	L1_comentario	pair			mt_failed	MT falló	Ein verständnisloses Betrachten aus der Ferne ist hier gezeichnet. Es ist jemand da, der wirkt, aber dessen Wirkungen von den geringen Mensc…		This means contemplation from a distance, without comprehension. A man of influence is at hand, but his influence is not understood by the c…	Traducción automática vacía o no disponible en caché.
21	L1_comentario	pair			mt_failed	MT falló	Wenn jemand sofort beim ersten Versuch, etwas Böses zu tun, der Strafe verfällt, so ist die Strafe nur leicht. Es werden nur die Zehen vom B…		If a sentence is imposed the first time a man attempts to do wrong, the penalty is a mild one. Only the toes are put in the stocks. This pre…	Traducción automática vacía o no disponible en caché.
22	L1_comentario	pair			mt_failed	MT falló	Die Stellung zu Beginn und an untergeordnetem Platze bringt es mit sich, daß man die Mühe des Vorankommens selbst auf sich nehmen muß. Man h…		A beginner in a subordinate place must take upon himself the labor of advancing. There might be an opportunity of surreptitiously easing the…	Traducción automática vacía o no disponible en caché.
23	L1_comentario	pair			mt_failed	MT falló	Die Gemeinen kommen heran und fangen heimlich von unten an mit ihrer zerstörenden Wühlarbeit, um auf diese Weise den Platz, auf dem der Edle…		Inferior people are on the rise and stealthily begin their destructive burrowing from below in order to undermine the place where the superi…	Traducción automática vacía o no disponible en caché.
24	L1_comentario	pair			mt_failed	MT falló	Kleine Abweichungen vom Guten sind nicht zu vermeiden. Man muß nur rechtzeitig umkehren, ehe man zu weit gegangen. Das ist besonders bei der…		Slight digressions from the good cannot be avoided, but one must turn back in time, before going too far. This is especially important in th…	Traducción automática vacía o no disponible en caché.
25	L1_comentario	pair			mt_failed	MT falló	Die ersten ursprünglichen Regungen des Herzens sind immer gut, so daß man ihnen getrost folgen kann und gewiß sein darf, daß man Glück hat u…		The original impulses of the heart are always good, so that we may follow them confidently, assured of good fortune and achievement of our a…	Traducción automática vacía o no disponible en caché.
26	L1_comentario	pair			mt_failed	MT falló	Man wünschte wohl ein kräftiges Fortschreiten. Allein in den Verhältnissen liegt eine Behinderung. Man sieht sich festgehalten. Wollte man d…		A man wishes to make vigorous advance, but circumstances present an obstacle. He sees himself held back firmly. If he should attempt to forc…	Traducción automática vacía o no disponible en caché.
27	L1_comentario	pair			mt_failed	MT falló	Die Zauberschildkröte ist ein Wesen, das keiner irdischen Nahrung bedarf, sondern solche Zauberkraft besitzt, daß es von der Luft leben kann…		The magic tortoise is a creature possessed of such supernatural powers that it lives on air and needs no earthly nourishment. The image mean…	Traducción automática vacía o no disponible en caché.
28	L1_comentario	pair			mt_failed	MT falló	Wenn man in außerordentlichen Zeiten etwas beginnen will, so muß man außerordentliche Vorsicht walten lassen, wie man etwas Schweres, das au…		When a man wishes to undertake an enterprise in extraordinary times, he must be extraordinarily cautious, just as when setting a heavy thing…	Traducción automática vacía o no disponible en caché.
29	L1_comentario	pair			mt_failed	MT falló	Gewohnheit des Gefährlichen bewirkt leicht, daß die Gefahr ins eigne Wesen eingeht. Man weiß Bescheid und gewöhnt sich ans Böse. Damit hat m…		By growing used to what is dangerous, a man can easily allow it to become part of him. He is familiar with it and grows used to evil. With t…	Traducción automática vacía o no disponible en caché.
30	L1_comentario	pair			mt_failed	MT falló	Es ist früher Morgen. Die Arbeit beginnt. Nachdem im Schlaf die Seele von der Außenwelt abgeschlossen war, fangen nun die Beziehungen zur We…		It is early morning and work begins. The mind has been closed to the outside world in sleep; now its connections with the world begin again.…	Traducción automática vacía o no disponible en caché.
31	L1_comentario	pair			mt_failed	MT falló	Eine Bewegung, ehe sie wirklich ausgeführt wird, äußert sich zunächst in den Zehen. Der Gedanke der Einwirkung ist schon da. Aber er tritt z…		A movement, before it is actually carried out, shows itself first in the toes. The idea of an influence is already present, but it is not im…	Traducción automática vacía o no disponible en caché.
32	L1_comentario	pair			mt_failed	MT falló	Etwas Dauerndes läßt sich nur allmählich durch lange Arbeit und sorgfältiges Nachdenken schaffen. »Wenn man etwas zusammendrücken will, muß …		Whatever endures can be created only gradually by long-continued work and careful reflection. In the same sense Lao-tse says: ""If we wish to…	Traducción automática vacía o no disponible en caché.
33	L1_comentario	pair			mt_failed	MT falló	Da das Zeichen das Abbild von etwas sich Zurückziehendem ist, so ist der erste Strich der Schwanz und der oberste der Kopf. Beim Rückzug ist…		Since the hexagram is the picture of something that is retreating, the lowest line represents the tail and the top line the head. In a retre…	Traducción automática vacía o no disponible en caché.
34	L1_comentario	pair			mt_failed	MT falló	Die Zehen sind ganz unten und sind bereit voranzuschreiten. So ist große Macht an niederer Stelle geneigt, gewaltsam den Fortschritt zu erzw…		The toes are in the lowest place and are ready to advance. So likewise great power in lowly station is inclined to effect advance by force. …	Traducción automática vacía o no disponible en caché.
35	L1_comentario	pair			mt_failed	MT falló	Wenn man kein Vertrauen findet, so bleibe man gelassen. Kein Fehler. Zu einer Zeit, da alles nach Fortschritt drängt, befindet man sich noch…		At a time when all elements are pressing for progress, we are still uncertain whether in the course of advance we may not meet with a rebuff…	Traducción automática vacía o no disponible en caché.
36	L1_comentario	pair			mt_failed	MT falló	Der Edle auf seiner Wanderschaft ißt drei Tage nichts. Aber er hat, wohin er geht. Der Wirt hat über ihn zu reden. In großartigem Entschluß …		With grandiose resolve a man endeavors to soar above all obstacles, but thus encounters a hostile fate. He retreats and evades the issue. Th…	Traducción automática vacía o no disponible en caché.
37	L1_comentario	pair			mt_failed	MT falló	Die Familie muß eine festbegrenzte Einheit bilden, innerhalb deren jedes Glied seinen Platz kennt. Von Anfang an müssen die Kinder an feste …		The family must form a well-defined unit within which each member knows his place. From the beginning each child must be accustomed to firml…	Traducción automática vacía o no disponible en caché.
38	L1_comentario	pair			mt_failed	MT falló	Wenn du böse Menschen siehst, so hüte dich vor Fehlern. Auch in Zeiten des Gegensatzes kann man so handeln, daß man frei von Fehlern bleibt,…		Even in times when oppositions prevail, mistakes can be avoided, so that remorse disappears. When opposition begins to manifest itself, a ma…	Traducción automática vacía o no disponible en caché.
39	L1_comentario	pair			mt_failed	MT falló	Wenn man sich einem Hemmnis gegenüber sieht, so handelt es sich darum, zu überlegen, wie man damit am besten fertig wird. Wenn eine Gefahr u…		When one encounters an obstruction, the important thing is to reflect on how best to deal with it. When threatened with danger, one should n…	Traducción automática vacía o no disponible en caché.
40	L1_comentario	pair			mt_failed	MT falló	Es werden nicht viele Worte gemacht, entsprechend der Situation. Die Hemmung ist vorüber, die Befreiung ist da. Man erholt sich in Ruhe und …		In keeping with the situation, few words are needed. The hindrance is past, deliverance has come. One recuperates in peace and keeps still. …	Traducción automática vacía o no disponible en caché.
41	L1_comentario	pair			mt_failed	MT falló	Es ist selbstlos und gut, wenn man nach Erledigung der unmittelbar wichtigen eigenen Aufgaben seine Kraft in den Dienst der anderen stellt u…		It is unselfish and good when a man, after completing his own urgent tasks, uses his strength in the service of others, and without bragging…	Traducción automática vacía o no disponible en caché.
42	L1_comentario	pair			mt_failed	MT falló	Wenn man von oben her eine große Förderung erfährt, muß man den Kraftzuwachs, den man so erhält, dazu benützen, etwas Großes zu leisten, zu …		If great help comes to a man from on high, this increased strength must be used to achieve something great for which he might otherwise neve…	Traducción automática vacía o no disponible en caché.
43	L1_comentario	pair			mt_failed	MT falló	In Zeiten entschlossenen Voranschreitens ist besonders der erste Anfang schwierig. Man fühlt sich zu entschlossenem Voranschreiten begeister…		In times of a resolute advance, the beginning is especially difficult. We feel inspired to press forward but resistance is still strong; the…	Traducción automática vacía o no disponible en caché.
44	L1_comentario	pair			mt_failed	MT falló	Auch ein mageres Schwein hat die Anlage dazu, umherzutoben. Wenn ein minderwertiges Element sich eingeschlichen hat, so muß man es sofort en…		If an inferior element has wormed its way in, it must be energetically checked at once. By consistently checking it, bad effects can be avoi…	Traducción automática vacía o no disponible en caché.
45	L1_comentario	pair			mt_failed	MT falló	Wenn du rufst, so kannst du nach einem Griff wieder lachen. Bedaure nichts. Hingehen ist ohne Makel. Die Lage ist hier, daß man sich sammeln…		The situation is this: people desire to gather around a leader to whom they look up. But they are in a large group, by which they allow them…	Traducción automática vacía o no disponible en caché.
46	L1_comentario	pair			mt_failed	MT falló	Hier ist die Anfangslage des Aufstiegs. Wie das Holz für sein Empordringen die Kraft aus der Wurzel entnimmt, die an sich ganz unten ist, so…		This is the situation at the beginning of ascent. Just as wood draws strength for its upward push from the root, which in itself is in the l…	Traducción automática vacía o no disponible en caché.
47	L1_comentario	pair			mt_failed	MT falló	Wenn man in Not kommt, ist es vor allem wichtig, stark zu sein und die Not innerlich zu überwinden. Wenn man aber schwach ist, dann übermann…		When adversity befalls a man, it is important above all things for him to be strong and to overcome the trouble inwardly. If he is weak, the…	Traducción automática vacía o no disponible en caché.
48	L1_comentario	pair			mt_failed	MT falló	Wenn sich jemand in den sumpfigen Niederungen umhertreibt, so versinkt sein Leben im Schlamm. Ein solcher Mensch verliert seine Bedeutung fü…		If a man wanders around in swampy lowlands, his life is submerged in mud. Such a man loses all significance for mankind. He who throws himse…	Traducción automática vacía o no disponible en caché.
49	L1_comentario	pair			mt_failed	MT falló	Änderungen darf man erst unternehmen, wenn es nicht mehr anders möglich ist. Darum ist zunächst äußerste Zurückhaltung nötig. Man muß innerl…		Changes ought to be undertaken only when there is nothing else to be done. Therefore at first the utmost restraint is necessary. One must be…	Traducción automática vacía o no disponible en caché.
50	L1_comentario	pair			mt_failed	MT falló	Wenn man den Tiegel umkehrt, ehe man ihn in Gebrauch nimmt, so hat das nichts zu sagen; im Gegenteil, der Unrat kommt auf diese Weise heraus…		If a ting is turned upside down before being used, no harm is done—on the contrary, this clears it of refuse. A concubine's position is lowl…	Traducción automática vacía o no disponible en caché.
51	L1_comentario	pair			mt_failed	MT falló	Furcht und Zittern der Erschütterung kommt zuerst an einen, so daß man den andern gegenüber sich in Nachteil gestellt sieht. Aber das ist nu…		The fear and trembling engendered by shock come to an individual at first in such a way that he sees himself placed at a disadvantage as aga…	Traducción automática vacía o no disponible en caché.
52	L1_comentario	pair			mt_failed	MT falló	Das Ruhigbleiben der Zehen bedeutet ein Stehenbleiben, noch ehe man angefangen hat, sich zu bewegen. Der Anfang ist die Zeit, da man wenig F…		Keeping the toes still means halting before one has even begun to move. The beginning is the time of few mistakes. At that time one is still…	Traducción automática vacía o no disponible en caché.
53	L1_comentario	pair			mt_failed	MT falló	Die einzelnen Linien haben alle den allmählichen Zug der Wildgans zum Bild. Die Wildgans ist das Symbol der ehelichen Treue. Es heißt von ih…		All the individual lines in this hexagram symbolize the gradual flight of the wild goose. The wild goose is the symbol of conjugal fidelity,…	Traducción automática vacía o no disponible en caché.
54	L1_comentario	pair			mt_failed	MT falló	Die Fürsten des Altertums hatten eine feste Rangordnung unter den Palastdamen, die der Königin unterstellt waren wie die jüngeren Schwestern…		The princes of ancient China maintained a fixed order of rank among the court ladies, who were subordinated to the queen as are younger sist…	Traducción automática vacía o no disponible en caché.
55	L1_comentario	pair			mt_failed	MT falló	Um eine Zeit der Fülle herbeizuführen, bedarf es der Vereinigung von Klarheit und energischer Bewegung. Wo diese beiden Eigenschaften in zwe…		To bring about a time of abundance, a union of clarity with energetic movement is needed. Two individuals possessed of these two attributes …	Traducción automática vacía o no disponible en caché.
56	L1_comentario	pair			mt_failed	MT falló	Ein Wanderer darf sich nicht entwürdigen und sich mit gemeinen Dingen am Weg abgeben. Gerade je niedriger und wehrloser seine Stellung nach …		A wanderer should not demean himself or busy himself with inferior things he meets with along the way. The humbler and more defenseless his …	Traducción automática vacía o no disponible en caché.
57	L1_comentario	pair			mt_failed	MT falló	Das sanfte Wesen geht oft bis zur Unentschlossenheit. Man fühlt nicht die Kraft, entschlossen fortzuschreiten. Tausend Bedenken erheben sich…		Inborn gentleness is often carried to the point of indecisiveness. One does not feel strong enough to advance resolutely. A thousand doubts …	Traducción automática vacía o no disponible en caché.
58	L1_comentario	pair			mt_failed	MT falló	Eine stille, wortlose, in sich gesammelte Freude, die nichts von außen begehrt und mit allem zufrieden ist, bleibt frei von allen egoistisch…		A quiet, wordless, self-contained joy, desiring nothing from without and resting content with everything, remains free of all egotistic like…	Traducción automática vacía o no disponible en caché.
59	L1_comentario	pair			mt_failed	MT falló	Hier handelt es sich darum, daß, noch ehe die Trennung vollzogen ist, die ersten Anfänge dazu überwunden werden; daß die Wolken zerstreut we…		It is important that disunion should be overcome at the outset, before it has become complete—that the clouds should be dispersed before the…	Traducción automática vacía o no disponible en caché.
60	L1_comentario	pair			mt_failed	MT falló	Oft möchte man etwas unternehmen, sieht sich aber unübersteigbaren Schranken gegenüber. Da gilt es, die Einsicht zu haben, wo man innehalten…		Often a man who would like to undertake something finds himself confronted by insurmountable limitations. Then he must know where to stop. I…	Traducción automática vacía o no disponible en caché.
61	L1_comentario	pair			mt_failed	MT falló	Die Hauptsache für die Kraft innerer Wahrheit ist, daß man in sich gefestigt und bereit ist. Aus dieser inneren Haltung entspringt das richt…		The force of inner truth depends chiefly on inner stability and preparedness. From this state of mind springs the correct attitude toward th…	Traducción automática vacía o no disponible en caché.
62	L1_comentario	pair			mt_failed	MT falló	Der Vogel soll zunächst im Nest bleiben, bis er flügge ist. Will er vorher fliegen, so zieht er sich Unheil zu. Außerordentliche Maßnahmen d…		A bird ought to remain in the nest until it is fledged. If it tries to fly before this, it invites misfortune. Extraordinary measures should…	Traducción automática vacía o no disponible en caché.
63	L1_comentario	pair			mt_failed	MT falló	In Zeiten nach einem großen Übergang ist alles auf Fortschritt und Entwicklung aus und drängt voran. Aber dieses Vorwärtsdrängen zu Beginn i…		In times following a great transition, everything is pressing forward, striving in the direction of development and progress. But this press…	Traducción automática vacía o no disponible en caché.
64	L1_comentario	pair			mt_failed	MT falló	In Zeiten der Unordnung ist es verlockend, sich möglichst rasch vorzudrängen, um etwas Sichtbares zu leisten. Aber diese Begeisterung führt …		In times of disorder there is a temptation to advance oneself as rapidly as possible in order to accomplish something tangible. But this ent…	Traducción automática vacía o no disponible en caché.
1	L2_etiqueta	pair			mt_failed	MT falló	Neun auf zweitem Platz bedeutet:		Nine in the second place means:	Traducción automática vacía o no disponible en caché.
2	L2_etiqueta	pair			mt_failed	MT falló	Sechs auf zweitem Platz bedeutet:		Six in the second place means:	Traducción automática vacía o no disponible en caché.
3	L2_etiqueta	pair			mt_failed	MT falló	Sechs auf zweitem Platz bedeutet:		Six in the second place means:	Traducción automática vacía o no disponible en caché.
4	L2_etiqueta	pair			mt_failed	MT falló	Neun auf zweitem Platz bedeutet:		Nine in the second place means:	Traducción automática vacía o no disponible en caché.
5	L2_etiqueta	pair			mt_failed	MT falló	Neun auf zweitem Platz bedeutet:		Nine in the second place means:	Traducción automática vacía o no disponible en caché.
6	L2_etiqueta	pair			mt_failed	MT falló	Neun auf zweitem Platz bedeutet:		Nine in the second place means:	Traducción automática vacía o no disponible en caché.
7	L2_etiqueta	pair			mt_failed	MT falló	Neun auf zweitem Platz bedeutet:		Nine in the second place means:	Traducción automática vacía o no disponible en caché.
8	L2_etiqueta	pair			mt_failed	MT falló	Sechs auf zweitem Platz bedeutet:		Six in the second place means:	Traducción automática vacía o no disponible en caché.
9	L2_etiqueta	pair			mt_failed	MT falló	Neun auf zweitem Platz bedeutet:		Nine in the second place means:	Traducción automática vacía o no disponible en caché.
10	L2_etiqueta	pair			mt_failed	MT falló	Neun auf zweitem Platz bedeutet:		Nine in the second place means:	Traducción automática vacía o no disponible en caché.
11	L2_etiqueta	pair			mt_failed	MT falló	Neun auf zweitem Platz bedeutet:		Nine in the second place means:	Traducción automática vacía o no disponible en caché.
12	L2_etiqueta	pair			mt_failed	MT falló	Sechs auf zweitem Platz bedeutet:		Six in the second place means:	Traducción automática vacía o no disponible en caché.
13	L2_etiqueta	pair			mt_failed	MT falló	Sechs auf zweitem Platz bedeutet:		Six in the second place means:	Traducción automática vacía o no disponible en caché.
14	L2_etiqueta	pair			mt_failed	MT falló	Neun auf zweitem Platz bedeutet:		Nine in the second place means:	Traducción automática vacía o no disponible en caché.
15	L2_etiqueta	pair			mt_failed	MT falló	Sechs auf zweitem Platz bedeutet:		Six in the second place means:	Traducción automática vacía o no disponible en caché.
16	L2_etiqueta	pair			mt_failed	MT falló	Sechs auf zweitem Platz bedeutet:		Six in the second place means:	Traducción automática vacía o no disponible en caché.
17	L2_etiqueta	pair			mt_failed	MT falló	Sechs auf zweitem Platz bedeutet:		Six in the second place means:	Traducción automática vacía o no disponible en caché.
18	L2_etiqueta	pair			mt_failed	MT falló	Neun auf zweitem Platz bedeutet:		Nine in the second place means:	Traducción automática vacía o no disponible en caché.
19	L2_etiqueta	pair			mt_failed	MT falló	Neun auf zweitem Platz bedeutet:		Nine in the second place means:	Traducción automática vacía o no disponible en caché.
20	L2_etiqueta	pair			mt_failed	MT falló	Sechs auf zweitem Platz bedeutet:		Six in the second place means:	Traducción automática vacía o no disponible en caché.
21	L2_etiqueta	pair			mt_failed	MT falló	Sechs auf zweitem Platz bedeutet:		Six in the second place means:	Traducción automática vacía o no disponible en caché.
22	L2_etiqueta	pair			mt_failed	MT falló	Sechs auf zweitem Platz bedeutet:		Six in the second place means:	Traducción automática vacía o no disponible en caché.
23	L2_etiqueta	pair			mt_failed	MT falló	Sechs auf zweitem Platz bedeutet:		Six in the second place means:	Traducción automática vacía o no disponible en caché.
24	L2_etiqueta	pair			mt_failed	MT falló	Sechs auf zweitem Platz bedeutet:		Six in the second place means:	Traducción automática vacía o no disponible en caché.
25	L2_etiqueta	pair			mt_failed	MT falló	Sechs auf zweitem Platz bedeutet:		Six in the second place means:	Traducción automática vacía o no disponible en caché.
26	L2_etiqueta	pair			mt_failed	MT falló	Neun auf zweitem Platz bedeutet:		Nine in the second place means:	Traducción automática vacía o no disponible en caché.
27	L2_etiqueta	pair			mt_failed	MT falló	Sechs auf zweitem Platz bedeutet:		Six in the second place means:	Traducción automática vacía o no disponible en caché.
28	L2_etiqueta	pair			mt_failed	MT falló	Neun auf zweitem Platz bedeutet:		Nine in the second place means:	Traducción automática vacía o no disponible en caché.
29	L2_etiqueta	pair			mt_failed	MT falló	Neun auf zweitem Platz bedeutet:		Nine in the second place means:	Traducción automática vacía o no disponible en caché.
30	L2_etiqueta	pair			mt_failed	MT falló	Sechs auf zweitem Platz bedeutet:		Six in the second place means:	Traducción automática vacía o no disponible en caché.
31	L2_etiqueta	pair			mt_failed	MT falló	Sechs auf zweitem Platz bedeutet:		Six in the second place means:	Traducción automática vacía o no disponible en caché.
32	L2_etiqueta	pair			mt_failed	MT falló	Neun auf zweitem Platz bedeutet:		Nine in the second place means:	Traducción automática vacía o no disponible en caché.
33	L2_etiqueta	pair			mt_failed	MT falló	Sechs auf zweitem Platz bedeutet:		Six in the second place means:	Traducción automática vacía o no disponible en caché.
34	L2_etiqueta	pair			mt_failed	MT falló	Neun auf zweitem Platz bedeutet:		Nine in the second place means:	Traducción automática vacía o no disponible en caché.
35	L2_etiqueta	pair			mt_failed	MT falló	Sechs auf zweitem Platz bedeutet:		Six in the second place means:	Traducción automática vacía o no disponible en caché.
36	L2_etiqueta	pair			mt_failed	MT falló	Sechs auf zweitem Platz bedeutet:		Six in the second place means:	Traducción automática vacía o no disponible en caché.
37	L2_etiqueta	pair			mt_failed	MT falló	Sechs auf zweitem Platz bedeutet:		Six in the second place means:	Traducción automática vacía o no disponible en caché.
38	L2_etiqueta	pair			mt_failed	MT falló	Neun auf zweitem Platz bedeutet:		Nine in the second place means:	Traducción automática vacía o no disponible en caché.
39	L2_etiqueta	pair			mt_failed	MT falló	Sechs auf zweitem Platz bedeutet:		Six in the second place means:	Traducción automática vacía o no disponible en caché.
40	L2_etiqueta	pair			mt_failed	MT falló	Neun auf zweitem Platz bedeutet:		Nine in the second place means:	Traducción automática vacía o no disponible en caché.
41	L2_etiqueta	pair			mt_failed	MT falló	Neun auf zweitem Platz bedeutet:		Nine in the second place means:	Traducción automática vacía o no disponible en caché.
42	L2_etiqueta	pair			mt_failed	MT falló	Sechs auf zweitem Platz bedeutet:		Six in the second place means:	Traducción automática vacía o no disponible en caché.
43	L2_etiqueta	pair			mt_failed	MT falló	Neun auf zweitem Platz bedeutet:		Nine in the second place means:	Traducción automática vacía o no disponible en caché.
44	L2_etiqueta	pair			mt_failed	MT falló	Neun auf zweitem Platz bedeutet:		Nine in the second place means:	Traducción automática vacía o no disponible en caché.
45	L2_etiqueta	pair			mt_failed	MT falló	Sechs auf zweitem Platz bedeutet:		Six in the second place means:	Traducción automática vacía o no disponible en caché.
46	L2_etiqueta	pair			mt_failed	MT falló	Neun auf zweitem Platz bedeutet:		Nine in the second place means:	Traducción automática vacía o no disponible en caché.
47	L2_etiqueta	pair			mt_failed	MT falló	Neun auf zweitem Platz bedeutet:		Nine in the second place means:	Traducción automática vacía o no disponible en caché.
48	L2_etiqueta	pair			mt_failed	MT falló	Neun auf zweitem Platz bedeutet:		Nine in the second place means:	Traducción automática vacía o no disponible en caché.
49	L2_etiqueta	pair			mt_failed	MT falló	Sechs auf zweitem Platz bedeutet:		Six in the second place means:	Traducción automática vacía o no disponible en caché.
50	L2_etiqueta	pair			mt_failed	MT falló	Neun auf zweitem Platz bedeutet:		Nine in the second place means:	Traducción automática vacía o no disponible en caché.
51	L2_etiqueta	pair			mt_failed	MT falló	Sechs auf zweitem Platz bedeutet:		Six in the second place means:	Traducción automática vacía o no disponible en caché.
52	L2_etiqueta	pair			mt_failed	MT falló	Sechs auf zweitem Platz bedeutet:		Six in the second place means:	Traducción automática vacía o no disponible en caché.
53	L2_etiqueta	pair			mt_failed	MT falló	Sechs auf zweitem Platz bedeutet:		Six in the second place means:	Traducción automática vacía o no disponible en caché.
54	L2_etiqueta	pair			mt_failed	MT falló	Neun auf zweitem Platz bedeutet:		Nine in the second place means:	Traducción automática vacía o no disponible en caché.
55	L2_etiqueta	pair			mt_failed	MT falló	Sechs auf zweitem Platz bedeutet:		Six in the second place means:	Traducción automática vacía o no disponible en caché.
56	L2_etiqueta	pair			mt_failed	MT falló	Sechs auf zweitem Platz bedeutet:		Six in the second place means:	Traducción automática vacía o no disponible en caché.
57	L2_etiqueta	pair			mt_failed	MT falló	Neun auf zweitem Platz bedeutet:		Nine in the second place means:	Traducción automática vacía o no disponible en caché.
58	L2_etiqueta	pair			mt_failed	MT falló	Neun auf zweitem Platz bedeutet:		Nine in the second place means:	Traducción automática vacía o no disponible en caché.
59	L2_etiqueta	pair			mt_failed	MT falló	Neun auf zweitem Platz bedeutet:		Nine in the second place means:	Traducción automática vacía o no disponible en caché.
60	L2_etiqueta	pair			mt_failed	MT falló	Neun auf zweitem Platz bedeutet:		Nine in the second place means:	Traducción automática vacía o no disponible en caché.
61	L2_etiqueta	pair			mt_failed	MT falló	Neun auf zweitem Platz bedeutet:		Nine in the second place means:	Traducción automática vacía o no disponible en caché.
62	L2_etiqueta	pair			mt_failed	MT falló	Sechs auf zweitem Platz bedeutet:		Six in the second place means:	Traducción automática vacía o no disponible en caché.
63	L2_etiqueta	pair			mt_failed	MT falló	Sechs auf zweitem Platz bedeutet:		Six in the second place means:	Traducción automática vacía o no disponible en caché.
64	L2_etiqueta	pair			mt_failed	MT falló	Neun auf zweitem Platz bedeutet:		Nine in the second place means:	Traducción automática vacía o no disponible en caché.
1	L2_oraculo	pair			mt_failed	MT falló	Erscheinender Drache auf dem Feld. Fördernd ist es, den großen Mann zu sehen.		Dragon appearing in the field. It furthers one to see the great man.	Traducción automática vacía o no disponible en caché.
2	L2_oraculo	pair			mt_failed	MT falló	Gerade, rechtwinklig, groß. Ohne Absicht bleibt doch nichts ungefördert.		Straight, square, great. Without purpose, Yet nothing remains unfurthered.	Traducción automática vacía o no disponible en caché.
3	L2_oraculo	pair			mt_failed	MT falló	Schwierigkeiten türmen sich. Pferd und Wagen trennen sich. Nicht Räuber er ist, Will freien zur Frist. Das Mädchen ist keusch, verspricht si…		Difficulties pile up. Horse and wagon part. He is not a robber; He wants to woo when the time comes. The maiden is chaste, She does not pled…	Traducción automática vacía o no disponible en caché.
4	L2_oraculo	pair			mt_failed	MT falló	Die Toren ertragen in Milde, bringt Heil. Die Frauen zu nehmen wissen, bringt Heil. Der Sohn ist dem Hauswesen gewachsen.		To bear with fools in kindliness brings good fortune. To know how to take women Brings good fortune. The son is capable of taking charge of …	Traducción automática vacía o no disponible en caché.
5	L2_oraculo	pair			mt_failed	MT falló	Warten auf dem Sand. Es gibt ein wenig Gerede. Das Ende bringt Heil.		Waiting on the sand. There is some gossip. The end brings good fortune.	Traducción automática vacía o no disponible en caché.
6	L2_oraculo	pair			mt_failed	MT falló	Man kann nicht streiten, kehrt heim und weicht aus. Die Menschen seiner Stadt, dreihundert Häuser, bleiben frei von Schuld.		One cannot engage in conflict; One returns home, gives way. The people of his town, Three hundred households, Remain free of guilt.	Traducción automática vacía o no disponible en caché.
7	L2_oraculo	pair			mt_failed	MT falló	Inmitten des Heeres! Heil! Kein Makel! Der König verleiht dreifache Auszeichnung.		In the midst of the army. Good fortune. No blame. The king bestows a triple decoration.	Traducción automática vacía o no disponible en caché.
8	L2_oraculo	pair			mt_failed	MT falló	Halte zu ihm im Innern. Beharrlichkeit bringt Heil.		Hold to him inwardly. Perseverance brings good fortune.	Traducción automática vacía o no disponible en caché.
9	L2_oraculo	pair			mt_failed	MT falló	Läßt sich mitziehen zur Wiederkehr. Heil!		He allows himself to be drawn into returning. Good fortune.	Traducción automática vacía o no disponible en caché.
10	L2_oraculo	pair			mt_failed	MT falló	Auftreten auf schlichter, ebener Bahn. Eines dunkeln Mannes Beharrlichkeit bringt Heil.		Treading a smooth, level course. The perseverance of a dark man Brings good fortune.	Traducción automática vacía o no disponible en caché.
11	L2_oraculo	pair			mt_failed	MT falló	Die Ungebildeten in Milde tragen, entschlossen den Fluß durchschreiten, das Ferne nicht vernachlässigen, die Genossen nicht berücksichtigen:		Bearing with the uncultured in gentleness, Fording the river with resolution, Not neglecting what is distant, Not regarding one's companions…	Traducción automática vacía o no disponible en caché.
12	L2_oraculo	pair			mt_failed	MT falló	Sie tragen und dulden, das bedeutet für die Gemeinen Heil. Dem großen Mann dient die Stockung zum Gelingen.		They bear and endure; This means good fortune for inferior people. The standstill serves to help the great man to attain success.	Traducción automática vacía o no disponible en caché.
13	L2_oraculo	pair			mt_failed	MT falló	Gemeinschaft mit Menschen im Klan: Beschämung.		Fellowship with men in the clan. Humiliation.	Traducción automática vacía o no disponible en caché.
14	L2_oraculo	pair			mt_failed	MT falló	Ein großer Wagen zum Beladen. Man mag etwas unternehmen. Kein Makel.		A big wagon for loading. One may undertake something. No blame.	Traducción automática vacía o no disponible en caché.
15	L2_oraculo	pair			mt_failed	MT falló	Sich äußernde Bescheidenheit. Beharrlichkeit bringt Heil.		Modesty that comes to expression. Perseverance brings good fortune.	Traducción automática vacía o no disponible en caché.
16	L2_oraculo	pair			mt_failed	MT falló	Fest wie ein Stein. Kein ganzer Tag. Beharrlichkeit bringt Heil.		Firm as a rock. Not a whole day. Perseverance brings good fortune.	Traducción automática vacía o no disponible en caché.
17	L2_oraculo	pair			mt_failed	MT falló	Hängt man sich an den kleinen Knaben, so verliert man den starken Mann.		If one clings to the little boy, One loses the strong man.	Traducción automática vacía o no disponible en caché.
18	L2_oraculo	pair			mt_failed	MT falló	Zurechtbringen des von der Mutter Verdorbenen. Man darf nicht zu beharrlich sein.		Setting right what has been spoiled by the mother. One must not be too persevering.	Traducción automática vacía o no disponible en caché.
19	L2_oraculo	pair			mt_failed	MT falló	Gemeinsame Annäherung. Heil! Alles ist fördernd.		Joint approach. Good fortune. Everything furthers.	Traducción automática vacía o no disponible en caché.
20	L2_oraculo	pair			mt_failed	MT falló	Betrachtung durch die Türspalte. Fördernd für die Beharrlichkeit einer Frau.		Contemplation through the crack of the door. Furthering for the perseverance of a woman.	Traducción automática vacía o no disponible en caché.
21	L2_oraculo	pair			mt_failed	MT falló	Beißt durch weiches Fleisch, daß die Nase verschwindet. Kein Makel.		Bites through tender meat, So that his nose disappears. No blame.	Traducción automática vacía o no disponible en caché.
22	L2_oraculo	pair			mt_failed	MT falló	Macht seinen Kinnbart anmutig.		Lends grace to the beard on his chin.	Traducción automática vacía o no disponible en caché.
23	L2_oraculo	pair			mt_failed	MT falló	Das Bett wird zersplittert am Rand. Die Beharrlichen werden vernichtet. Unheil.		The bed is split at the edge. Those who persevere are destroyed. Misfortune.	Traducción automática vacía o no disponible en caché.
24	L2_oraculo	pair			mt_failed	MT falló	Ruhige Wiederkehr. Heil!		Quiet return. Good fortune.	Traducción automática vacía o no disponible en caché.
25	L2_oraculo	pair			mt_failed	MT falló	Wenn man beim Pflügen nicht ans Ernten denkt und beim Roden nicht an das Benützen des Feldes: dann ist es fördernd, etwas zu unternehmen.		If one does not count on the harvest while plowing, Nor on the use of the ground while clearing it, It furthers one to undertake something.	Traducción automática vacía o no disponible en caché.
26	L2_oraculo	pair			mt_failed	MT falló	Dem Wagen werden die Achsenlager abgenommen.		The axletrees are taken from the wagon.	Traducción automática vacía o no disponible en caché.
27	L2_oraculo	pair			mt_failed	MT falló	Nach dem Gipfel sich wenden um Ernährung. Vom Wege abweichen, um von dem Hügel Ernährung zu suchen: Wenn man so fortmacht, bringt es Unheil.		Turning to the summit for nourishment, Deviating from the path To seek nourishment from the hill. Continuing to do this brings misfortune.	Traducción automática vacía o no disponible en caché.
28	L2_oraculo	pair			mt_failed	MT falló	Ein trockener Pappelbaum treibt einen Wurzelsproß. Ein älterer Mann bekommt eine junge Frau. Alles ist fördernd.		A dry poplar sprouts at the root. An older man takes a young wife. Everything furthers.	Traducción automática vacía o no disponible en caché.
29	L2_oraculo	pair			mt_failed	MT falló	Der Abgrund hat Gefahr. Man soll nur Kleines zu erreichen streben.		The abyss is dangerous. One should strive to attain small things only.	Traducción automática vacía o no disponible en caché.
30	L2_oraculo	pair			mt_failed	MT falló	Gelber Schein. Erhabenes Heil.		Yellow light. Supreme good fortune.	Traducción automática vacía o no disponible en caché.
31	L2_oraculo	pair			mt_failed	MT falló	Die Einwirkung äußert sich in den Waden. Unheil! Verweilen bringt Heil.		The influence shows itself in the calves of the legs. Misfortune. Tarrying brings good fortune.	Traducción automática vacía o no disponible en caché.
32	L2_oraculo	pair			mt_failed	MT falló	Reue schwindet.		Remorse disappears.	Traducción automática vacía o no disponible en caché.
33	L2_oraculo	pair			mt_failed	MT falló	Er hält ihn fest mit gelbem Ochsenleder. Niemand vermag ihn loszureißen.		He holds him fast with yellow oxhide. No one can tear him loose.	Traducción automática vacía o no disponible en caché.
34	L2_oraculo	pair			mt_failed	MT falló	Beharrlichkeit bringt Heil.		Perseverance brings good fortune.	Traducción automática vacía o no disponible en caché.
35	L2_oraculo	pair			mt_failed	MT falló	Fortschreitend, aber in Trauer. Beharrlichkeit bringt Heil. Man bekommt dann großes Glück von seiner Ahnfrau.		Progressing, but in sorrow. Perseverance brings good fortune. Then one obtains great happiness from one's ancestress.	Traducción automática vacía o no disponible en caché.
36	L2_oraculo	pair			mt_failed	MT falló	Die Verfinsterung des Lichts verletzt ihn am linken Schenkel. Er wirkt Hilfe mit der Macht eines Pferdes. Heil.		Darkening of the light injures him in the left thigh. He gives aid with the strength of a horse. Good fortune.	Traducción automática vacía o no disponible en caché.
37	L2_oraculo	pair			mt_failed	MT falló	Sie soll nicht ihrer Laune folgen. Sie soll im Innern für Speise sorgen. Beharrlichkeit bringt Heil.		She should not follow her whims. She must attend within to the food. Perseverance brings good fortune.	Traducción automática vacía o no disponible en caché.
38	L2_oraculo	pair			mt_failed	MT falló	Man begegnet seinem Herrn in enger Gasse. Kein Makel.		One meets his lord in a narrow street. No blame.	Traducción automática vacía o no disponible en caché.
39	L2_oraculo	pair			mt_failed	MT falló	Des Königs Diener ist in Hemmnis über Hemmnis. Aber es ist nicht seine eigene Schuld.		The king's servant is beset by obstruction upon obstruction, But it is not his own fault.	Traducción automática vacía o no disponible en caché.
40	L2_oraculo	pair			mt_failed	MT falló	Auf dem Feld erlegt man drei Füchse und bekommt einen gelben Pfeil. Beharrlichkeit ist von Heil.		One kills three foxes in the field And receives a yellow arrow. Perseverance brings good fortune.	Traducción automática vacía o no disponible en caché.
41	L2_oraculo	pair			mt_failed	MT falló	Fördernd ist Beharrlichkeit. Etwas zu unternehmen, ist von Unheil. Ohne sich selbst zu mindern, vermag man die andern zu mehren.		Perseverance furthers. To undertake something brings misfortune. Without decreasing oneself, One is able to bring increase to others.	Traducción automática vacía o no disponible en caché.
42	L2_oraculo	pair			mt_failed	MT falló	Es mehrt ihn wohl jemand. Zehn Paar Schildkröten können dem nicht widerstreben. Dauernde Beharrlichkeit bringt Heil. Der König stellt ihn da…		Someone does indeed increase him; Ten pairs of tortoises cannot oppose it. Constant perseverance brings good fortune. The king presents him …	Traducción automática vacía o no disponible en caché.
43	L2_oraculo	pair			mt_failed	MT falló	Alarmruf. Abends und nachts Waffen. Fürchte nichts.		A cry of alarm. Arms at evening and at night. Fear nothing.	Traducción automática vacía o no disponible en caché.
44	L2_oraculo	pair			mt_failed	MT falló	Im Behälter ist ein Fisch. Kein Makel! Nicht fördernd für Gäste.		There is a fish in the tank. No blame. Does not further guests.	Traducción automática vacía o no disponible en caché.
45	L2_oraculo	pair			mt_failed	MT falló	Sich ziehen lassen bringt Heil und bleibt ohne Makel. Wenn man wahrhaftig ist,		Letting oneself be drawn Brings good fortune and remains blameless. If one is sincere, It furthers one to bring even a small offering.	Traducción automática vacía o no disponible en caché.
46	L2_oraculo	pair			mt_failed	MT falló	Wenn man wahrhaftig ist, so ist es auch fördernd, ein kleines Opfer zu bringen. Kein Makel.		If one is sincere, It furthers one to bring even a small offering. No blame.	Traducción automática vacía o no disponible en caché.
47	L2_oraculo	pair			mt_failed	MT falló	Man ist bedrängt bei Wein und Speisen. Der Mann mit den scharlachroten Kniebinden kommt eben. Fördernd ist es, Opfer darzubringen. Aufbreche…		One is oppressed while at meat and drink. The man with the scarlet knee bands is just coming. It furthers one to offer sacrifice. To set for…	Traducción automática vacía o no disponible en caché.
48	L2_oraculo	pair			mt_failed	MT falló	Am Brunnenloch schießt man Fische. Der Krug ist zerbrochen und rinnt.		At the wellhole one shoots fishes. The jug is broken and leaks.	Traducción automática vacía o no disponible en caché.
49	L2_oraculo	pair			mt_failed	MT falló	Am eigenen Tage, da mag man umwälzen. Aufbruch bringt Heil. Kein Makel.		When one's own day comes, one may create revolution. Starting brings good fortune. No blame.	Traducción automática vacía o no disponible en caché.
50	L2_oraculo	pair			mt_failed	MT falló	Im Tiegel ist Nahrung. Meine Genossen haben Neid, aber sie können mir nichts anhaben. Heil!		There is food in the ting. My comrades are envious, But they cannot harm me. Good fortune.	Traducción automática vacía o no disponible en caché.
51	L2_oraculo	pair			mt_failed	MT falló	Das Erschüttern kommt mit Gefahr. Hunderttausendfach verlierst du deine Schätze und mußt auf die neun Hügel steigen. Jage ihnen nicht nach. …		Shock comes bringing danger. A hundred thousand times You lose your treasures And must climb the nine hills. Do not go in pursuit of them. A…	Traducción automática vacía o no disponible en caché.
52	L2_oraculo	pair			mt_failed	MT falló	Stillehalten seiner Waden. Er kann den nicht retten, dem er folgt. Sein Herz ist nicht froh.		Keeping his calves still. He cannot rescue him whom he follows. His heart is not glad.	Traducción automática vacía o no disponible en caché.
53	L2_oraculo	pair			mt_failed	MT falló	Die Wildgans zieht allmählich dem Felsen zu. Essen und Trinken in Frieden und Eintracht. Heil!		The wild goose gradually draws near the cliff. Eating and drinking in peace and concord. Good fortune.	Traducción automática vacía o no disponible en caché.
54	L2_oraculo	pair			mt_failed	MT falló	Ein Einäugiger, der sehen kann. Fördernd ist die Beharrlichkeit eines einsamen Menschen.		A one-eyed man who is able to see. The perseverance of a solitary man furthers.	Traducción automática vacía o no disponible en caché.
55	L2_oraculo	pair			mt_failed	MT falló	Der Vorhang ist von solcher Fülle, daß man am Mittag die Polsterne sieht. Durch Hingehen erreicht man Mißtrauen und Haß. Wenn man durch Wahr…		The curtain is of such fullness That the polestars can be seen at noon. Through going one meets with mistrust and hate. If one rouses him th…	Traducción automática vacía o no disponible en caché.
56	L2_oraculo	pair			mt_failed	MT falló	Der Wanderer kommt zur Herberge. Er hat seinen Besitz bei sich. Er erlangt eines jungen Dieners Beharrlichkeit.		The wanderer comes to an inn. He has his property with him. He wins the steadfastness of a young servant.	Traducción automática vacía o no disponible en caché.
57	L2_oraculo	pair			mt_failed	MT falló	Eindringen unter das Bett. Man benützt Priester und Magier in großer Zahl. Heil! Kein Makel.		Penetration under the bed. Priests and magicians are used in great number. Good fortune. No blame.	Traducción automática vacía o no disponible en caché.
58	L2_oraculo	pair			mt_failed	MT falló	Wahrhaftige Heiterkeit. Heil! Die Reue schwindet.		Sincere joyousness. Good fortune. Remorse disappears.	Traducción automática vacía o no disponible en caché.
59	L2_oraculo	pair			mt_failed	MT falló	Bei der Auflösung läuft er seiner Stütze zu. Die Reue schwindet.		At the dissolution He hurries to that which supports him. Remorse disappears.	Traducción automática vacía o no disponible en caché.
60	L2_oraculo	pair			mt_failed	MT falló	Nicht zu Tor und Hof hinausgehen bringt Unheil.		Not going out of the gate and the courtyard Brings misfortune.	Traducción automática vacía o no disponible en caché.
61	L2_oraculo	pair			mt_failed	MT falló	Ein rufender Kranich im Schatten. Sein Junges antwortet ihm.		A crane calling in the shade. Its young answers it. I have a good goblet. I will share it with you.	Traducción automática vacía o no disponible en caché.
62	L2_oraculo	pair			mt_failed	MT falló	Sie geht an ihrem Ahnherrn vorbei und trifft die Ahnfrau. Er erreicht nicht seinen Fürsten und trifft den Beamten. Kein Makel.		She passes by her ancestor And meets her ancestress. He does not reach his prince And meets the official. No blame.	Traducción automática vacía o no disponible en caché.
63	L2_oraculo	pair			mt_failed	MT falló	Die Frau verliert ihren Wagenvorhang. Lauf ihm nicht nach, am siebten Tage bekommst du es.		The woman loses the curtain of her carriage. Do not run after it; On the seventh day you will get it.	Traducción automática vacía o no disponible en caché.
64	L2_oraculo	pair			mt_failed	MT falló	Er hemmt seine Räder. Beharrlichkeit bringt Heil.		He brakes his wheels. Perseverance brings good fortune.	Traducción automática vacía o no disponible en caché.
1	L2_comentario	pair			mt_failed	MT falló	Hier beginnen die Wirkungen der lichten Kraft sich zu zeigen. Auf menschliche Verhältnisse übertragen bedeutet das, daß der große Mann auf d…		Here the effects of the light-giving power begin to manifest themselves. In terms of human affairs, this means that the great man makes his …	Traducción automática vacía o no disponible en caché.
2	L2_comentario	pair			mt_failed	MT falló	Der Himmel hat als Symbol den Kreis, die Erde das rechtwinklige Quadrat. Somit ist das Rechtwinklige eine ursprüngliche Eigenschaft der Erde…		The symbol of heaven is the circle, and that of earth is the square. Thus squareness is a primary quality of the earth. On the other hand, m…	Traducción automática vacía o no disponible en caché.
3	L2_comentario	pair			mt_failed	MT falló	Man befindet sich in Schwierigkeit und Hemmung. Da zeigt sich plötzlich eine Wendung, wie wenn jemand mit Wagen und Pferden herankäme und au…		We find ourselves beset by difficulties and hindrances. Suddenly there is a turn of affairs, as if someone were coming up with a horse and w…	Traducción automática vacía o no disponible en caché.
4	L2_comentario	pair			mt_failed	MT falló	Hier ist ein Mann gezeichnet, der keine äußere Macht hat, aber die nötige Geisteskraft, um die auf ihm lastende Verantwortung zu tragen. Er …		These lines picture a man who has no external power, but who has enough strength of mind to bear his burden of responsibility. He has the in…	Traducción automática vacía o no disponible en caché.
5	L2_comentario	pair			mt_failed	MT falló	Die Gefahr rückt allmählich näher. Der Sand ist dem Ufer des Stromes, der die Gefahr bedeutet, nahe. Es beginnen sich Unzuträglichkeiten zu …		The danger gradually comes closer. Sand is near the bank of the river, and the water means danger. Disagreements crop up. General unrest can…	Traducción automática vacía o no disponible en caché.
6	L2_comentario	pair			mt_failed	MT falló	Im Kampf mit einem überlegenen Gegner ist Rückzug keine Schande. Wenn man sich rechtzeitig zurückzieht, vermeidet man üble Folgen. Wollte ma…		In a struggle with an enemy of superior strength, retreat is no disgrace. Timely withdrawal prevents bad consequences. If, out of a false se…	Traducción automática vacía o no disponible en caché.
7	L2_comentario	pair			mt_failed	MT falló	Der Führer muß inmitten seines Heeres sein. Er muß Fühlung mit ihm haben und Gutes und Böses mit den Massen teilen, die er führt. Nur auf di…		The leader should be in the midst of his army, in touch with it, sharing good and bad with the masses he leads. This alone makes him equal t…	Traducción automática vacía o no disponible en caché.
8	L2_comentario	pair			mt_failed	MT falló	Wenn man auf rechte und beharrliche Weise den Bitten, die von oben her zum Wirken uns auffordern, entgegenkommt, so sind die Beziehungen zum…		If a person responds perseveringly and in the right way to the behests from above that summon him to action, his relations with others are i…	Traducción automática vacía o no disponible en caché.
9	L2_comentario	pair			mt_failed	MT falló	Man möchte an sich voran. Aber ehe man noch weiterkommt, sieht man an dem Beispiel anderer gleichgearteter Menschen, daß dieser Weg behinder…		One would like to press forward, but before going farther one sees from the example of others like oneself that this way is blocked. In such…	Traducción automática vacía o no disponible en caché.
10	L2_comentario	pair			mt_failed	MT falló	Es ist hier die Lage eines einsamen Weisen gezeichnet. Er hält sich von dem Weltgetriebe fern, sucht nichts, will von niemandem etwas und lä…		The situation of a lonely sage is indicated here. He remains withdrawn from the bustle of life, seeks nothing, asks nothing of anyone, and i…	Traducción automática vacía o no disponible en caché.
11	L2_comentario	pair			mt_failed	MT falló	so mag man es fertigbringen, in der Mitte zu wandeln. In Zeiten der Blüte ist es vor allem wichtig, daß man die innere Größe besitzt, auch d…		In times of prosperity it is important above all to possess enough greatness of soul to bear with imperfect people. For in the hands of a gr…	Traducción automática vacía o no disponible en caché.
12	L2_comentario	pair			mt_failed	MT falló	Die Gemeinen sind bereit, in kriecherischer Weise ihren Vorgesetzten zu schmeicheln. Sie würden auch den Edlen dulden, wenn er ihnen behilfl…		Inferior people are ready to flatter their superiors in a servile way. They would also endure the superior man if he would put an end to the…	Traducción automática vacía o no disponible en caché.
13	L2_comentario	pair			mt_failed	MT falló	Hier ist die Gefahr einer Sonderpartei auf Grund von persönlichen und selbstsüchtigen Interessen. Solche Parteiungen, die ausschließend sind…		There is danger here of formation of a separate faction on the basis of personal and egotistic interests. Such factions, which are exclusive…	Traducción automática vacía o no disponible en caché.
14	L2_comentario	pair			mt_failed	MT falló	Großer Besitz besteht nicht allein in der Menge der Güter, die einem zur Verfügung stehen, sondern vor allem in ihrer Beweglichkeit und Verw…		Great possession consists not only in the quantity of goods at one's disposal, but, first and foremost, in their mobility and utility, for t…	Traducción automática vacía o no disponible en caché.
15	L2_comentario	pair			mt_failed	MT falló	Wes das Herz voll ist, des geht der Mund über. Wenn jemand innerlich so bescheiden ist, daß sich diese Gesinnung in seinem äußeren Benehmen …		""Out of the fullness of the heart the mouth speaketh."" When a man's attitude of mind is so modest that this expresses itself in his outward …	Traducción automática vacía o no disponible en caché.
16	L2_comentario	pair			mt_failed	MT falló	Es wird hier jemand gezeichnet, der sich von keinen Illusionen betören läßt. Während andere durch Begeisterung sich blenden lassen, erkennt …		This describes a person who does not allow himself to be misled by any illusions. While others are letting themselves be dazzled by enthusia…	Traducción automática vacía o no disponible en caché.
17	L2_comentario	pair			mt_failed	MT falló	Bei Freundschaft und engen Beziehungen muß man in der Auswahl vorsichtig sein. Man macht sich entweder eine gute oder eine schlechte Gesells…		In friendships and close relationships an individual must make a careful choice. He surrounds himself either with good or with bad company; …	Traducción automática vacía o no disponible en caché.
18	L2_comentario	pair			mt_failed	MT falló	Es handelt sich um Fehler, die aus Schwachheit das Verderben veranlaßt haben. Daher das Symbol des von der Mutter Verdorbenen. Da ist beim A…		This refers to mistakes that as a result of weakness have brought about decay—hence the symbol, ""what has been spoiled by the mother."" In se…	Traducción automática vacía o no disponible en caché.
19	L2_comentario	pair			mt_failed	MT falló	Da man sich in der Lage befindet, von oben her zum Herbeikommen angeregt zu sein, und da man in sich selbst die Stärke und Konsequenz besitz…		When the stimulus to approach comes from a high place, and when a man has the inner strength and consistency that need no admonition, good f…	Traducción automática vacía o no disponible en caché.
20	L2_comentario	pair			mt_failed	MT falló	Durch die Türspalte hat man einen beschränkten Ausblick. Man sieht von innen nach außen. Die Betrachtungsweise ist subjektiv beschränkt. Man…		Through the crack of the door one has a limited outlook; one looks outward from within. Contemplation is subjectively limited. One tends to …	Traducción automática vacía o no disponible en caché.
21	L2_comentario	pair			mt_failed	MT falló	Recht und Unrecht lassen sich im vorliegenden Fall leicht unterscheiden. Es ist, wie wenn man durch weiches Fleisch beißt. Aber man trifft a…		It is easy to discriminate between right and wrong in this case; it is like biting through tender meat. But one encounters a hardened sinner…	Traducción automática vacía o no disponible en caché.
22	L2_comentario	pair			mt_failed	MT falló	Der Bart ist nichts Selbständiges. Er kann nur mit dem Kinn zusammen bewegt werden. Das Bild bedeutet daher, daß die Form nur im Gefolge und…		The beard is not an independent thing; it moves only with the chin. The image therefore means that form is to be considered only as a result…	Traducción automática vacía o no disponible en caché.
23	L2_comentario	pair			mt_failed	MT falló	Die Macht der Gemeinen wächst. Schon naht sich die Gefahr der eigenen Person. Es kommen schon deutliche Anzeichen. Die Ruhe wird gestört. Wä…		The power of the inferior people is growing. The danger draws close to one's person; already there are dear indications, and rest is disturb…	Traducción automática vacía o no disponible en caché.
24	L2_comentario	pair			mt_failed	MT falló	Die Umkehr bedarf immer eines Entschlusses und ist ein Akt der Selbstbezwingung. Sie wird erleichtert, wenn man in guter Gesellschaft ist. W…		Return always calls for a decision and is an act of self-mastery. It is made easier if a man is in good company. If he can bring himself to …	Traducción automática vacía o no disponible en caché.
25	L2_comentario	pair			mt_failed	MT falló	Man soll jede Arbeit um ihrer selbst willen tun, wie Zeit und Ort sie verlangen, und nicht nach dem Erfolg schielen, dann gerät sie, und was…		We should do every task for its own sake as time and place demand and not with an eye to the result. Then each task turns out well, and anyt…	Traducción automática vacía o no disponible en caché.
26	L2_comentario	pair			mt_failed	MT falló	Hier ist das Fortschreiten gehemmt, ähnlich wie bei des Kleinen Zähmungskraft (Nr. 9, Neun auf drittem Platz). Aber während dort die hemmend…		Here advance is checked just as in the third line of THE TAMING POWER OF THE SMALL (9). However, in the latter the restraining force is slig…	Traducción automática vacía o no disponible en caché.
27	L2_comentario	pair			mt_failed	MT falló	Das Normale ist, daß man für seine Nahrung selbst sorgt oder sich von denen, die Pflicht und Recht dazu haben, auf rechtmäßige Weise ernähre…		Normally a person either provides his own means of nourishment or is supported in a proper way by those whose duty and privilege it is to pr…	Traducción automática vacía o no disponible en caché.
28	L2_comentario	pair			mt_failed	MT falló	Das Holz steht am Wasser, daher das Bild einer alten Pappel, die einen Wurzelsproß treibt. Das ist eine außerordentliche Wiederbelebung des …		Wood is near water; hence the image of an old poplar sprouting at the root. This means an extraordinary reanimation of the processes of grow…	Traducción automática vacía o no disponible en caché.
29	L2_comentario	pair			mt_failed	MT falló	Innerhalb der Gefahr darf man nicht ohne weiteres danach trachten, unter allen Umständen herauszukommen, sondern muß sich zunächst zufrieden…		When we are in danger we ought not to attempt to get out of it immediately, regardless of circumstances; at first we must content ourselves …	Traducción automática vacía o no disponible en caché.
30	L2_comentario	pair			mt_failed	MT falló	Der Mittag des Tages ist erreicht. Die Sonne strahlt in gelbem Schein. Gelb ist die Farbe der Mitte und des Maßes. Gelber Schein ist daher d…		Midday has come; the sun shines with a yellow light. Yellow is the color of measure and mean. Yellow light is therefore a symbol of the high…	Traducción automática vacía o no disponible en caché.
31	L2_comentario	pair			mt_failed	MT falló	Die Wade folgt dem Fuß in der Bewegung. Sie kann nicht von selbst vorwärts und nicht allein stehenbleiben. Es ist eine Bewegung, die unselbs…		In movement, the calf of the leg follows the foot; by itself it can neither go forward nor stand still. Since the movement is not self-gover…	Traducción automática vacía o no disponible en caché.
32	L2_comentario	pair			mt_failed	MT falló	Die Situation ist abnorm. Die Kraft des Charakters ist stärker als die zu Gebote stehende materielle Macht. Da könnte man vielleicht fürchte…		The situation is abnormal. A man's force of character is greater than the available material power. Thus he might be afraid of allowing hims…	Traducción automática vacía o no disponible en caché.
33	L2_comentario	pair			mt_failed	MT falló	Gelb ist die Farbe der Mitte. Sie deutet auf das Korrekte, Pflichtgemäße. Das Leder eines Ochsen ist fest und unzerreißbar. Während die Edle…		Yellow is the color of the middle. It indicates that which is correct and in line with duty. Oxhide is strong and not to be torn. While the …	Traducción automática vacía o no disponible en caché.
34	L2_comentario	pair			mt_failed	MT falló	Die vorausgesetzte Lage ist, daß die Pforten des Erfolgs sich zu öffnen beginnen. Der Widerstand beginnt zu weichen. Man kommt machtvoll vor…		The premise here is that the gates to success are beginning to open. Resistance gives way and we forge ahead. This is the point at which, on…	Traducción automática vacía o no disponible en caché.
35	L2_comentario	pair			mt_failed	MT falló	Der Fortschritt wird aufgehalten, man sieht sich gehindert, mit dem Menschen an leitender Stelle, zu dem man in Beziehung steht, in Verbindu…		Progress is halted; an individual is kept from getting in touch with the man in authority with whom he has a connection. When this happens, …	Traducción automática vacía o no disponible en caché.
36	L2_comentario	pair			mt_failed	MT falló	Hier ist der Herr des Lichts an untergeordnetem Platz. Er wird verletzt vom Herrn der Finsternis. Aber die Verwundung ist nicht lebensgefähr…		Here the Lord of Light is in a subordinate place and is wounded by the Lord of Darkness. But the injury is not fatal; it is only a hindrance…	Traducción automática vacía o no disponible en caché.
37	L2_comentario	pair			mt_failed	MT falló	Die Frau soll sich immer nach dem Willen des Hausherrn richten, sei es des Vaters, des Gatten oder des erwachsenen Sohnes. Ihre Stellung ist…		The wife must always be guided by the will of the master of the house, be he father, husband, or grown son. Her place is within the house. T…	Traducción automática vacía o no disponible en caché.
38	L2_comentario	pair			mt_failed	MT falló	Infolge der Mißverständnisse ist es nicht möglich, daß Menschen, die ihrer Art nach zusammengehören, auf ganz korrekte Weise zusammenkommen.…		As a result of misunderstandings, it has become impossible for people who by nature belong together to meet in the correct way. This being s…	Traducción automática vacía o no disponible en caché.
39	L2_comentario	pair			mt_failed	MT falló	Während man normalerweise das Hemmnis am besten umgeht und auf der Linie des geringsten Widerstands zu überwinden sucht, gibt es doch einen …		Ordinarily it is best to go around an obstacle and try to overcome it along the line of least resistance. But there is one instance in which…	Traducción automática vacía o no disponible en caché.
40	L2_comentario	pair			mt_failed	MT falló	Das Bild ist von der Jagd genommen. Der Jäger fängt drei listige Füchse und erhält zur Belohnung einen gelben Pfeil. Die Hemmnisse des öffen…		The image is taken from the hunt. The hunter catches three cunning foxes and receives a yellow arrow as a reward. The obstacles in public li…	Traducción automática vacía o no disponible en caché.
41	L2_comentario	pair			mt_failed	MT falló	Ein edles Selbstbewußtsein und konsequenter Ernst, der sich nichts vergibt, ist die Gesinnung, die notwendig ist, wenn man andern dienen wil…		A high-minded self-awareness and a consistent seriousness with no forfeit of dignity are necessary if a man wants to be of service to others…	Traducción automática vacía o no disponible en caché.
42	L2_comentario	pair			mt_failed	MT falló	Die wirkliche Mehrung kommt dadurch, daß man in sich die Bedingungen dafür schafft: Aufnahmebereitschaft und Liebe zum Guten. Dadurch kommt …		A man brings about real increase by producing in himself the conditions for it, that is, through receptivity to and love of the good. Thus t…	Traducción automática vacía o no disponible en caché.
43	L2_comentario	pair			mt_failed	MT falló	Bereit sein ist alles. Entschlossenheit ist mit Vorsicht untrennbar verbunden. Wenn man sorgfältig und besonnen ist, so braucht man nicht zu…		Readiness is everything. Resolution is indissolubly bound up with caution. If an individual is careful and keeps his wits about him, he need…	Traducción automática vacía o no disponible en caché.
44	L2_comentario	pair			mt_failed	MT falló	Das niedere Element wird nicht vergewaltigt, aber unter sanfter Kontrolle gehalten. Dann ist nichts Schlimmes zu befürchten. Nur muß man daf…		The inferior element is not overcome by violence but is kept under gentle control. Then nothing evil is to be feared. But care must be taken…	Traducción automática vacía o no disponible en caché.
45	L2_comentario	pair			mt_failed	MT falló	ist es auch fördernd, ein kleines Opfer zu bringen. Man soll in Zeiten der Sammlung seinen Weg nicht willkürlich wählen. Es sind geheime Krä…		In the time of GATHERING TOGETHER, we should make no arbitrary choice of the way. There are secret forces at work, leading together those wh…	Traducción automática vacía o no disponible en caché.
46	L2_comentario	pair			mt_failed	MT falló	Es ist hier ein starker Mann vorausgesetzt. Er paßt zwar insofern nicht in seine Umgebung, als er zu rauh ist und zu wenig auf Formen gibt. …		Here a strong man is presupposed. It is true that he does not fit in with his environment, inasmuch as he is too brusque and pays too little…	Traducción automática vacía o no disponible en caché.
47	L2_comentario	pair			mt_failed	MT falló	Hier ist es eine innere Bedrängnis, in der man sich befindet. Äußerlich geht alles gut; man hat zu essen und zu trinken. Aber man ist erschö…		This pictures a state of inner oppression. Externally, all is well, one has meat and drink. But one is exhausted by the commonplaces of life…	Traducción automática vacía o no disponible en caché.
48	L2_comentario	pair			mt_failed	MT falló	Das Wasser ist an sich klar. Aber man gebraucht es nicht. So halten sich nur Fische im Brunnen auf, und wer kommt, kommt nur, um Fische zu f…		The water itself is clear, but it is not being used. Thus the well is a place where only fish will stay, and whoever comes to it, comes only…	Traducción automática vacía o no disponible en caché.
49	L2_comentario	pair			mt_failed	MT falló	Wenn man alles versucht hat, um die Verhältnisse zu reformieren, ohne daß es einen Erfolg hatte, dann ergibt sich die Notwendigkeit einer Re…		When we have tried in every way to bring about reforms, but without success, revolution becomes necessary. But such a thoroughgoing upheaval…	Traducción automática vacía o no disponible en caché.
50	L2_comentario	pair			mt_failed	MT falló	In Zeiten hoher Kultur kommt alles darauf an, daß man wirklich etwas leistet. Wenn man sich nur auf diese wirklichen Leistungen verläßt, so …		In a period of advanced culture, it is of the greatest importance that one should achieve something significant. If a man concentrates on su…	Traducción automática vacía o no disponible en caché.
51	L2_comentario	pair			mt_failed	MT falló	Es ist eine Lage gezeichnet, da man durch eine Erschütterung in Gefahr gerät und große Verluste erleidet. Die Verhältnisse sind so, daß Wide…		This pictures a situation in which a shock endangers a man and he suffers great losses. Resistance would be contrary to the movement of the …	Traducción automática vacía o no disponible en caché.
52	L2_comentario	pair			mt_failed	MT falló	Das Bein kann sich nicht selbständig bewegen, sondern ist in seiner Bewegung abhängig von der Bewegung des Leibes. Wenn der Leib in starker …		The leg cannot move independently; it depends on the movement of the body. If a leg is suddenly stopped while the whole body is in vigorous …	Traducción automática vacía o no disponible en caché.
53	L2_comentario	pair			mt_failed	MT falló	Der Fels ist ein sicherer Platz am Ufer. Die Entwicklung ist einen Schritt weiter. Man ist über die anfängliche Unsicherheit hinaus und hat …		The cliff is a safe place on shore. The development has gone a step further. The initial insecurity has been overcome, and a safe position i…	Traducción automática vacía o no disponible en caché.
54	L2_comentario	pair			mt_failed	MT falló	Die Lage ist hier so, daß das Mädchen sich mit einem Manne verbunden hat, der sie enttäuscht. Mann und Frau sollen zusammenwirken wie die be…		Here the situation is that of a girl married to a man who has disappointed her. Man and wife ought to work together like a pair of eyes. Her…	Traducción automática vacía o no disponible en caché.
55	L2_comentario	pair			mt_failed	MT falló	Oft kommt es vor, daß sich zwischen den Herrscher, der das Große will, und den Mann, der das Große ausführen könnte, Intrigen und Parteiränk…		It often happens that plots and party intrigues, which have the darkening effect of an eclipse of the sun, come between a ruler intent on gr…	Traducción automática vacía o no disponible en caché.
56	L2_comentario	pair			mt_failed	MT falló	Der Wanderer, der hier gezeichnet wird, ist bescheiden und zurückhaltend. Innerlich verliert er sich nicht selbst, darum findet er einen Ruh…		The wanderer here described is modest and reserved. He does not lose touch with his inner being, hence he finds a resting place. In the outs…	Traducción automática vacía o no disponible en caché.
57	L2_comentario	pair			mt_failed	MT falló	Zuweilen hat man es mit verborgenen Feinden zu tun, ungreifbaren Einflüssen, die sich in die dunkelsten Winkel verkriechen und von dort aus …		At times one has to deal with hidden enemies, intangible influences that slink into dark corners and from this hiding affect people by sugge…	Traducción automática vacía o no disponible en caché.
58	L2_comentario	pair			mt_failed	MT falló	Oft befindet man sich in Beziehung zu minderwertigen Menschen, aus deren Mitte andere Freuden winken, als sie dem höheren Menschen gemäß sin…		We often find ourselves associating with inferior people in whose company we are tempted by pleasures that are inappropriate for the superio…	Traducción automática vacía o no disponible en caché.
59	L2_comentario	pair			mt_failed	MT falló	Wenn man in sich selbst die Anfänge der Entfremdung von andern, des Menschenhasses und der Mißstimmung entdeckt, dann gilt es, diese Stockun…		When an individual discovers within himself the beginnings of alienation from others, of misanthropy and ill humor, he must set about dissol…	Traducción automática vacía o no disponible en caché.
60	L2_comentario	pair			mt_failed	MT falló	Wenn die Zeit des Handelns gekommen ist, gilt es rasches Zugreifen. Wie das Wasser anfangs in einem See sich sammelt, ohne hinauszufließen, …		When the time for action has come, the moment must be quickly seized. Just as water first collects in a lake without flowing out, yet is cer…	Traducción automática vacía o no disponible en caché.
61	L2_comentario	pair			mt_failed	MT falló	Ich habe einen guten Becher. Ich will ihn mit dir teilen. Hier ist von unwillkürlichem Einfluß des inneren Wesens auf gleichgestimmte Mensch…		This refers to the involuntary influence of a man's inner being upon persons of kindred spirit. The crane need not show itself on a high hil…	Traducción automática vacía o no disponible en caché.
62	L2_comentario	pair			mt_failed	MT falló	Zwei Ausnahmefälle sind hier genannt: Im Ahnentempel, wo Generationenwechsel stattfindet, steht der Enkel auf derselben Seite wie der Großva…		Two exceptional situations are instanced here. In the temple of ancestors, where alternation of generations prevails, the grandson stands on…	Traducción automática vacía o no disponible en caché.
63	L2_comentario	pair			mt_failed	MT falló	Wenn eine Frau im Wagen fuhr, hatte sie einen Vorhang, der sie den Blicken der Neugierigen verbarg. Kam dieser Vorhang abhanden, so wäre es …		When a woman drove out in her carriage, she had a curtain that hid her from the glances of the curious. It was regarded as a breach of propr…	Traducción automática vacía o no disponible en caché.
64	L2_comentario	pair			mt_failed	MT falló	Auch hier ist die Zeit zum Handeln noch nicht gekommen. Aber die Geduld, die vonnöten ist, darf nicht ein träges Warten sein, das in den Tag…		Here again the time to act has not yet come. But the patience needed is not that of idle waiting without thought of the morrow. Kept up inde…	Traducción automática vacía o no disponible en caché.
1	L3_etiqueta	pair			mt_failed	MT falló	Neun auf drittem Platz bedeutet:		Nine in the third place means:	Traducción automática vacía o no disponible en caché.
2	L3_etiqueta	pair			mt_failed	MT falló	Sechs auf drittem Platz bedeutet:		Six in the third place means:	Traducción automática vacía o no disponible en caché.
3	L3_etiqueta	pair			mt_failed	MT falló	Sechs auf drittem Platz bedeutet:		Six in the third place means:	Traducción automática vacía o no disponible en caché.
4	L3_etiqueta	pair			mt_failed	MT falló	Sechs auf drittem Platz bedeutet:		Six in the third place means:	Traducción automática vacía o no disponible en caché.
5	L3_etiqueta	pair			mt_failed	MT falló	Neun auf drittem Platz bedeutet:		Nine in the third place means:	Traducción automática vacía o no disponible en caché.
6	L3_etiqueta	pair			mt_failed	MT falló	Sechs auf drittem Platz bedeutet:		Six in the third place means:	Traducción automática vacía o no disponible en caché.
7	L3_etiqueta	pair			mt_failed	MT falló	Sechs auf drittem Platz bedeutet:		Six in the third place means:	Traducción automática vacía o no disponible en caché.
8	L3_etiqueta	pair			mt_failed	MT falló	Sechs auf drittem Platz bedeutet:		Six in the third place means:	Traducción automática vacía o no disponible en caché.
9	L3_etiqueta	pair			mt_failed	MT falló	Neun auf drittem Platz bedeutet:		Nine in the third place means:	Traducción automática vacía o no disponible en caché.
10	L3_etiqueta	pair			mt_failed	MT falló	Sechs auf drittem Platz bedeutet:		Six in the third place means:	Traducción automática vacía o no disponible en caché.
11	L3_etiqueta	pair			mt_failed	MT falló	Neun auf drittem Platz bedeutet:		Nine in the third place means:	Traducción automática vacía o no disponible en caché.
12	L3_etiqueta	pair			mt_failed	MT falló	Sechs auf drittem Platz bedeutet:		Six in the third place means:	Traducción automática vacía o no disponible en caché.
13	L3_etiqueta	pair			mt_failed	MT falló	Neun auf drittem Platz bedeutet:		Nine in the third place means:	Traducción automática vacía o no disponible en caché.
14	L3_etiqueta	pair			mt_failed	MT falló	Neun auf drittem Platz bedeutet:		Nine in the third place means:	Traducción automática vacía o no disponible en caché.
15	L3_etiqueta	pair			mt_failed	MT falló	Neun auf drittem Platz bedeutet:		Nine in the third place means:	Traducción automática vacía o no disponible en caché.
16	L3_etiqueta	pair			mt_failed	MT falló	Sechs auf drittem Platz bedeutet:		Six in the third place means:	Traducción automática vacía o no disponible en caché.
17	L3_etiqueta	pair			mt_failed	MT falló	Sechs auf drittem Platz bedeutet:		Six in the third place means:	Traducción automática vacía o no disponible en caché.
18	L3_etiqueta	pair			mt_failed	MT falló	Neun auf drittem Platz bedeutet:		Nine in the third place means:	Traducción automática vacía o no disponible en caché.
19	L3_etiqueta	pair			mt_failed	MT falló	Sechs auf drittem Platz bedeutet:		Six in the third place means:	Traducción automática vacía o no disponible en caché.
20	L3_etiqueta	pair			mt_failed	MT falló	Sechs auf drittem Platz bedeutet:		Six in the third place means:	Traducción automática vacía o no disponible en caché.
21	L3_etiqueta	pair			mt_failed	MT falló	Sechs auf drittem Platz bedeutet:		Six in the third place means:	Traducción automática vacía o no disponible en caché.
22	L3_etiqueta	pair			mt_failed	MT falló	Neun auf drittem Platz bedeutet:		Nine in the third place means:	Traducción automática vacía o no disponible en caché.
23	L3_etiqueta	pair			mt_failed	MT falló	Sechs auf drittem Platz bedeutet:		Six in the third place means:	Traducción automática vacía o no disponible en caché.
24	L3_etiqueta	pair			mt_failed	MT falló	Sechs auf drittem Platz bedeutet:		Six in the third place means:	Traducción automática vacía o no disponible en caché.
25	L3_etiqueta	pair			mt_failed	MT falló	Sechs auf drittem Platz bedeutet:		Six in the third place means:	Traducción automática vacía o no disponible en caché.
26	L3_etiqueta	pair			mt_failed	MT falló	Neun auf drittem Platz bedeutet:		Nine in the third place means:	Traducción automática vacía o no disponible en caché.
27	L3_etiqueta	pair			mt_failed	MT falló	Sechs auf drittem Platz bedeutet:		Six in the third place means:	Traducción automática vacía o no disponible en caché.
28	L3_etiqueta	pair			mt_failed	MT falló	Neun auf drittem Platz bedeutet:		Nine in the third place means:	Traducción automática vacía o no disponible en caché.
29	L3_etiqueta	pair			mt_failed	MT falló	Sechs auf drittem Platz bedeutet:		Six in the third place means:	Traducción automática vacía o no disponible en caché.
30	L3_etiqueta	pair			mt_failed	MT falló	Neun auf drittem Platz bedeutet:		Nine in the third place means:	Traducción automática vacía o no disponible en caché.
31	L3_etiqueta	pair			mt_failed	MT falló	Neun auf drittem Platz bedeutet:		Nine in the third place means:	Traducción automática vacía o no disponible en caché.
32	L3_etiqueta	pair			mt_failed	MT falló	Neun auf drittem Platz bedeutet:		Nine in the third place means:	Traducción automática vacía o no disponible en caché.
33	L3_etiqueta	pair			mt_failed	MT falló	Neun auf drittem Platz bedeutet:		Nine in the third place means:	Traducción automática vacía o no disponible en caché.
34	L3_etiqueta	pair			mt_failed	MT falló	Neun auf drittem Platz bedeutet:		Nine in the third place means:	Traducción automática vacía o no disponible en caché.
35	L3_etiqueta	pair			mt_failed	MT falló	Sechs auf drittem Platz bedeutet:		Six in the third place means:	Traducción automática vacía o no disponible en caché.
36	L3_etiqueta	pair			mt_failed	MT falló	Neun auf drittem Platz bedeutet:		Nine in the third place means:	Traducción automática vacía o no disponible en caché.
37	L3_etiqueta	pair			mt_failed	MT falló	Neun auf drittem Platz bedeutet:		Nine in the third place means:	Traducción automática vacía o no disponible en caché.
38	L3_etiqueta	pair			mt_failed	MT falló	Sechs auf drittem Platz bedeutet:		Six in the third place means:	Traducción automática vacía o no disponible en caché.
39	L3_etiqueta	pair			mt_failed	MT falló	Neun auf drittem Platz bedeutet:		Nine in the third place means:	Traducción automática vacía o no disponible en caché.
40	L3_etiqueta	pair			mt_failed	MT falló	Sechs auf drittem Platz bedeutet:		Six in the third place means:	Traducción automática vacía o no disponible en caché.
41	L3_etiqueta	pair			mt_failed	MT falló	Sechs auf drittem Platz bedeutet:		Six in the third place means:	Traducción automática vacía o no disponible en caché.
42	L3_etiqueta	pair			mt_failed	MT falló	Sechs auf drittem Platz bedeutet:		Six in the third place means:	Traducción automática vacía o no disponible en caché.
43	L3_etiqueta	pair			mt_failed	MT falló	Neun auf drittem Platz bedeutet:		Nine in the third place means:	Traducción automática vacía o no disponible en caché.
44	L3_etiqueta	pair			mt_failed	MT falló	Neun auf drittem Platz bedeutet:		Nine in the third place means:	Traducción automática vacía o no disponible en caché.
45	L3_etiqueta	pair			mt_failed	MT falló	Sechs auf drittem Platz bedeutet:		Six in the third place means:	Traducción automática vacía o no disponible en caché.
46	L3_etiqueta	pair			mt_failed	MT falló	Neun auf drittem Platz bedeutet:		Nine in the third place means:	Traducción automática vacía o no disponible en caché.
47	L3_etiqueta	pair			mt_failed	MT falló	Sechs auf drittem Platz bedeutet:		Six in the third place means:	Traducción automática vacía o no disponible en caché.
48	L3_etiqueta	pair			mt_failed	MT falló	Neun auf drittem Platz bedeutet:		Nine in the third place means:	Traducción automática vacía o no disponible en caché.
49	L3_etiqueta	pair			mt_failed	MT falló	Neun auf drittem Platz bedeutet:		Nine in the third place means:	Traducción automática vacía o no disponible en caché.
50	L3_etiqueta	pair			mt_failed	MT falló	Neun auf drittem Platz bedeutet:		Nine in the third place means:	Traducción automática vacía o no disponible en caché.
51	L3_etiqueta	pair			mt_failed	MT falló	Sechs auf drittem Platz bedeutet:		Six in the third place means:	Traducción automática vacía o no disponible en caché.
52	L3_etiqueta	pair			mt_failed	MT falló	Neun auf drittem Platz bedeutet:		Nine in the third place means:	Traducción automática vacía o no disponible en caché.
53	L3_etiqueta	pair			mt_failed	MT falló	Neun auf drittem Platz bedeutet:		Nine in the third place means:	Traducción automática vacía o no disponible en caché.
54	L3_etiqueta	pair			mt_failed	MT falló	Sechs auf drittem Platz bedeutet:		Six in the third place means:	Traducción automática vacía o no disponible en caché.
55	L3_etiqueta	pair			mt_failed	MT falló	Neun auf drittem Platz bedeutet:		Nine in the third place means:	Traducción automática vacía o no disponible en caché.
56	L3_etiqueta	pair			mt_failed	MT falló	Neun auf drittem Platz bedeutet:		Nine in the third place means:	Traducción automática vacía o no disponible en caché.
57	L3_etiqueta	pair			mt_failed	MT falló	Neun auf drittem Platz bedeutet:		Nine in the third place means:	Traducción automática vacía o no disponible en caché.
58	L3_etiqueta	pair			mt_failed	MT falló	Sechs auf drittem Platz bedeutet:		Six in the third place means:	Traducción automática vacía o no disponible en caché.
59	L3_etiqueta	pair			mt_failed	MT falló	Sechs auf drittem Platz bedeutet:		Six in the third place means:	Traducción automática vacía o no disponible en caché.
60	L3_etiqueta	pair			mt_failed	MT falló	Sechs auf drittem Platz bedeutet:		Six in the third place means:	Traducción automática vacía o no disponible en caché.
61	L3_etiqueta	pair			mt_failed	MT falló	Sechs auf drittem Platz bedeutet:		Six in the third place means:	Traducción automática vacía o no disponible en caché.
62	L3_etiqueta	pair			mt_failed	MT falló	Neun auf drittem Platz bedeutet:		Nine in the third place means:	Traducción automática vacía o no disponible en caché.
63	L3_etiqueta	pair			mt_failed	MT falló	Neun auf drittem Platz bedeutet:		Nine in the third place means:	Traducción automática vacía o no disponible en caché.
64	L3_etiqueta	pair			mt_failed	MT falló	Sechs auf drittem Platz bedeutet:		Six in the third place means:	Traducción automática vacía o no disponible en caché.
1	L3_oraculo	pair			mt_failed	MT falló	Der Edle ist den ganzen Tag schöpferisch tätig. Des Abends noch ist er voll innerer Sorge. Gefahr. Kein Makel.		All day long the superior man is creatively active. At nightfall his mind is still beset with cares. Danger. No blame.	Traducción automática vacía o no disponible en caché.
2	L3_oraculo	pair			mt_failed	MT falló	Verborgene Linien; man vermag beharrlich zu bleiben. Folgst du etwa eines Königs Diensten, so suche nicht Werke, aber vollende!		Hidden lines. One is able to remain persevering. If by chance you are in the service of a king, Seek not works, but bring to completion.	Traducción automática vacía o no disponible en caché.
3	L3_oraculo	pair			mt_failed	MT falló	Wer den Hirsch jagt ohne Förster, der verirrt sich nur im Wald. Der Edle versteht die Zeichen der Zeit und steht lieber ab. Weitermachen bri…		Whoever hunts deer without the forester Only loses his way in the forest. The superior man understands the signs of the time And prefers to …	Traducción automática vacía o no disponible en caché.
4	L3_oraculo	pair			mt_failed	MT falló	Nicht sollst du ein Mädchen nehmen, das einen ehernen Mann sieht und sich nicht im Besitz behält. Nichts ist fördernd.		Take not a maiden who, when she sees a man of bronze, Loses possession of herself. Nothing furthers.	Traducción automática vacía o no disponible en caché.
5	L3_oraculo	pair			mt_failed	MT falló	Warten im Schlamm bewirkt das Kommen des Feindes.		Waiting in the mud Brings about the arrival of the enemy.	Traducción automática vacía o no disponible en caché.
6	L3_oraculo	pair			mt_failed	MT falló	Von alter Tugend sich nähren, gibt Beharrlichkeit. Gefahr, am Ende kommt Heil. Folgst du etwa eines Königs Diensten, so suche nicht Werke.		To nourish oneself on ancient virtue induces perseverance. Danger. In the end, good fortune comes. If by chance you are in the service of a …	Traducción automática vacía o no disponible en caché.
7	L3_oraculo	pair			mt_failed	MT falló	Das Heer führt etwa im Wagen Leichen. Unheil!		Perchance the army carries corpses in the wagon. Misfortune.	Traducción automática vacía o no disponible en caché.
8	L3_oraculo	pair			mt_failed	MT falló	Du hältst zusammen mit Menschen, die nicht die rechten sind.		You hold together with the wrong people.	Traducción automática vacía o no disponible en caché.
9	L3_oraculo	pair			mt_failed	MT falló	Dem Wagen springen die Speichen ab. Mann und Frau verdrehen die Augen.		The spokes burst out of the wagon wheels. Man and wife roll their eyes.	Traducción automática vacía o no disponible en caché.
10	L3_oraculo	pair			mt_failed	MT falló	Ein Einäugiger kann sehen, ein Lahmer kann auftreten. Er tritt auf des Tigers Schwanz. Der beißt den Menschen. Unheil! Ein Krieger handelt s…		A one-eyed man is able to see, A lame man is able to tread. He treads on the tail of the tiger. The tiger bites the man. Misfortune. Thus do…	Traducción automática vacía o no disponible en caché.
11	L3_oraculo	pair			mt_failed	MT falló	Keine Ebene, auf die nicht ein Abhang folgt, kein Hingang, auf den nicht die Wiederkehr folgt. Ohne Makel ist, wer beharrlich bleibt in Gefa…		No plain not followed by a slope. No going not followed by a return. He who remains persevering in danger Is without blame. Do not complain …	Traducción automática vacía o no disponible en caché.
12	L3_oraculo	pair			mt_failed	MT falló	Sie tragen Scham.		They bear shame.	Traducción automática vacía o no disponible en caché.
13	L3_oraculo	pair			mt_failed	MT falló	Versteckt Waffen im Dickicht, steigt auf den hohen Hügel davor. Drei Jahre lang erhebt er sich nicht.		He hides weapons in the thicket; He climbs the high hill in front of it. For three years he does not rise up.	Traducción automática vacía o no disponible en caché.
14	L3_oraculo	pair			mt_failed	MT falló	Ein Fürst bringt ihn dem Sohn des Himmels dar. Ein kleiner Mensch kann das nicht.		A prince offers it to the Son of Heaven. A petty man cannot do this.	Traducción automática vacía o no disponible en caché.
15	L3_oraculo	pair			mt_failed	MT falló	Ein verdienstvoll-bescheidener Edler bringt zu Ende. Heil!		A superior man of modesty and merit Carries things to conclusion. Good fortune.	Traducción automática vacía o no disponible en caché.
16	L3_oraculo	pair			mt_failed	MT falló	Nach oben blickende Begeisterung schafft Reue. Zögern bringt Reue.		Enthusiasm that looks upward creates remorse. Hesitation brings remorse.	Traducción automática vacía o no disponible en caché.
17	L3_oraculo	pair			mt_failed	MT falló	Hängt man dem starken Mann an, so verliert man den kleinen Knaben. Durch Nachfolge findet man, was man sucht. Fördernd ist es, beharrlich zu…		If one clings to the strong man, One loses the little boy. Through following one finds what one seeks. It furthers one to remain persevering…	Traducción automática vacía o no disponible en caché.
18	L3_oraculo	pair			mt_failed	MT falló	Zurechtbringen des vom Vater Verdorbenen. Ein wenig wird es Reue geben. Kein großer Makel.		Setting right what has been spoiled by the father. There will be a little remorse. No great blame.	Traducción automática vacía o no disponible en caché.
19	L3_oraculo	pair			mt_failed	MT falló	Behagliche Annäherung. Nichts, das fördernd wäre. Erreicht man Trauer darüber, so wird man ohne Makel.		Comfortable approach. Nothing that would further. If one is induced to grieve over it, One becomes free of blame.	Traducción automática vacía o no disponible en caché.
20	L3_oraculo	pair			mt_failed	MT falló	Betrachtung meines Lebens entscheidet über Fortschritt oder Rückzug.		Contemplation of my life Decides the choice Between advance and retreat.	Traducción automática vacía o no disponible en caché.
21	L3_oraculo	pair			mt_failed	MT falló	Beißt auf altes Dörrfleisch und trifft auf Giftiges. Kleine Beschämung. Kein Makel.		Bites on old dried meat And strikes on something poisonous. Slight humiliation. No blame.	Traducción automática vacía o no disponible en caché.
22	L3_oraculo	pair			mt_failed	MT falló	Anmutig und feucht. Dauernde Beharrlichkeit bringt Heil.		Graceful and moist. Constant perseverance brings good fortune.	Traducción automática vacía o no disponible en caché.
23	L3_oraculo	pair			mt_failed	MT falló	Er zersplittert sich mit ihnen. Kein Makel.		He splits with them. No blame.	Traducción automática vacía o no disponible en caché.
24	L3_oraculo	pair			mt_failed	MT falló	Mehrfache Wiederkehr. Gefahr. Kein Makel.		Repeated return. Danger. No blame.	Traducción automática vacía o no disponible en caché.
25	L3_oraculo	pair			mt_failed	MT falló	Unverschuldetes Unglück: Die Kuh, die von jemand angebunden war, ist des Wanderers Gewinn, des Bürgers Verlust.		Undeserved misfortune. The cow that was tethered by someone Is the wanderer's gain, the citizen's loss.	Traducción automática vacía o no disponible en caché.
26	L3_oraculo	pair			mt_failed	MT falló	Ein gutes Pferd, das andern folgt. Fördernd ist Bewußtsein der Gefahr und Beharrlichkeit. Täglich übe dich im Wagenfahren und Waffenschutz. …		A good horse that follows others. Awareness of danger, With perseverance, furthers. Practice chariot driving and armed defense daily. It fur…	Traducción automática vacía o no disponible en caché.
27	L3_oraculo	pair			mt_failed	MT falló	Abweichen von der Ernährung. Beharrlichkeit bringt Unheil.		Turning away from nourishment. Perseverance brings misfortune. Do not act thus for ten years. Nothing serves to further.	Traducción automática vacía o no disponible en caché.
28	L3_oraculo	pair			mt_failed	MT falló	Der Firstbalken biegt sich durch. Unheil.		The ridgepole sags to the breaking point. Misfortune.	Traducción automática vacía o no disponible en caché.
29	L3_oraculo	pair			mt_failed	MT falló	Vorwärts und rückwärts, Abgrund über Abgrund. In solcher Gefahr halte zunächst inne, sonst kommst du im Abgrund in ein Loch. Handle nicht so…		Forward and backward, abyss on abyss. In danger like this, pause at first and wait, Otherwise you will fall into a pit in the abyss. Do not …	Traducción automática vacía o no disponible en caché.
30	L3_oraculo	pair			mt_failed	MT falló	Beim Schein der untergehenden Sonne schlagen die Menschen entweder auf den Topf und singen,		In the light of the setting sun, Men either beat the pot and sing Or loudly bewail the approach of old age. Misfortune.	Traducción automática vacía o no disponible en caché.
31	L3_oraculo	pair			mt_failed	MT falló	Die Einwirkung äußert sich in den Schenkeln. Hält sich an das, was ihm folgt. Weitermachen ist beschämend.		The influence shows itself in the thighs. Holds to that which follows it. To continue is humiliating.	Traducción automática vacía o no disponible en caché.
32	L3_oraculo	pair			mt_failed	MT falló	Wer seinem Charakter nicht Dauer gibt, dem bietet man Schande. Beharrliche Beschämung.		He who does not give duration to his character Meets with disgrace. Persistent humiliation.	Traducción automática vacía o no disponible en caché.
33	L3_oraculo	pair			mt_failed	MT falló	Aufgehaltener Rückzug ist peinlich und gefahrvoll. Die Menschen als Knechte und Mägde zu halten, bringt Heil.		A halted retreat Is nerve-wracking and dangerous. To retain people as men- and maidservants Brings good fortune.	Traducción automática vacía o no disponible en caché.
34	L3_oraculo	pair			mt_failed	MT falló	Der Gemeine wirkt durch Macht, der Edle wirkt nicht so. Fortmachen ist gefährlich. Ein Ziegenbock stößt gegen eine Hecke und verwickelt sein…		The inferior man works through power. The superior man does not act thus. To continue is dangerous. A goat butts against a hedge And gets it…	Traducción automática vacía o no disponible en caché.
35	L3_oraculo	pair			mt_failed	MT falló	Alle sind einverstanden. Die Reue schwindet.		All are in accord. Remorse disappears.	Traducción automática vacía o no disponible en caché.
36	L3_oraculo	pair			mt_failed	MT falló	Die Verfinsterung des Lichts auf der Jagd im Süden. Man bekommt ihr großes Haupt. Man darf nicht zu eilig Beharrlichkeit erwarten.		Darkening of the light during the hunt in the south. Their great leader is captured. One must not expect perseverance too soon.	Traducción automática vacía o no disponible en caché.
37	L3_oraculo	pair			mt_failed	MT falló	Wenn es in der Sippe hitzig zugeht, so entsteht Reue über zu große Strenge. Doch Heil! Wenn Weib und Kind tändeln und lachen, so führt das s…		When tempers flare up in the family, Too great severity brings remorse. Good fortune nonetheless. When woman and child dally and laugh, It l…	Traducción automática vacía o no disponible en caché.
38	L3_oraculo	pair			mt_failed	MT falló	Man sieht den Wagen nach hinten gezerrt, die Rinder festgehalten, dem Menschen Haare und Nase abgeschnitten. Kein guter Anfang, aber ein gut…		One sees the wagon dragged back, The oxen halted, A man's hair and nose cut off. Not a good beginning, but a good end.	Traducción automática vacía o no disponible en caché.
39	L3_oraculo	pair			mt_failed	MT falló	Gehen führt in Hemmnisse; da kommt er zurück.		Going leads to obstructions; Hence he comes back.	Traducción automática vacía o no disponible en caché.
40	L3_oraculo	pair			mt_failed	MT falló	Wenn einer eine Last auf dem Rücken trägt und trotzdem auf dem Wagen fährt, veranlaßt er dadurch die Räuber, herbeizukommen. Beharrlichkeit …		If a man carries a burden on his back And nonetheless rides in a carriage, He thereby encourages robbers to draw near. Perseverance leads to…	Traducción automática vacía o no disponible en caché.
41	L3_oraculo	pair			mt_failed	MT falló	Wenn drei Menschen miteinander wandern, so vermindern sie sich um einen Menschen. Wenn ein Mensch wandert, so findet er seinen Gefährten.		When three people journey together, Their number decreases by one. When one man journeys alone, He finds a companion.	Traducción automática vacía o no disponible en caché.
42	L3_oraculo	pair			mt_failed	MT falló	Man wird gemehrt durch unheilvolle Ereignisse. Kein Makel, wenn du wahrhaftig bist und in der Mitte wandelst und dem Fürsten berichtest mit …		One is enriched through unfortunate events. No blame, if you are sincere And walk in the middle, And report with a seal to the prince.	Traducción automática vacía o no disponible en caché.
43	L3_oraculo	pair			mt_failed	MT falló	Mächtig in den Backenknochen zu sein bringt Unheil. Der Edle ist fest entschlossen. Er wandelt einsam und kommt in den Regen. Er wird bespri…		To be powerful in the cheekbones Brings misfortune. The superior man is firmly resolved. He walks alone and is caught in the rain. He is bes…	Traducción automática vacía o no disponible en caché.
44	L3_oraculo	pair			mt_failed	MT falló	An den Oberschenkeln ist keine Haut, und das Gehen fällt schwer. Wenn man der Gefahr eingedenk ist, macht man keinen großen Fehler.		There is no skin on his thighs, And walking comes hard. If one is mindful of the danger, No great mistake is made.	Traducción automática vacía o no disponible en caché.
45	L3_oraculo	pair			mt_failed	MT falló	Sammlung unter Seufzen. Nichts, das fördernd wäre. Hingehen ist ohne Makel. Kleine Beschämung.		Gathering together amid sighs. Nothing that would further. Going is without blame. Slight humiliation.	Traducción automática vacía o no disponible en caché.
46	L3_oraculo	pair			mt_failed	MT falló	Man dringt empor in eine leere Stadt.		One pushes upward into an empty city.	Traducción automática vacía o no disponible en caché.
47	L3_oraculo	pair			mt_failed	MT falló	Man läßt sich bedrängen durch Stein und stützt sich auf Dornen und Disteln.		A man permits himself to be oppressed by stone, And leans on thorns and thistles. He enters his house and does not see his wife. Misfortune.	Traducción automática vacía o no disponible en caché.
48	L3_oraculo	pair			mt_failed	MT falló	Der Brunnen ist gereinigt, aber man trinkt nicht daraus. Das ist meines Herzens Leid; denn man könnte daraus schöpfen. Wäre der König klar, …		The well is cleaned, but no one drinks from it. This is my heart's sorrow, For one might draw from it. If the king were clear-minded, Good f…	Traducción automática vacía o no disponible en caché.
49	L3_oraculo	pair			mt_failed	MT falló	Aufbruch bringt Unheil. Beharrlichkeit bringt Gefahr. Wenn die Rede von der Umwälzung dreimal ergangen ist,		Starting brings misfortune. Perseverance brings danger. When talk of revolution has gone the rounds three times, One may commit himself, And…	Traducción automática vacía o no disponible en caché.
50	L3_oraculo	pair			mt_failed	MT falló	Der Henkel des Tiegels ist verändert. Man ist behindert in seinem Wandel. Das Fett des Fasans wird nicht gegessen.		The handle of the ting is altered. One is impeded in his way of life. The fat of the pheasant is not eaten. Once rain falls, remorse is spen…	Traducción automática vacía o no disponible en caché.
51	L3_oraculo	pair			mt_failed	MT falló	Das Erschüttern kommt und macht fassungslos. Wenn man infolge des Erschütterns handelt, so bleibt man frei von Unglück.		Shock comes and makes one distraught. If shock spurs to action One remains free of misfortune.	Traducción automática vacía o no disponible en caché.
52	L3_oraculo	pair			mt_failed	MT falló	Stillehalten seiner Hüften. Steifmachen seines Kreuzbeins. Gefährlich. Das Herz erstickt.		Keeping his hips still. Making his sacrum stiff. Dangerous. The heart suffocates.	Traducción automática vacía o no disponible en caché.
53	L3_oraculo	pair			mt_failed	MT falló	Die Wildgans zieht allmählich der Hochebene zu. Der Mann zieht aus und kehrt nicht wieder.		The wild goose gradually draws near the plateau. The man goes forth and does not return. The woman carries a child but does not bring it for…	Traducción automática vacía o no disponible en caché.
54	L3_oraculo	pair			mt_failed	MT falló	Das heiratende Mädchen als Sklavin. Sie heiratet als Nebenfrau.		The marrying maiden as a slave. She marries as a concubine.	Traducción automática vacía o no disponible en caché.
55	L3_oraculo	pair			mt_failed	MT falló	Das Gestrüpp ist von solcher Fülle, daß man am Mittag die kleinen Sterne sieht. Er bricht seinen rechten Arm. Kein Makel.		The underbrush is of such abundance That the small stars can be seen at noon. He breaks his right arm. No blame.	Traducción automática vacía o no disponible en caché.
56	L3_oraculo	pair			mt_failed	MT falló	Dem Wanderer verbrennt seine Herberge. Er verliert die Beharrlichkeit seines jungen Dieners. Gefahr.		The wanderer's inn burns down. He loses the steadfastness of his young servant. Danger.	Traducción automática vacía o no disponible en caché.
57	L3_oraculo	pair			mt_failed	MT falló	Wiederholtes Eindringen. Beschämung.		Repeated penetration. Humiliation.	Traducción automática vacía o no disponible en caché.
58	L3_oraculo	pair			mt_failed	MT falló	Kommende Heiterkeit. Unheil!		Coming joyousness. Misfortune.	Traducción automática vacía o no disponible en caché.
59	L3_oraculo	pair			mt_failed	MT falló	Er löst sein Ich auf. Keine Reue.		He dissolves his self. No remorse.	Traducción automática vacía o no disponible en caché.
60	L3_oraculo	pair			mt_failed	MT falló	Wer keine Beschränkung kennt, wird zu klagen haben. Kein Makel.		He who knows no limitation Will have cause to lament. No blame.	Traducción automática vacía o no disponible en caché.
61	L3_oraculo	pair			mt_failed	MT falló	Er findet einen Genossen, bald trommelt er, bald hört er auf. Bald schluchzt er, bald singt er.		He finds a comrade. Now he beats the drum, now he stops. Now he sobs, now he sings.	Traducción automática vacía o no disponible en caché.
62	L3_oraculo	pair			mt_failed	MT falló	Wenn man sich nicht außerordentlich vorsieht, so kommt etwa einer von hinten und schlägt einen. Unheil!		If one is not extremely careful, Somebody may come up from behind and strike him. Misfortune.	Traducción automática vacía o no disponible en caché.
63	L3_oraculo	pair			mt_failed	MT falló	Der hohe Ahn züchtigt das Teufelsland. Nach drei Jahren überwindet er es. Gemeine darf man nicht verwenden.		The Illustrious Ancestor Disciplines the Devil's Country. After three years he conquers it. Inferior people must not be employed.	Traducción automática vacía o no disponible en caché.
64	L3_oraculo	pair			mt_failed	MT falló	Vor der Vollendung bringt Angriff Unheil. Fördernd ist es, das große Wasser zu durchqueren.		Before completion, attack brings misfortune. It furthers one to cross the great water.	Traducción automática vacía o no disponible en caché.
1	L3_comentario	pair			mt_failed	MT falló	Ein Wirkungskreis eröffnet sich für den bedeutenden Mann. Sein Ruhm beginnt sich auszubreiten. Die Massen fallen ihm zu. Seine innere Kraft …		A sphere of influence opens up for the great man. His fame begins to spread. The masses flock to him. His inner power is adequate to the inc…	Traducción automática vacía o no disponible en caché.
2	L3_comentario	pair			mt_failed	MT falló	Wenn man frei von Eitelkeit ist, so vermag man seine Vorzüge so zu verdecken, daß sie nicht vorzeitig die öffentliche Aufmerksamkeit auf sic…		If a man is free of vanity he is able to conceal his abilities and keep them from attracting attention too soon; thus he can mature undistur…	Traducción automática vacía o no disponible en caché.
3	L3_comentario	pair			mt_failed	MT falló	Wenn man keinen Führer hat und in einem fremden Walde jagen will, so verirrt man sich. Man darf sich aus den Schwierigkeiten, in denen man s…		If a man tries to hunt in a strange forest and has no guide, he loses his way. When he finds himself in difficulties he must not try to stea…	Traducción automática vacía o no disponible en caché.
4	L3_comentario	pair			mt_failed	MT falló	Ein schwacher, unerfahrener Mensch, der nach oben strebt, verliert leicht seine persönliche Eigenart, wenn er an hoher Stelle eine starke Pe…		A weak, inexperienced man, struggling to rise, easily loses his own individuality when he slavishly imitates a strong personality of higher …	Traducción automática vacía o no disponible en caché.
5	L3_comentario	pair			mt_failed	MT falló	Der Schlamm, der schon vom Wasser des Stromes bespült wird, ist kein günstiger Ort für das Warten. Statt die Kräfte zu sammeln, um in einem …		Mud is no place for waiting, since it is already being washed by the water of the stream. Instead of having gathered strength to cross the s…	Traducción automática vacía o no disponible en caché.
6	L3_comentario	pair			mt_failed	MT falló	Es wird hier vor der Gefahr gewarnt, die die Neigung zum Umsichgreifen bringt. Nur was durch frühere Verdienste ehrlich verdient ist, bleibt…		This is a warning of the danger that goes with an expansive disposition. Only that which has been honestly acquired through merit remains a …	Traducción automática vacía o no disponible en caché.
7	L3_comentario	pair			mt_failed	MT falló	Die eine Erklärung deutet auf eine Niederlage infolge davon, daß ein anderer als der berufene Führer sich in die Leitung einmischt. Die ande…		Here we have a choice of two explanations. One points to defeat because someone other than the chosen leader interferes with the command; th…	Traducción automática vacía o no disponible en caché.
8	L3_comentario	pair			mt_failed	MT falló	Man ist oft unter lauter Menschen, die nicht zur eigenen Sphäre gehören. Da darf man sich nicht zu einer falschen Vertraulichkeit durch die …		We are often among people who do not belong to our own sphere. In that case we must beware of being drawn into false intimacy through force …	Traducción automática vacía o no disponible en caché.
9	L3_comentario	pair			mt_failed	MT falló	Hier wird der Versuch gemacht, gewaltsam vorzudringen, im Bewußtsein davon, daß die hemmende Macht nur gering ist. Allein da den Umständen e…		Here an attempt is made to press forward forcibly, in the consciousness that the obstructing power is slight. But since, under the circumsta…	Traducción automática vacía o no disponible en caché.
10	L3_comentario	pair			mt_failed	MT falló	Ein Einäugiger kann wohl sehen, aber es reicht ihm nicht zum klaren Sehen. Ein Lahmer kann wohl auftreten, aber es reicht ihm nicht zum Vora…		A one-eyed man can indeed see, but not enough for clear vision. A lame man can indeed tread, but not enough to make progress. If in spite of…	Traducción automática vacía o no disponible en caché.
11	L3_comentario	pair			mt_failed	MT falló	Alles Irdische ist dem Wechsel unterworfen. Auf Blüte folgt Niedergang. Das ist das ewige Gesetz auf Erden. Das Schlechte kann wohl zurückge…		Everything on earth is subject to change. Prosperity is followed by decline: this is the eternal law on earth. Evil can indeed be held in ch…	Traducción automática vacía o no disponible en caché.
12	L3_comentario	pair			mt_failed	MT falló	Die Gemeinen, die auf unrechtmäßige Weise emporgekommen sind, fühlen sich der Verantwortung, die sie auf sich genommen haben, nicht gewachse…		Inferior people who have risen to power illegitimately do not feel equal to the responsibility they have taken upon themselves. In their hea…	Traducción automática vacía o no disponible en caché.
13	L3_comentario	pair			mt_failed	MT falló	Hier ist die Gemeinschaft in Mißtrauen umgeschlagen. Man mißtraut den andern, legt geheimen Hinterhalt und sucht von ferne den andern auszus…		Here fellowship has changed about to mistrust. Each man distrusts the other, plans a secret ambush, and seeks to spy on his fellow from afar…	Traducción automática vacía o no disponible en caché.
14	L3_comentario	pair			mt_failed	MT falló	Es ist die Sache eines hochherzigen, freisinnigen Menschen, daß er seinen Besitz nicht als sein ausschließliches persönliches Eigentum betra…		A magnanimous, liberal-minded man should not regard what he possesses as his exclusive personal property, but should place it at the disposa…	Traducción automática vacía o no disponible en caché.
15	L3_comentario	pair			mt_failed	MT falló	Hier ist das Zentrum des Zeichens, wo sein Geheimnis ausgesprochen wird. Durch große Leistungen erwirbt man sich bald einen bedeutenden Name…		This is the center of the hexagram, where its secret is disclosed. A distinguished name is readily earned by great achievements. If a man al…	Traducción automática vacía o no disponible en caché.
16	L3_comentario	pair			mt_failed	MT falló	Es ist hier das Gegenteil der vorigen Linie; dort Selbständigkeit, hier das begeisterte Emporblicken. Zögert man zu lange, so schafft auch d…		This line is the opposite of the preceding one: the latter bespeaks self-reliance, while here there is enthusiastic looking up to a leader. …	Traducción automática vacía o no disponible en caché.
17	L3_comentario	pair			mt_failed	MT falló	Wenn man den rechten Anschluß bei bedeutenden Menschen gefunden hat, so ist damit naturgemäß ein gewisser Verlust verbunden. Man muß sich vo…		When the right connection with distinguished people has been found, a certain loss naturally ensues. A man must part company with the inferi…	Traducción automática vacía o no disponible en caché.
18	L3_comentario	pair			mt_failed	MT falló	Es ist hier jemand gezeichnet, der beim Zurechtbringen der Fehler der Vergangenheit etwas zu energisch vorgeht. Dadurch werden sicher dann u…		This describes a man who proceeds a little too energetically in righting the mistakes of the past. Now and then, as a result, minor discords…	Traducción automática vacía o no disponible en caché.
19	L3_comentario	pair			mt_failed	MT falló	Es geht fröhlich voran. Man kommt zu Macht und Einfluß. Aber das birgt die Gefahr, daß man im Vertrauen auf seine Stellung sich behaglich fü…		Things are going well for a man: he achieves power and influence. But in this lies the danger that he may relax, and confident of his positi…	Traducción automática vacía o no disponible en caché.
20	L3_comentario	pair			mt_failed	MT falló	Es ist hier der Platz des Übergangs. Man blickt nicht mehr nach außen, um mehr oder weniger beschränkte oder verwirrte Bilder zu erhalten, s…		This is the place of transition. We no longer look outward to receive pictures that are more or less limited and confused, but direct our co…	Traducción automática vacía o no disponible en caché.
21	L3_comentario	pair			mt_failed	MT falló	Es soll jemand eine Strafe vollziehen, zu der er nicht genügend Macht und Ansehen besitzt. Darum fügen sich die Bestraften nicht. Es handelt…		Punishment is to be carried out by someone who lacks the power and authority to do so. Therefore the culprits do not submit. The matter at i…	Traducción automática vacía o no disponible en caché.
22	L3_comentario	pair			mt_failed	MT falló	Es ist eine höchst anmutige Lebenslage, in der man sich befindet. Anmut und feuchtverklärter Glanz umgeben einen. Diese Anmut kann wohl schm…		This represents a very charming life situation. One is under the spell of grace and the mellow mood induced by wine. This grace can adorn, b…	Traducción automática vacía o no disponible en caché.
23	L3_comentario	pair			mt_failed	MT falló	Man steht mitten drin in einer schlechten Umgebung, mit der man auch durch äußere Verbindungen zusammenhängt. Doch besteht eine innere Bezie…		An individual finds himself in an evil environment to which he is committed by external ties. But he has an inner relationship with a superi…	Traducción automática vacía o no disponible en caché.
24	L3_comentario	pair			mt_failed	MT falló	Es gibt Menschen von einer gewissen inneren Unbestän digkeit. Für sie ist fortwährend Umkehr der Willensrichtung nötig. In diesem fortwähren…		There are people of a certain inner instability who feel a constant urge to reverse themselves. There is danger in continually deserting the…	Traducción automática vacía o no disponible en caché.
25	L3_comentario	pair			mt_failed	MT falló	Manchmal kommt unverschuldetes Unglück über einen, das von einem andern veranlaßt wird, wie etwa, wenn ein Mann des Weges kommt und eine ang…		Sometimes undeserved misfortune befalls a man at the hands of another, as for instance when someone passes by and takes a tethered cow along…	Traducción automática vacía o no disponible en caché.
26	L3_comentario	pair			mt_failed	MT falló	Der Weg öffnet sich. Die Hemmung hat aufgehört. Man steht in Beziehung zu einem starken Willen, der in gleicher Richtung wirkt. Man kommt vo…		The way opens; the hindrance has been cleared away. A man is in contact with a strong will acting in the same direction as his own, and goes…	Traducción automática vacía o no disponible en caché.
27	L3_comentario	pair			mt_failed	MT falló	Zehn Jahre handle nicht danach. Nichts ist fördernd. Wer Nahrung sucht, die nicht nährt, der taumelt von Begierde zu Genuß, und im Genuß ver…		He who seeks nourishment that does not nourish reels from desire to gratification and in gratification craves desire. Mad pursuit of pleasur…	Traducción automática vacía o no disponible en caché.
28	L3_comentario	pair			mt_failed	MT falló	Es ist eine Persönlichkeit gezeichnet, die in Zeiten des Übergewichts des Großen heftig durchfahren will. Sie nimmt von den andern keinen Ra…		This indicates a type of man who in times of preponderance of the great insists on pushing ahead. He accepts no advice from others, and ther…	Traducción automática vacía o no disponible en caché.
29	L3_comentario	pair			mt_failed	MT falló	Jeder Schritt vorwärts und rückwärts bringt in Gefahr. An ein Entkommen ist nicht zu denken. Darum darf man sich nicht zum Handeln verleiten…		Here every step, forward or backward, leads into danger. Escape is out of the question. Therefore we must not be misled into action, as a re…	Traducción automática vacía o no disponible en caché.
30	L3_comentario	pair			mt_failed	MT falló	oder sie seufzen laut über das nahende Greisenalter. Unheil. Hier ist das Ende des Tages. Der Schein der niedergehenden Sonne erinnert an di…		Here the end of the day has come. The light of the setting sun calls to mind the fact that life is transitory and conditional. Caught in thi…	Traducción automática vacía o no disponible en caché.
31	L3_comentario	pair			mt_failed	MT falló	Jede Stimmung des Herzens regt zu einer Bewegung an. Wonach das Herz strebt, dahin laufen die Schenkel, ohne sich zu besinnen; sie halten si…		Every mood of the heart influences us to movement. What the heart desires, the thighs run after without a moment's hesitation; they hold to …	Traducción automática vacía o no disponible en caché.
32	L3_comentario	pair			mt_failed	MT falló	Wenn man in seinem Wesen umgetrieben wird von Stimmungen, die von der Außenwelt durch Furcht und Hoffnung erregt werden, so verliert man die…		If a man remains at the mercy of moods of hope or fear aroused by the outer world, he loses his inner consistency of character. Such inconsi…	Traducción automática vacía o no disponible en caché.
33	L3_comentario	pair			mt_failed	MT falló	Wenn es Zeit ist, sich zurückzuziehen, und man wird zurückgehalten, so ist das unangenehm und gefährlich zugleich, da einem die Freiheit des…		When it is time to retreat it is both unpleasant and dangerous to be held back, because then one no longer has freedom of action. In such a …	Traducción automática vacía o no disponible en caché.
34	L3_comentario	pair			mt_failed	MT falló	Das Pochen auf Macht führt zu Verwicklungen, wie ein Bock, der gegen eine Hecke stößt, seine Hörner verwickelt. Während der Gemeine, wenn er…		Making a boast of power leads to entanglements, just as a goat entangles its horns when it butts against a hedge. Whereas an inferior man re…	Traducción automática vacía o no disponible en caché.
35	L3_comentario	pair			mt_failed	MT falló	Man strebt voran, und zwar in Gemeinschaft mit andern, durch deren Einverständnis man gehoben wird. Dadurch verschwindet der Anlaß zum Bedau…		A man strives onward, in association with others whose backing encourages him. This dispels any cause for regret over the fact that he does …	Traducción automática vacía o no disponible en caché.
36	L3_comentario	pair			mt_failed	MT falló	Scheinbar ist ein Spiel des Zufalls am Werk. Während der Starke und Getreue bestrebt ist, in eifriger Tätigkeit Ordnung zu schaffen, ohne al…		It seems as if chance were at work. While the strong, loyal man is striving eagerly and in good faith to create order, he meets the ringlead…	Traducción automática vacía o no disponible en caché.
37	L3_comentario	pair			mt_failed	MT falló	In der Familie soll die rechte Mitte zwischen Härte und Läßlichkeit herrschen. Zu große Strenge gegen das eigene Fleisch und Blut führt zu R…		In the family the proper mean between severity and indulgence ought to prevail. Too great severity toward one's own flesh and blood leads to…	Traducción automática vacía o no disponible en caché.
38	L3_comentario	pair			mt_failed	MT falló	Manchmal sieht es so aus, als ob sich alles gegen einen verschworen habe; man sieht sich im Fortschritt gehemmt und zurückgehalten, man sieh…		Often it seems to a man as though everything were conspiring against him. He sees himself checked and hindered in his progress, insulted and…	Traducción automática vacía o no disponible en caché.
39	L3_comentario	pair			mt_failed	MT falló	Während die vorige Linie den Beamten zeigt, der um der Pflicht willen den Weg der Gefahr gehen muß, ist hier der Mann gezeigt, der als Famil…		While the preceding line shows the official compelled by duty to follow the way of danger, this line shows the man who must act as father of…	Traducción automática vacía o no disponible en caché.
40	L3_comentario	pair			mt_failed	MT falló	Ein Mensch ist aus ärmlichen Verhältnissen heraus in eine bequeme Lage gekommen, da er von Not befreit ist. Wenn er nun nach Art eines Empor…		This refers to a man who has come out of needy circumstances into comfort and freedom from want. If now, in the manner of an upstart, he tri…	Traducción automática vacía o no disponible en caché.
41	L3_comentario	pair			mt_failed	MT falló	Wo drei zusammen sind, da gibt es Eifersucht. Da muß einer weichen. Engste Verbindung ist nur zu zweien möglich. Wo aber einer einsam ist, d…		When there are three people together, jealousy arises. One of them will have to go. A very close bond is possible only between two people. B…	Traducción automática vacía o no disponible en caché.
42	L3_comentario	pair			mt_failed	MT falló	Eine Zeit des Segens und der Bereicherung ist in ihrer Wirkung so stark, daß selbst sonst unheilvolle Ereignisse denen zum besten dienen müs…		A time of blessing and enrichment has such powerful effects that even events ordinarily unfortunate must turn out to the advantage of those …	Traducción automática vacía o no disponible en caché.
43	L3_comentario	pair			mt_failed	MT falló	Die Lage, in der man sich befindet, ist zweideutig. Während alle im entschlossenen Kampf gegen das Gemeine begriffen sind, ist man allein in…		Here we have a man in an ambiguous situation. While all others are engaged in a resolute fight against all that is inferior, he alone has a …	Traducción automática vacía o no disponible en caché.
44	L3_comentario	pair			mt_failed	MT falló	Man ist innerlich in Versuchung, sich mit dem schlechten Element, das sich einem anbietet, einzulassen. Das ist eine sehr gefährliche Lage. …		There is a temptation to fall in with the evil element offering itself—a very dangerous situation. Fortunately circumstances prevent this; o…	Traducción automática vacía o no disponible en caché.
45	L3_comentario	pair			mt_failed	MT falló	Man hat oft das Bedürfnis des Anschlusses, aber alle andern in der Umgebung haben sich schon untereinander zusammengeschlossen, so daß man i…		Often a man feels an urge to unite with others, but the individuals around him have already formed themselves into a group, so that he remai…	Traducción automática vacía o no disponible en caché.
46	L3_comentario	pair			mt_failed	MT falló	Hier fallen alle Hemmungen weg, die dem Vordringen sonst gesteckt sind. Es geht mit merkwürdiger Leichtigkeit voran. Unbedenklich folgt man …		All obstructions that generally block progress fall away here. Things proceed with remarkable ease. Unhesitatingly one follows this road, in…	Traducción automática vacía o no disponible en caché.
47	L3_comentario	pair			mt_failed	MT falló	Man geht in sein Haus und sieht nicht seine Frau. Unheil! Es zeigt sich hier ein Mann, der unruhig und unentschieden ist in Zeiten der Not. …		This shows a man who is restless and indecisive in times of adversity. At first he wants to push ahead, then he encounters obstructions that…	Traducción automática vacía o no disponible en caché.
48	L3_comentario	pair			mt_failed	MT falló	Hier ist ein tüchtiger Mann vorhanden. Er gleicht einem gereinigten Brunnen, dessen Wasser man trinken könnte. Aber er wird nicht gebraucht.…		An able man is available. He is like a purified well whose water is drinkable. But no use is made of him. This is the sorrow of those who kn…	Traducción automática vacía o no disponible en caché.
49	L3_comentario	pair			mt_failed	MT falló	dann mag man sich ihm zuwenden und wird Glauben finden. Wenn Wechsel nötig ist, dann gibt es zwei Fehler, die man vermeiden muß. Der eine is…		When change is necessary, there are two mistakes to be avoided. One lies in excessive haste and ruthlessness, which bring disaster. The othe…	Traducción automática vacía o no disponible en caché.
50	L3_comentario	pair			mt_failed	MT falló	Wenn erst der Regen fällt, dann erschöpft sich die Reue. Endlich kommt Heil. Der Henkel ist die Stelle, an der der Tiegel aufgehoben wird. W…		The handle is the means for lifting up the ting. If the handle is altered, the ting cannot be lifted up and used, and, sad to say, the delic…	Traducción automática vacía o no disponible en caché.
51	L3_comentario	pair			mt_failed	MT falló	Es gibt dreierlei Erschütterungen: die Erschütterung des Himmels, das ist der Donner, ferner die Erschütterung des Schicksals und endlich di…		There are three kinds of shock—the shock of heaven, which is thunder, the shock of fate, and, finally, the shock of the heart. The present h…	Traducción automática vacía o no disponible en caché.
52	L3_comentario	pair			mt_failed	MT falló	Es handelt sich hier um erzwungene Ruhe. Das Herz, das in der Unruhe ist, soll gewaltsam gebändigt werden. Aber das Feuer, das gewaltsam zur…		This refers to enforced quiet. The restless heart is to be subdued by forcible means. But fire when it is smothered changes into acrid smoke…	Traducción automática vacía o no disponible en caché.
53	L3_comentario	pair			mt_failed	MT falló	Die Frau trägt ein Kind, aber bringt es nicht zur Welt. Unheil! Fördernd ist es, Räuber abzuwehren. Die trockene Hochebene ist nicht für die…		The high plateau is dry and unsuitable for the wild goose. If it goes there, it has lost its way and gone too far. This is contrary to the l…	Traducción automática vacía o no disponible en caché.
54	L3_comentario	pair			mt_failed	MT falló	Ein Mädchen, das sich in geringer Stellung befindet und keinen Mann bekommt, kann als Nebenfrau unter Umständen noch unterkommen. Die Situat…		A girl who is in a lowly position and finds no husband may, in some circumstances, still win shelter as a concubine. This pictures the situa…	Traducción automática vacía o no disponible en caché.
55	L3_comentario	pair			mt_failed	MT falló	Hier wird als Bild die fortschreitende Bedeckung der Sonne geschildert. An diesem Punkt ist die Totalität erreicht, darum sieht man am Mitta…		The image is that of a progressive covering over of the sun. Here the eclipse reaches totality, therefore even the small stars can be seen a…	Traducción automática vacía o no disponible en caché.
56	L3_comentario	pair			mt_failed	MT falló	Ein gewalttätiger Fremder weiß sich nicht zu benehmen. Er mischt sich in Angelegenheiten und Streitigkeiten, die ihn nichts angehen. Dadurch…		A truculent stranger does not know how to behave properly. He meddles in affairs and controversies that do not concern him; thus he loses hi…	Traducción automática vacía o no disponible en caché.
57	L3_comentario	pair			mt_failed	MT falló	Das eindringliche Nachdenken darf nicht zu weit getrieben werden, sonst hemmt es die Entschlußfähigkeit. Wenn eine Sache gründlich durchgeda…		Penetrating reflection must not be pushed too far, lest it cripple the power of decision. After a matter has been thoroughly pondered, it is…	Traducción automática vacía o no disponible en caché.
58	L3_comentario	pair			mt_failed	MT falló	Die wahre Freude muß aus dem eigenen Innern quellen. Wenn man aber innerlich leer ist, so daß man sich an die Außenwelt verliert, so kommen …		True joy must spring from within. But if one is empty within and wholly given over to the world, idle pleasures come streaming in from witho…	Traducción automática vacía o no disponible en caché.
59	L3_comentario	pair			mt_failed	MT falló	Die Arbeit kann unter Umständen so schwer werden, daß man nicht mehr an sich selbst denken kann. Man muß die eigene Person vollkommen auf di…		Under certain circumstances, a man's work may become so difficult that he can no longer think of himself. He must set aside all personal des…	Traducción automática vacía o no disponible en caché.
60	L3_comentario	pair			mt_failed	MT falló	Wenn man nur auf Freuden und Genuß bedacht ist, verliert man leicht das Gefühl für die notwendigen Schranken. Aber wenn man sich der Verschw…		If an individual is bent only on pleasures and enjoyment, it is easy for him to lose his sense of the limits that are necessary. If he gives…	Traducción automática vacía o no disponible en caché.
61	L3_comentario	pair			mt_failed	MT falló	Hier ist die Kraftquelle nicht im eigenen Ich, sondern in der Beziehung zu andern Menschen. Wenn man auch noch so nahe mit ihnen steht, wenn…		Here the source of a man's strength lies not in himself but in his relation to other people. No matter how close to them he may be, if his c…	Traducción automática vacía o no disponible en caché.
62	L3_comentario	pair			mt_failed	MT falló	Zuzeiten ist außerordentliche Vorsicht unbedingt nötig. Aber gerade in solchen Lebenslagen gibt es gerade und starke Persönlichkeiten, die i…		At certain times extraordinary caution is absolutely necessary. But it is just in such life situations that we find upright and strong perso…	Traducción automática vacía o no disponible en caché.
63	L3_comentario	pair			mt_failed	MT falló	Der »hohe Ahn« ist der dynastische Titel des Herrschers Wu Ding aus der Yin-Dynastie. Nachdem er mit starker Hand die Zustände im Reich geor…		""Illustrious Ancestor"" is the dynastic title of the Emperor Wu Ting of the Yin dynasty. After putting his realm in order with a strong hand,…	Traducción automática vacía o no disponible en caché.
64	L3_comentario	pair			mt_failed	MT falló	Die Zeit des Übergangs ist da. Aber man hat nicht die Kraft, den Übergang zu vollenden. Wollte man versuchen, ihn zu erzwingen, so wäre das …		The time of transition has arrived, but one lacks the strength to complete the transition. If one should attempt to force it, disaster would…	Traducción automática vacía o no disponible en caché.
1	L4_etiqueta	pair			mt_failed	MT falló	Neun auf viertem Platz bedeutet:		Nine in the fourth place means:	Traducción automática vacía o no disponible en caché.
2	L4_etiqueta	pair			mt_failed	MT falló	Sechs auf viertem Platz bedeutet:		Six in the fourth place means:	Traducción automática vacía o no disponible en caché.
3	L4_etiqueta	pair			mt_failed	MT falló	Sechs auf viertem Platz bedeutet:		Six in the fourth place means:	Traducción automática vacía o no disponible en caché.
4	L4_etiqueta	pair			mt_failed	MT falló	Sechs auf viertem Platz bedeutet:		Six in the fourth place means:	Traducción automática vacía o no disponible en caché.
5	L4_etiqueta	pair			mt_failed	MT falló	Sechs auf viertem Platz bedeutet:		Six in the fourth place means:	Traducción automática vacía o no disponible en caché.
6	L4_etiqueta	pair			mt_failed	MT falló	Neun auf viertem Platz bedeutet:		Nine in the fourth place means:	Traducción automática vacía o no disponible en caché.
7	L4_etiqueta	pair			mt_failed	MT falló	Sechs auf viertem Platz bedeutet:		Six in the fourth place means:	Traducción automática vacía o no disponible en caché.
8	L4_etiqueta	pair			mt_failed	MT falló	Sechs auf viertem Platz bedeutet:		Six in the fourth place means:	Traducción automática vacía o no disponible en caché.
9	L4_etiqueta	pair			mt_failed	MT falló	Sechs auf viertem Platz bedeutet:		Six in the fourth place means:	Traducción automática vacía o no disponible en caché.
10	L4_etiqueta	pair			mt_failed	MT falló	Neun auf viertem Platz bedeutet:		Nine in the fourth place means:	Traducción automática vacía o no disponible en caché.
11	L4_etiqueta	pair			mt_failed	MT falló	Sechs auf viertem Platz bedeutet:		Six in the fourth place means:	Traducción automática vacía o no disponible en caché.
12	L4_etiqueta	pair			mt_failed	MT falló	Neun auf viertem Platz bedeutet:		Nine in the fourth place means:	Traducción automática vacía o no disponible en caché.
13	L4_etiqueta	pair			mt_failed	MT falló	Neun auf viertem Platz bedeutet:		Nine in the fourth place means:	Traducción automática vacía o no disponible en caché.
14	L4_etiqueta	pair			mt_failed	MT falló	Neun auf viertem Platz bedeutet:		Nine in the fourth place means:	Traducción automática vacía o no disponible en caché.
15	L4_etiqueta	pair			mt_failed	MT falló	Sechs auf viertem Platz bedeutet:		Six in the fourth place means:	Traducción automática vacía o no disponible en caché.
16	L4_etiqueta	pair			mt_failed	MT falló	Neun auf viertem Platz bedeutet:		Nine in the fourth place means:	Traducción automática vacía o no disponible en caché.
17	L4_etiqueta	pair			mt_failed	MT falló	Neun auf viertem Platz bedeutet:		Nine in the fourth place means:	Traducción automática vacía o no disponible en caché.
18	L4_etiqueta	pair			mt_failed	MT falló	Sechs auf viertem Platz bedeutet:		Six in the fourth place means:	Traducción automática vacía o no disponible en caché.
19	L4_etiqueta	pair			mt_failed	MT falló	Sechs auf viertem Platz bedeutet:		Six in the fourth place means:	Traducción automática vacía o no disponible en caché.
20	L4_etiqueta	pair			mt_failed	MT falló	Sechs auf viertem Platz bedeutet:		Six in the fourth place means:	Traducción automática vacía o no disponible en caché.
21	L4_etiqueta	pair			mt_failed	MT falló	Neun auf viertem Platz bedeutet:		Nine in the fourth place means:	Traducción automática vacía o no disponible en caché.
22	L4_etiqueta	pair			mt_failed	MT falló	Sechs auf viertem Platz bedeutet:		Six in the fourth place means:	Traducción automática vacía o no disponible en caché.
23	L4_etiqueta	pair			mt_failed	MT falló	Sechs auf viertem Platz bedeutet:		Six in the fourth place means:	Traducción automática vacía o no disponible en caché.
24	L4_etiqueta	pair			mt_failed	MT falló	Sechs auf viertem Platz bedeutet:		Six in the fourth place means:	Traducción automática vacía o no disponible en caché.
25	L4_etiqueta	pair			mt_failed	MT falló	Neun auf viertem Platz bedeutet:		Nine in the fourth place means:	Traducción automática vacía o no disponible en caché.
26	L4_etiqueta	pair			mt_failed	MT falló	Sechs auf viertem Platz bedeutet:		Six in the fourth place means:	Traducción automática vacía o no disponible en caché.
27	L4_etiqueta	pair			mt_failed	MT falló	Sechs auf viertem Platz bedeutet:		Six in the fourth place means:	Traducción automática vacía o no disponible en caché.
28	L4_etiqueta	pair			mt_failed	MT falló	Neun auf viertem Platz bedeutet:		Nine in the fourth place means:	Traducción automática vacía o no disponible en caché.
29	L4_etiqueta	pair			mt_failed	MT falló	Sechs auf viertem Platz bedeutet:		Six in the fourth place means:	Traducción automática vacía o no disponible en caché.
30	L4_etiqueta	pair			mt_failed	MT falló	Neun auf viertem Platz bedeutet:		Nine in the fourth place means:	Traducción automática vacía o no disponible en caché.
31	L4_etiqueta	pair			mt_failed	MT falló	Neun auf viertem Platz bedeutet:		Nine in the fourth place means:	Traducción automática vacía o no disponible en caché.
32	L4_etiqueta	pair			mt_failed	MT falló	Neun auf viertem Platz bedeutet:		Nine in the fourth place means:	Traducción automática vacía o no disponible en caché.
33	L4_etiqueta	pair			mt_failed	MT falló	Neun auf viertem Platz bedeutet:		Nine in the fourth place means:	Traducción automática vacía o no disponible en caché.
34	L4_etiqueta	pair			mt_failed	MT falló	Neun auf viertem Platz bedeutet:		Nine in the fourth place means:	Traducción automática vacía o no disponible en caché.
35	L4_etiqueta	pair			mt_failed	MT falló	Neun auf viertem Platz bedeutet:		Nine in the fourth place means:	Traducción automática vacía o no disponible en caché.
36	L4_etiqueta	pair			mt_failed	MT falló	Sechs auf viertem Platz bedeutet:		Six in the fourth place means:	Traducción automática vacía o no disponible en caché.
37	L4_etiqueta	pair			mt_failed	MT falló	Sechs auf viertem Platz bedeutet:		Six in the fourth place means:	Traducción automática vacía o no disponible en caché.
38	L4_etiqueta	pair			mt_failed	MT falló	Neun auf viertem Platz bedeutet:		Nine in the fourth place means:	Traducción automática vacía o no disponible en caché.
39	L4_etiqueta	pair			mt_failed	MT falló	Sechs auf viertem Platz bedeutet:		Six in the fourth place means:	Traducción automática vacía o no disponible en caché.
40	L4_etiqueta	pair			mt_failed	MT falló	Neun auf viertem Platz bedeutet:		Nine in the fourth place means:	Traducción automática vacía o no disponible en caché.
41	L4_etiqueta	pair			mt_failed	MT falló	Sechs auf viertem Platz bedeutet:		Six in the fourth place means:	Traducción automática vacía o no disponible en caché.
42	L4_etiqueta	pair			mt_failed	MT falló	Sechs auf viertem Platz bedeutet:		Six in the fourth place means:	Traducción automática vacía o no disponible en caché.
43	L4_etiqueta	pair			mt_failed	MT falló	Neun auf viertem Platz bedeutet:		Nine in the fourth place means:	Traducción automática vacía o no disponible en caché.
44	L4_etiqueta	pair			mt_failed	MT falló	Neun auf viertem Platz bedeutet:		Nine in the fourth place means:	Traducción automática vacía o no disponible en caché.
45	L4_etiqueta	pair			mt_failed	MT falló	Neun auf viertem Platz bedeutet:		Nine in the fourth place means:	Traducción automática vacía o no disponible en caché.
46	L4_etiqueta	pair			mt_failed	MT falló	Sechs auf viertem Platz bedeutet:		Six in the fourth place means:	Traducción automática vacía o no disponible en caché.
47	L4_etiqueta	pair			mt_failed	MT falló	Neun auf viertem Platz bedeutet:		Nine in the fourth place means:	Traducción automática vacía o no disponible en caché.
48	L4_etiqueta	pair			mt_failed	MT falló	Sechs auf viertem Platz bedeutet:		Six in the fourth place means:	Traducción automática vacía o no disponible en caché.
49	L4_etiqueta	pair			mt_failed	MT falló	Neun auf viertem Platz bedeutet:		Nine in the fourth place means:	Traducción automática vacía o no disponible en caché.
50	L4_etiqueta	pair			mt_failed	MT falló	Neun auf viertem Platz bedeutet:		Nine in the fourth place means:	Traducción automática vacía o no disponible en caché.
51	L4_etiqueta	pair			mt_failed	MT falló	Neun auf viertem Platz bedeutet:		Nine in the fourth place means:	Traducción automática vacía o no disponible en caché.
52	L4_etiqueta	pair			mt_failed	MT falló	Sechs auf viertem Platz bedeutet:		Six in the fourth place means:	Traducción automática vacía o no disponible en caché.
53	L4_etiqueta	pair			mt_failed	MT falló	Sechs auf viertem Platz bedeutet:		Six in the fourth place means:	Traducción automática vacía o no disponible en caché.
54	L4_etiqueta	pair			mt_failed	MT falló	Neun auf viertem Platz bedeutet:		Nine in the fourth place means:	Traducción automática vacía o no disponible en caché.
55	L4_etiqueta	pair			mt_failed	MT falló	Neun auf viertem Platz bedeutet:		Nine in the fourth place means:	Traducción automática vacía o no disponible en caché.
56	L4_etiqueta	pair			mt_failed	MT falló	Neun auf viertem Platz bedeutet:		Nine in the fourth place means:	Traducción automática vacía o no disponible en caché.
57	L4_etiqueta	pair			mt_failed	MT falló	Sechs auf viertem Platz bedeutet:		Six in the fourth place means:	Traducción automática vacía o no disponible en caché.
58	L4_etiqueta	pair			mt_failed	MT falló	Neun auf viertem Platz bedeutet:		Nine in the fourth place means:	Traducción automática vacía o no disponible en caché.
59	L4_etiqueta	pair			mt_failed	MT falló	Sechs auf viertem Platz bedeutet:		Six in the fourth place means:	Traducción automática vacía o no disponible en caché.
60	L4_etiqueta	pair			mt_failed	MT falló	Sechs auf viertem Platz bedeutet:		Six in the fourth place means:	Traducción automática vacía o no disponible en caché.
61	L4_etiqueta	pair			mt_failed	MT falló	Sechs auf viertem Platz bedeutet:		Six in the fourth place means:	Traducción automática vacía o no disponible en caché.
62	L4_etiqueta	pair			mt_failed	MT falló	Neun auf viertem Platz bedeutet:		Nine in the fourth place means:	Traducción automática vacía o no disponible en caché.
63	L4_etiqueta	pair			mt_failed	MT falló	Sechs auf viertem Platz bedeutet:		Six in the fourth place means:	Traducción automática vacía o no disponible en caché.
64	L4_etiqueta	pair			mt_failed	MT falló	Neun auf viertem Platz bedeutet:		Nine in the fourth place means:	Traducción automática vacía o no disponible en caché.
1	L4_oraculo	pair			mt_failed	MT falló	Schwankender Aufschwung über die Tiefe. Kein Makel.		Wavering flight over the depths. No blame.	Traducción automática vacía o no disponible en caché.
2	L4_oraculo	pair			mt_failed	MT falló	Zugebundener Sack. Kein Makel; kein Lob.		A tied-up sack. No blame, no praise.	Traducción automática vacía o no disponible en caché.
3	L4_oraculo	pair			mt_failed	MT falló	Pferd und Wagen trennen sich. Suche nach Vereinigung. Hingehen bringt Heil. Alles wirkt fördernd.		Horse and wagon part. Strive for union. To go brings good fortune. Everything acts to further.	Traducción automática vacía o no disponible en caché.
4	L4_oraculo	pair			mt_failed	MT falló	Beschränkte Torheit bringt Beschämung.		Entangled folly brings humiliation.	Traducción automática vacía o no disponible en caché.
5	L4_oraculo	pair			mt_failed	MT falló	Warten im Blut. Heraus aus dem Loch.		Waiting in blood. Get out of the pit.	Traducción automática vacía o no disponible en caché.
6	L4_oraculo	pair			mt_failed	MT falló	Man kann nicht streiten, kehrt um und fügt sich dem Geschick, ändert sich und findet Frieden in Beharrlichkeit. Heil!		One cannot engage in conflict. One turns back and submits to fate, Changes one's attitude, And finds peace in perseverance. Good fortune.	Traducción automática vacía o no disponible en caché.
7	L4_oraculo	pair			mt_failed	MT falló	Das Heer zieht sich zurück. Kein Makel.		The army retreats. No blame.	Traducción automática vacía o no disponible en caché.
8	L4_oraculo	pair			mt_failed	MT falló	Auch äußerlich halte zu ihm. Beharrlichkeit bringt Heil.		Hold to him outwardly also. Perseverance brings good fortune.	Traducción automática vacía o no disponible en caché.
9	L4_oraculo	pair			mt_failed	MT falló	Bist du wahrhaftig, so schwindet Blut und weicht Angst. Kein Makel.		If you are sincere, blood vanishes and fear gives way. No blame.	Traducción automática vacía o no disponible en caché.
10	L4_oraculo	pair			mt_failed	MT falló	Er tritt auf des Tigers Schwanz. Vorsicht und Behutsamkeit führt endlich zum Heil.		He treads on the tail of the tiger. Caution and circumspection Lead ultimately to good fortune.	Traducción automática vacía o no disponible en caché.
11	L4_oraculo	pair			mt_failed	MT falló	Er flattert hernieder, nicht pochend auf Reichtum, zusammen mit seinem Nächsten, arglos und wahrhaftig.		He flutters down, not boasting of his wealth, Together with his neighbor, Guileless and sincere.	Traducción automática vacía o no disponible en caché.
12	L4_oraculo	pair			mt_failed	MT falló	Wer auf Befehl des Höchsten wirkt, bleibt ohne Makel. Die Gleichgesinnten genießen des Segens.		He who acts at the command of the highest Remains without blame. Those of like mind partake of the blessing.	Traducción automática vacía o no disponible en caché.
13	L4_oraculo	pair			mt_failed	MT falló	Er steigt auf seine Mauer, er kann nicht angreifen. Heil!		He climbs up on his wall; he cannot attack. Good fortune.	Traducción automática vacía o no disponible en caché.
14	L4_oraculo	pair			mt_failed	MT falló	Er macht einen Unterschied zwischen sich und seinem Nächsten. Kein Makel.		He makes a difference Between himself and his neighbor. No blame.	Traducción automática vacía o no disponible en caché.
15	L4_oraculo	pair			mt_failed	MT falló	Nichts, das nicht fördernd wäre für Bescheidenheit in der Bewegung.		Nothing that would not further modesty In movement.	Traducción automática vacía o no disponible en caché.
16	L4_oraculo	pair			mt_failed	MT falló	Der Ursprung der Begeisterung. Er erreicht Großes. Zweifle nicht. Die Freunde scharen sich um dich wie um eine Haarspange.		The source of enthusiasm. He achieves great things. Doubt not. You gather friends around you As a hair clasp gathers the hair.	Traducción automática vacía o no disponible en caché.
17	L4_oraculo	pair			mt_failed	MT falló	Die Nachfolge schafft Erfolg. Beharrlichkeit bringt Unheil. Mit Wahrhaftigkeit auf dem Weg zu wandeln, bringt Klarheit. Wie könnte das ein M…		Following creates success. Perseverance brings misfortune. To go one's way with sincerity brings clarity. How could there be blame in this?	Traducción automática vacía o no disponible en caché.
18	L4_oraculo	pair			mt_failed	MT falló	Dulden des vom Vater Verdorbenen. Beim Fortmachen sieht man Beschämung.		Tolerating what has been spoiled by the father. In continuing one sees humiliation.	Traducción automática vacía o no disponible en caché.
19	L4_oraculo	pair			mt_failed	MT falló	Vollkommene Annäherung. Kein Makel.		Complete approach. No blame.	Traducción automática vacía o no disponible en caché.
20	L4_oraculo	pair			mt_failed	MT falló	Betrachtung des Lichtes des Reichs. Fördernd ist es, als Gast eines Königs zu wirken.		Contemplation of the light of the kingdom. It furthers one to exert influence as the guest of a king.	Traducción automática vacía o no disponible en caché.
21	L4_oraculo	pair			mt_failed	MT falló	Beißt auf getrocknetes Knorpelfleisch. Erhält Metallpfeile. Fördernd ist es,		Bites on dried gristly meat. Receives metal arrows. It furthers one to be mindful of difficulties And to be persevering. Good fortune.	Traducción automática vacía o no disponible en caché.
22	L4_oraculo	pair			mt_failed	MT falló	Anmut oder Einfachheit? Ein weißes Pferd kommt wie geflogen: Nicht Räuber er ist, Will freien zur Frist.		Grace or simplicity? A white horse comes as if on wings. He is not a robber, He will woo at the right time.	Traducción automática vacía o no disponible en caché.
23	L4_oraculo	pair			mt_failed	MT falló	Das Bett wird zersplittert bis zur Haut. Unheil.		The bed is split up to the skin. Misfortune.	Traducción automática vacía o no disponible en caché.
24	L4_oraculo	pair			mt_failed	MT falló	In der Mitte der andern wandelnd, kehrt man allein wieder.		Walking in the midst of others, One returns alone.	Traducción automática vacía o no disponible en caché.
25	L4_oraculo	pair			mt_failed	MT falló	Wer vermag beharrlich zu sein, bleibt ohne Makel.		He who can be persevering Remains without blame.	Traducción automática vacía o no disponible en caché.
26	L4_oraculo	pair			mt_failed	MT falló	Das Schutzbrett eines jungen Stieres. Großes Heil!		The headboard of a young bull. Great good fortune.	Traducción automática vacía o no disponible en caché.
27	L4_oraculo	pair			mt_failed	MT falló	Nach dem Gipfel sich wenden um Ernährung bringt Heil. Mit scharfen Augen wie ein Tiger umherspähen in unersättlichem Begehren. Kein Makel.		Turning to the summit For provision of nourishment Brings good fortune. Spying about with sharp eyes Like a tiger with insatiable craving. N…	Traducción automática vacía o no disponible en caché.
28	L4_oraculo	pair			mt_failed	MT falló	Der Firstbalken wird gestützt. Heil. Sind Hintergedanken da, ist es beschämend.		The ridgepole is braced. Good fortune. If there are ulterior motives, it is humiliating.	Traducción automática vacía o no disponible en caché.
29	L4_oraculo	pair			mt_failed	MT falló	Ein Krug Wein, eine Reisschale als Zugabe, Tongeschirr, einfach zum Fenster hineingereicht. Das ist durchaus kein Makel.		A jug of wine, a bowl of rice with it; Earthen vessels Simply handed in through the window. There is certainly no blame in this.	Traducción automática vacía o no disponible en caché.
30	L4_oraculo	pair			mt_failed	MT falló	Plötzlich ist sein Kommen; es brennt auf, erstirbt, wird weggeworfen.		Its coming is sudden; It flames up, dies down, is thrown away.	Traducción automática vacía o no disponible en caché.
31	L4_oraculo	pair			mt_failed	MT falló	Beharrlichkeit bringt Heil. Die Reue schwindet. Wenn man aufgeregt hin und her denkt, so folgen nur die Freunde, auf die man bewußte Gedanke…		Perseverance brings good fortune. Remorse disappears. If a man is agitated in mind, And his thoughts go hither and thither, Only those frien…	Traducción automática vacía o no disponible en caché.
32	L4_oraculo	pair			mt_failed	MT falló	Im Feld ist kein Wild.		No game in the field.	Traducción automática vacía o no disponible en caché.
33	L4_oraculo	pair			mt_failed	MT falló	Freiwilliger Rückzug bringt dem Edlen Heil, dem Gemeinen Niedergang.		Voluntary retreat brings good fortune to the superior man And downfall to the inferior man.	Traducción automática vacía o no disponible en caché.
34	L4_oraculo	pair			mt_failed	MT falló	Beharrlichkeit bringt Heil. Die Reue schwindet. Die Hecke öffnet sich, es gibt keine Verwicklung.		Perseverance brings good fortune. Remorse disappears. The hedge opens; there is no entanglement. Power depends upon the axle of a big cart.	Traducción automática vacía o no disponible en caché.
35	L4_oraculo	pair			mt_failed	MT falló	Fortschritt wie ein Hamster. Beharrlichkeit bringt Gefahr.		Progress like a hamster. Perseverance brings danger.	Traducción automática vacía o no disponible en caché.
36	L4_oraculo	pair			mt_failed	MT falló	Er dringt in die linke Bauchhöhle ein. Man erhält das Herz der Verfinsterung des Lichts und verläßt Tor und Hof.		He penetrates the left side of the belly. One gets at the very heart of the darkening of the light, And leaves gate and courtyard.	Traducción automática vacía o no disponible en caché.
37	L4_oraculo	pair			mt_failed	MT falló	Sie ist der Reichtum des Hauses. Großes Heil!		She is the treasure of the house. Great good fortune.	Traducción automática vacía o no disponible en caché.
38	L4_oraculo	pair			mt_failed	MT falló	Durch Gegensatz vereinsamt, trifft man auf einen Gleichgesinnten, mit dem man in Treuen verkehren kann. Trotz der Gefahr kein Makel.		Isolated through opposition, One meets a like-minded man With whom one can associate in good faith. Despite the danger, no blame.	Traducción automática vacía o no disponible en caché.
39	L4_oraculo	pair			mt_failed	MT falló	Gehen führt in Hemmnisse, Kommen führt zur Vereinigung.		Going leads to obstructions, Coming leads to union.	Traducción automática vacía o no disponible en caché.
40	L4_oraculo	pair			mt_failed	MT falló	Befreie dich von deiner großen Zehe. Dann kommt der Gefährte herbei, und dem kannst du trauen.		Deliver yourself from your great toe. Then the companion comes, And him you can trust.	Traducción automática vacía o no disponible en caché.
41	L4_oraculo	pair			mt_failed	MT falló	Wenn man seine Mängel mindert, macht man, daß der andre eilig kommt und Freude hat. Kein Makel.		If a man decreases his faults, It makes the other hasten to come and rejoice. No blame.	Traducción automática vacía o no disponible en caché.
42	L4_oraculo	pair			mt_failed	MT falló	Wenn du in der Mitte wandelst und dem Fürsten berichtest, so wird er folgen. Fördernd ist es, benützt zu werden bei der Verlegung der Haupts…		If you walk in the middle And report to the prince, He will follow. It furthers one to be used In the removal of the capital.	Traducción automática vacía o no disponible en caché.
43	L4_oraculo	pair			mt_failed	MT falló	An den Oberschenkeln ist keine Haut, und das Gehen fällt schwer. Ließe man sich führen wie ein Schaf, so würde die Reue schwinden. Wenn man …		There is no skin on his thighs, And walking comes hard. If a man were to let himself be led like a sheep, Remorse would disappear. But if th…	Traducción automática vacía o no disponible en caché.
44	L4_oraculo	pair			mt_failed	MT falló	Im Behälter ist kein Fisch. Daraus erhebt sich Unheil.		No fish in the tank. This leads to misfortune.	Traducción automática vacía o no disponible en caché.
45	L4_oraculo	pair			mt_failed	MT falló	Großes Heil! Kein Makel.		Great good fortune. No blame.	Traducción automática vacía o no disponible en caché.
46	L4_oraculo	pair			mt_failed	MT falló	Der König bringt ihn dem Berg Ki dar. Heil. Kein Makel.		The king offers him Mount Ch'i. Good fortune. No blame.	Traducción automática vacía o no disponible en caché.
47	L4_oraculo	pair			mt_failed	MT falló	Er kommt ganz sachte, bedrängt in einem goldnen Wagen. Beschämung, aber man kommt zu Ende.		He comes very quietly, oppressed in a golden carriage. Humiliation, but the end is reached.	Traducción automática vacía o no disponible en caché.
48	L4_oraculo	pair			mt_failed	MT falló	Der Brunnen wird ausgemauert, kein Makel.		The well is being lined. No blame.	Traducción automática vacía o no disponible en caché.
49	L4_oraculo	pair			mt_failed	MT falló	Die Reue schwindet. Man findet Glauben. Die Staatsordnung zu wechseln, bringt Heil.		Remorse disappears. Men believe him. Changing the form of government brings good fortune.	Traducción automática vacía o no disponible en caché.
50	L4_oraculo	pair			mt_failed	MT falló	Der Tiegel bricht die Beine. Das Mahl des Fürsten wird verschüttet, und die Gestalt wird befleckt. Unheil!		The legs of the ting are broken. The prince's meal is spilled And his person is soiled. Misfortune.	Traducción automática vacía o no disponible en caché.
51	L4_oraculo	pair			mt_failed	MT falló	Das Erschüttern gerät in Schlamm.		Shock is mired.	Traducción automática vacía o no disponible en caché.
52	L4_oraculo	pair			mt_failed	MT falló	Stillehalten seines Rumpfes. Kein Makel.		Keeping his trunk still. No blame.	Traducción automática vacía o no disponible en caché.
53	L4_oraculo	pair			mt_failed	MT falló	Die Wildgans zieht allmählich dem Baume zu. Vielleicht bekommt sie einen flachen Ast. Kein Makel.		The wild goose gradually draws near the tree. Perhaps it will find a flat branch. No blame.	Traducción automática vacía o no disponible en caché.
54	L4_oraculo	pair			mt_failed	MT falló	Das heiratende Mädchen verzögert die Frist. Eine späte Heirat kommt zu ihrer Zeit.		The marrying maiden draws out the allotted time. A late marriage comes in due course.	Traducción automática vacía o no disponible en caché.
55	L4_oraculo	pair			mt_failed	MT falló	Der Vorhang ist von solcher Fülle, daß man am Mittag die Polsterne sieht. Er begegnet seinem gleichen Herrn. Heil!		The curtain is of such fullness That the polestars can be seen at noon. He meets his ruler, who is of like kind. Good fortune.	Traducción automática vacía o no disponible en caché.
56	L4_oraculo	pair			mt_failed	MT falló	Der Wanderer ruht an einem Unterkunftsort. Er erlangt seinen Besitz und eine Axt. Mein Herz ist nicht froh.		The wanderer rests in a shelter. He obtains his property and an ax. My heart is not glad.	Traducción automática vacía o no disponible en caché.
57	L4_oraculo	pair			mt_failed	MT falló	Reue schwindet. Auf der Jagd fängt man drei Arten von Wild.		Remorse vanishes. During the hunt Three kinds of game are caught.	Traducción automática vacía o no disponible en caché.
58	L4_oraculo	pair			mt_failed	MT falló	Überlegte Heiterkeit ist nicht beruhigt. Nach Abtun der Fehler hat man Freude.		Joyousness that is weighed is not at peace. After ridding himself of mistakes a man has joy.	Traducción automática vacía o no disponible en caché.
59	L4_oraculo	pair			mt_failed	MT falló	Er löst sich von seiner Schar. Erhabenes Heil! Durch Auflösung folgt Anhäufung. Das ist etwas, an das Gewöhnliche nicht denken.		He dissolves his bond with his group. Supreme good fortune. Dispersion leads in turn to accumulation. This is something that ordinary men do…	Traducción automática vacía o no disponible en caché.
60	L4_oraculo	pair			mt_failed	MT falló	Zufriedene Beschränkung. Gelingen.		Contented limitation. Success.	Traducción automática vacía o no disponible en caché.
61	L4_oraculo	pair			mt_failed	MT falló	Der Mond, der beinahe voll ist. Das Gespannpferd geht verloren. Kein Makel.		The moon nearly at the full. The team horse goes astray. No blame.	Traducción automática vacía o no disponible en caché.
62	L4_oraculo	pair			mt_failed	MT falló	Kein Makel. Ohne vorbeizugehen, trifft er ihn. Hingehen bringt Gefahr. Man muß sich hüten. Handle nicht. Sei dauernd beharrlich.		No blame. He meets him without passing by. Going brings danger. One must be on guard. Do not act. Be constantly persevering.	Traducción automática vacía o no disponible en caché.
63	L4_oraculo	pair			mt_failed	MT falló	Die schönsten Kleider geben Lumpen. Den ganzen Tag sei vorsichtig.		The finest clothes turn to rags. Be careful all day long.	Traducción automática vacía o no disponible en caché.
64	L4_oraculo	pair			mt_failed	MT falló	Beharrlichkeit bringt Heil. Reue schwindet. Erschütterung, um das Teufelsland zu züchtigen.		Perseverance brings good fortune. Remorse disappears. Shock, thus to discipline the Devil's Country. For three years, great realms are award…	Traducción automática vacía o no disponible en caché.
1	L4_comentario	pair			mt_failed	MT falló	Hier ist die Stelle des Übergangs erreicht, wo die Freiheit sich betätigen kann. Eine doppelte Möglichkeit liegt vor dem bedeutenden Mann: e…		A place of transition has been reached, and free choice can enter in. A twofold possibility is presented to the great man: he can soar to th…	Traducción automática vacía o no disponible en caché.
2	L4_comentario	pair			mt_failed	MT falló	Das Schattige öffnet sich, wenn es sich bewegt, und schließt sich, wenn es ruht. Hier ist die strengste Verschlossenheit gezeichnet. Die Zei…		The dark element opens when it moves and closes when at rest. The strictest reticence is indicated here. The time is dangerous, because any …	Traducción automática vacía o no disponible en caché.
3	L4_comentario	pair			mt_failed	MT falló	Man ist in einer Lage, da man die Pflicht hat, zu handeln, aber die Kraft reicht nicht aus. Doch bietet sich Gelegenheit, Anschluß zu finden…		We are in a situation in which it is our duty to act, but we lack sufficient power. However, an opportunity to make connections offers itsel…	Traducción automática vacía o no disponible en caché.
4	L4_comentario	pair			mt_failed	MT falló	Für die Jugendtorheit ist es das hoffnungsloseste, sich in leere Einbildungen zu verstricken. Je eigensinniger sie auf solchen wirklichkeits…		For youthful folly it is the most hopeless thing to entangle itself in empty imaginings. The more obstinately it clings to such unreal fanta…	Traducción automática vacía o no disponible en caché.
5	L4_comentario	pair			mt_failed	MT falló	Es ist die Lage äußerst gefährlich. Es ist voller Ernst geworden und geht auf Leben und Tod. Blutvergießen ist unmittelbar zu erwarten. Man …		The situation is extremely dangerous. It is of utmost gravity now—a matter of life and death. Bloodshed seems imminent. There is no going fo…	Traducción automática vacía o no disponible en caché.
6	L4_comentario	pair			mt_failed	MT falló	Die innere Gesinnung ist zunächst friedlos. Man fühlt sich in seiner Lage nicht wohl und möchte sich durch Streit eine bessere Lage verschaf…		This refers to a person whose inner attitude at first lacks peace. He does not feel content with his situation and would like to improve it …	Traducción automática vacía o no disponible en caché.
7	L4_comentario	pair			mt_failed	MT falló	Wenn man einem überlegenen Feind gegenübersteht, mit dem der Kampf aussichtslos ist, so ist ein geordneter Rückzug das einzig Richtige, weil…		In face of a superior enemy, with whom it would be hopeless to engage in battle, an orderly retreat is the only correct procedure, because i…	Traducción automática vacía o no disponible en caché.
8	L4_comentario	pair			mt_failed	MT falló	Die Beziehungen zu einem Mann, der Mittelpunkt des Zusammenhaltens ist, sind hier schon fest geregelt. Da darf und soll man seine Anhänglich…		Here the relations with a man who is the center of union are well established. Then we may, and indeed we should, show our attachment openly…	Traducción automática vacía o no disponible en caché.
9	L4_comentario	pair			mt_failed	MT falló	In schwerer, verantwortungsvoller Stellung soll man den Mächtigen, dem man leitend zur Seite steht, so zähmen, daß das rechte geschieht. Dar…		If one is in the difficult and responsible position of counselor to a powerful man, one should restrain him in such a way that right may pre…	Traducción automática vacía o no disponible en caché.
10	L4_comentario	pair			mt_failed	MT falló	Es handelt sich um eine gefährliche Unternehmung. Es ist die innere Kraft vorhanden, sie zu bestehen. Aber die innere Kraft verbindet sich n…		This text refers to a dangerous enterprise. The inner power to carry it through is there, but this inner power is combined with hesitating c…	Traducción automática vacía o no disponible en caché.
11	L4_comentario	pair			mt_failed	MT falló	In Zeiten gegenseitigen Vertrauens kommen die Hohen ganz einfach, und ohne auf ihren Reichtum zu pochen, gemeinsam zu den Niedrigen. Das ist…		In times of mutual confidence, people of high rank come in close contact with the lowly quite simply and without boasting of their wealth. T…	Traducción automática vacía o no disponible en caché.
12	L4_comentario	pair			mt_failed	MT falló	Die Zeit der Stockung naht sich dem Umschlag. Wer wieder Ordnung schaffen will, muß dazu berufen sein und das nötige Ansehen besitzen. Wer s…		The time of standstill is nearing the point of change into its opposite. Whoever wishes to restore order must feel himself called to the tas…	Traducción automática vacía o no disponible en caché.
13	L4_comentario	pair			mt_failed	MT falló	Hier rückt die Versöhnung nach der Entzweiung näher. Zwar sind noch trennende Mauern da, auf denen man sich gegenübersteht. Aber die Schwier…		Here the reconciliation that follows quarrel moves nearer. It is true that there are still dividing walls on which we stand confronting one …	Traducción automática vacía o no disponible en caché.
14	L4_comentario	pair			mt_failed	MT falló	Es ist eine Stellung gekennzeichnet, die zwischen reichen und mächtigen Nachbarn steht. Das bringt Gefahr. Da gilt es, nicht rechts und nich…		This characterizes the position of a man placed among rich and powerful neighbors. It is a dangerous position. He must look neither to the r…	Traducción automática vacía o no disponible en caché.
15	L4_comentario	pair			mt_failed	MT falló	Alles hat sein Maß. Auch die Bescheidenheit im Benehmen kann übertrieben werden. Hier ist sie am Platz, da die Lage zwischen einem verdienst…		Everything has its proper measure. Even modesty in behavior can be carried too far. Here, however, it is appropriate, because the place betw…	Traducción automática vacía o no disponible en caché.
16	L4_comentario	pair			mt_failed	MT falló	Jemand, der Begeisterung zu erwecken vermag durch die eigene Sicherheit und Freiheit von Bedenken: dadurch, daß er nicht zweifelt und ganz w…		This describes a man who is able to awaken enthusiasm through his own sureness and freedom from hesitation. He attracts people because he ha…	Traducción automática vacía o no disponible en caché.
17	L4_comentario	pair			mt_failed	MT falló	Es gelingt oft, wenn man einen gewissen Einfluß besitzt, daß man Nachfolger findet durch Leutseligkeit nach unten hin. Die Menschen, die sic…		It often happens, when a man exerts a certain amount of influence, that he obtains a following by condescension toward inferiors. But the pe…	Traducción automática vacía o no disponible en caché.
18	L4_comentario	pair			mt_failed	MT falló	Es wird hier die Lage gezeigt, daß jemand aus Schwachheit dem Verderben, das aus der Vergangenheit stammt und sich jetzt zu zeigen beginnt, …		This shows the situation of someone too weak to take measures against decay that has its roots in the past and is just beginning to manifest…	Traducción automática vacía o no disponible en caché.
19	L4_comentario	pair			mt_failed	MT falló	Während die drei unteren Linien das Aufsteigen zu Macht und Einfluß bezeichnen, zeigen die drei oberen das Verhalten der Höhergestellten zu …		While the three lower lines indicate rise to power and influence, the three upper lines show the attitude of persons in higher position towa…	Traducción automática vacía o no disponible en caché.
20	L4_comentario	pair			mt_failed	MT falló	Hier ist ein Mann gezeichnet, der die Geheimnisse versteht, durch die man ein Reich zur Blüte bringt. Ein solcher Mann muß an einen maßgeben…		This describes a man who understands the secrets by which a kingdom can be made to flourish. Such a man must be given an authoritative posit…	Traducción automática vacía o no disponible en caché.
21	L4_comentario	pair			mt_failed	MT falló	der Schwierigkeiten eingedenk und beharrlich zu sein. Heil! Es sind sehr große Schwierigkeiten zu überwinden. Mächtige Gegner sollen bestraf…		There are great obstacles to be overcome, powerful opponents are to be punished. Though this is arduous, the effort succeeds. But it is nece…	Traducción automática vacía o no disponible en caché.
22	L4_comentario	pair			mt_failed	MT falló	Man ist in einer Lage, in der sich Zweifel ergeben, ob man weiterhin die Anmut äußeren Glanzes suchen soll oder ob es nicht besser ist, zur …		An individual is in a situation in which doubts arise as to which is better—to pursue the grace of external brilliance, or to return to simp…	Traducción automática vacía o no disponible en caché.
23	L4_comentario	pair			mt_failed	MT falló	Das Unglück erreicht hier den eigenen Leib, nicht mehr nur den Ruheplatz. Eine Warnung oder sonstiger Zusatz ist nicht beigefügt. Das Unheil…		Here the disaster affects not only the resting place but even the occupant. No warning or other comment is added. Misfortune has reached its…	Traducción automática vacía o no disponible en caché.
24	L4_comentario	pair			mt_failed	MT falló	Man ist mitten in einer Gesellschaft von geringen Menschen, aber man hat innere Beziehungen zu einem starken und guten Freund. Infolge davon…		A man is in a society composed of inferior people, but is connected spiritually with a strong and good friend, and this makes him turn back …	Traducción automática vacía o no disponible en caché.
25	L4_comentario	pair			mt_failed	MT falló	Was einem wirklich gehört, das kann man nicht verlieren, und wenn man es wegwürfe. Man braucht darum gar nicht besorgt zu sein. Man muß nur …		We cannot lose what really belongs to us, even if we throw it away. Therefore we need have no anxiety. All that need concern us is that we s…	Traducción automática vacía o no disponible en caché.
26	L4_comentario	pair			mt_failed	MT falló	Diese Linie und die nächstfolgende sind es, die die vorwärtsstrebenden unteren zähmen. Ehe einem Stier die Hörner gewachsen sind, bringt man…		This line and the one following it are the two that tame the forward-pushing lower lines. Before a bull's horns grow out, a headboard is fas…	Traducción automática vacía o no disponible en caché.
27	L4_comentario	pair			mt_failed	MT falló	Anders als bei der Sechs auf zweitem Platz, die einen Menschen bedeutet, der geschäftig nur auf seinen eigenen Vorteil bedacht ist, bedeutet…		In contrast to the six in the second place, which refers to a man bent exclusively on his own advantage, this line refers to one occupying a…	Traducción automática vacía o no disponible en caché.
28	L4_comentario	pair			mt_failed	MT falló	Durch freundliche Beziehungen zu den Unteren gelingt es einem verantwortlichen Mann, der Lage Herr zu werden. Wenn er aber seine Beziehungen…		Through friendly relations with people of lower rank, a responsible man succeeds in becoming master of the situation. But if, instead of wor…	Traducción automática vacía o no disponible en caché.
29	L4_comentario	pair			mt_failed	MT falló	In Zeiten der Gefahr hören die umständlichen Formen auf. Die Hauptsache ist die wahrhaftige Gesinnung. Ein Beamter braucht für gewöhnlich, e…		In times of danger ceremonious forms are dropped. What matters most is sincerity. Although as a rule it is customary for an official to pres…	Traducción automática vacía o no disponible en caché.
30	L4_comentario	pair			mt_failed	MT falló	Die Klarheit des Verstandes verhält sich zum Leben wie das Feuer zum Holz. Das Feuer haftet am Holz, aber es verzehrt auch das Holz. Die Ver…		Clarity of mind has the same relation to life that fire has to wood. Fire clings to wood, but also consumes it. Clarity of mind is rooted in…	Traducción automática vacía o no disponible en caché.
31	L4_comentario	pair			mt_failed	MT falló	Hier ist der Platz des Herzens erreicht. Die Anregung, die von hier ausgeht, ist am wichtigsten. Besonders ist darauf zu achten, daß der Ein…		Here the place of the heart is reached. The impulse that springs from this source is the most important of all. It is of particular concern …	Traducción automática vacía o no disponible en caché.
32	L4_comentario	pair			mt_failed	MT falló	Wenn man auf der Jagd zu Schuß kommen will, so muß man es auf die rechte Weise anfangen. Wenn man dauernd dem Wild an einem Orte nachstellt,…		If we are in pursuit of game and want to get a shot at a quarry, we must set about it in the right way. A man who persists in stalking game …	Traducción automática vacía o no disponible en caché.
33	L4_comentario	pair			mt_failed	MT falló	Beim Rückzug handelt es sich für den höheren Menschen darum, daß er in aller Freundlichkeit und gerne Abschied nimmt. Der Rückzug fällt ihm …		In retreating the superior man is intent on taking his departure willingly and in all friendliness. He easily adjusts his mind to retreat, b…	Traducción automática vacía o no disponible en caché.
34	L4_comentario	pair			mt_failed	MT falló	Die Macht beruht auf der Achse eines großen Wagens. Wenn man beharrlich und still fortarbeitet an der Beseitigung der Widerstände, dann geli…		If a man goes on quietly and perseveringly working at the removal of resistances, success comes in the end. The obstructions give way and al…	Traducción automática vacía o no disponible en caché.
35	L4_comentario	pair			mt_failed	MT falló	In Zeiten des Fortschritts ist es für starke Menschen leicht, wenn sie an unrichtiger Stelle sind, sich vieles zusammenzuscharren. Aber ein …		In times of progress it is easy for strong men in the wrong places to amass great possessions. But such conduct shuns the light. And since t…	Traducción automática vacía o no disponible en caché.
36	L4_comentario	pair			mt_failed	MT falló	Man befindet sich in der Nähe des Hauptes der Finsternis und erfährt so seine geheimsten Gedanken. Auf diese Weise erkennt man, daß Besserun…		We find ourselves close to the commander of darkness and so discover his most secret thoughts. In this way we realize that there is no longe…	Traducción automática vacía o no disponible en caché.
37	L4_comentario	pair			mt_failed	MT falló	Die Hausfrau ist es, von der der Wohlstand der Familie abhängt. Wohlstand herrscht immer dann, wenn Ausgaben und Einnahmen zueinander in ges…		It is upon the woman of the house that the well-being of the family depends. Well-being prevails when expenditures and income are soundly ba…	Traducción automática vacía o no disponible en caché.
38	L4_comentario	pair			mt_failed	MT falló	Wenn man in einer Gesellschaft ist, von der man durch einen inneren Gegensatz getrennt ist, so kommt man in Vereinsamung. Aber wenn man in s…		If a man finds himself in a company of people from whom he is separated by an inner opposition, he becomes isolated. But if in such a situat…	Traducción automática vacía o no disponible en caché.
39	L4_comentario	pair			mt_failed	MT falló	Auch hier ist eine Lage gezeichnet, der man allein nicht gewachsen ist. In solchem Fall ist der gerade Weg nicht der kürzeste. Wollte man au…		This too describes a situation that cannot be managed singlehanded. In such a case the direct way is not the shortest. If a person were to f…	Traducción automática vacía o no disponible en caché.
40	L4_comentario	pair			mt_failed	MT falló	Zu Zeiten des Stillstandes kommt es vor, daß gemeine Menschen sich einem höheren Menschen anschließen und durch tägliche Gewohnheit mit ihm …		In times of standstill it will happen that inferior people attach themselves to a superior man, and through force of daily habit they may gr…	Traducción automática vacía o no disponible en caché.
41	L4_comentario	pair			mt_failed	MT falló	Oft hindern unsere Fehler selbst wohlgesinnte Menschen, uns näherzutreten. Diese Fehler werden oft verstärkt und schlimmer gemacht durch die…		A man's faults often prevent even well-disposed people from coming closer to him. His faults are sometimes reinforced by the environment in …	Traducción automática vacía o no disponible en caché.
42	L4_comentario	pair			mt_failed	MT falló	Es ist von Wichtigkeit, daß es Menschen gibt, die zwischen Führern und Geführten vermitteln. Das müssen selbstlose Persönlichkeiten sein, na…		It is important that there should be men who mediate between leaders and followers. These should be disinterested people, especially in time…	Traducción automática vacía o no disponible en caché.
43	L4_comentario	pair			mt_failed	MT falló	Man leidet an innerer Unruhe, so daß man nicht auf seinem Platz beharren kann. Man möchte unter allen Umständen voran und findet dabei unübe…		Here a man is suffering from inner restlessness and cannot abide in his place. He would like to push forward under any circumstances, but en…	Traducción automática vacía o no disponible en caché.
44	L4_comentario	pair			mt_failed	MT falló	Die kleinen Leute muß man dulden, damit sie einem wohlgesinnt bleiben. Dann kann man sie auch benutzen, wenn man sie einmal braucht. Wenn ma…		Insignificant people must be tolerated in order to keep them well disposed. Then we can make use of them if we should need them. If we becom…	Traducción automática vacía o no disponible en caché.
45	L4_comentario	pair			mt_failed	MT falló	Es ist hier ein Mann gezeichnet, der im Namen seines Herrn die Menschen um sich sammelt. Da er keine Sondervorteile für sich erstrebt, sonde…		This describes a man who gathers people around him in the name of his ruler. Since he is not striving for any special advantages for himself…	Traducción automática vacía o no disponible en caché.
46	L4_comentario	pair			mt_failed	MT falló	Der Berg Ki ist im Westen Chinas, dem Stammlande des Königs Wen, von dessen Sohne, dem Herzog von Dschou, die Worte zu den Einzellinien beig…		Mount Ch'i is in western China, the homeland of King Wên, whose son, the Duke of Chou, added the words to the individual lines. The pronounc…	Traducción automática vacía o no disponible en caché.
47	L4_comentario	pair			mt_failed	MT falló	Ein wohlhabender Mann sieht die Not der Unteren und möchte auch ganz gerne helfen. Doch greift er nicht rasch und energisch zu, wo es nötig …		A well-to-do man sees the need of the lower classes and would like very much to be of help. But instead of proceeding with speed and energy …	Traducción automática vacía o no disponible en caché.
48	L4_comentario	pair			mt_failed	MT falló	Wenn der Brunnen ausgemauert wird, so kann man ihn zwar solange nicht benützen, aber die Arbeit ist nicht vergebens; sie bewirkt, daß das Wa…		True, if a well is being lined with stone, it cannot be used while the work is going on. But the work is not in vain; the result is that the…	Traducción automática vacía o no disponible en caché.
49	L4_comentario	pair			mt_failed	MT falló	Grundstürzende Änderungen erfordern die nötige Autorität. Sowohl die innere Charakterstärke muß da sein als auch die einflußreiche Stellung.…		Radical changes require adequate authority. A man must have inner strength as well as influential position. What he does must correspond wit…	Traducción automática vacía o no disponible en caché.
50	L4_comentario	pair			mt_failed	MT falló	Man hat eine schwere, verantwortungsvolle Aufgabe, deren Erfüllung man nicht gewachsen ist. Da man zudem sich dieser Aufgabe nicht mit volle…		A man has a difficult and responsible task to which he is not adequate. Moreover, he does not devote himself to it with all his strength but…	Traducción automática vacía o no disponible en caché.
51	L4_comentario	pair			mt_failed	MT falló	Die innere Bewegung hängt in ihrem Erfolg zum Teil auch von den Umständen ab. Wenn die Umstände so sind, daß weder Widerstand vorhanden ist,…		Movement within the mind depends for its success partly on circumstances. If there is neither a resistance that might be vigorously combated…	Traducción automática vacía o no disponible en caché.
52	L4_comentario	pair			mt_failed	MT falló	Ruhighalten des Rückens, wie es in den Worten zum Gesamtzeichen erwähnt ist, bedeutet, daß man das Ich ver gißt. Das ist die höchste Stufe d…		As has been pointed out above in the comment on the Judgment, keeping the back at rest means forgetting the ego. This is the highest stage o…	Traducción automática vacía o no disponible en caché.
53	L4_comentario	pair			mt_failed	MT falló	Der Baum ist kein Platz, der für eine Wildgans geeignet ist. Aber wenn sie klug ist, findet sie einen flachen Ast, auf dem sie stehen kann. …		A tree is not a suitable place for a wild goose. But if it is clever, it will find a flat branch on which it can get a footing. A man's life…	Traducción automática vacía o no disponible en caché.
54	L4_comentario	pair			mt_failed	MT falló	Das Mädchen ist sehr gut, will sich nicht wegwerfen und versäumt darüber die übliche Zeit der Ehe. Das schadet aber nichts. Sie wird für ihr…		The girl is virtuous. She does not wish to throw herself away, and allows the customary time for marriage to slip by. However, there is no h…	Traducción automática vacía o no disponible en caché.
55	L4_comentario	pair			mt_failed	MT falló	Hier ist die Finsternis schon im Abnehmen, darum findet sich das einander Entsprechende zusammen. Auch hier muß die Ergänzung gefunden werde…		Here the darkness is already decreasing, therefore interrelated elements come together. Here too the complement must be found—the necessary …	Traducción automática vacía o no disponible en caché.
56	L4_comentario	pair			mt_failed	MT falló	Hier ist ein Wanderer gezeichnet, der sich äußerlich zu bescheiden versteht, obwohl er innerlich stark und vorwärtsdringend ist. Darum finde…		This describes a wanderer who knows how to limit his desires outwardly, though he is inwardly strong and aspiring. Therefore he finds at lea…	Traducción automática vacía o no disponible en caché.
57	L4_comentario	pair			mt_failed	MT falló	Wenn man angeborene Bescheidenheit infolge der verantwortungsvollen Stelle, die man bekleidet, und der Erfahrungen, die man gesammelt hat, m…		When a responsible position and accumulated experience lead one to combine innate modesty with energetic action, great success is assured. T…	Traducción automática vacía o no disponible en caché.
58	L4_comentario	pair			mt_failed	MT falló	Oft befindet sich der Mensch mitteninne zwischen verschiedenen Arten der Freude. Solange man noch nicht entschieden ist, welche Art der Freu…		Often a man finds himself weighing the choice between various kinds of pleasures, and so long as he has not decided which kind he will choos…	Traducción automática vacía o no disponible en caché.
59	L4_comentario	pair			mt_failed	MT falló	Wenn man an einer Aufgabe arbeitet, die ins große Ganze geht, muß man alle Privatfreundschaften beiseite lassen. Nur wenn man über den Parte…		When we are working at a task that affects the general welfare, we must leave all private friendships out of account. Only by rising above p…	Traducción automática vacía o no disponible en caché.
60	L4_comentario	pair			mt_failed	MT falló	Jede Beschränkung hat ihren Wert. Aber wenn diese Beschränkung noch dauernde Anstrengung erfordert, dann ist sie mit zu viel Kraftaufwand ve…		Every limitation has its value, but a limitation that requires persistent effort entails a cost of too much energy. When, however, the limit…	Traducción automática vacía o no disponible en caché.
61	L4_comentario	pair			mt_failed	MT falló	Um die Kraft der inneren Wahrheit zu steigern, muß man sich dem Höheren zuwenden, von dem man Erleuchtung empfangen kann wie der Mond von de…		To intensify the power of inner truth, a man must always turn to his superior, from whom he can receive enlightenment as the moon receives l…	Traducción automática vacía o no disponible en caché.
62	L4_comentario	pair			mt_failed	MT falló	Die Härte des Charakters ist durch die Weichheit der Stellung gemildert, so daß man keinen Fehler macht. Man befindet sich in einer Lage, da…		Hardness of character is tempered by yielding position, so that no mistakes are made. The situation here calls for extreme caution; one must…	Traducción automática vacía o no disponible en caché.
63	L4_comentario	pair			mt_failed	MT falló	In Zeiten der Kulturblüte kommen immer zuweilen Erschütterungen vor, die einen inneren Schaden der Gesellschaft aufdecken und dann zunächst …		In a time of flowering culture, an occasional convulsion is bound to occur, uncovering a hidden evil within society and at first causing a g…	Traducción automática vacía o no disponible en caché.
64	L4_comentario	pair			mt_failed	MT falló	Drei Jahre lang gibt es Belohnungen mit großen Reichen. Nun ist die Zeit des Kampfes. Der Übergang muß vollzogen werden. Man muß sich in sei…		Now it is the time of struggle. The transition must be completed. We must make ourselves strong in resolution; this brings good fortune. All…	Traducción automática vacía o no disponible en caché.
1	L5_etiqueta	pair			mt_failed	MT falló	Neun auf fünftem Platz bedeutet:		Nine in the fifth place means:	Traducción automática vacía o no disponible en caché.
2	L5_etiqueta	pair			mt_failed	MT falló	Sechs auf fünftem Platz bedeutet:		Six in the fifth place means:	Traducción automática vacía o no disponible en caché.
3	L5_etiqueta	pair			mt_failed	MT falló	Neun auf fünftem Platz bedeutet:		Nine in the fifth place means:	Traducción automática vacía o no disponible en caché.
4	L5_etiqueta	pair			mt_failed	MT falló	Sechs auf fünftem Platz bedeutet:		Six in the fifth place means:	Traducción automática vacía o no disponible en caché.
5	L5_etiqueta	pair			mt_failed	MT falló	Neun auf fünftem Platz bedeutet:		Nine in the fifth place means:	Traducción automática vacía o no disponible en caché.
6	L5_etiqueta	pair			mt_failed	MT falló	Neun auf fünftem Platz bedeutet:		Nine in the fifth place means:	Traducción automática vacía o no disponible en caché.
7	L5_etiqueta	pair			mt_failed	MT falló	Sechs auf fünftem Platz bedeutet:		Six in the fifth place means:	Traducción automática vacía o no disponible en caché.
8	L5_etiqueta	pair			mt_failed	MT falló	Neun auf fünftem Platz bedeutet:		Nine in the fifth place means:	Traducción automática vacía o no disponible en caché.
9	L5_etiqueta	pair			mt_failed	MT falló	Neun auf fünftem Platz bedeutet:		Nine in the fifth place means:	Traducción automática vacía o no disponible en caché.
10	L5_etiqueta	pair			mt_failed	MT falló	Neun auf fünftem Platz bedeutet:		Nine in the fifth place means:	Traducción automática vacía o no disponible en caché.
11	L5_etiqueta	pair			mt_failed	MT falló	Sechs auf fünftem Platz bedeutet:		Six in the fifth place means:	Traducción automática vacía o no disponible en caché.
12	L5_etiqueta	pair			mt_failed	MT falló	Neun auf fünftem Platz bedeutet:		Nine in the fifth place means:	Traducción automática vacía o no disponible en caché.
13	L5_etiqueta	pair			mt_failed	MT falló	Neun auf fünftem Platz bedeutet:		Nine in the fifth place means:	Traducción automática vacía o no disponible en caché.
14	L5_etiqueta	pair			mt_failed	MT falló	Sechs auf fünftem Platz bedeutet;		Six in the fifth place means:	Traducción automática vacía o no disponible en caché.
15	L5_etiqueta	pair			mt_failed	MT falló	Sechs auf fünftem Platz bedeutet:		Six in the fifth place means:	Traducción automática vacía o no disponible en caché.
16	L5_etiqueta	pair			mt_failed	MT falló	Sechs auf fünftem Platz bedeutet:		Six in the fifth place means:	Traducción automática vacía o no disponible en caché.
17	L5_etiqueta	pair			mt_failed	MT falló	Neun auf fünftem Platz bedeutet:		Nine in the fifth place means:	Traducción automática vacía o no disponible en caché.
18	L5_etiqueta	pair			mt_failed	MT falló	Sechs auf fünftem Platz bedeutet:		Six in the fifth place means:	Traducción automática vacía o no disponible en caché.
19	L5_etiqueta	pair			mt_failed	MT falló	Sechs auf fünftem Platz bedeutet:		Six in the fifth place means:	Traducción automática vacía o no disponible en caché.
20	L5_etiqueta	pair			mt_failed	MT falló	Neun auf fünftem Platz bedeutet:		Nine in the fifth place means:	Traducción automática vacía o no disponible en caché.
21	L5_etiqueta	pair			mt_failed	MT falló	Sechs auf fünftem Platz bedeutet:		Six in the fifth place means:	Traducción automática vacía o no disponible en caché.
22	L5_etiqueta	pair			mt_failed	MT falló	Sechs auf fünftem Platz bedeutet:		Six in the fifth place means:	Traducción automática vacía o no disponible en caché.
23	L5_etiqueta	pair			mt_failed	MT falló	Sechs auf fünftem Platz bedeutet:		Six in the fifth place means:	Traducción automática vacía o no disponible en caché.
24	L5_etiqueta	pair			mt_failed	MT falló	Sechs auf fünftem Platz bedeutet:		Six in the fifth place means:	Traducción automática vacía o no disponible en caché.
25	L5_etiqueta	pair			mt_failed	MT falló	Neun auf fünftem Platz bedeutet:		Nine in the fifth place means:	Traducción automática vacía o no disponible en caché.
26	L5_etiqueta	pair			mt_failed	MT falló	Sechs auf fünftem Platz bedeutet:		Six in the fifth place means:	Traducción automática vacía o no disponible en caché.
27	L5_etiqueta	pair			mt_failed	MT falló	Sechs auf fünftem Platz bedeutet:		Six in the fifth place means:	Traducción automática vacía o no disponible en caché.
28	L5_etiqueta	pair			mt_failed	MT falló	Neun auf fünftem Platz bedeutet:		Nine in the fifth place means:	Traducción automática vacía o no disponible en caché.
29	L5_etiqueta	pair			mt_failed	MT falló	Neun auf fünftem Platz bedeutet:		Nine in the fifth place means:	Traducción automática vacía o no disponible en caché.
30	L5_etiqueta	pair			mt_failed	MT falló	Sechs auf fünftem Platz bedeutet:		Six in the fifth place means:	Traducción automática vacía o no disponible en caché.
31	L5_etiqueta	pair			mt_failed	MT falló	Neun auf fünftem Platz bedeutet:		Nine in the fifth place means:	Traducción automática vacía o no disponible en caché.
32	L5_etiqueta	pair			mt_failed	MT falló	Sechs auf fünftem Platz bedeutet:		Six in the fifth place means:	Traducción automática vacía o no disponible en caché.
33	L5_etiqueta	pair			mt_failed	MT falló	Neun auf fünftem Platz bedeutet:		Nine in the fifth place means:	Traducción automática vacía o no disponible en caché.
34	L5_etiqueta	pair			mt_failed	MT falló	Sechs auf fünftem Platz bedeutet:		Six in the fifth place means:	Traducción automática vacía o no disponible en caché.
35	L5_etiqueta	pair			mt_failed	MT falló	Sechs auf fünftem Platz bedeutet:		Six in the fifth place means:	Traducción automática vacía o no disponible en caché.
36	L5_etiqueta	pair			mt_failed	MT falló	Sechs auf fünftem Platz bedeutet:		Six in the fifth place means:	Traducción automática vacía o no disponible en caché.
37	L5_etiqueta	pair			mt_failed	MT falló	Neun auf fünftem Platz bedeutet:		Nine in the fifth place means:	Traducción automática vacía o no disponible en caché.
38	L5_etiqueta	pair			mt_failed	MT falló	Sechs auf fünftem Platz bedeutet:		Six in the fifth place means:	Traducción automática vacía o no disponible en caché.
39	L5_etiqueta	pair			mt_failed	MT falló	Neun auf fünftem Platz bedeutet:		Nine in the fifth place means:	Traducción automática vacía o no disponible en caché.
40	L5_etiqueta	pair			mt_failed	MT falló	Sechs auf fünftem Platz bedeutet:		Six in the fifth place means:	Traducción automática vacía o no disponible en caché.
41	L5_etiqueta	pair			mt_failed	MT falló	Sechs auf fünftem Platz bedeutet:		Six in the fifth place means:	Traducción automática vacía o no disponible en caché.
42	L5_etiqueta	pair			mt_failed	MT falló	Neun auf fünftem Platz bedeutet:		Nine in the fifth place means:	Traducción automática vacía o no disponible en caché.
43	L5_etiqueta	pair			mt_failed	MT falló	Neun auf fünftem Platz bedeutet:		Nine in the fifth place means:	Traducción automática vacía o no disponible en caché.
44	L5_etiqueta	pair			mt_failed	MT falló	Neun auf fünftem Platz bedeutet:		Nine in the fifth place means:	Traducción automática vacía o no disponible en caché.
45	L5_etiqueta	pair			mt_failed	MT falló	Neun auf fünftem Platz bedeutet:		Nine in the fifth place means:	Traducción automática vacía o no disponible en caché.
46	L5_etiqueta	pair			mt_failed	MT falló	Sechs auf fünftem Platz bedeutet:		Six in the fifth place means:	Traducción automática vacía o no disponible en caché.
47	L5_etiqueta	pair			mt_failed	MT falló	Neun auf fünftem Platz bedeutet:		Nine in the fifth place means:	Traducción automática vacía o no disponible en caché.
48	L5_etiqueta	pair			mt_failed	MT falló	Neun auf fünftem Platz bedeutet:		Nine in the fifth place means:	Traducción automática vacía o no disponible en caché.
49	L5_etiqueta	pair			mt_failed	MT falló	Neun auf fünftem Platz bedeutet:		Nine in the fifth place means:	Traducción automática vacía o no disponible en caché.
50	L5_etiqueta	pair			mt_failed	MT falló	Sechs auf fünftem Platz bedeutet:		Six in the fifth place means:	Traducción automática vacía o no disponible en caché.
51	L5_etiqueta	pair			mt_failed	MT falló	Sechs auf fünftem Platz bedeutet:		Six in the fifth place means:	Traducción automática vacía o no disponible en caché.
52	L5_etiqueta	pair			mt_failed	MT falló	Sechs auf fünftem Platz bedeutet:		Six in the fifth place means:	Traducción automática vacía o no disponible en caché.
53	L5_etiqueta	pair			mt_failed	MT falló	Neun auf fünftem Platz bedeutet:		Nine in the fifth place means:	Traducción automática vacía o no disponible en caché.
54	L5_etiqueta	pair			mt_failed	MT falló	Sechs auf fünftem Platz bedeutet:		Six in the fifth place means:	Traducción automática vacía o no disponible en caché.
55	L5_etiqueta	pair			mt_failed	MT falló	Sechs auf fünftem Platz bedeutet:		Six in the fifth place means:	Traducción automática vacía o no disponible en caché.
56	L5_etiqueta	pair			mt_failed	MT falló	Sechs auf fünftem Platz bedeutet:		Six in the fifth place means:	Traducción automática vacía o no disponible en caché.
57	L5_etiqueta	pair			mt_failed	MT falló	Neun auf fünftem Platz bedeutet:		Nine in the fifth place means:	Traducción automática vacía o no disponible en caché.
58	L5_etiqueta	pair			mt_failed	MT falló	Neun auf fünftem Platz bedeutet:		Nine in the fifth place means:	Traducción automática vacía o no disponible en caché.
59	L5_etiqueta	pair			mt_failed	MT falló	Neun auf fünftem Platz bedeutet:		Nine in the fifth place means:	Traducción automática vacía o no disponible en caché.
60	L5_etiqueta	pair			mt_failed	MT falló	Neun auf fünftem Platz bedeutet:		Nine in the fifth place means:	Traducción automática vacía o no disponible en caché.
61	L5_etiqueta	pair			mt_failed	MT falló	Neun auf fünftem Platz bedeutet:		Nine in the fifth place means:	Traducción automática vacía o no disponible en caché.
62	L5_etiqueta	pair			mt_failed	MT falló	Sechs auf fünftem Platz bedeutet:		Six in the fifth place means:	Traducción automática vacía o no disponible en caché.
63	L5_etiqueta	pair			mt_failed	MT falló	Neun auf fünftem Platz bedeutet:		Nine in the fifth place means:	Traducción automática vacía o no disponible en caché.
64	L5_etiqueta	pair			mt_failed	MT falló	Sechs auf fünftem Platz bedeutet:		Six in the fifth place means:	Traducción automática vacía o no disponible en caché.
1	L5_oraculo	pair			mt_failed	MT falló	Fliegender Drache am Himmel. Fördernd ist es, den großen Mann zu sehen.		Flying dragon in the heavens. It furthers one to see the great man.	Traducción automática vacía o no disponible en caché.
2	L5_oraculo	pair			mt_failed	MT falló	Gelbes Untergewand bringt erhabenes Heil.		A yellow lower garment brings supreme good fortune.	Traducción automática vacía o no disponible en caché.
3	L5_oraculo	pair			mt_failed	MT falló	Schwierigkeiten im Segnen. Kleine Beharrlichkeit bringt Heil, große Beharrlichkeit bringt Unheil.		Difficulties in blessing. A little perseverance brings good fortune. Great perseverance brings misfortune.	Traducción automática vacía o no disponible en caché.
4	L5_oraculo	pair			mt_failed	MT falló	Kindliche Torheit bringt Heil.		Childlike folly brings good fortune.	Traducción automática vacía o no disponible en caché.
5	L5_oraculo	pair			mt_failed	MT falló	Warten bei Wein und Speise. Beharrlichkeit bringt Heil.		Waiting at meat and drink. Perseverance brings good fortune.	Traducción automática vacía o no disponible en caché.
6	L5_oraculo	pair			mt_failed	MT falló	Streiten vor ihm bringt erhabenes Heil.		To contend before him Brings supreme good fortune.	Traducción automática vacía o no disponible en caché.
7	L5_oraculo	pair			mt_failed	MT falló	Im Feld ist ein Wild. Es ist fördernd, es zu fangen. Ohne Makel. Der Älteste führe das Heer. Der Jüngere fährt Leichen, da bringt Beharrlich…		There is game in the field. It furthers one to catch it. Without blame. Let the eldest lead the army. The younger transports corpses; Then p…	Traducción automática vacía o no disponible en caché.
8	L5_oraculo	pair			mt_failed	MT falló	Offenbarung des Zusammenhaltens. Der König läßt bei der Jagd nur von drei Seiten treiben und verzichtet auf das Wild, das vorne abbiegt. Die…		Manifestation of holding together. In the hunt the king uses beaters on three sides only And foregoes game that runs off in front. The citiz…	Traducción automática vacía o no disponible en caché.
9	L5_oraculo	pair			mt_failed	MT falló	Bist du wahrhaftig und treu verbunden, so bist du reich in deinem Nächsten.		If you are sincere and loyally attached, You are rich in your neighbor.	Traducción automática vacía o no disponible en caché.
10	L5_oraculo	pair			mt_failed	MT falló	Entschlossenes Auftreten. Beharrlichkeit bei Bewußtsein der Gefahr.		Resolute conduct. Perseverance with awareness of danger.	Traducción automática vacía o no disponible en caché.
11	L5_oraculo	pair			mt_failed	MT falló	Der Herrscher I gibt seine Tochter in die Ehe. Das bringt Segen und erhabenes Heil.		The sovereign I Gives his daughter in marriage. This brings blessing And supreme good fortune.	Traducción automática vacía o no disponible en caché.
12	L5_oraculo	pair			mt_failed	MT falló	Die Stockung läßt nach. Dem großen Manne Heil! »Wenn es mißlänge, wenn es mißlänge!«		Standstill is giving way. Good fortune for the great man. ""What if it should fail, what if it should fail?"" In this way he ties it to a clus…	Traducción automática vacía o no disponible en caché.
13	L5_oraculo	pair			mt_failed	MT falló	Die gemeinsamen Menschen weinen erst und klagen, aber nachher lachen sie.		Men bound in fellowship first weep and lament, But afterward they laugh. After great struggles they succeed in meeting.	Traducción automática vacía o no disponible en caché.
14	L5_oraculo	pair			mt_failed	MT falló	Wessen Wahrheit umgänglich ist und doch würdig, der hat Heil.		He whose truth is accessible, yet dignified, Has good fortune.	Traducción automática vacía o no disponible en caché.
15	L5_oraculo	pair			mt_failed	MT falló	Nicht pochen auf Reichtum seinem Nächsten gegenüber. Fördernd ist es, mit Gewalt anzugreifen. Nichts, das nicht fördernd wäre.		No boasting of wealth before one's neighbor. It is favorable to attack with force. Nothing that would not further.	Traducción automática vacía o no disponible en caché.
16	L5_oraculo	pair			mt_failed	MT falló	Beharrlich krank und stirbt doch immer nicht.		Persistently ill, and still does not die.	Traducción automática vacía o no disponible en caché.
17	L5_oraculo	pair			mt_failed	MT falló	Wahrhaft im Guten. Heil!		Sincere in the good. Good fortune.	Traducción automática vacía o no disponible en caché.
18	L5_oraculo	pair			mt_failed	MT falló	Zurechtbringen des vom Vater Verdorbenen. Man findet Lob.		Setting right what has been spoiled by the father. One meets with praise.	Traducción automática vacía o no disponible en caché.
19	L5_oraculo	pair			mt_failed	MT falló	Weise Annäherung. Das ist recht für einen großen Fürsten. Heil!		Wise approach. This is right for a great prince. Good fortune.	Traducción automática vacía o no disponible en caché.
20	L5_oraculo	pair			mt_failed	MT falló	Betrachtung meines Lebens. Der Edle ist ohne Makel.		Contemplation of my life. The superior man is without blame.	Traducción automática vacía o no disponible en caché.
21	L5_oraculo	pair			mt_failed	MT falló	Beißt auf getrocknetes Muskelfleisch. Erhält gelbes Gold. Beharrlich der Gefahr bewußt sein. Kein Makel.		Bites on dried lean meat. Receives yellow gold. Perseveringly aware of danger. No blame.	Traducción automática vacía o no disponible en caché.
22	L5_oraculo	pair			mt_failed	MT falló	Anmut in Hügeln und Gärten. Das Seidenbündel ist ärmlich und klein. Beschämung, doch schließlich Heil.		Grace in hills and gardens. The roll of silk is meager and small. Humiliation, but in the end good fortune.	Traducción automática vacía o no disponible en caché.
23	L5_oraculo	pair			mt_failed	MT falló	Ein Zug Fische. Durch die Palastdamen kommt Gunst. Alles ist förderlich.		A shoal of fishes. Favor comes through the court ladies. Everything acts to further.	Traducción automática vacía o no disponible en caché.
24	L5_oraculo	pair			mt_failed	MT falló	Großzügige Wiederkehr. Keine Reue.		Noblehearted return. No remorse.	Traducción automática vacía o no disponible en caché.
25	L5_oraculo	pair			mt_failed	MT falló	Bei unverschuldeter Krankheit gebrauche keine Arznei. Es wird schon von selber gut werden.		Use no medicine in an illness Incurred through no fault of your own. It will pass of itself.	Traducción automática vacía o no disponible en caché.
26	L5_oraculo	pair			mt_failed	MT falló	Eines verschnittenen Ebers Zahn. Heil!		The tusk of a gelded boar. Good fortune.	Traducción automática vacía o no disponible en caché.
27	L5_oraculo	pair			mt_failed	MT falló	Abweichen vom Weg. Bleiben in Beharrlichkeit bringt Heil. Man soll nicht das große Wasser durchqueren.		Turning away from the path. To remain persevering brings good fortune. One should not cross the great water.	Traducción automática vacía o no disponible en caché.
28	L5_oraculo	pair			mt_failed	MT falló	Eine dürre Pappel treibt Blüten. Ein älteres Weib bekommt einen Mann. Kein Makel. Kein Lob.		A withered poplar puts forth flowers. An older woman takes a husband. No blame. No praise.	Traducción automática vacía o no disponible en caché.
29	L5_oraculo	pair			mt_failed	MT falló	Der Abgrund wird nicht überfüllt, er wird nur bis zum Rand gefüllt. Kein Makel.		The abyss is not filled to overflowing, It is filled only to the rim. No blame.	Traducción automática vacía o no disponible en caché.
30	L5_oraculo	pair			mt_failed	MT falló	Weinend in Strömen, seufzend und klagend. Heil!		Tears in floods, sighing and lamenting. Good fortune.	Traducción automática vacía o no disponible en caché.
31	L5_oraculo	pair			mt_failed	MT falló	Die Einwirkung äußert sich im Nacken. Keine Reue.		The influence shows itself in the back of the neck. No remorse.	Traducción automática vacía o no disponible en caché.
32	L5_oraculo	pair			mt_failed	MT falló	Seinem Charakter Dauer geben durch Beharrlichkeit, das ist für eine Frau von Heil, für einen Mann von Unheil.		Giving duration to one's character through perseverance. This is good fortune for a woman, misfortune for a man.	Traducción automática vacía o no disponible en caché.
33	L5_oraculo	pair			mt_failed	MT falló	Freundlicher Rückzug. Beharrlichkeit bringt Heil.		Friendly retreat. Perseverance brings good fortune.	Traducción automática vacía o no disponible en caché.
34	L5_oraculo	pair			mt_failed	MT falló	Verliert den Bock in Leichtigkeit. Keine Reue.		Loses the goat with ease. No remorse.	Traducción automática vacía o no disponible en caché.
35	L5_oraculo	pair			mt_failed	MT falló	Die Reue schwindet. Gewinn und Verlust nimm nicht zu Herzen. Unternehmungen bringen Heil. Alles ist fördernd.		Remorse disappears. Take not gain and loss to heart. Undertakings bring good fortune. Everything serves to further.	Traducción automática vacía o no disponible en caché.
36	L5_oraculo	pair			mt_failed	MT falló	Verfinsterung des Lichts wie beim Prinzen Gi. Fördernd ist Beharrlichkeit.		Darkening of the light as with Prince Chi. Perseverance furthers.	Traducción automática vacía o no disponible en caché.
37	L5_oraculo	pair			mt_failed	MT falló	Ein König naht er seiner Sippe, fürchtet euch nicht. Heil!		As a king he approaches his family. Fear not. Good fortune.	Traducción automática vacía o no disponible en caché.
38	L5_oraculo	pair			mt_failed	MT falló	Die Reue schwindet. Der Gefährte beißt sich durch die Hülle. Wenn man hingeht zu ihm, wie wäre das ein Fehler?		Remorse disappears. The companion bites his way through the wrappings. If one goes to him, How could it be a mistake?	Traducción automática vacía o no disponible en caché.
39	L5_oraculo	pair			mt_failed	MT falló	Inmitten der größten Hemmnisse kommen Freunde.		In the midst of the greatest obstructions, Friends come.	Traducción automática vacía o no disponible en caché.
40	L5_oraculo	pair			mt_failed	MT falló	Wenn der Edle sich nur befreien kann, das bringt Heil. Er zeigt so den Gemeinen, daß es ihm ernst ist.		If only the superior man can deliver himself, It brings good fortune. Thus he proves to inferior men that he is in earnest.	Traducción automática vacía o no disponible en caché.
41	L5_oraculo	pair			mt_failed	MT falló	Es mehrt ihn wohl jemand. Zehn Paar Schildkröten können dem nicht widerstreben. Erhabenes Heil!		Someone does indeed increase him. Ten pairs of tortoises cannot oppose it. Supreme good fortune.	Traducción automática vacía o no disponible en caché.
42	L5_oraculo	pair			mt_failed	MT falló	Wenn du wahrhaftig ein gütiges Herz hast, so frage nicht. Erhabenes Heil!		If in truth you have a kind heart, ask not. Supreme good fortune. Truly, kindness will be recognized as your virtue.	Traducción automática vacía o no disponible en caché.
43	L5_oraculo	pair			mt_failed	MT falló	Dem Unkraut gegenüber braucht es feste Entschlossenheit. In der Mitte wandeln bleibt frei von Makel.		In dealing with weeds, Firm resolution is necessary. Walking in the middle Remains free of blame.	Traducción automática vacía o no disponible en caché.
44	L5_oraculo	pair			mt_failed	MT falló	Mit Weidenblättern bedeckte Melone: verborgene Linien. Da fällt es einem vom Himmel herunter zu.		A melon covered with willow leaves. Hidden lines. Then it drops down to one from heaven.	Traducción automática vacía o no disponible en caché.
45	L5_oraculo	pair			mt_failed	MT falló	Wenn man beim Sammeln die Stellung hat, so gibt das keinen Makel. Wenn manche noch nicht wahrhaft dabei sind, so bedarf es erhabener, dauern…		If in gathering together one has position, This brings no blame. If there are some who are not yet sincerely in the work, Sublime and enduri…	Traducción automática vacía o no disponible en caché.
46	L5_oraculo	pair			mt_failed	MT falló	Beharrlichkeit bringt Heil. Man dringt empor auf Stufen.		Perseverance brings good fortune. One pushes upward by steps.	Traducción automática vacía o no disponible en caché.
47	L5_oraculo	pair			mt_failed	MT falló	Es werden ihm Nase und Füße abgeschnitten. Man ist bedrängt von dem in purpurnen Kniebinden. Sachte kommt die Freude. Fördernd ist es, Opfer…		His nose and feet are cut off. Oppression at the hands of the man with the purple knee bands. Joy comes softly. It furthers one to make offe…	Traducción automática vacía o no disponible en caché.
48	L5_oraculo	pair			mt_failed	MT falló	Im Brunnen ist ein klarer, kühler Quell, den man trinken kann.		In the well there is a clear, cold spring From which one can drink.	Traducción automática vacía o no disponible en caché.
49	L5_oraculo	pair			mt_failed	MT falló	Der große Mann ändert wie ein Tiger. Noch ehe er das Orakel fragt, findet er Glauben.		The great man changes like a tiger. Even before he questions the oracle He is believed.	Traducción automática vacía o no disponible en caché.
50	L5_oraculo	pair			mt_failed	MT falló	Der Tiegel hat gelbe Henkel, goldne Tragringe. Fördernd ist Beharrlichkeit.		The ting has yellow handles, golden carrying rings. Perseverance furthers.	Traducción automática vacía o no disponible en caché.
51	L5_oraculo	pair			mt_failed	MT falló	Das Erschüttern geht hin und her: Gefahr. Aber man verliert durchaus nichts, nur gibt es Geschäfte.		Shock goes hither and thither. Danger. However, nothing at all is lost. Yet there are things to be done.	Traducción automática vacía o no disponible en caché.
52	L5_oraculo	pair			mt_failed	MT falló	Stillehalten seiner Kinnladen. Die Worte haben Ordnung. Die Reue schwindet.		Keeping his jaws still. The words have order. Remorse disappears.	Traducción automática vacía o no disponible en caché.
53	L5_oraculo	pair			mt_failed	MT falló	Die Wildgans zieht allmählich dem Gipfel zu. Die Frau bekommt drei Jahre lang kein Kind. Endlich kann sie nichts verhindern. Heil!		The wild goose gradually draws near the summit. For three years the woman has no child. In the end nothing can hinder her. Good fortune.	Traducción automática vacía o no disponible en caché.
54	L5_oraculo	pair			mt_failed	MT falló	Der Herrscher I verheiratet seine Tochter. Da waren die gestickten Kleider der Fürstin nicht so prächtig wie die der Dienerin. Der Mond, der…		The sovereign I gave his daughter in marriage. The embroidered garments of the princess Were not as gorgeous As those of the servingmaid. Th…	Traducción automática vacía o no disponible en caché.
55	L5_oraculo	pair			mt_failed	MT falló	Es kommen Linien, es naht Segen und Ruhm. Heil!		Lines are coming, Blessing and fame draw near. Good fortune.	Traducción automática vacía o no disponible en caché.
56	L5_oraculo	pair			mt_failed	MT falló	Er schießt einen Fasan; auf den ersten Pfeil fällt er. Schließlich kommt dadurch Lob und Amt.		He shoots a pheasant. It drops with the first arrow. In the end this brings both praise and office.	Traducción automática vacía o no disponible en caché.
57	L5_oraculo	pair			mt_failed	MT falló	Beharrlichkeit bringt Heil. Reue schwindet. Nichts, das nicht fördernd ist. Kein Anfang, aber ein Ende. Vor der Änderung drei Tage, nach der…		Perseverance brings good fortune. Remorse vanishes. Nothing that does not further. No beginning, but an end. Before the change, three days. …	Traducción automática vacía o no disponible en caché.
58	L5_oraculo	pair			mt_failed	MT falló	Wahrhaftigkeit gegen das Zersetzende ist gefährlich.		Sincerity toward disintegrating influences is dangerous.	Traducción automática vacía o no disponible en caché.
59	L5_oraculo	pair			mt_failed	MT falló	Auflösend wie Schweiß sind seine lauten Rufe. Auflösung! Ein König weilt ohne Makel.		His loud cries are as dissolving as sweat. Dissolution! A king abides without blame.	Traducción automática vacía o no disponible en caché.
60	L5_oraculo	pair			mt_failed	MT falló	Süße Beschränkung bringt Heil. Hingehen bringt Achtung.		Sweet limitation brings good fortune. Going brings esteem.	Traducción automática vacía o no disponible en caché.
61	L5_oraculo	pair			mt_failed	MT falló	Er besitzt Wahrheit, die verkettet. Kein Makel.		He possesses truth, which links together. No blame.	Traducción automática vacía o no disponible en caché.
62	L5_oraculo	pair			mt_failed	MT falló	Dichte Wolken, kein Regen von unserm westlichen Gebiet. Der Fürst schießt und trifft jenen in der Höhle.		Dense clouds, No rain from our western territory. The prince shoots and hits him who is in the cave.	Traducción automática vacía o no disponible en caché.
63	L5_oraculo	pair			mt_failed	MT falló	Der Nachbar im Osten, der einen Ochsen schlachtet, bekommt nicht soviel wirkliches Glück		The neighbor in the east who slaughters an ox Does not attain as much real happiness As the neighbor in the west With his small offering.	Traducción automática vacía o no disponible en caché.
64	L5_oraculo	pair			mt_failed	MT falló	Beharrlichkeit bringt Heil. Keine Reue. Das Licht des Edlen ist wahrhaftig. Heil!		Perseverance brings good fortune. No remorse. The light of the superior man is true. Good fortune.	Traducción automática vacía o no disponible en caché.
1	L5_comentario	pair			mt_failed	MT falló	Hier ist der große Mann in der Sphäre der Himmlischen angelangt. Sein Einfluß erstreckt sich weithin sichtbar über die ganze Welt. Jeder, de…		Here the great man has attained the sphere of the heavenly beings. His influence spreads and becomes visible throughout the whole world. Eve…	Traducción automática vacía o no disponible en caché.
2	L5_comentario	pair			mt_failed	MT falló	Gelb ist die Farbe der Erde und der Mitte, das Symbol des Zuverlässigen und Echten. Das Untergewand ist unauffällig verziert, das Symbol vor…		Yellow is the color of the earth and of the middle; it is the symbol of that which is reliable and genuine. The lower garment is inconspicuo…	Traducción automática vacía o no disponible en caché.
3	L5_comentario	pair			mt_failed	MT falló	Man findet sich in der Lage, daß man keine Möglichkeit hat, seine guten Absichten so zum Ausdruck zu bringen, daß sie wirklich in die Ersche…		An individual is in a position in which he cannot so express his good intentions that they will actually take shape and be understood. Other…	Traducción automática vacía o no disponible en caché.
4	L5_comentario	pair			mt_failed	MT falló	Ein unerfahrener Mensch, der kindlich und anspruchslos Belehrung sucht, ist gut daran. Denn wer vom Hochmut frei sich dem Lehrer unterstellt…		An inexperienced person who seeks instruction in a childlike and unassuming way is on the right path, for the man devoid of arrogance who su…	Traducción automática vacía o no disponible en caché.
5	L5_comentario	pair			mt_failed	MT falló	Auch mitten in der Gefahr gibt es Ruhepausen, da es einem verhältnismäßig gut geht. Wenn man die rechte innere Stärke besitzt, so wird man d…		Even in the midst of danger there come intervals of peace when things go relatively well. If we possess enough inner strength, we shall take…	Traducción automática vacía o no disponible en caché.
6	L5_comentario	pair			mt_failed	MT falló	Es ist hier der Schlichter des Streits gezeigt, der machtvoll und gerecht ist und der die Kraft besitzt, dem Recht Nachdruck zu verleihen. I…		This refers to an arbiter in a conflict who is powerful and just, and strong enough to lend weight to the right side. A dispute can be turne…	Traducción automática vacía o no disponible en caché.
7	L5_comentario	pair			mt_failed	MT falló	Das Wild ist im Feld, d.h. es hat seinen Aufenthaltsort, den Wald, aufgegeben und ist in die Felder verwüstend eingebrochen. Das deutet auf …		Game is in the field—it has left its usual haunts in the forest and is devastating the fields. This points to an enemy invasion. Energetic c…	Traducción automática vacía o no disponible en caché.
8	L5_comentario	pair			mt_failed	MT falló	Bei den königlichen Treibjagden im alten China war es üblich, daß das Wild von drei Seiten her angetrieben wurde. Auf der vierten Seite konn…		In the royal hunts of ancient China it was customary to drive up the game from three sides, but on the fourth the animals had a chance to ru…	Traducción automática vacía o no disponible en caché.
9	L5_comentario	pair			mt_failed	MT falló	Die Treue führt zu fester Bindung, weil sie auf gegenseitiger Ergänzung beruht. Beim schwächeren Teil besteht die Treue in Hingebung, beim s…		Loyalty leads to firm ties because it means that each partner complements the other. In the weaker person loyalty consists in devotion, in t…	Traducción automática vacía o no disponible en caché.
10	L5_comentario	pair			mt_failed	MT falló	Es handelt sich um den Herrn des ganzen Zeichens. Man sieht sich genötigt zu entschlossenem Auftreten. Dabei muß man sich aber der Gefahr be…		This refers to the ruler of the hexagram as a whole. One sees that one has to be resolute in conduct. But at the same time one must remain c…	Traducción automática vacía o no disponible en caché.
11	L5_comentario	pair			mt_failed	MT falló	Der Herrscher I ist Tang, der Vollender. Er hatte bestimmt, daß die kaiserlichen Prinzessinnen, trotzdem sie im Rang höher standen als die G…		The sovereign I is T'ang the Completer. By his decree the imperial princesses, although higher in rank than their husbands, had to obey them…	Traducción automática vacía o no disponible en caché.
12	L5_comentario	pair			mt_failed	MT falló	Dadurch bindet er es an ein Bündel von Maulbeerstauden. Die Zeit ändert sich. Der rechte Mann ist gekommen, der wieder Ordnung schaffen kann…		The time undergoes a change. The right man, able to restore order, has arrived. Hence ""Good fortune."" But such periods of transition are the…	Traducción automática vacía o no disponible en caché.
13	L5_comentario	pair			mt_failed	MT falló	Nach großen Kämpfen gelingt es ihnen, sich zu treffen. Es sind zwei Menschen äußerlich getrennt, aber im Herzen vereint. Sie sind durch ihre…		Two people are outwardly separated, but in their hearts they are united. They are kept apart by their positions in life. Many difficulties a…	Traducción automática vacía o no disponible en caché.
14	L5_comentario	pair			mt_failed	MT falló	Die Lage ist sehr günstig. Ohne äußeren Zwang, nur infolge der ungesuchten Aufrichtigkeit, gewinnt man die Menschen, daß sie auch in aufrich…		The situation is very favorable. People are being won not by coercion but by unaffected sincerity, so that they are attached to us in sincer…	Traducción automática vacía o no disponible en caché.
15	L5_comentario	pair			mt_failed	MT falló	Bescheidenheit ist verschieden von schwächlicher Gutmütigkeit, die alles laufen läßt. Wenn man an verantwortungsvollem Posten steht, muß man…		Modesty is not to be confused with weak good nature that lets things take their own course. When a man holds a responsible position, he must…	Traducción automática vacía o no disponible en caché.
16	L5_comentario	pair			mt_failed	MT falló	Die Begeisterung wird hier verhindert. Man befindet sich unter dauerndem Druck, der nicht zu freiem Aufatmen kommen läßt. Aber dieser Druck …		Here enthusiasm is obstructed. A man is under constant pressure, which prevents him from breathing freely. However, this pressure has its ad…	Traducción automática vacía o no disponible en caché.
17	L5_comentario	pair			mt_failed	MT falló	Jeder Mensch muß etwas haben, dem er nachfolgt, das ihm als Leitstern dient. Wer dem Schönen und Guten mit Überzeugung nachfolgt, der mag si…		Every man must have something he follows—something that serves him as a lodestar. He who follows with conviction the beautiful and the good …	Traducción automática vacía o no disponible en caché.
18	L5_comentario	pair			mt_failed	MT falló	Man sieht sich einem durch die Vernachlässigung früherer Zeiten entstandenen Verderben gegenüber. Man besitzt nicht die Kraft, ihm allein zu…		An individual is confronted with corruption originating from neglect in former times. He lacks the power to ward it off alone, but with able…	Traducción automática vacía o no disponible en caché.
19	L5_comentario	pair			mt_failed	MT falló	Ein Fürst oder jemand in leitender Stellung soll die Weisheit besitzen, in seine Umgebung tüchtige Menschen zu ziehen, die sachkundig sind i…		A prince, or anyone in a leading position, must have the wisdom to attract to himself people of ability who are expert in directing affairs.…	Traducción automática vacía o no disponible en caché.
20	L5_comentario	pair			mt_failed	MT falló	Ein Mann an maßgebender Stelle, zu dem die andern aufblicken, muß dauernd zur Selbstprüfung bereit sein. Die rechte Art der Selbstprüfung be…		A man in an authoritative position to whom others look up must always be ready for self-examination. The right sort of self-examination, how…	Traducción automática vacía o no disponible en caché.
21	L5_comentario	pair			mt_failed	MT falló	Man hat einen Fall zu entscheiden, der zwar nicht leicht, aber doch klar ist. Aber die eigene Natur ist zur Gutmütigkeit geneigt. Darum muß …		The case to be decided is indeed not easy but perfectly clear. Since we naturally incline to leniency, we must make every effort to be like …	Traducción automática vacía o no disponible en caché.
22	L5_comentario	pair			mt_failed	MT falló	Man zieht sich aus dem Verkehr mit den Menschen der Tiefe, die nur Pracht und Luxus suchen, zurück in die Einsamkeit der Höhen. Da findet ma…		A man withdraws from contact with people of the lowlands, who seek nothing but magnificence and luxury, into the solitude of the heights. Th…	Traducción automática vacía o no disponible en caché.
23	L5_comentario	pair			mt_failed	MT falló	Hier in unmittelbarer Nähe des oberen starken und lichten Prinzips wandelt sich die Natur des Dunklen. Es widerstrebt nicht mehr ränkevoll d…		Here, in immediate proximity to the strong, light-giving principle at the top, the nature of the dark force undergoes a change. It no longer…	Traducción automática vacía o no disponible en caché.
24	L5_comentario	pair			mt_failed	MT falló	Wenn die Zeit zur Umkehr da ist, dann soll man sich nicht hinter kleinliche Ausreden verstecken, sondern in sich gehen und sich prüfen. Und …		When the time for return has come, a man should not take shelter in trivial excuses, but should look within and examine himself. And if he h…	Traducción automática vacía o no disponible en caché.
25	L5_comentario	pair			mt_failed	MT falló	Kommt von außen her, durch Zufall, ein unerwartetes Übel, das nicht in der eigenen Natur begründet ist und in ihr seinen Anhaltspunkt hat, s…		An unexpected evil may come accidentally from without. If it does not originate in one's own nature or have a foothold there, one should not…	Traducción automática vacía o no disponible en caché.
26	L5_comentario	pair			mt_failed	MT falló	Hier ist die Zähmung des ungestüm Vorwärtsdrängenden auf indirekte Weise erreicht. Der Zahn des Ebers ist an sich gefährlich, aber wenn die …		Here the restraining of the impetuous forward drive is achieved in an indirect way. A boar's tusk is in itself dangerous, but if the boar's …	Traducción automática vacía o no disponible en caché.
27	L5_comentario	pair			mt_failed	MT falló	Man ist sich eines Mangels bewußt. Man sollte für die Ernährung der Menschen sorgen, aber man hat nicht die Kraft dazu. So muß man vom gewoh…		A man may be conscious of a deficiency in himself. He should be undertaking the nourishment of the people, but he has not the strength to do…	Traducción automática vacía o no disponible en caché.
28	L5_comentario	pair			mt_failed	MT falló	Eine dürre Pappel, die Blüten treibt, erschöpft dadurch ihre Kräfte und kommt dem Ende dadurch nur näher. Eine ältere Frau nimmt sich noch e…		A withered poplar that flowers exhausts its energies thereby and only hastens its end. An older woman may marry once more, but no renewal ta…	Traducción automática vacía o no disponible en caché.
29	L5_comentario	pair			mt_failed	MT falló	Die Gefahr entsteht daraus, daß man zu hoch hinaus will. Das Wasser in der Schlucht häuft sich nicht auf, sondern geht nur bis an den nieder…		Danger comes because one is too ambitious. In order to flow out of a ravine, water does not rise higher than the lowest point of the rim. So…	Traducción automática vacía o no disponible en caché.
30	L5_comentario	pair			mt_failed	MT falló	Hier ist der Höhepunkt des Lebens. Ohne Warnung würde man in dieser Position sich verzehren wie eine Flamme. Wenn man statt dessen Furcht un…		Here the zenith of life has been reached. Were there no warning, one would at this point consume oneself like a flame. Instead, understandin…	Traducción automática vacía o no disponible en caché.
31	L5_comentario	pair			mt_failed	MT falló	Der Nacken ist der unbeweglichste Teil des Körpers. Wenn die Einwirkung hier sich äußert, so bleibt der Wille doch fest, und die Einwirkung …		The back of the neck is the most rigid part of the body. When the influence shows itself there, the will remains firm and the influence does…	Traducción automática vacía o no disponible en caché.
32	L5_comentario	pair			mt_failed	MT falló	Eine Frau soll ihr ganzes Leben einem Manne folgen, der Mann aber soll sich an das halten, was jeweils seine Pflicht ist; wenn er sich dauer…		A woman should follow a man her whole life long, but a man should at all times hold to what is his duty at the given moment. Should he persi…	Traducción automática vacía o no disponible en caché.
33	L5_comentario	pair			mt_failed	MT falló	Es ist die Sache des Edlen, rechtzeitig zu erkennen, wann es Zeit ist, sich zurückzuziehen. Wenn man den rechten Zeitpunkt wählt zum Rückzug…		It is the business of the superior man to recognize in time that the moment for retreat has come. If the right moment is chosen, the retreat…	Traducción automática vacía o no disponible en caché.
34	L5_comentario	pair			mt_failed	MT falló	Der Bock zeichnet sich durch äußere Härte bei innerer Schwäche aus. Nun ist die Lage so, daß alles ganz leicht ist; kein Widerstand ist mehr…		The goat is noted for hardness outwardly and weakness within. Now the situation is such that everything is easy; there is no more resistance…	Traducción automática vacía o no disponible en caché.
35	L5_comentario	pair			mt_failed	MT falló	Es ist hier eine Lage gezeichnet, da man in Fortschrittszeiten sich an maßgebender Stelle befindet und milde und zurückhaltend ist. Man könn…		The situation described here is that of one who, finding himself in an influential position in a time of progress, remains gentle and reserv…	Traducción automática vacía o no disponible en caché.
36	L5_comentario	pair			mt_failed	MT falló	Der Prinz Gi lebte am Hof des finsteren Tyrannen Dschou Sin, der als historisches Beispiel ungenannt der ganzen Situation zugrunde liegt. De…		Prince Chi lived at the court of the evil tyrant Chou Hsin, who, although not mentioned by name, furnishes the historical example on which t…	Traducción automática vacía o no disponible en caché.
37	L5_comentario	pair			mt_failed	MT falló	Ein König ist das Bild eines väterlichen, innerlich reichen Mannes. Er handelt nicht so, daß man sich vor ihm fürchten muß, sondern die ganz…		A king is the symbol of a fatherly man who is richly endowed in mind. He does nothing to make himself feared; on the contrary, the whole fam…	Traducción automática vacía o no disponible en caché.
38	L5_comentario	pair			mt_failed	MT falló	Man findet einen treuen Menschen, den man in der allgemeinen Entfremdung zuerst verkennt. Aber er beißt sich durch die trennenden Hüllen dur…		Coming upon a sincere man, one fails to recognize him at first because of the general estrangement. However, he bites his way through the wr…	Traducción automática vacía o no disponible en caché.
39	L5_comentario	pair			mt_failed	MT falló	Hier sehen wir den Mann, der berufen ist, der Not zu steuern. Er darf den Hemmnissen nicht ausweichen wollen, auch wenn sie sich noch so gef…		Here we see a man who is called to help in an emergency. He should not seek to evade the obstructions, no matter how dangerously they pile u…	Traducción automática vacía o no disponible en caché.
40	L5_comentario	pair			mt_failed	MT falló	Befreiungszeiten bedürfen des inneren Entschlusses. Die Gemeinen sind nicht zu entfernen durch Verbote und äußere Mittel. Will man sie loswe…		Times of deliverance demand inner resolve. Inferior people cannot be driven off by prohibitions or any external means. If one desires to be …	Traducción automática vacía o no disponible en caché.
41	L5_comentario	pair			mt_failed	MT falló	Wenn jemand vom Schicksal zum Glück bestimmt ist, so kommt es unweigerlich. Alle Orakel, wie sie z.B. durch Schildkrötenschalen gewonnen wer…		If someone is marked out by fate for good fortune, it comes without fail. All oracles—as for instance those that are read from the shells of…	Traducción automática vacía o no disponible en caché.
42	L5_comentario	pair			mt_failed	MT falló	Wahrhaftig wird Güte als deine Tugend anerkannt werden. Wirkliche Güte rechnet und fragt nicht nach Würdigkeit und Dank, sondern sie wirkt s…		True kindness does not count upon nor ask about merit and gratitude but acts from inner necessity. And such a truly kind heart finds itself …	Traducción automática vacía o no disponible en caché.
43	L5_comentario	pair			mt_failed	MT falló	Unkraut wächst immer wieder nach und läßt sich schwer ausrotten. So bedarf der Kampf gegen einen hochstehenden Gemeinen feste Entschlossenhe…		Weeds always grow back again and are difficult to exterminate. So too the struggle against an inferior man in a high position demands firm r…	Traducción automática vacía o no disponible en caché.
44	L5_comentario	pair			mt_failed	MT falló	Die Melone ist wie der Fisch ein Symbol des dunklen Prinzips. Sie ist süß, aber fault leicht, weshalb sie mit Weidenblättern schützend zuged…		The melon, like the fish, is a symbol of the principle of darkness. It is sweet but spoils easily and for this reason is protected with a co…	Traducción automática vacía o no disponible en caché.
45	L5_comentario	pair			mt_failed	MT falló	Wenn sich die Menschen von selbst um einen sammeln, so ist das, wenn es einem ungesucht zuteil wird, nur gut. Man bekommt dadurch einen gewi…		When people spontaneously gather around a man, it is only a good. It gives him a certain influence that can be altogether useful. But of cou…	Traducción automática vacía o no disponible en caché.
46	L5_comentario	pair			mt_failed	MT falló	Wenn man immer weiter vorankommt, so ist es wichtig, daß man sich am Erfolg nicht berauscht. Man muß gerade bei großem Erfolg dauernd nüchte…		When a man is advancing farther and farther, it is important for him not to become intoxicated by success. Precisely when he experiences gre…	Traducción automática vacía o no disponible en caché.
47	L5_comentario	pair			mt_failed	MT falló	Es ist jemand, dem das Wohl der Menschen am Herzen liegt, von oben und unten her bedrängt (das ist der Sinn der abgeschnittenen Nase und Füß…		An individual who has the good of mankind at heart is oppressed from above and below (this is the meaning of the cutting off of nose and fee…	Traducción automática vacía o no disponible en caché.
48	L5_comentario	pair			mt_failed	MT falló	Das ist ein guter Brunnen, der auf seinem Grunde eine Quelle lebendigen Wassers hat. Ein Mann, der solche Tugenden hat, ist zum Retter und F…		A well that is fed by a spring of living water is a good well. A man who has virtues like a well of this sort is born to be a leader and sav…	Traducción automática vacía o no disponible en caché.
49	L5_comentario	pair			mt_failed	MT falló	Ein Tigerfell mit seinen deutlich sichtbaren schwarzen Streifen auf gelbem Grund ist weithin sichtbar deutlich gegliedert. So ist es bei Umw…		A tigerskin, with its highly visible black stripes on a yellow ground, shows its distinct pattern from afar. It is the same with a revolutio…	Traducción automática vacía o no disponible en caché.
50	L5_comentario	pair			mt_failed	MT falló	Es ist ein Mann an herrschender Stelle, der in seinem Wesen zugänglich und bescheiden ist. Durch diese innere Haltung gelingt es ihm, starke…		Here we have, in a ruling position, a man who is approachable and modest in nature. As a result of this attitude he succeeds in finding stro…	Traducción automática vacía o no disponible en caché.
51	L5_comentario	pair			mt_failed	MT falló	Es ist hier nicht nur eine einmalige Erschütterung, sondern eine wiederholte, die gar keine Zeit zum Aufatmen läßt. Aber dennoch bringt die …		This is a case not of a single shock but of repeated shocks with no breathing space between. Nonetheless, the shock causes no loss, because …	Traducción automática vacía o no disponible en caché.
52	L5_comentario	pair			mt_failed	MT falló	In gefährlicher Lage, namentlich solange man der Lage nicht gewachsen ist, ist man sehr leicht mit Reden und vorlauten Scherzen bei der Hand…		A man in a dangerous situation, especially when he is not adequate to it, is inclined to be very free with talk and presumptuous jokes. But …	Traducción automática vacía o no disponible en caché.
53	L5_comentario	pair			mt_failed	MT falló	Der Gipfel ist ein hoher Platz. Auf hoher Stelle gerät man leicht in Vereinsamung. Man wird verkannt von dem, auf den man angewiesen ist: di…		The summit is a high place. In a high position one easily becomes isolated. One is misjudged by the very person on whom one is dependent—the…	Traducción automática vacía o no disponible en caché.
54	L5_comentario	pair			mt_failed	MT falló	Der Herrscher I ist Tang, der Vollender. Er hat ein Gesetz erlassen, daß die kaiserlichen Prinzessinnen in der Ehe ebenfalls ihren Männern u…		The sovereign I is T'ang the Completer. This ruler decreed that the imperial princesses should be subordinated to their husbands in the same…	Traducción automática vacía o no disponible en caché.
55	L5_comentario	pair			mt_failed	MT falló	Der herrschende Mann ist bescheiden, so daß er für Rat der Tüchtigen zugänglich ist. So kommen Männer in seine Umgebung, die ihm die Richtli…		The ruler is modest and therefore open to the counsel of able men. Thus he is surrounded by men who suggest to him the lines of action. This…	Traducción automática vacía o no disponible en caché.
56	L5_comentario	pair			mt_failed	MT falló	Die Staatsmänner auf Reisen pflegten sich bei den Fürsten durch das Geschenk eines Fasans einzuführen. Der Wanderer will hier in Fürstendien…		Traveling statesmen were in the habit of introducing themselves to local princes with the gift of a pheasant. Here the wanderer wants to ent…	Traducción automática vacía o no disponible en caché.
57	L5_comentario	pair			mt_failed	MT falló	Während bei der »Arbeit am Verdorbenen« (Nr. 18) ein ganz neuer Ausgangspunkt geschaffen werden muß, handelt es sich hier nur um Reformen. D…		In the situation described in Ku, WORK ON WHAT HAS BEEN SPOILED (18), an entirely new point of departure must be set up, whereas here it is …	Traducción automática vacía o no disponible en caché.
58	L5_comentario	pair			mt_failed	MT falló	Auch dem besten Menschen nahen sich gefährliche Elemente. Wenn man sich mit diesen einläßt, so wirkt ihr zersetzender Einfluß ganz langsam, …		Dangerous elements approach even the best of men. If a man permits himself to have anything to do with them, their disintegrating influence …	Traducción automática vacía o no disponible en caché.
59	L5_comentario	pair			mt_failed	MT falló	In Zeiten allgemeiner Auflösung und Trennung ist ein großer Gedanke der Organisationspunkt der Genesung. Wie eine Krankheit durch lösenden S…		In times of general dispersion and separation, a great idea provides a focal point for the organization of recovery. Just as an illness reac…	Traducción automática vacía o no disponible en caché.
60	L5_comentario	pair			mt_failed	MT falló	Die Beschränkung muß in der richtigen Weise durchgeführt werden, um zu wirken. Wenn man nur andern Schranken auferlegen und sich selbst ihne…		The limitation must be carried out in the right way if it is to be effective. If we seek to impose restrictions on others only, while evadin…	Traducción automática vacía o no disponible en caché.
61	L5_comentario	pair			mt_failed	MT falló	Hier ist der Herr gezeichnet, der durch die Kraft seines Wesens alles zusammenhält. Nur wenn seine Charakterstärke so umfassend ist, daß er …		This describes the ruler who holds all elements together by the power of his personality. Only when the strength of his character is so ampl…	Traducción automática vacía o no disponible en caché.
62	L5_comentario	pair			mt_failed	MT falló	Da hier ein hoher Platz ist, ist aus dem Bild des fliegenden Vogels das der fliegenden Wolken geworden. Aber ob die Wolken auch noch so dich…		As a high place is pictured here, the image of a flying bird has become that of flying clouds. But dense as the clouds are, they race across…	Traducción automática vacía o no disponible en caché.
63	L5_comentario	pair			mt_failed	MT falló	wie der Nachbar im Westen mit seinem kleinen Opfer. Auch die religiöse Haltung wird durch die seelische Stimmung in Zeiten nach der Vollendu…		Religious attitudes are likewise influenced by the spiritual atmosphere prevailing in times after completion. In divine worship the simple o…	Traducción automática vacía o no disponible en caché.
64	L5_comentario	pair			mt_failed	MT falló	Der Sieg ist errungen. Die Kraft der Beständigkeit ist nicht zuschanden geworden. Es ist alles gut gegangen. Alle Bedenken sind überwunden. …		The victory has been won. The power of steadfastness has not been routed. Everything has gone well. All misgivings have been overcome. Succe…	Traducción automática vacía o no disponible en caché.
1	L6_etiqueta	pair			mt_failed	MT falló	Oben eine Neun bedeutet:		Nine at the top means:	Traducción automática vacía o no disponible en caché.
2	L6_etiqueta	pair			mt_failed	MT falló	Oben eine Sechs bedeutet:		Six at the top means:	Traducción automática vacía o no disponible en caché.
3	L6_etiqueta	pair			mt_failed	MT falló	Oben eine Sechs bedeutet:		Six at the top means:	Traducción automática vacía o no disponible en caché.
4	L6_etiqueta	pair			mt_failed	MT falló	Oben eine Neun bedeutet:		Nine at the top means:	Traducción automática vacía o no disponible en caché.
5	L6_etiqueta	pair			mt_failed	MT falló	Oben eine Sechs bedeutet:		Six at the top means:	Traducción automática vacía o no disponible en caché.
6	L6_etiqueta	pair			mt_failed	MT falló	Oben eine Neun bedeutet:		Nine at the top means:	Traducción automática vacía o no disponible en caché.
7	L6_etiqueta	pair			mt_failed	MT falló	Oben eine Sechs bedeutet:		Six at the top means:	Traducción automática vacía o no disponible en caché.
8	L6_etiqueta	pair			mt_failed	MT falló	Oben eine Sechs bedeutet:		Six at the top means:	Traducción automática vacía o no disponible en caché.
9	L6_etiqueta	pair			mt_failed	MT falló	Oben eine Neun bedeutet:		Nine at the top means:	Traducción automática vacía o no disponible en caché.
10	L6_etiqueta	pair			mt_failed	MT falló	Oben eine Neun bedeutet:		Nine at the top means:	Traducción automática vacía o no disponible en caché.
11	L6_etiqueta	pair			mt_failed	MT falló	Oben eine Sechs bedeutet:		Six at the top means:	Traducción automática vacía o no disponible en caché.
12	L6_etiqueta	pair			mt_failed	MT falló	Oben eine Neun bedeutet:		Nine at the top means:	Traducción automática vacía o no disponible en caché.
13	L6_etiqueta	pair			mt_failed	MT falló	Oben eine Neun bedeutet:		Nine at the top means:	Traducción automática vacía o no disponible en caché.
14	L6_etiqueta	pair			mt_failed	MT falló	Oben eine Neun bedeutet:		Nine at the top means:	Traducción automática vacía o no disponible en caché.
15	L6_etiqueta	pair			mt_failed	MT falló	Oben eine Sechs bedeutet:		Six at the top means:	Traducción automática vacía o no disponible en caché.
16	L6_etiqueta	pair			mt_failed	MT falló	Oben eine Sechs bedeutet:		Six at the top means:	Traducción automática vacía o no disponible en caché.
17	L6_etiqueta	pair			mt_failed	MT falló	Oben eine Sechs bedeutet:		Six at the top means:	Traducción automática vacía o no disponible en caché.
18	L6_etiqueta	pair			mt_failed	MT falló	Oben eine Neun bedeutet:		Nine at the top means:	Traducción automática vacía o no disponible en caché.
19	L6_etiqueta	pair			mt_failed	MT falló	Oben eine Sechs bedeutet:		Six at the top means:	Traducción automática vacía o no disponible en caché.
20	L6_etiqueta	pair			mt_failed	MT falló	Oben eine Neun bedeutet:		Nine at the top means:	Traducción automática vacía o no disponible en caché.
21	L6_etiqueta	pair			mt_failed	MT falló	Oben eine Neun bedeutet:		Nine at the top means:	Traducción automática vacía o no disponible en caché.
22	L6_etiqueta	pair			mt_failed	MT falló	Oben eine Neun bedeutet:		Nine at the top means:	Traducción automática vacía o no disponible en caché.
23	L6_etiqueta	pair			mt_failed	MT falló	Oben eine Neun bedeutet:		Nine at the top means:	Traducción automática vacía o no disponible en caché.
24	L6_etiqueta	pair			mt_failed	MT falló	Oben eine Sechs bedeutet:		Six at the top means:	Traducción automática vacía o no disponible en caché.
25	L6_etiqueta	pair			mt_failed	MT falló	Oben eine Neun bedeutet:		Nine at the top means:	Traducción automática vacía o no disponible en caché.
26	L6_etiqueta	pair			mt_failed	MT falló	Oben eine Neun bedeutet:		Nine at the top means:	Traducción automática vacía o no disponible en caché.
27	L6_etiqueta	pair			mt_failed	MT falló	Oben eine Neun bedeutet:		Nine at the top means:	Traducción automática vacía o no disponible en caché.
28	L6_etiqueta	pair			mt_failed	MT falló	Oben eine Sechs bedeutet:		Six at the top means:	Traducción automática vacía o no disponible en caché.
29	L6_etiqueta	pair			mt_failed	MT falló	Oben eine Sechs bedeutet:		Six at the top means:	Traducción automática vacía o no disponible en caché.
30	L6_etiqueta	pair			mt_failed	MT falló	Oben eine Neun bedeutet:		Nine at the top means:	Traducción automática vacía o no disponible en caché.
31	L6_etiqueta	pair			mt_failed	MT falló	Oben eine Sechs bedeutet:		Six at the top means:	Traducción automática vacía o no disponible en caché.
32	L6_etiqueta	pair			mt_failed	MT falló	Oben eine Sechs bedeutet:		Six at the top means:	Traducción automática vacía o no disponible en caché.
33	L6_etiqueta	pair			mt_failed	MT falló	Oben eine Neun bedeutet:		Nine at the top means:	Traducción automática vacía o no disponible en caché.
34	L6_etiqueta	pair			mt_failed	MT falló	Oben eine Sechs bedeutet:		Six at the top means:	Traducción automática vacía o no disponible en caché.
35	L6_etiqueta	pair			mt_failed	MT falló	Oben eine Neun bedeutet:		Nine at the top means:	Traducción automática vacía o no disponible en caché.
36	L6_etiqueta	pair			mt_failed	MT falló	Oben eine Sechs bedeutet:		Six at the top means:	Traducción automática vacía o no disponible en caché.
37	L6_etiqueta	pair			mt_failed	MT falló	Oben eine Neun bedeutet:		Nine at the top means:	Traducción automática vacía o no disponible en caché.
38	L6_etiqueta	pair			mt_failed	MT falló	Oben eine Neun bedeutet:		Nine at the top means:	Traducción automática vacía o no disponible en caché.
39	L6_etiqueta	pair			mt_failed	MT falló	Oben eine Sechs bedeutet:		Six at the top means:	Traducción automática vacía o no disponible en caché.
40	L6_etiqueta	pair			mt_failed	MT falló	Oben eine Sechs bedeutet:		Six at the top means:	Traducción automática vacía o no disponible en caché.
41	L6_etiqueta	pair			mt_failed	MT falló	Oben eine Neun bedeutet:		Nine at the top means:	Traducción automática vacía o no disponible en caché.
42	L6_etiqueta	pair			mt_failed	MT falló	Oben eine Neun bedeutet:		Nine at the top means:	Traducción automática vacía o no disponible en caché.
43	L6_etiqueta	pair			mt_failed	MT falló	Oben eine Sechs bedeutet:		Six at the top means:	Traducción automática vacía o no disponible en caché.
44	L6_etiqueta	pair			mt_failed	MT falló	Oben eine Neun bedeutet:		Nine at the top means:	Traducción automática vacía o no disponible en caché.
45	L6_etiqueta	pair			mt_failed	MT falló	Oben eine Sechs bedeutet:		Six at the top means:	Traducción automática vacía o no disponible en caché.
46	L6_etiqueta	pair			mt_failed	MT falló	Oben eine Sechs bedeutet:		Six at the top means:	Traducción automática vacía o no disponible en caché.
47	L6_etiqueta	pair			mt_failed	MT falló	Oben eine Sechs bedeutet:		Six at the top means:	Traducción automática vacía o no disponible en caché.
48	L6_etiqueta	pair			mt_failed	MT falló	Oben eine Sechs bedeutet:		Six at the top means:	Traducción automática vacía o no disponible en caché.
49	L6_etiqueta	pair			mt_failed	MT falló	Oben eine Sechs bedeutet:		Six at the top means:	Traducción automática vacía o no disponible en caché.
50	L6_etiqueta	pair			mt_failed	MT falló	Oben eine Neun bedeutet:		Nine at the top means:	Traducción automática vacía o no disponible en caché.
51	L6_etiqueta	pair			mt_failed	MT falló	Oben eine Sechs bedeutet:		Six at the top means:	Traducción automática vacía o no disponible en caché.
52	L6_etiqueta	pair			mt_failed	MT falló	Oben eine Neun bedeutet:		Nine at the top means:	Traducción automática vacía o no disponible en caché.
53	L6_etiqueta	pair			mt_failed	MT falló	Oben eine Neun bedeutet:		Nine at the top means:	Traducción automática vacía o no disponible en caché.
54	L6_etiqueta	pair			mt_failed	MT falló	Oben eine Sechs bedeutet:		Six at the top means:	Traducción automática vacía o no disponible en caché.
55	L6_etiqueta	pair			mt_failed	MT falló	Oben eine Sechs bedeutet:		Six at the top means:	Traducción automática vacía o no disponible en caché.
56	L6_etiqueta	pair			mt_failed	MT falló	Oben eine Neun bedeutet:		Nine at the top means:	Traducción automática vacía o no disponible en caché.
57	L6_etiqueta	pair			mt_failed	MT falló	Oben eine Neun bedeutet:		Nine at the top means:	Traducción automática vacía o no disponible en caché.
58	L6_etiqueta	pair			mt_failed	MT falló	Oben eine Sechs bedeutet:		Six at the top means:	Traducción automática vacía o no disponible en caché.
59	L6_etiqueta	pair			mt_failed	MT falló	Oben eine Neun bedeutet:		Nine at the top means:	Traducción automática vacía o no disponible en caché.
60	L6_etiqueta	pair			mt_failed	MT falló	Oben eine Sechs bedeutet:		Six at the top means:	Traducción automática vacía o no disponible en caché.
61	L6_etiqueta	pair			mt_failed	MT falló	Oben eine Neun bedeutet:		Nine at the top means:	Traducción automática vacía o no disponible en caché.
62	L6_etiqueta	pair			mt_failed	MT falló	Oben eine Sechs bedeutet:		Six at the top means:	Traducción automática vacía o no disponible en caché.
63	L6_etiqueta	pair			mt_failed	MT falló	Oben eine Sechs bedeutet:		Six at the top means:	Traducción automática vacía o no disponible en caché.
64	L6_etiqueta	pair			mt_failed	MT falló	Oben eine Neun bedeutet:		Nine at the top means:	Traducción automática vacía o no disponible en caché.
1	L6_oraculo	pair			mt_failed	MT falló	Hochmütiger Drache wird zu bereuen haben.		Arrogant dragon will have cause to repent.	Traducción automática vacía o no disponible en caché.
2	L6_oraculo	pair			mt_failed	MT falló	Drachen kämpfen auf dem Anger. Ihr Blut ist schwarz und gelb.		Dragons fight in the meadow. Their blood is black and yellow.	Traducción automática vacía o no disponible en caché.
3	L6_oraculo	pair			mt_failed	MT falló	Pferd und Wagen trennen sich. Blutige Tränen ergießen sich.		Horse and wagon part. Bloody tears flow.	Traducción automática vacía o no disponible en caché.
4	L6_oraculo	pair			mt_failed	MT falló	Beim Bestrafen der Torheit ist es nicht fördernd, Übergriffe zu begehen. Fördernd ist nur, Übergriffe abzuwehren.		In punishing folly It does not further one To commit transgressions. The only thing that furthers Is to prevent transgressions.	Traducción automática vacía o no disponible en caché.
5	L6_oraculo	pair			mt_failed	MT falló	Man gerät in das Loch. Da kommen ungebetener Gäste drei. Ehre sie, so kommt am Ende Heil.		One falls into the pit. Three uninvited guests arrive. Honor them, and in the end there will be good fortune.	Traducción automática vacía o no disponible en caché.
6	L6_oraculo	pair			mt_failed	MT falló	Wenn einem etwa auch ein Ledergürtel verliehen wird, am Ende eines Morgens wird er ihm dreimal entrissen.		Even if by chance a leather belt is bestowed on one, By the end of a morning It will have been snatched away three times.	Traducción automática vacía o no disponible en caché.
7	L6_oraculo	pair			mt_failed	MT falló	Der große Fürst erläßt Befehle, gründet Staaten, belehnt Familien. Gemeine Menschen soll man nicht benützen.		The great prince issues commands, Founds states, vests families with fiefs. Inferior people should not be employed.	Traducción automática vacía o no disponible en caché.
8	L6_oraculo	pair			mt_failed	MT falló	Er findet zum Zusammenhalten kein Haupt. Unheil.		He finds no head for holding together. Misfortune.	Traducción automática vacía o no disponible en caché.
9	L6_oraculo	pair			mt_failed	MT falló	Es kommt zum Regen, es kommt zur Ruhe. Das ist der dauernden Wirkung des Charakters zu verdanken. Die Frau kommt durch Beharrlichkeit in Gef…		The rain comes, there is rest. This is due to the lasting effect of character. Perseverance brings the woman into danger. The moon is nearly…	Traducción automática vacía o no disponible en caché.
10	L6_oraculo	pair			mt_failed	MT falló	Blicke auf dein Auftreten und prüfe die günstigen Zeichen. Ist alles vollkommen, so kommt erhabenes Heil.		Look to your conduct and weigh the favorable signs. When everything is fulfilled, supreme good fortune comes.	Traducción automática vacía o no disponible en caché.
11	L6_oraculo	pair			mt_failed	MT falló	Der Wall fällt wieder in den Graben. Jetzt brauche keine Heere. In der eigenen Stadt verkünde deine Befehle. Beharrlichkeit bringt Beschämun…		The wall falls back into the moat. Use no army now. Make your commands known within your own town. Perseverance brings humiliation.	Traducción automática vacía o no disponible en caché.
12	L6_oraculo	pair			mt_failed	MT falló	Die Stockung hört auf. Erst Stockung, dann Heil.		The standstill comes to an end. First standstill, then good fortune.	Traducción automática vacía o no disponible en caché.
13	L6_oraculo	pair			mt_failed	MT falló	Gemeinschaft mit Menschen auf dem Anger: keine Reue.		Fellowship with men in the meadow. No remorse.	Traducción automática vacía o no disponible en caché.
14	L6_oraculo	pair			mt_failed	MT falló	Vom Himmel her wird er gesegnet, Heil! Nichts, das nicht fördernd ist.		He is blessed by heaven. Good fortune. Nothing that does not further.	Traducción automática vacía o no disponible en caché.
15	L6_oraculo	pair			mt_failed	MT falló	Sich äußernde Bescheidenheit. Fördernd ist es, Heere marschieren zu lassen,		Modesty that comes to expression. It is favorable to set armies marching To chastise one's own city and one's country.	Traducción automática vacía o no disponible en caché.
16	L6_oraculo	pair			mt_failed	MT falló	Verblendete Begeisterung. Aber wenn man nach der Vollendung zur Änderung kommt, so ist das kein Makel.		Deluded enthusiasm. But if after completion one changes, There is no blame.	Traducción automática vacía o no disponible en caché.
17	L6_oraculo	pair			mt_failed	MT falló	Er findet feste Anhänglichkeit und wird noch dazu gebunden. Der König stellt ihn dem Westberg vor.		He meets with firm allegiance And is still further bound. The king introduces him To the Western Mountain.	Traducción automática vacía o no disponible en caché.
18	L6_oraculo	pair			mt_failed	MT falló	Dient nicht Königen und Fürsten. Steckt sich höhere Ziele.		He does not serve kings and princes, Sets himself higher goals.	Traducción automática vacía o no disponible en caché.
19	L6_oraculo	pair			mt_failed	MT falló	Großherzige Annäherung. Heil. Kein Makel.		Greathearted approach. Good fortune. No blame.	Traducción automática vacía o no disponible en caché.
20	L6_oraculo	pair			mt_failed	MT falló	Betrachtung seines Lebens. Der Edle ist ohne Makel.		Contemplation of his life. The superior man is without blame.	Traducción automática vacía o no disponible en caché.
21	L6_oraculo	pair			mt_failed	MT falló	Steckt mit dem Hals im hölzernen Kragen, daß die Ohren verschwinden. Unheil!		His neck is fastened in the wooden cangue, So that his ears disappear. Misfortune.	Traducción automática vacía o no disponible en caché.
22	L6_oraculo	pair			mt_failed	MT falló	Schlichte Anmut. Kein Makel.		Simple grace. No blame.	Traducción automática vacía o no disponible en caché.
23	L6_oraculo	pair			mt_failed	MT falló	Eine große Frucht ist noch ungegessen da. Der Edle erhält einen Wagen. Dem Gemeinen zersplittert sein Haus.		There is a large fruit still uneaten. The superior man receives a carriage. The house of the inferior man is split apart.	Traducción automática vacía o no disponible en caché.
24	L6_oraculo	pair			mt_failed	MT falló	Verfehlung der Wiederkehr. Unheil. Unglück von außen und innen. Wenn man so Heere marschieren läßt,		Missing the return. Misfortune. Misfortune from within and without. If armies are set marching in this way, One will in the end suffer a gre…	Traducción automática vacía o no disponible en caché.
25	L6_oraculo	pair			mt_failed	MT falló	Unschuldiges Handeln bringt Unglück. Nichts ist fördernd.		Innocent action brings misfortune. Nothing furthers.	Traducción automática vacía o no disponible en caché.
26	L6_oraculo	pair			mt_failed	MT falló	Man erlangt den Himmelsweg. Gelingen.		One attains the way of heaven. Success.	Traducción automática vacía o no disponible en caché.
27	L6_oraculo	pair			mt_failed	MT falló	Die Quelle der Ernährung. Bewußtsein der Gefahr bringt Heil. Fördernd ist es, das große Wasser zu durchqueren.		The source of nourishment. Awareness of danger brings good fortune. It furthers one to cross the great water.	Traducción automática vacía o no disponible en caché.
28	L6_oraculo	pair			mt_failed	MT falló	Man muß durchs Wasser. Es geht über den Scheitel. Unheil. Kein Makel.		One must go through the water. It goes over one's head. Misfortune. No blame.	Traducción automática vacía o no disponible en caché.
29	L6_oraculo	pair			mt_failed	MT falló	Mit Stricken und Tauen gebunden, eingeschlossen zwischen dornumhegten Kerkermauern; drei Jahre findet man sich nicht zurecht. Unheil!		Bound with cords and ropes, Shut in between thorn-hedged prison walls: For three years one does not find the way. Misfortune.	Traducción automática vacía o no disponible en caché.
30	L6_oraculo	pair			mt_failed	MT falló	Der König gebraucht ihn, auszuziehen und zu züchtigen. Am besten ist es dann, die Häupter zu töten und die Nachläufer gefangenzunehmen. Kein…		The king uses him to march forth and chastise. Then it is best to kill the leaders And take captive the followers. No blame.	Traducción automática vacía o no disponible en caché.
31	L6_oraculo	pair			mt_failed	MT falló	Die Einwirkung äußert sich in Kinnladen, Wangen und Zunge.		The influence shows itself in the jaws, cheeks, and tongue.	Traducción automática vacía o no disponible en caché.
32	L6_oraculo	pair			mt_failed	MT falló	Rastlosigkeit als dauernder Zustand bringt Unheil.		Restlessness as an enduring condition brings misfortune.	Traducción automática vacía o no disponible en caché.
33	L6_oraculo	pair			mt_failed	MT falló	Heiterer Rückzug. Alles ist fördernd.		Cheerful retreat. Everything serves to further.	Traducción automática vacía o no disponible en caché.
34	L6_oraculo	pair			mt_failed	MT falló	Ein Bock stößt gegen eine Hecke. Er kann nicht zurück, er kann nicht voran. Nichts ist fördernd. Merkt man die Schwierigkeit, so bringt das …		A goat butts against a hedge. It cannot go backward, it cannot go forward. Nothing serves to further. If one notes the difficulty, this brin…	Traducción automática vacía o no disponible en caché.
35	L6_oraculo	pair			mt_failed	MT falló	Fortschreiten mit den Hörnern darf man nur, um sein eignes Gebiet zu strafen. Bewußtsein der Gefahr bringt Heil. Kein Makel. Beharrlichkeit …		Making progress with the horns is permissible Only for the purpose of punishing one's own city. To be conscious of danger brings good fortun…	Traducción automática vacía o no disponible en caché.
36	L6_oraculo	pair			mt_failed	MT falló	Nicht Licht, sondern Dunkel. Erst stieg er zum Himmel empor, dann stürzte er in die Tiefen der Erde hinunter.		Not light but darkness. First he climbed up to heaven, Then he plunged into the depths of the earth.	Traducción automática vacía o no disponible en caché.
37	L6_oraculo	pair			mt_failed	MT falló	Seine Arbeit ist ehrfurchtgebietend. Schließlich kommt Heil.		His work commands respect. In the end good fortune comes.	Traducción automática vacía o no disponible en caché.
38	L6_oraculo	pair			mt_failed	MT falló	Durch Gegensatz vereinsamt, sieht man seinen Gefährten wie ein schmutzbeladenes Schwein, wie einen Wagen voll Teufel. Erst spannt man den Bo…		Isolated through opposition, One sees one's companion as a pig covered with dirt, As a wagon full of devils. First one draws a bow against h…	Traducción automática vacía o no disponible en caché.
39	L6_oraculo	pair			mt_failed	MT falló	Gehen führt in Hemmnisse, Kommen führt zu großem Heil. Fördernd ist es, den großen Mann zu sehen.		Going leads to obstructions, Coming leads to great good fortune. It furthers one to see the great man.	Traducción automática vacía o no disponible en caché.
40	L6_oraculo	pair			mt_failed	MT falló	Der Fürst schießt nach einem Habicht auf hoher Mauer. Er erlegt ihn. Alles ist fördernd.		The prince shoots at a hawk on a high wall. He kills it. Everything serves to further.	Traducción automática vacía o no disponible en caché.
41	L6_oraculo	pair			mt_failed	MT falló	Wenn man ohne Minderung der anderen gemehrt wird, so ist das kein Makel. Beharrlichkeit bringt Heil. Fördernd ist es, etwas zu unternehmen. …		If one is increased without depriving others, There is no blame. Perseverance brings good fortune. It furthers one to undertake something. O…	Traducción automática vacía o no disponible en caché.
42	L6_oraculo	pair			mt_failed	MT falló	Er gereicht niemand zur Mehrung. Es schlägt ihn wohl gar jemand. Er hält sein Herz nicht dauernd fest. Unheil!		He brings increase to no one. Indeed, someone even strikes him. He does not keep his heart constantly steady. Misfortune.	Traducción automática vacía o no disponible en caché.
43	L6_oraculo	pair			mt_failed	MT falló	Kein Ruf! Schließlich kommt Unheil.		No cry. In the end misfortune comes.	Traducción automática vacía o no disponible en caché.
44	L6_oraculo	pair			mt_failed	MT falló	Er kommt mit seinen Hörnern entgegen. Beschämung. Kein Makel.		He comes to meet with his horns. Humiliation. No blame.	Traducción automática vacía o no disponible en caché.
45	L6_oraculo	pair			mt_failed	MT falló	Klagen und Seufzen, Tränen in Strömen. Kein Makel.		Lamenting and sighing, floods of tears. No blame.	Traducción automática vacía o no disponible en caché.
46	L6_oraculo	pair			mt_failed	MT falló	Empordringen im Dunkeln. Fördernd ist es, unablässig beharrlich zu sein.		Pushing upward in darkness. It furthers one To be unremittingly persevering.	Traducción automática vacía o no disponible en caché.
47	L6_oraculo	pair			mt_failed	MT falló	Er ist bedrängt von Ranken. Er bewegt sich unsicher und spricht: »Bewegung schafft Reue.« Wenn man darüber Reue empfindet und sich aufmacht,…		He is oppressed by creeping vines. He moves uncertainly and says, ""Movement brings remorse."" If one feels remorse over this and makes a star…	Traducción automática vacía o no disponible en caché.
48	L6_oraculo	pair			mt_failed	MT falló	Man schöpft aus dem Brunnen ohne Hinderung. Er ist zuverlässig. Erhabenes Heil!		One draws from the well Without hindrance. It is dependable. Supreme good fortune.	Traducción automática vacía o no disponible en caché.
49	L6_oraculo	pair			mt_failed	MT falló	Der Edle ändert wie ein Panther. Der Geringe mausert sich im Gesicht. Aufbruch bringt Unheil. In Beharrlichkeit weilen bringt Heil.		The superior man changes like a panther. The inferior man molts in the face. Starting brings misfortune. To remain persevering brings good f…	Traducción automática vacía o no disponible en caché.
50	L6_oraculo	pair			mt_failed	MT falló	Der Tiegel hat Nephritringe. Großes Heil! Nichts, das nicht fördernd wäre.		The ting has rings of jade. Great good fortune. Nothing that would not act to further.	Traducción automática vacía o no disponible en caché.
51	L6_oraculo	pair			mt_failed	MT falló	Das Erschüttern bringt Verfall und ängstliches Umherblicken. Vorangehen bringt Unheil. Wenn es noch nicht den eignen Leib erreicht, sondern …		Shock brings ruin and terrified gazing around. Going ahead brings misfortune. If it has not yet touched one's own body But has reached one's…	Traducción automática vacía o no disponible en caché.
52	L6_oraculo	pair			mt_failed	MT falló	Großzügiges Stillehalten. Heil!		Noblehearted keeping still. Good fortune.	Traducción automática vacía o no disponible en caché.
53	L6_oraculo	pair			mt_failed	MT falló	Die Wildgans zieht allmählich den Wolkenhöhen zu. Ihre Federn können zum heiligen Tanz verwendet werden. Heil!		The wild goose gradually draws near the cloud heights. Its feathers can be used for the sacred dance. Good fortune.	Traducción automática vacía o no disponible en caché.
54	L6_oraculo	pair			mt_failed	MT falló	Die Frau hält den Korb, aber es sind keine Früchte darin. Der Mann sticht das Schaf, aber es fließt kein Blut. Nichts, das fördernd wäre.		The woman holds the basket, but there are no fruits in it. The man stabs the sheep, but no blood flows. Nothing that acts to further.	Traducción automática vacía o no disponible en caché.
55	L6_oraculo	pair			mt_failed	MT falló	Sein Haus ist in Fülle. Er verdeckt seine Sippe. Er späht durch das Tor und merkt niemand mehr. Drei Jahre lang sieht er nichts. Unheil!		His house is in a state of abundance. He screens off his family. He peers through the gate And no longer perceives anyone. For three years h…	Traducción automática vacía o no disponible en caché.
56	L6_oraculo	pair			mt_failed	MT falló	Dem Vogel verbrennt sein Nest. Der Wanderer lacht erst, dann muß er klagen und weinen. Er verliert die Kuh im Leichtsinn. Unheil!		The bird's nest burns up. The wanderer laughs at first, Then must needs lament and weep. Through carelessness he loses his cow. Misfortune.	Traducción automática vacía o no disponible en caché.
57	L6_oraculo	pair			mt_failed	MT falló	Eindringen unter das Bett. Er verliert seinen Besitz und seine Axt. Beharrlichkeit bringt Unheil.		Penetration under the bed. He loses his property and his ax. Perseverance brings misfortune.	Traducción automática vacía o no disponible en caché.
58	L6_oraculo	pair			mt_failed	MT falló	Verführende Heiterkeit.		Seductive joyousness.	Traducción automática vacía o no disponible en caché.
59	L6_oraculo	pair			mt_failed	MT falló	Er löst sein Blut auf. Weggehen, Sichfernhalten, Hinausgehen ist ohne Makel.		He dissolves his blood. Departing, keeping at a distance, going out, Is without blame.	Traducción automática vacía o no disponible en caché.
60	L6_oraculo	pair			mt_failed	MT falló	Bittere Beschränkung: Beharrlichkeit bringt Unheil. Reue schwindet.		Galling limitation. Perseverance brings misfortune. Remorse disappears.	Traducción automática vacía o no disponible en caché.
61	L6_oraculo	pair			mt_failed	MT falló	Hahnenruf, der zum Himmel dringt. Beharrlichkeit bringt Unheil.		Cockcrow penetrating to heaven. Perseverance brings misfortune.	Traducción automática vacía o no disponible en caché.
62	L6_oraculo	pair			mt_failed	MT falló	Ohne ihn zu treffen, geht er an ihm vorbei. Der fliegende Vogel verläßt ihn. Unheil! Das bedeutet Unglück und Schaden.		He passes him by, not meeting him. The flying bird leaves him. Misfortune. This means bad luck and injury.	Traducción automática vacía o no disponible en caché.
63	L6_oraculo	pair			mt_failed	MT falló	Er kommt mit dem Haupt ins Wasser. Gefahr.		He gets his head in the water. Danger.	Traducción automática vacía o no disponible en caché.
64	L6_oraculo	pair			mt_failed	MT falló	In wahrem Vertrauen trinkt man Wein. Kein Makel. Wenn man aber sein Haupt naß macht, so verliert man das in Wahrheit.		There is drinking of wine In genuine confidence. No blame. But if one wets his head, He loses it, in truth.	Traducción automática vacía o no disponible en caché.
1	L6_comentario	pair			mt_failed	MT falló	Wenn man so hoch emporsteigen will, daß man die Fühlung mit den übrigen Menschen verliert, so wird man vereinsamt, und das führt notwendig z…		When a man seeks to climb so high that he loses touch with the rest of mankind, he becomes isolated, and this necessarily leads to failure. …	Traducción automática vacía o no disponible en caché.
2	L6_comentario	pair			mt_failed	MT falló	Auf dem obersten Platz sollte das Schattige dem Lichten weichen. Will es sich auf dem Platz, der ihm nicht gebührt, behaupten, und statt zu …		In the top place the dark element should yield to the light. If it attempts to maintain a position to which it is not entitled and to rule i…	Traducción automática vacía o no disponible en caché.
3	L6_comentario	pair			mt_failed	MT falló	Es gibt Menschen, denen werden die Anfangsschwierigkeiten zu schwer. Sie bleiben stecken und finden sich nicht mehr durch. Sie lassen die Hä…		The difficulties at the beginning are too great for some persons. They get stuck and never find their way out; they fold their hands and giv…	Traducción automática vacía o no disponible en caché.
4	L6_comentario	pair			mt_failed	MT falló	Unter Umständen muß ein unverbesserlicher Tor bestraft werden. Wer nicht hören will, muß fühlen. Diese Strafe ist von der Aufrüttlung zu Beg…		Sometimes an incorrigible fool must be punished. He who will not heed will be made to feel. This punishment is quite different from a prelim…	Traducción automática vacía o no disponible en caché.
5	L6_comentario	pair			mt_failed	MT falló	Das Warten ist vorüber: die Gefahr läßt sich nicht mehr abwenden. Man gerät in das Loch, muß sich in das Unvermeidliche ergeben. Da scheint …		The waiting is over; the danger can no longer be averted. One falls into the pit and must yield to the inevitable. Everything seems to have …	Traducción automática vacía o no disponible en caché.
6	L6_comentario	pair			mt_failed	MT falló	Hier ist jemand gezeichnet, der den Streit bis zum bitteren Ende geführt und recht behalten hat. Er bekommt eine Auszeichnung. Aber das Glüc…		Here we have someone who has carried a conflict to the bitter end and has triumphed. He is granted a decoration, but his happiness does not …	Traducción automática vacía o no disponible en caché.
7	L6_comentario	pair			mt_failed	MT falló	Der Krieg ist siegreich beendet. Der Sieg ist gewonnen, der König verteilt unter seinen Getreuen Lehen und Familienbesitz. Dabei ist es aber…		The war has ended successfully, victory is won, and the king divides estates and fiefs among his faithful vassals. But it is important that …	Traducción automática vacía o no disponible en caché.
8	L6_comentario	pair			mt_failed	MT falló	Das Haupt ist der Anfang. Ohne einen rechten Anfang gibt es kein rechtes Ende. Wenn man den Anschluß verpaßt hat und nun immer zögert, vor v…		The head is the beginning. If the beginning is not right, there is no hope of a right ending. If we have missed the right moment for union a…	Traducción automática vacía o no disponible en caché.
9	L6_comentario	pair			mt_failed	MT falló	Der Erfolg ist da. Der Wind hat den Regen zusammengetrieben. Ein fester Standpunkt ist erreicht. Das ist zustande gekommen durch allmähliche…		Success is at hand. The wind has driven up the rain. A fixed standpoint has been reached. This has come about through the accumulation of sm…	Traducción automática vacía o no disponible en caché.
10	L6_comentario	pair			mt_failed	MT falló	Das Werk ist zu Ende. Will man wissen, ob das Heil die Folge sein wird, so blicke man auf sein Auftreten zurück und auf die Folgen, die es g…		The work is ended. If we want to know whether good fortune will follow, we must look back upon our conduct and its consequences. If the effe…	Traducción automática vacía o no disponible en caché.
11	L6_comentario	pair			mt_failed	MT falló	Der schon in der Mitte des Zeichens angedeutete Wechsel ist eingetreten. Der Stadtwall sinkt wieder in den Graben zurück, aus dem er genomme…		The change alluded to in the middle of the hexagram has begun to take place. The wall of the town sinks back into the moat from which it was…	Traducción automática vacía o no disponible en caché.
12	L6_comentario	pair			mt_failed	MT falló	Die Stockung dauert nicht ewig. Allerdings hört sie nicht von selber auf, sondern es bedarf des rechten Mannes, um ihr ein Ende zu bereiten.…		The standstill does not last forever. However, it does not cease of its own accord; the right man is needed to end it. This is the differenc…	Traducción automática vacía o no disponible en caché.
13	L6_comentario	pair			mt_failed	MT falló	Es fehlt hier der warme Anschluß des Herzens. Man steht eigentlich schon außerhalb der Gemeinschaft mit anderen. Aber man schließt sich an. …		The warm attachment that springs from the heart is lacking here. We are by this time actually outside of fellowship with others. However, we…	Traducción automática vacía o no disponible en caché.
14	L6_comentario	pair			mt_failed	MT falló	In der Fülle des Besitzes und der Macht bleibt man bescheiden und ehrt den Weisen, der außerhalb des Weltgetriebes steht. Dadurch stellt man…		In the fullness of possession and at the height of power, one remains modest and gives honor to the sage who stands outside the affairs of t…	Traducción automática vacía o no disponible en caché.
15	L6_comentario	pair			mt_failed	MT falló	um die eigne Stadt und das eigene Land zu züchtigen. Wem es wirklich mit seiner Bescheidenheit Ernst ist, der muß sorgen, daß sie in der Wir…		A person who is really sincere in his modesty must make it show in reality. He must proceed with great energy in this. When enmity arises no…	Traducción automática vacía o no disponible en caché.
16	L6_comentario	pair			mt_failed	MT falló	Wenn man sich von der Begeisterung verblenden läßt, so ist das vom Übel. Aber wenn diese Verblendung auch schon vollendete Tatsache ist und …		It is a bad thing for a man to let himself be deluded by enthusiasm. But if this delusion has run its course, and he is still capable of cha…	Traducción automática vacía o no disponible en caché.
17	L6_comentario	pair			mt_failed	MT falló	Es handelt sich um einen Menschen, der das Getriebe der Welt für seine Person schon hinter sich hat, einen erhabenen Weisen. Aber es findet …		This refers to a man, an exalted sage, who has already put the turmoil of the world behind him. But a follower appears who understands him a…	Traducción automática vacía o no disponible en caché.
18	L6_comentario	pair			mt_failed	MT falló	Nicht jeder Mensch ist verpflichtet, sich in die Weltgeschäfte zu mischen. Es gibt auch solche, die innerlich schon so weit entwickelt sind,…		Not every man has an obligation to mingle in the affairs of the world. There are some who are developed to such a degree that they are justi…	Traducción automática vacía o no disponible en caché.
19	L6_comentario	pair			mt_failed	MT falló	Ein Weiser, der die Welt überwunden hat und innerlich schon mit dem Leben fertig ist, kann unter Umständen in die Lage kommen, noch einmal i…		A sage who has put the world behind him and who in spirit has already withdrawn from life may, under certain circumstances, decide to return…	Traducción automática vacía o no disponible en caché.
20	L6_comentario	pair			mt_failed	MT falló	Während die vorige Linie einen Mann darstellt, der sich selbst betrachtet, ist hier an höchster Stelle alles Persönliche, aufs eigene Ich Be…		While the preceding line represents a man who contemplates himself, here in the highest place everything that is personal, related to the eg…	Traducción automática vacía o no disponible en caché.
21	L6_comentario	pair			mt_failed	MT falló	Es handelt sich hier im Unterschied zu der Anfangslinie um einen Menschen, der unverbesserlich ist. Er trägt zur Strafe den hölzernen Halskr…		In contrast to the first line, this line refers to a man who is incorrigible. His punishment is the wooden cangue, and his ears disappear un…	Traducción automática vacía o no disponible en caché.
22	L6_comentario	pair			mt_failed	MT falló	Hier auf der obersten Stufe wird aller Schmuck abgelegt. Die Form verdeckt nicht mehr den Gehalt, sondern läßt ihn zur vollen Geltung kommen…		Here at the highest stage of development all ornament is discarded. Form no longer conceals content but brings out its value to the full. Pe…	Traducción automática vacía o no disponible en caché.
23	L6_comentario	pair			mt_failed	MT falló	Hier ist das Ende der Zersplitterung erreicht. Wenn sich das Unheil ausgetobt hat, kommen wieder bessere Zeiten. Der Same des Guten ist noch…		Here the splitting apart reaches its end. When misfortune has spent itself, better times return. The seed of the good remains, and it is jus…	Traducción automática vacía o no disponible en caché.
24	L6_comentario	pair			mt_failed	MT falló	wird man schließlich eine große Niederlage erleiden, so daß es für den Landesherrn unheilvoll ist. Zehn Jahre lang ist man nicht mehr imstan…		If a man misses the right time for return, he meets with misfortune. The misfortune has its inner cause in a wrong attitude toward the world…	Traducción automática vacía o no disponible en caché.
25	L6_comentario	pair			mt_failed	MT falló	Wenn man in einer Lage ist, da kein Fortschritt mehr an der Zeit ist, da gilt es ruhig und ohne Hintergedanken zu warten. Wenn man unüberleg…		When, in a given situation, the time is not ripe for further progress, the best thing to do is to wait quietly, without ulterior designs. If…	Traducción automática vacía o no disponible en caché.
26	L6_comentario	pair			mt_failed	MT falló	Die Zeit der Hemmung ist vorüber. Die lange durch Hemmung angesammelte Kraft bricht sich Bahn und hat großen Erfolg. Es ist ein Weiser, der …		The time of obstruction is past. The energy long dammed up by inhibition forces its way out and achieves great success. This refers to a man…	Traducción automática vacía o no disponible en caché.
27	L6_comentario	pair			mt_failed	MT falló	Es ist hier ein Weiser höchster Art, von dem alle Einflüsse ausgehen, die für die Ernährung der andern sorgen. Eine solche Stellung bringt s…		This describes a sage of the highest order, from whom emanate all influences that provide nourishment for others. Such a position brings wit…	Traducción automática vacía o no disponible en caché.
28	L6_comentario	pair			mt_failed	MT falló	Hier ist die Lage gezeichnet, daß das Außerordentliche aufs höchste gestiegen ist. Man ist mutig und will unter allen Umständen seine Aufgab…		Here is a situation in which the unusual has reached a climax. One is courageous and wishes to accomplish one's task, no matter what happens…	Traducción automática vacía o no disponible en caché.
29	L6_comentario	pair			mt_failed	MT falló	Ein Mensch, der in der äußersten Gefahr den rechten Weg verloren hat und unverbesserlich in seine Sünden verstrickt ist, hat keine Aussicht,…		A man who in the extremity of danger has lost the right way and is irremediably entangled in his sins has no prospect of escape. He is like …	Traducción automática vacía o no disponible en caché.
30	L6_comentario	pair			mt_failed	MT falló	Der Zweck der Züchtigung ist, Zucht zu schaffen, nicht blindlings Strafe walten zu lassen. Es gilt, das Übel an der Wurzel zu heilen. Im Sta…		It is not the purpose of chastisement to impose punishment blindly but to create discipline. Evil must be cured at its roots. To eradicate e…	Traducción automática vacía o no disponible en caché.
31	L6_comentario	pair			mt_failed	MT falló	Die äußerlichste Art, auf andre Einfluß bekommen zu wollen, ist durch bloßes Geschwätz, ohne daß den Worten etwas Wirkliches entspricht. Sol…		The most superficial way of trying to influence others is through talk that has nothing real behind it. The influence produced by such mere …	Traducción automática vacía o no disponible en caché.
32	L6_comentario	pair			mt_failed	MT falló	Es gibt Menschen, die dauernd in hastiger Bewegung sind, ohne innerlich zur Ruhe zu kommen. Die Rastlosigkeit hindert nicht nur alle Gründli…		There are people who live in a state of perpetual hurry without ever attaining inner composure. Restlessness not only prevents all thoroughn…	Traducción automática vacía o no disponible en caché.
33	L6_comentario	pair			mt_failed	MT falló	Die Lage ist unzweideutig. Die innere Loslösung ist eine feststehende Tatsache. Dadurch hat man die Freiheit, zu gehen. Wo man seinen Weg so…		The situation is unequivocal. Inner detachment has become an established fact, and we are at liberty to depart. When one sees the way ahead …	Traducción automática vacía o no disponible en caché.
34	L6_comentario	pair			mt_failed	MT falló	Wenn man sich zu weit vorwagt, so kommt man an einen toten Punkt, wo man weder vorwärts noch rückwärts kann und alles nur dazu dient, die Sa…		If we venture too far we come to a deadlock, unable either to advance or to retreat, and whatever we do merely serves to complicate things f…	Traducción automática vacía o no disponible en caché.
35	L6_comentario	pair			mt_failed	MT falló	Fortschreiten mit den Hörnern, d.h. angriffsweise vorgehen, soll man in solchen Zeiten, um die es sich hier handelt, nur den Fehlern der eig…		Making progress with lowered horns—i.e., acting on the offensive—is permissible, in times like those referred to here, only in dealing with …	Traducción automática vacía o no disponible en caché.
36	L6_comentario	pair			mt_failed	MT falló	Hier ist der Höhepunkt der Finsternis erreicht. Die finstere Macht war erst so hoch gestellt, daß sie alle Guten und Lichten verletzen konnt…		Here the climax of the darkening is reached. The dark power at first held so high a place that it could wound all who were on the side of go…	Traducción automática vacía o no disponible en caché.
37	L6_comentario	pair			mt_failed	MT falló	Die Ordnung der Familie beruht letzten Endes auf der Person des Hausherrn. Wenn er seine Person so ausbildet, daß sie in der Kraft innerer W…		In the last analysis, order within the family depends on the character of the master of the house. If he cultivates his personality so that …	Traducción automática vacía o no disponible en caché.
38	L6_comentario	pair			mt_failed	MT falló	Hier ist die Vereinsamung durch Mißverständnisse, nicht durch die äußeren Verhältnisse, sondern durch innere Zustände bedingt. Man verkennt …		Here the isolation is due to misunderstanding; it is brought about not by outer circumstances but by inner conditions. A man misjudges his b…	Traducción automática vacía o no disponible en caché.
39	L6_comentario	pair			mt_failed	MT falló	Es ist hier jemand gezeichnet, der die Welt und ihr Getriebe schon hinter sich hat. Wenn nun die Zeit der Hemmnisse für die Welt kommt, so k…		This refers to a man who has already left the world and its tumult behind him. When the time of obstructions arrives, it might seem that the…	Traducción automática vacía o no disponible en caché.
40	L6_comentario	pair			mt_failed	MT falló	Der Habicht auf hoher Mauer ist das Bild eines machtvollen Gemeinen an hoher Stelle, der die Befreiung hindert. Er widersteht der Einwirkung…		The hawk on a high wall is the symbol of a powerful inferior in a high position who is hindering the deliverance. He withstands the force of…	Traducción automática vacía o no disponible en caché.
41	L6_comentario	pair			mt_failed	MT falló	Es gibt Menschen, die Segen spenden für die ganze Welt. Jeder Kraftzuwachs, jede Mehrung, die ihnen zuteil wird, kommt allen Menschen zugute…		There are people who dispense blessings to the whole world. Every increase in power that comes to them benefits the whole of mankind and the…	Traducción automática vacía o no disponible en caché.
42	L6_comentario	pair			mt_failed	MT falló	Der Sinn der Lage ist, daß die Oberen durch Verzicht die Unteren mehren sollen. Indem man diese Pflicht versäumt und niemand nützt, entzieht…		The meaning here is that through renunciation those in high place should bring increase to those below. By neglecting this duty and helping …	Traducción automática vacía o no disponible en caché.
43	L6_comentario	pair			mt_failed	MT falló	Der Sieg scheint errungen zu sein. Es ist nur noch ein Rest übrig von dem Bösen, dessen entschlossene Ausrottung an der Zeit ist. Es sieht a…		Victory seems to have been achieved. There remains merely a remnant of the evil resolutely to be eradicated as the time demands. Everything …	Traducción automática vacía o no disponible en caché.
44	L6_comentario	pair			mt_failed	MT falló	Wenn man sich aus der Welt zurückgezogen hat, so wird einem das Getriebe der Welt oft unerträglich. Oft gibt es Menschen, die sich in edlem …		When a man has withdrawn from the world, its tumult often becomes unbearable to him. There are many people who in a noble pride hold themsel…	Traducción automática vacía o no disponible en caché.
45	L6_comentario	pair			mt_failed	MT falló	Es kann vorkommen, daß man sich wohl anschließen möchte, aber in seinen guten Absichten verkannt wird. Da ist man traurig und klagt. Aber da…		It may happen that an individual would like to ally himself with another, but his good intentions are misunderstood. Then he becomes sad and…	Traducción automática vacía o no disponible en caché.
46	L6_comentario	pair			mt_failed	MT falló	Wer blindlings empordringt, der ist innerlich betört. Er kennt nur den Fortschritt, nicht den Rückzug. Dabei erschöpft man sich aber. Wichti…		He who pushes upward blindly deludes himself. He knows only advance, not retreat. But this means exhaustion. In such a case it is important …	Traducción automática vacía o no disponible en caché.
47	L6_comentario	pair			mt_failed	MT falló	Man ist bedrängt durch Bande, die sich leicht zerreißen lassen. Die Bedrängnis naht sich ihrem Ende. Aber man ist noch unschlüssig. Man ist …		A man is oppressed by bonds that can easily be broken. The distress is drawing to an end. But he is still irresolute; he is still influenced…	Traducción automática vacía o no disponible en caché.
48	L6_comentario	pair			mt_failed	MT falló	Der Brunnen ist für alle da. Kein Verbot hemmt die Schöpfenden. Aber so viele auch kommen, sie finden, was sie brauchen; denn der Brunnen is…		The well is there for all. No one is forbidden to take water from it. No matter how many come, all find what they need, for the well is depe…	Traducción automática vacía o no disponible en caché.
49	L6_comentario	pair			mt_failed	MT falló	Nachdem die großen grundsätzlichen Fragen entschieden sind, sind noch Umgestaltungen im einzelnen und genauere Durchführungen notwendig. Die…		After the large and fundamental problems are settled, certain minor reforms, and elaborations of these, are necessary. These detailed reform…	Traducción automática vacía o no disponible en caché.
50	L6_comentario	pair			mt_failed	MT falló	Beim vorigen Strich sind die Tragringe golden genannt, um ihre Stärke zu bezeichnen. Hier heißen sie von Nephrit. Der Nephrit zeichnet sich …		In the preceding line the carrying rings are described as golden, to denote their strength; here they are said to be of jade. Jade is notabl…	Traducción automática vacía o no disponible en caché.
51	L6_comentario	pair			mt_failed	MT falló	Die innere Erschütterung raubt einem die Besinnung und Klarheit des Blickes, wenn sie aufs höchste gestiegen ist. In einer solchen Erschütte…		When inner shock is at its height, it robs a man of reflection and clarity of vision. In such a state of shock it is of course impossible to…	Traducción automática vacía o no disponible en caché.
52	L6_comentario	pair			mt_failed	MT falló	Hier ist die Vollendung der Bemühung zur Ruhe gegeben. Man ist ruhig nicht in kleinlich abgezirkelter Weise im einzelnen, sondern eine allge…		This marks the consummation of the effort to attain tranquility. One is at rest, not merely in a small, circumscribed way in regard to matte…	Traducción automática vacía o no disponible en caché.
53	L6_comentario	pair			mt_failed	MT falló	Hier ist das Leben abgeschlossen. Das Werk liegt vollendet da. Hoch erhebt sich seine Bahn in den Himmel, wie der Flug der Wildgänse, wenn s…		Here life comes to its end. A man's work stands completed. The path rises high toward heaven, like the flight of wild geese when they have l…	Traducción automática vacía o no disponible en caché.
54	L6_comentario	pair			mt_failed	MT falló	Beim Opfer für die Ahnen mußte die Frau die Früchte in einem Korb darbringen, der Mann persönlich das Opfertier schlachten. Hier werden die …		At the sacrifice to the ancestors, the woman had to present harvest offerings in a basket, while the man slaughtered the sacrificial animal …	Traducción automática vacía o no disponible en caché.
55	L6_comentario	pair			mt_failed	MT falló	Es ist hier ein Mann gezeichnet, der durch seinen Hochmut und Eigenwillen das Gegenteil erreicht von dem, was er erstrebt. Er sucht Fülle un…		This describes a man who because of his arrogance and obstinacy attains the opposite of what he strives for. He seeks abundance and splendor…	Traducción automática vacía o no disponible en caché.
56	L6_comentario	pair			mt_failed	MT falló	Das Bild des Vogels, dem sein Nest verbrennt, zeigt den Verlust des Ruheorts. Wenn der Vogel beim Bau seines Nestes leichtsinnig und unvorsi…		The picture of a bird whose nest burns up indicates loss of one's resting place. This misfortune may overtake the bird if it is heedless and…	Traducción automática vacía o no disponible en caché.
57	L6_comentario	pair			mt_failed	MT falló	Die Erkenntnis ist eindringlich genug. Man dringt den schädlichen Einflüssen bis in die geheimsten Winkel nach. Aber man hat keine Kraft meh…		A man's understanding is sufficiently penetrating. He follows up injurious influences into the most secret corners. But he no longer has the…	Traducción automática vacía o no disponible en caché.
58	L6_comentario	pair			mt_failed	MT falló	Wenn man innerlich eitel ist, so lockt man die Freuden der Zerstreuung an und hat unter ihnen zu leiden (vgl. Sechs auf drittem Platz). Wenn…		A vain nature invites diverting pleasures and must suffer accordingly (cf. the six in the third place). If a man is unstable within, the ple…	Traducción automática vacía o no disponible en caché.
59	L6_comentario	pair			mt_failed	MT falló	Das Auflösen des Blutes bedeutet auflösen, was Blut und Wunden bringen könnte, die Gefahr vermeiden. Es ist hier aber nicht der Gedanke ausg…		The idea of the dissolving of a man's blood means the dispersion of that which might lead to bloodshed and wounds, i.e., avoidance of danger…	Traducción automática vacía o no disponible en caché.
60	L6_comentario	pair			mt_failed	MT falló	Wenn man zu streng ist in der Beschränkung, so halten es die Menschen nicht aus. Je konsequenter man in solcher Strenge ist, desto mehr ist …		If one is too severe in setting up restrictions, people will not endure them. The more consistent such severity, the worse it is, for in the…	Traducción automática vacía o no disponible en caché.
61	L6_comentario	pair			mt_failed	MT falló	Der Hahn ist zuverlässig. Er ruft, wenn es Morgen wird. Er kann aber nicht selbst zum Himmel fliegen. Er kräht nur. So soll durch bloße Wort…		The cock is dependable. It crows at dawn. But it cannot itself fly to heaven. It just crows. A man may count on mere words to awaken faith. …	Traducción automática vacía o no disponible en caché.
62	L6_comentario	pair			mt_failed	MT falló	Wenn man über das Ziel hinausschießt, so kann man es nicht treffen. Wenn der Vogel nicht in sein Nest will, sondern immer höher hinaus, so f…		If one overshoots the goal, one cannot hit it. If a bird will not come to its nest but flies higher and higher, it eventually falls into the…	Traducción automática vacía o no disponible en caché.
63	L6_comentario	pair			mt_failed	MT falló	Hier ist zum Schluß nochmals eine Warnung beigefügt. Nach dem Übergang über ein Wasser kann man nur dann mit dem Kopf ins Wasser kommen, wen…		Here in conclusion another warning is added. After crossing a stream, a man's head can get into the water only if he is so imprudent as to t…	Traducción automática vacía o no disponible en caché.
64	L6_comentario	pair			mt_failed	MT falló	Vor der Vollendung an der Grenze der neuen Zeit ist man im vollen gegenseitigen Vertrauen mit den Seinen zusammen und verbringt die Zeit des…		Before completion, at the dawning of the new time, friends foregather in an atmosphere of mutual trust, and the time of waiting is passed in…	Traducción automática vacía o no disponible en caché.
1	yong_etiqueta	pair			mt_failed	MT falló	Wenn lauter Neunen erscheinen, bedeutet das:		When all the lines are nines, it means:	Traducción automática vacía o no disponible en caché.
2	yong_etiqueta	pair			mt_failed	MT falló	Wenn lauter Sechsen erscheinen, bedeutet das:		When all the lines are sixes, it means:	Traducción automática vacía o no disponible en caché.
3	yong_etiqueta	both_empty			both_empty	Vacío				Ambos campos vacíos.
4	yong_etiqueta	both_empty			both_empty	Vacío				Ambos campos vacíos.
5	yong_etiqueta	both_empty			both_empty	Vacío				Ambos campos vacíos.
6	yong_etiqueta	both_empty			both_empty	Vacío				Ambos campos vacíos.
7	yong_etiqueta	both_empty			both_empty	Vacío				Ambos campos vacíos.
8	yong_etiqueta	both_empty			both_empty	Vacío				Ambos campos vacíos.
9	yong_etiqueta	both_empty			both_empty	Vacío				Ambos campos vacíos.
10	yong_etiqueta	both_empty			both_empty	Vacío				Ambos campos vacíos.
11	yong_etiqueta	both_empty			both_empty	Vacío				Ambos campos vacíos.
12	yong_etiqueta	both_empty			both_empty	Vacío				Ambos campos vacíos.
13	yong_etiqueta	both_empty			both_empty	Vacío				Ambos campos vacíos.
14	yong_etiqueta	both_empty			both_empty	Vacío				Ambos campos vacíos.
15	yong_etiqueta	both_empty			both_empty	Vacío				Ambos campos vacíos.
16	yong_etiqueta	both_empty			both_empty	Vacío				Ambos campos vacíos.
17	yong_etiqueta	both_empty			both_empty	Vacío				Ambos campos vacíos.
18	yong_etiqueta	both_empty			both_empty	Vacío				Ambos campos vacíos.
19	yong_etiqueta	both_empty			both_empty	Vacío				Ambos campos vacíos.
20	yong_etiqueta	both_empty			both_empty	Vacío				Ambos campos vacíos.
21	yong_etiqueta	both_empty			both_empty	Vacío				Ambos campos vacíos.
22	yong_etiqueta	both_empty			both_empty	Vacío				Ambos campos vacíos.
23	yong_etiqueta	both_empty			both_empty	Vacío				Ambos campos vacíos.
24	yong_etiqueta	both_empty			both_empty	Vacío				Ambos campos vacíos.
25	yong_etiqueta	both_empty			both_empty	Vacío				Ambos campos vacíos.
26	yong_etiqueta	both_empty			both_empty	Vacío				Ambos campos vacíos.
27	yong_etiqueta	both_empty			both_empty	Vacío				Ambos campos vacíos.
28	yong_etiqueta	both_empty			both_empty	Vacío				Ambos campos vacíos.
29	yong_etiqueta	both_empty			both_empty	Vacío				Ambos campos vacíos.
30	yong_etiqueta	both_empty			both_empty	Vacío				Ambos campos vacíos.
31	yong_etiqueta	both_empty			both_empty	Vacío				Ambos campos vacíos.
32	yong_etiqueta	both_empty			both_empty	Vacío				Ambos campos vacíos.
33	yong_etiqueta	both_empty			both_empty	Vacío				Ambos campos vacíos.
34	yong_etiqueta	both_empty			both_empty	Vacío				Ambos campos vacíos.
35	yong_etiqueta	both_empty			both_empty	Vacío				Ambos campos vacíos.
36	yong_etiqueta	both_empty			both_empty	Vacío				Ambos campos vacíos.
37	yong_etiqueta	both_empty			both_empty	Vacío				Ambos campos vacíos.
38	yong_etiqueta	both_empty			both_empty	Vacío				Ambos campos vacíos.
39	yong_etiqueta	both_empty			both_empty	Vacío				Ambos campos vacíos.
40	yong_etiqueta	both_empty			both_empty	Vacío				Ambos campos vacíos.
41	yong_etiqueta	both_empty			both_empty	Vacío				Ambos campos vacíos.
42	yong_etiqueta	both_empty			both_empty	Vacío				Ambos campos vacíos.
43	yong_etiqueta	both_empty			both_empty	Vacío				Ambos campos vacíos.
44	yong_etiqueta	both_empty			both_empty	Vacío				Ambos campos vacíos.
45	yong_etiqueta	both_empty			both_empty	Vacío				Ambos campos vacíos.
46	yong_etiqueta	both_empty			both_empty	Vacío				Ambos campos vacíos.
47	yong_etiqueta	both_empty			both_empty	Vacío				Ambos campos vacíos.
48	yong_etiqueta	both_empty			both_empty	Vacío				Ambos campos vacíos.
49	yong_etiqueta	both_empty			both_empty	Vacío				Ambos campos vacíos.
50	yong_etiqueta	both_empty			both_empty	Vacío				Ambos campos vacíos.
51	yong_etiqueta	both_empty			both_empty	Vacío				Ambos campos vacíos.
52	yong_etiqueta	both_empty			both_empty	Vacío				Ambos campos vacíos.
53	yong_etiqueta	both_empty			both_empty	Vacío				Ambos campos vacíos.
54	yong_etiqueta	both_empty			both_empty	Vacío				Ambos campos vacíos.
55	yong_etiqueta	both_empty			both_empty	Vacío				Ambos campos vacíos.
56	yong_etiqueta	both_empty			both_empty	Vacío				Ambos campos vacíos.
57	yong_etiqueta	both_empty			both_empty	Vacío				Ambos campos vacíos.
58	yong_etiqueta	both_empty			both_empty	Vacío				Ambos campos vacíos.
59	yong_etiqueta	both_empty			both_empty	Vacío				Ambos campos vacíos.
60	yong_etiqueta	both_empty			both_empty	Vacío				Ambos campos vacíos.
61	yong_etiqueta	both_empty			both_empty	Vacío				Ambos campos vacíos.
62	yong_etiqueta	both_empty			both_empty	Vacío				Ambos campos vacíos.
63	yong_etiqueta	both_empty			both_empty	Vacío				Ambos campos vacíos.
64	yong_etiqueta	both_empty			both_empty	Vacío				Ambos campos vacíos.
1	yong_oraculo	pair			mt_failed	MT falló	Es erscheint eine Schar von Drachen ohne Haupt. Heil!		There appears a flight of dragons without heads. Good fortune.	Traducción automática vacía o no disponible en caché.
2	yong_oraculo	pair			mt_failed	MT falló	Fördernd ist dauernde Beharrlichkeit.		Lasting perseverance furthers.	Traducción automática vacía o no disponible en caché.
3	yong_oraculo	both_empty			both_empty	Vacío				Ambos campos vacíos.
4	yong_oraculo	both_empty			both_empty	Vacío				Ambos campos vacíos.
5	yong_oraculo	both_empty			both_empty	Vacío				Ambos campos vacíos.
6	yong_oraculo	both_empty			both_empty	Vacío				Ambos campos vacíos.
7	yong_oraculo	both_empty			both_empty	Vacío				Ambos campos vacíos.
8	yong_oraculo	both_empty			both_empty	Vacío				Ambos campos vacíos.
9	yong_oraculo	both_empty			both_empty	Vacío				Ambos campos vacíos.
10	yong_oraculo	both_empty			both_empty	Vacío				Ambos campos vacíos.
11	yong_oraculo	both_empty			both_empty	Vacío				Ambos campos vacíos.
12	yong_oraculo	both_empty			both_empty	Vacío				Ambos campos vacíos.
13	yong_oraculo	both_empty			both_empty	Vacío				Ambos campos vacíos.
14	yong_oraculo	both_empty			both_empty	Vacío				Ambos campos vacíos.
15	yong_oraculo	both_empty			both_empty	Vacío				Ambos campos vacíos.
16	yong_oraculo	both_empty			both_empty	Vacío				Ambos campos vacíos.
17	yong_oraculo	both_empty			both_empty	Vacío				Ambos campos vacíos.
18	yong_oraculo	both_empty			both_empty	Vacío				Ambos campos vacíos.
19	yong_oraculo	both_empty			both_empty	Vacío				Ambos campos vacíos.
20	yong_oraculo	both_empty			both_empty	Vacío				Ambos campos vacíos.
21	yong_oraculo	both_empty			both_empty	Vacío				Ambos campos vacíos.
22	yong_oraculo	both_empty			both_empty	Vacío				Ambos campos vacíos.
23	yong_oraculo	both_empty			both_empty	Vacío				Ambos campos vacíos.
24	yong_oraculo	both_empty			both_empty	Vacío				Ambos campos vacíos.
25	yong_oraculo	both_empty			both_empty	Vacío				Ambos campos vacíos.
26	yong_oraculo	both_empty			both_empty	Vacío				Ambos campos vacíos.
27	yong_oraculo	both_empty			both_empty	Vacío				Ambos campos vacíos.
28	yong_oraculo	both_empty			both_empty	Vacío				Ambos campos vacíos.
29	yong_oraculo	both_empty			both_empty	Vacío				Ambos campos vacíos.
30	yong_oraculo	both_empty			both_empty	Vacío				Ambos campos vacíos.
31	yong_oraculo	both_empty			both_empty	Vacío				Ambos campos vacíos.
32	yong_oraculo	both_empty			both_empty	Vacío				Ambos campos vacíos.
33	yong_oraculo	both_empty			both_empty	Vacío				Ambos campos vacíos.
34	yong_oraculo	both_empty			both_empty	Vacío				Ambos campos vacíos.
35	yong_oraculo	both_empty			both_empty	Vacío				Ambos campos vacíos.
36	yong_oraculo	both_empty			both_empty	Vacío				Ambos campos vacíos.
37	yong_oraculo	both_empty			both_empty	Vacío				Ambos campos vacíos.
38	yong_oraculo	both_empty			both_empty	Vacío				Ambos campos vacíos.
39	yong_oraculo	both_empty			both_empty	Vacío				Ambos campos vacíos.
40	yong_oraculo	both_empty			both_empty	Vacío				Ambos campos vacíos.
41	yong_oraculo	both_empty			both_empty	Vacío				Ambos campos vacíos.
42	yong_oraculo	both_empty			both_empty	Vacío				Ambos campos vacíos.
43	yong_oraculo	both_empty			both_empty	Vacío				Ambos campos vacíos.
44	yong_oraculo	both_empty			both_empty	Vacío				Ambos campos vacíos.
45	yong_oraculo	both_empty			both_empty	Vacío				Ambos campos vacíos.
46	yong_oraculo	both_empty			both_empty	Vacío				Ambos campos vacíos.
47	yong_oraculo	both_empty			both_empty	Vacío				Ambos campos vacíos.
48	yong_oraculo	both_empty			both_empty	Vacío				Ambos campos vacíos.
49	yong_oraculo	both_empty			both_empty	Vacío				Ambos campos vacíos.
50	yong_oraculo	both_empty			both_empty	Vacío				Ambos campos vacíos.
51	yong_oraculo	both_empty			both_empty	Vacío				Ambos campos vacíos.
52	yong_oraculo	both_empty			both_empty	Vacío				Ambos campos vacíos.
53	yong_oraculo	both_empty			both_empty	Vacío				Ambos campos vacíos.
54	yong_oraculo	both_empty			both_empty	Vacío				Ambos campos vacíos.
55	yong_oraculo	both_empty			both_empty	Vacío				Ambos campos vacíos.
56	yong_oraculo	both_empty			both_empty	Vacío				Ambos campos vacíos.
57	yong_oraculo	both_empty			both_empty	Vacío				Ambos campos vacíos.
58	yong_oraculo	both_empty			both_empty	Vacío				Ambos campos vacíos.
59	yong_oraculo	both_empty			both_empty	Vacío				Ambos campos vacíos.
60	yong_oraculo	both_empty			both_empty	Vacío				Ambos campos vacíos.
61	yong_oraculo	both_empty			both_empty	Vacío				Ambos campos vacíos.
62	yong_oraculo	both_empty			both_empty	Vacío				Ambos campos vacíos.
63	yong_oraculo	both_empty			both_empty	Vacío				Ambos campos vacíos.
64	yong_oraculo	both_empty			both_empty	Vacío				Ambos campos vacíos.
1	yong_comentario	pair			mt_failed	MT falló	Wenn alle Linien Neunen sind, so kommt das ganze Zeichen in Bewegung und verwandelt sich in das Zeichen Kun, das Empfangende, dessen Charakt…		When all the lines are nines, it means that the whole hexagram is in motion and changes into the hexagram K'un, THE RECEPTIVE, whose charact…	Traducción automática vacía o no disponible en caché.
2	yong_comentario	pair			mt_failed	MT falló	Wenn lauter Sechsen erscheinen, verwandelt sich das Zeichen des Empfangenden in das Zeichen des Schöpferischen. Es gewinnt so die Kraft der …		When nothing but sixes appears, the hexagram of THE RECEPTIVE changes into the hexagram of THE CREATIVE. By holding fast to what is right, i…	Traducción automática vacía o no disponible en caché.
3	yong_comentario	both_empty			both_empty	Vacío				Ambos campos vacíos.
4	yong_comentario	both_empty			both_empty	Vacío				Ambos campos vacíos.
5	yong_comentario	both_empty			both_empty	Vacío				Ambos campos vacíos.
6	yong_comentario	both_empty			both_empty	Vacío				Ambos campos vacíos.
7	yong_comentario	both_empty			both_empty	Vacío				Ambos campos vacíos.
8	yong_comentario	both_empty			both_empty	Vacío				Ambos campos vacíos.
9	yong_comentario	both_empty			both_empty	Vacío				Ambos campos vacíos.
10	yong_comentario	both_empty			both_empty	Vacío				Ambos campos vacíos.
11	yong_comentario	both_empty			both_empty	Vacío				Ambos campos vacíos.
12	yong_comentario	both_empty			both_empty	Vacío				Ambos campos vacíos.
13	yong_comentario	both_empty			both_empty	Vacío				Ambos campos vacíos.
14	yong_comentario	both_empty			both_empty	Vacío				Ambos campos vacíos.
15	yong_comentario	both_empty			both_empty	Vacío				Ambos campos vacíos.
16	yong_comentario	both_empty			both_empty	Vacío				Ambos campos vacíos.
17	yong_comentario	both_empty			both_empty	Vacío				Ambos campos vacíos.
18	yong_comentario	both_empty			both_empty	Vacío				Ambos campos vacíos.
19	yong_comentario	both_empty			both_empty	Vacío				Ambos campos vacíos.
20	yong_comentario	both_empty			both_empty	Vacío				Ambos campos vacíos.
21	yong_comentario	both_empty			both_empty	Vacío				Ambos campos vacíos.
22	yong_comentario	both_empty			both_empty	Vacío				Ambos campos vacíos.
23	yong_comentario	both_empty			both_empty	Vacío				Ambos campos vacíos.
24	yong_comentario	both_empty			both_empty	Vacío				Ambos campos vacíos.
25	yong_comentario	both_empty			both_empty	Vacío				Ambos campos vacíos.
26	yong_comentario	both_empty			both_empty	Vacío				Ambos campos vacíos.
27	yong_comentario	both_empty			both_empty	Vacío				Ambos campos vacíos.
28	yong_comentario	both_empty			both_empty	Vacío				Ambos campos vacíos.
29	yong_comentario	both_empty			both_empty	Vacío				Ambos campos vacíos.
30	yong_comentario	both_empty			both_empty	Vacío				Ambos campos vacíos.
31	yong_comentario	both_empty			both_empty	Vacío				Ambos campos vacíos.
32	yong_comentario	both_empty			both_empty	Vacío				Ambos campos vacíos.
33	yong_comentario	both_empty			both_empty	Vacío				Ambos campos vacíos.
34	yong_comentario	both_empty			both_empty	Vacío				Ambos campos vacíos.
35	yong_comentario	both_empty			both_empty	Vacío				Ambos campos vacíos.
36	yong_comentario	both_empty			both_empty	Vacío				Ambos campos vacíos.
37	yong_comentario	both_empty			both_empty	Vacío				Ambos campos vacíos.
38	yong_comentario	both_empty			both_empty	Vacío				Ambos campos vacíos.
39	yong_comentario	both_empty			both_empty	Vacío				Ambos campos vacíos.
40	yong_comentario	both_empty			both_empty	Vacío				Ambos campos vacíos.
41	yong_comentario	both_empty			both_empty	Vacío				Ambos campos vacíos.
42	yong_comentario	both_empty			both_empty	Vacío				Ambos campos vacíos.
43	yong_comentario	both_empty			both_empty	Vacío				Ambos campos vacíos.
44	yong_comentario	both_empty			both_empty	Vacío				Ambos campos vacíos.
45	yong_comentario	both_empty			both_empty	Vacío				Ambos campos vacíos.
46	yong_comentario	both_empty			both_empty	Vacío				Ambos campos vacíos.
47	yong_comentario	both_empty			both_empty	Vacío				Ambos campos vacíos.
48	yong_comentario	both_empty			both_empty	Vacío				Ambos campos vacíos.
49	yong_comentario	both_empty			both_empty	Vacío				Ambos campos vacíos.
50	yong_comentario	both_empty			both_empty	Vacío				Ambos campos vacíos.
51	yong_comentario	both_empty			both_empty	Vacío				Ambos campos vacíos.
52	yong_comentario	both_empty			both_empty	Vacío				Ambos campos vacíos.
53	yong_comentario	both_empty			both_empty	Vacío				Ambos campos vacíos.
54	yong_comentario	both_empty			both_empty	Vacío				Ambos campos vacíos.
55	yong_comentario	both_empty			both_empty	Vacío				Ambos campos vacíos.
56	yong_comentario	both_empty			both_empty	Vacío				Ambos campos vacíos.
57	yong_comentario	both_empty			both_empty	Vacío				Ambos campos vacíos.
58	yong_comentario	both_empty			both_empty	Vacío				Ambos campos vacíos.
59	yong_comentario	both_empty			both_empty	Vacío				Ambos campos vacíos.
60	yong_comentario	both_empty			both_empty	Vacío				Ambos campos vacíos.
61	yong_comentario	both_empty			both_empty	Vacío				Ambos campos vacíos.
62	yong_comentario	both_empty			both_empty	Vacío				Ambos campos vacíos.
63	yong_comentario	both_empty			both_empty	Vacío				Ambos campos vacíos.
64	yong_comentario	both_empty			both_empty	Vacío				Ambos campos vacíos.
