hex	field	classification	score_pct	opening_score_pct	verdict	label	de_preview	mt_en_preview	baynes_en_preview	notes
1	hex	pair			mt_failed	MT falló	1		1	Traducción automática vacía o no disponible en caché.
2	hex	pair			mt_failed	MT falló	2		2	Traducción automática vacía o no disponible en caché.
3	hex	pair			mt_failed	MT falló	3		3	Traducción automática vacía o no disponible en caché.
4	hex	pair			mt_failed	MT falló	4		4	Traducción automática vacía o no disponible en caché.
5	hex	pair			mt_failed	MT falló	5		5	Traducción automática vacía o no disponible en caché.
6	hex	pair			mt_failed	MT falló	6		6	Traducción automática vacía o no disponible en caché.
7	hex	pair			mt_failed	MT falló	7		7	Traducción automática vacía o no disponible en caché.
8	hex	pair			mt_failed	MT falló	8		8	Traducción automática vacía o no disponible en caché.
9	hex	pair			mt_failed	MT falló	9		9	Traducción automática vacía o no disponible en caché.
10	hex	pair			mt_failed	MT falló	10		10	Traducción automática vacía o no disponible en caché.
11	hex	pair			mt_failed	MT falló	11		11	Traducción automática vacía o no disponible en caché.
12	hex	pair			mt_failed	MT falló	12		12	Traducción automática vacía o no disponible en caché.
13	hex	pair			mt_failed	MT falló	13		13	Traducción automática vacía o no disponible en caché.
14	hex	pair			mt_failed	MT falló	14		14	Traducción automática vacía o no disponible en caché.
15	hex	pair			mt_failed	MT falló	15		15	Traducción automática vacía o no disponible en caché.
16	hex	pair			mt_failed	MT falló	16		16	Traducción automática vacía o no disponible en caché.
17	hex	pair			mt_failed	MT falló	17		17	Traducción automática vacía o no disponible en caché.
18	hex	pair			mt_failed	MT falló	18		18	Traducción automática vacía o no disponible en caché.
19	hex	pair			mt_failed	MT falló	19		19	Traducción automática vacía o no disponible en caché.
20	hex	pair			mt_failed	MT falló	20		20	Traducción automática vacía o no disponible en caché.
21	hex	pair			mt_failed	MT falló	21		21	Traducción automática vacía o no disponible en caché.
22	hex	pair			mt_failed	MT falló	22		22	Traducción automática vacía o no disponible en caché.
23	hex	pair			mt_failed	MT falló	23		23	Traducción automática vacía o no disponible en caché.
24	hex	pair			mt_failed	MT falló	24		24	Traducción automática vacía o no disponible en caché.
25	hex	pair			mt_failed	MT falló	25		25	Traducción automática vacía o no disponible en caché.
26	hex	pair			mt_failed	MT falló	26		26	Traducción automática vacía o no disponible en caché.
27	hex	pair			mt_failed	MT falló	27		27	Traducción automática vacía o no disponible en caché.
28	hex	pair			mt_failed	MT falló	28		28	Traducción automática vacía o no disponible en caché.
29	hex	pair			mt_failed	MT falló	29		29	Traducción automática vacía o no disponible en caché.
30	hex	pair			mt_failed	MT falló	30		30	Traducción automática vacía o no disponible en caché.
31	hex	pair			mt_failed	MT falló	31		31	Traducción automática vacía o no disponible en caché.
32	hex	pair			mt_failed	MT falló	32		32	Traducción automática vacía o no disponible en caché.
33	hex	pair			mt_failed	MT falló	33		33	Traducción automática vacía o no disponible en caché.
34	hex	pair			mt_failed	MT falló	34		34	Traducción automática vacía o no disponible en caché.
35	hex	pair			mt_failed	MT falló	35		35	Traducción automática vacía o no disponible en caché.
36	hex	pair			mt_failed	MT falló	36		36	Traducción automática vacía o no disponible en caché.
37	hex	pair			mt_failed	MT falló	37		37	Traducción automática vacía o no disponible en caché.
38	hex	pair			mt_failed	MT falló	38		38	Traducción automática vacía o no disponible en caché.
39	hex	pair			mt_failed	MT falló	39		39	Traducción automática vacía o no disponible en caché.
40	hex	pair			mt_failed	MT falló	40		40	Traducción automática vacía o no disponible en caché.
41	hex	pair			mt_failed	MT falló	41		41	Traducción automática vacía o no disponible en caché.
42	hex	pair			mt_failed	MT falló	42		42	Traducción automática vacía o no disponible en caché.
43	hex	pair			mt_failed	MT falló	43		43	Traducción automática vacía o no disponible en caché.
44	hex	pair			mt_failed	MT falló	44		44	Traducción automática vacía o no disponible en caché.
45	hex	pair			mt_failed	MT falló	45		45	Traducción automática vacía o no disponible en caché.
46	hex	pair			mt_failed	MT falló	46		46	Traducción automática vacía o no disponible en caché.
47	hex	pair			mt_failed	MT falló	47		47	Traducción automática vacía o no disponible en caché.
48	hex	pair			mt_failed	MT falló	48		48	Traducción automática vacía o no disponible en caché.
49	hex	pair			mt_failed	MT falló	49		49	Traducción automática vacía o no disponible en caché.
50	hex	pair			mt_failed	MT falló	50		50	Traducción automática vacía o no disponible en caché.
51	hex	pair			mt_failed	MT falló	51		51	Traducción automática vacía o no disponible en caché.
52	hex	pair			mt_failed	MT falló	52		52	Traducción automática vacía o no disponible en caché.
53	hex	pair			mt_failed	MT falló	53		53	Traducción automática vacía o no disponible en caché.
54	hex	pair			mt_failed	MT falló	54		54	Traducción automática vacía o no disponible en caché.
55	hex	pair			mt_failed	MT falló	55		55	Traducción automática vacía o no disponible en caché.
56	hex	pair			mt_failed	MT falló	56		56	Traducción automática vacía o no disponible en caché.
57	hex	pair			mt_failed	MT falló	57		57	Traducción automática vacía o no disponible en caché.
58	hex	pair			mt_failed	MT falló	58		58	Traducción automática vacía o no disponible en caché.
59	hex	pair			mt_failed	MT falló	59		59	Traducción automática vacía o no disponible en caché.
60	hex	pair			mt_failed	MT falló	60		60	Traducción automática vacía o no disponible en caché.
61	hex	pair			mt_failed	MT falló	61		61	Traducción automática vacía o no disponible en caché.
62	hex	pair			mt_failed	MT falló	62		62	Traducción automática vacía o no disponible en caché.
63	hex	pair			mt_failed	MT falló	63		63	Traducción automática vacía o no disponible en caché.
64	hex	pair			mt_failed	MT falló	64		64	Traducción automática vacía o no disponible en caché.
1	nombre	pair	100%	100%	strong_align	Alineación fuerte	DAS SCHÖPFERISCHE	THE CREATIVE	The Creative	Primera línea alineada (Jaccard 100%). | Solapamiento léxico alto MT↔Baynes (100%).
2	nombre	pair	0%	0%	divergent	Divergente	DAS EMPFANGENDE	MYMEMORY WARNING: YOU USED ALL AVAILABLE FREE TRANSLATIONS FOR TODAY. NEXT AVAILABLE IN 20 HOURS 21 MINUTES 57 SECONDS VISIT HTTPS://MYMEMOR…	The Receptive	Primera línea poco alineada (Jaccard 0%). | Solapamiento léxico bajo MT↔Baynes (0%).
3	nombre	pair	0%	0%	divergent	Divergente	DIE ANFANGSSCHWIERIGKEIT	MYMEMORY WARNING: YOU USED ALL AVAILABLE FREE TRANSLATIONS FOR TODAY. NEXT AVAILABLE IN 20 HOURS 21 MINUTES 35 SECONDS VISIT HTTPS://MYMEMOR…	Difficulty at the Beginning	Primera línea poco alineada (Jaccard 0%). | Solapamiento léxico bajo MT↔Baynes (0%).
4	nombre	pair	0%	0%	divergent	Divergente	DIE JUGENDTORHEIT	MYMEMORY WARNING: YOU USED ALL AVAILABLE FREE TRANSLATIONS FOR TODAY. NEXT AVAILABLE IN 20 HOURS 21 MINUTES 18 SECONDS VISIT HTTPS://MYMEMOR…	Youthful Folly	Primera línea poco alineada (Jaccard 0%). | Solapamiento léxico bajo MT↔Baynes (0%).
5	nombre	pair	0%	0%	divergent	Divergente	DAS WARTEN (DIE ERNÄHRUNG)	MYMEMORY WARNING: YOU USED ALL AVAILABLE FREE TRANSLATIONS FOR TODAY. NEXT AVAILABLE IN 03 HOURS 29 MINUTES 52 SECONDS VISIT HTTPS://MYMEMOR…	Waiting (Nourishment)	Primera línea poco alineada (Jaccard 0%). | Solapamiento léxico bajo MT↔Baynes (0%).
6	nombre	pair	0%	0%	divergent	Divergente	DER STREIT	MYMEMORY WARNING: YOU USED ALL AVAILABLE FREE TRANSLATIONS FOR TODAY. NEXT AVAILABLE IN 20 HOURS 20 MINUTES 58 SECONDS VISIT HTTPS://MYMEMOR…	Conflict	Solapamiento léxico bajo MT↔Baynes (0%).
7	nombre	pair	0%	0%	divergent	Divergente	DAS HEER	MYMEMORY WARNING: YOU USED ALL AVAILABLE FREE TRANSLATIONS FOR TODAY. NEXT AVAILABLE IN 20 HOURS 20 MINUTES 50 SECONDS VISIT HTTPS://MYMEMOR…	The Army	Solapamiento léxico bajo MT↔Baynes (0%).
8	nombre	pair	0%	0%	divergent	Divergente	DAS ZUSAMMENHALTEN	MYMEMORY WARNING: YOU USED ALL AVAILABLE FREE TRANSLATIONS FOR TODAY. NEXT AVAILABLE IN 20 HOURS 20 MINUTES 41 SECONDS VISIT HTTPS://MYMEMOR…	Holding Together [Union]	Primera línea poco alineada (Jaccard 0%). | Solapamiento léxico bajo MT↔Baynes (0%).
9	nombre	pair	0%	0%	divergent	Divergente	DES KLEINEN ZÄHMUNGSKRAFT	MYMEMORY WARNING: YOU USED ALL AVAILABLE FREE TRANSLATIONS FOR TODAY. NEXT AVAILABLE IN 03 HOURS 29 MINUTES 51 SECONDS VISIT HTTPS://MYMEMOR…	The Taming Power of the Small	Primera línea poco alineada (Jaccard 0%). | Solapamiento léxico bajo MT↔Baynes (0%).
10	nombre	pair	0%	0%	divergent	Divergente	DAS AUFTRETEN	MYMEMORY WARNING: YOU USED ALL AVAILABLE FREE TRANSLATIONS FOR TODAY. NEXT AVAILABLE IN 20 HOURS 20 MINUTES 21 SECONDS VISIT HTTPS://MYMEMOR…	Treading [Conduct]	Primera línea poco alineada (Jaccard 0%). | Solapamiento léxico bajo MT↔Baynes (0%).
11	nombre	pair	0%	0%	divergent	Divergente	DER FRIEDE	MYMEMORY WARNING: YOU USED ALL AVAILABLE FREE TRANSLATIONS FOR TODAY. NEXT AVAILABLE IN 20 HOURS 20 MINUTES 13 SECONDS VISIT HTTPS://MYMEMOR…	Peace	Solapamiento léxico bajo MT↔Baynes (0%).
12	nombre	pair	0%	0%	divergent	Divergente	DIE STOCKUNG	MYMEMORY WARNING: YOU USED ALL AVAILABLE FREE TRANSLATIONS FOR TODAY. NEXT AVAILABLE IN 20 HOURS 20 MINUTES 01 SECONDS VISIT HTTPS://MYMEMOR…	Standstill [Stagnation]	Primera línea poco alineada (Jaccard 0%). | Solapamiento léxico bajo MT↔Baynes (0%).
13	nombre	pair	0%	0%	divergent	Divergente	GEMEINSCHAFT MIT MENSCHEN	MYMEMORY WARNING: YOU USED ALL AVAILABLE FREE TRANSLATIONS FOR TODAY. NEXT AVAILABLE IN 03 HOURS 29 MINUTES 51 SECONDS VISIT HTTPS://MYMEMOR…	Fellowship with Men	Primera línea poco alineada (Jaccard 0%). | Solapamiento léxico bajo MT↔Baynes (0%).
14	nombre	pair	0%	0%	divergent	Divergente	DER BESITZ VON GROSSEM	MYMEMORY WARNING: YOU USED ALL AVAILABLE FREE TRANSLATIONS FOR TODAY. NEXT AVAILABLE IN 20 HOURS 19 MINUTES 43 SECONDS VISIT HTTPS://MYMEMOR…	Posession in Great Measure	Primera línea poco alineada (Jaccard 0%). | Solapamiento léxico bajo MT↔Baynes (0%).
15	nombre	pair	0%	0%	divergent	Divergente	DIE BESCHEIDENHEIT	MYMEMORY WARNING: YOU USED ALL AVAILABLE FREE TRANSLATIONS FOR TODAY. NEXT AVAILABLE IN 20 HOURS 19 MINUTES 33 SECONDS VISIT HTTPS://MYMEMOR…	Modesty	DE mucho más largo que Baynes (18 vs 7 chars) — posible mezcla de comentario Wilhelm en campo oráculo. | Solapamiento léxico bajo MT↔Baynes (0%).
16	nombre	pair	0%	0%	divergent	Divergente	DIE BEGEISTERUNG	MYMEMORY WARNING: YOU USED ALL AVAILABLE FREE TRANSLATIONS FOR TODAY. NEXT AVAILABLE IN 20 HOURS 19 MINUTES 24 SECONDS VISIT HTTPS://MYMEMOR…	Enthusiasm	Solapamiento léxico bajo MT↔Baynes (0%).
17	nombre	pair	0%	0%	divergent	Divergente	DIE NACHFOLGE	MYMEMORY WARNING: YOU USED ALL AVAILABLE FREE TRANSLATIONS FOR TODAY. NEXT AVAILABLE IN 20 HOURS 19 MINUTES 16 SECONDS VISIT HTTPS://MYMEMOR…	Following	Solapamiento léxico bajo MT↔Baynes (0%).
18	nombre	pair	0%	0%	divergent	Divergente	DIE ARBEIT AM VERDORBENEN	MYMEMORY WARNING: YOU USED ALL AVAILABLE FREE TRANSLATIONS FOR TODAY. NEXT AVAILABLE IN 20 HOURS 19 MINUTES 09 SECONDS VISIT HTTPS://MYMEMOR…	Work on What Has Been Spoiled [Decay]	Primera línea poco alineada (Jaccard 0%). | Solapamiento léxico bajo MT↔Baynes (0%).
19	nombre	pair	0%	0%	divergent	Divergente	DIE ANNÄHERUNG	MYMEMORY WARNING: YOU USED ALL AVAILABLE FREE TRANSLATIONS FOR TODAY. NEXT AVAILABLE IN 03 HOURS 29 MINUTES 51 SECONDS VISIT HTTPS://MYMEMOR…	Approach	Solapamiento léxico bajo MT↔Baynes (0%).
20	nombre	pair	0%	0%	divergent	Divergente	DIE BETRACHTUNG (DER ANBLICK)	MYMEMORY WARNING: YOU USED ALL AVAILABLE FREE TRANSLATIONS FOR TODAY. NEXT AVAILABLE IN 03 HOURS 29 MINUTES 51 SECONDS VISIT HTTPS://MYMEMOR…	Contemplation (View)	Primera línea poco alineada (Jaccard 0%). | Solapamiento léxico bajo MT↔Baynes (0%).
21	nombre	pair	0%	0%	divergent	Divergente	DAS DURCHBEISSEN	MYMEMORY WARNING: YOU USED ALL AVAILABLE FREE TRANSLATIONS FOR TODAY. NEXT AVAILABLE IN 20 HOURS 18 MINUTES 49 SECONDS VISIT HTTPS://MYMEMOR…	Biting Through	Primera línea poco alineada (Jaccard 0%). | Solapamiento léxico bajo MT↔Baynes (0%).
22	nombre	pair	0%	0%	divergent	Divergente	DIE ANMUT	MYMEMORY WARNING: YOU USED ALL AVAILABLE FREE TRANSLATIONS FOR TODAY. NEXT AVAILABLE IN 20 HOURS 18 MINUTES 41 SECONDS VISIT HTTPS://MYMEMOR…	Grace	Solapamiento léxico bajo MT↔Baynes (0%).
23	nombre	pair	0%	0%	divergent	Divergente	DIE ZERSPLITTERUNG	MYMEMORY WARNING: YOU USED ALL AVAILABLE FREE TRANSLATIONS FOR TODAY. NEXT AVAILABLE IN 20 HOURS 18 MINUTES 31 SECONDS VISIT HTTPS://MYMEMOR…	Splitting Apart	Primera línea poco alineada (Jaccard 0%). | Solapamiento léxico bajo MT↔Baynes (0%).
24	nombre	pair	0%	0%	divergent	Divergente	DIE WIEDERKEHR (DIE WENDEZEIT)	MYMEMORY WARNING: YOU USED ALL AVAILABLE FREE TRANSLATIONS FOR TODAY. NEXT AVAILABLE IN 20 HOURS 18 MINUTES 25 SECONDS VISIT HTTPS://MYMEMOR…	Return (The Turning Point)	Primera línea poco alineada (Jaccard 0%). | Solapamiento léxico bajo MT↔Baynes (0%).
25	nombre	pair	0%	0%	divergent	Divergente	DIE UNSCHULD (DAS UNERWARTETE)	MYMEMORY WARNING: YOU USED ALL AVAILABLE FREE TRANSLATIONS FOR TODAY. NEXT AVAILABLE IN 03 HOURS 29 MINUTES 51 SECONDS VISIT HTTPS://MYMEMOR…	Innocence (The Unexpected)	Primera línea poco alineada (Jaccard 0%). | Solapamiento léxico bajo MT↔Baynes (0%).
26	nombre	pair	0%	0%	divergent	Divergente	DES GROSSEN ZÄHMUNGSKRAFT	MYMEMORY WARNING: YOU USED ALL AVAILABLE FREE TRANSLATIONS FOR TODAY. NEXT AVAILABLE IN 03 HOURS 29 MINUTES 51 SECONDS VISIT HTTPS://MYMEMOR…	The Taming Power of the Great	Primera línea poco alineada (Jaccard 0%). | Solapamiento léxico bajo MT↔Baynes (0%).
27	nombre	pair	0%	0%	divergent	Divergente	DIE MUNDWINKEL (DIE ERNÄHRUNG)	MYMEMORY WARNING: YOU USED ALL AVAILABLE FREE TRANSLATIONS FOR TODAY. NEXT AVAILABLE IN 20 HOURS 18 MINUTES 00 SECONDS VISIT HTTPS://MYMEMOR…	The Corners of the Mouth	Primera línea poco alineada (Jaccard 0%). | Solapamiento léxico bajo MT↔Baynes (0%).
28	nombre	pair	0%	0%	divergent	Divergente	DES GROSSEN ÜBERGEWICHT	MYMEMORY WARNING: YOU USED ALL AVAILABLE FREE TRANSLATIONS FOR TODAY. NEXT AVAILABLE IN 03 HOURS 29 MINUTES 51 SECONDS VISIT HTTPS://MYMEMOR…	Preponderance of the Great	Primera línea poco alineada (Jaccard 0%). | Solapamiento léxico bajo MT↔Baynes (0%).
29	nombre	pair	0%	0%	divergent	Divergente	DAS ABGRÜNDIGE, DAS WASSER	MYMEMORY WARNING: YOU USED ALL AVAILABLE FREE TRANSLATIONS FOR TODAY. NEXT AVAILABLE IN 03 HOURS 29 MINUTES 51 SECONDS VISIT HTTPS://MYMEMOR…	The Abysmal (Water)	Primera línea poco alineada (Jaccard 0%). | Solapamiento léxico bajo MT↔Baynes (0%).
30	nombre	pair	0%	0%	divergent	Divergente	DAS HAFTENDE, DAS FEUER	MYMEMORY WARNING: YOU USED ALL AVAILABLE FREE TRANSLATIONS FOR TODAY. NEXT AVAILABLE IN 20 HOURS 17 MINUTES 32 SECONDS VISIT HTTPS://MYMEMOR…	The Clinging, Fire	Primera línea poco alineada (Jaccard 0%). | Solapamiento léxico bajo MT↔Baynes (0%).
31	nombre	pair	0%	0%	divergent	Divergente	DIE EINWIRKUNG (DIE WERBUNG)	MYMEMORY WARNING: YOU USED ALL AVAILABLE FREE TRANSLATIONS FOR TODAY. NEXT AVAILABLE IN 03 HOURS 29 MINUTES 51 SECONDS VISIT HTTPS://MYMEMOR…	Influence (Wooing)	Primera línea poco alineada (Jaccard 0%). | Solapamiento léxico bajo MT↔Baynes (0%).
32	nombre	pair	0%	0%	divergent	Divergente	DIE DAUER	MYMEMORY WARNING: YOU USED ALL AVAILABLE FREE TRANSLATIONS FOR TODAY. NEXT AVAILABLE IN 20 HOURS 17 MINUTES 15 SECONDS VISIT HTTPS://MYMEMOR…	Duration	Solapamiento léxico bajo MT↔Baynes (0%).
33	nombre	pair	0%	0%	divergent	Divergente	DER RÜCKZUG	MYMEMORY WARNING: YOU USED ALL AVAILABLE FREE TRANSLATIONS FOR TODAY. NEXT AVAILABLE IN 20 HOURS 17 MINUTES 08 SECONDS VISIT HTTPS://MYMEMOR…	Retreat	Solapamiento léxico bajo MT↔Baynes (0%).
34	nombre	pair	0%	0%	divergent	Divergente	DES GROSSEN MACHT	MYMEMORY WARNING: YOU USED ALL AVAILABLE FREE TRANSLATIONS FOR TODAY. NEXT AVAILABLE IN 03 HOURS 29 MINUTES 50 SECONDS VISIT HTTPS://MYMEMOR…	The Power of the Great	Primera línea poco alineada (Jaccard 0%). | Solapamiento léxico bajo MT↔Baynes (0%).
35	nombre	pair	0%	0%	divergent	Divergente	DER FORTSCHRITT	MYMEMORY WARNING: YOU USED ALL AVAILABLE FREE TRANSLATIONS FOR TODAY. NEXT AVAILABLE IN 20 HOURS 16 MINUTES 53 SECONDS VISIT HTTPS://MYMEMOR…	Progress	Solapamiento léxico bajo MT↔Baynes (0%).
36	nombre	pair	0%	0%	divergent	Divergente	DIE VERFINSTERUNG DES LICHTS	MYMEMORY WARNING: YOU USED ALL AVAILABLE FREE TRANSLATIONS FOR TODAY. NEXT AVAILABLE IN 03 HOURS 29 MINUTES 50 SECONDS VISIT HTTPS://MYMEMOR…	Darkening of the Light	Primera línea poco alineada (Jaccard 0%). | Solapamiento léxico bajo MT↔Baynes (0%).
37	nombre	pair	0%	0%	divergent	Divergente	DIE SIPPE	MYMEMORY WARNING: YOU USED ALL AVAILABLE FREE TRANSLATIONS FOR TODAY. NEXT AVAILABLE IN 20 HOURS 16 MINUTES 39 SECONDS VISIT HTTPS://MYMEMOR…	The Family [The Clan]	Primera línea poco alineada (Jaccard 0%). | Solapamiento léxico bajo MT↔Baynes (0%).
38	nombre	pair	0%	0%	divergent	Divergente	DER GEGENSATZ	MYMEMORY WARNING: YOU USED ALL AVAILABLE FREE TRANSLATIONS FOR TODAY. NEXT AVAILABLE IN 20 HOURS 16 MINUTES 31 SECONDS VISIT HTTPS://MYMEMOR…	Opposition	Solapamiento léxico bajo MT↔Baynes (0%).
39	nombre	pair	0%	0%	divergent	Divergente	DAS HEMMNIS	MYMEMORY WARNING: YOU USED ALL AVAILABLE FREE TRANSLATIONS FOR TODAY. NEXT AVAILABLE IN 20 HOURS 16 MINUTES 21 SECONDS VISIT HTTPS://MYMEMOR…	Obstruction	Primera línea poco alineada (Jaccard 0%). | Solapamiento léxico bajo MT↔Baynes (0%).
40	nombre	pair	0%	0%	divergent	Divergente	DIE BEFREIUNG	MYMEMORY WARNING: YOU USED ALL AVAILABLE FREE TRANSLATIONS FOR TODAY. NEXT AVAILABLE IN 20 HOURS 16 MINUTES 11 SECONDS VISIT HTTPS://MYMEMOR…	Deliverance	Primera línea poco alineada (Jaccard 0%). | Solapamiento léxico bajo MT↔Baynes (0%).
41	nombre	pair	0%	0%	divergent	Divergente	DIE MINDERUNG	MYMEMORY WARNING: YOU USED ALL AVAILABLE FREE TRANSLATIONS FOR TODAY. NEXT AVAILABLE IN 20 HOURS 16 MINUTES 04 SECONDS VISIT HTTPS://MYMEMOR…	Decrease	Solapamiento léxico bajo MT↔Baynes (0%).
42	nombre	pair	0%	0%	divergent	Divergente	DIE MEHRUNG	MYMEMORY WARNING: YOU USED ALL AVAILABLE FREE TRANSLATIONS FOR TODAY. NEXT AVAILABLE IN 20 HOURS 15 MINUTES 54 SECONDS VISIT HTTPS://MYMEMOR…	Increase	Solapamiento léxico bajo MT↔Baynes (0%).
43	nombre	pair	0%	0%	divergent	Divergente	DER DURCHBRUCH (DIE ENTSCHLOSSENHEIT)	MYMEMORY WARNING: YOU USED ALL AVAILABLE FREE TRANSLATIONS FOR TODAY. NEXT AVAILABLE IN 03 HOURS 29 MINUTES 50 SECONDS VISIT HTTPS://MYMEMOR…	Break-through (Resoluteness)	Primera línea poco alineada (Jaccard 0%). | Solapamiento léxico bajo MT↔Baynes (0%).
44	nombre	pair	0%	0%	divergent	Divergente	DAS ENTGEGENKOMMEN	MYMEMORY WARNING: YOU USED ALL AVAILABLE FREE TRANSLATIONS FOR TODAY. NEXT AVAILABLE IN 20 HOURS 15 MINUTES 33 SECONDS VISIT HTTPS://MYMEMOR…	Coming to Meet	Primera línea poco alineada (Jaccard 0%). | Solapamiento léxico bajo MT↔Baynes (0%).
45	nombre	pair	0%	0%	divergent	Divergente	DIE SAMMLUNG	MYMEMORY WARNING: YOU USED ALL AVAILABLE FREE TRANSLATIONS FOR TODAY. NEXT AVAILABLE IN 20 HOURS 15 MINUTES 24 SECONDS VISIT HTTPS://MYMEMOR…	Gathering Together [Massing]	Primera línea poco alineada (Jaccard 0%). | Solapamiento léxico bajo MT↔Baynes (0%).
46	nombre	pair	0%	0%	divergent	Divergente	DAS EMPORDRINGEN	MYMEMORY WARNING: YOU USED ALL AVAILABLE FREE TRANSLATIONS FOR TODAY. NEXT AVAILABLE IN 20 HOURS 15 MINUTES 16 SECONDS VISIT HTTPS://MYMEMOR…	Pushing Upward	Primera línea poco alineada (Jaccard 0%). | Solapamiento léxico bajo MT↔Baynes (0%).
47	nombre	pair	0%	0%	divergent	Divergente	DIE BEDRÄNGNIS	MYMEMORY WARNING: YOU USED ALL AVAILABLE FREE TRANSLATIONS FOR TODAY. NEXT AVAILABLE IN 20 HOURS 15 MINUTES 09 SECONDS VISIT HTTPS://MYMEMOR…	Oppression (Exhaustion)	Primera línea poco alineada (Jaccard 0%). | Solapamiento léxico bajo MT↔Baynes (0%).
48	nombre	pair	0%	0%	divergent	Divergente	DER BRUNNEN	MYMEMORY WARNING: YOU USED ALL AVAILABLE FREE TRANSLATIONS FOR TODAY. NEXT AVAILABLE IN 20 HOURS 14 MINUTES 59 SECONDS VISIT HTTPS://MYMEMOR…	The Well	Solapamiento léxico bajo MT↔Baynes (0%).
49	nombre	pair	0%	0%	divergent	Divergente	DIE UMWÄLZUNG (DIE MAUSERUNG)	MYMEMORY WARNING: YOU USED ALL AVAILABLE FREE TRANSLATIONS FOR TODAY. NEXT AVAILABLE IN 03 HOURS 29 MINUTES 50 SECONDS VISIT HTTPS://MYMEMOR…	Revolution (Molting)	Primera línea poco alineada (Jaccard 0%). | Solapamiento léxico bajo MT↔Baynes (0%).
50	nombre	pair	0%	0%	divergent	Divergente	DER TIEGEL	MYMEMORY WARNING: YOU USED ALL AVAILABLE FREE TRANSLATIONS FOR TODAY. NEXT AVAILABLE IN 20 HOURS 14 MINUTES 40 SECONDS VISIT HTTPS://MYMEMOR…	The Caldron	Primera línea poco alineada (Jaccard 0%). | Solapamiento léxico bajo MT↔Baynes (0%).
51	nombre	pair	0%	0%	divergent	Divergente	DAS ERREGENDE	MYMEMORY WARNING: YOU USED ALL AVAILABLE FREE TRANSLATIONS FOR TODAY. NEXT AVAILABLE IN 20 HOURS 14 MINUTES 28 SECONDS VISIT HTTPS://MYMEMOR…	The Arousing (Shock, Thunder)	Primera línea poco alineada (Jaccard 0%). | Solapamiento léxico bajo MT↔Baynes (0%).
52	nombre	pair	0%	0%	divergent	Divergente	DAS STILLEHALTEN, DER BERG	MYMEMORY WARNING: YOU USED ALL AVAILABLE FREE TRANSLATIONS FOR TODAY. NEXT AVAILABLE IN 20 HOURS 14 MINUTES 20 SECONDS VISIT HTTPS://MYMEMOR…	Keeping Still, Mountain	Primera línea poco alineada (Jaccard 0%). | Solapamiento léxico bajo MT↔Baynes (0%).
53	nombre	pair	0%	0%	divergent	Divergente	DIE ENTWICKLUNG	MYMEMORY WARNING: YOU USED ALL AVAILABLE FREE TRANSLATIONS FOR TODAY. NEXT AVAILABLE IN 20 HOURS 14 MINUTES 10 SECONDS VISIT HTTPS://MYMEMOR…	Development (Gradual Progress)	Primera línea poco alineada (Jaccard 0%). | Solapamiento léxico bajo MT↔Baynes (0%).
54	nombre	pair	0%	0%	divergent	Divergente	DAS HEIRATENDE MÄDCHEN	MYMEMORY WARNING: YOU USED ALL AVAILABLE FREE TRANSLATIONS FOR TODAY. NEXT AVAILABLE IN 03 HOURS 29 MINUTES 50 SECONDS VISIT HTTPS://MYMEMOR…	The Marrying Maiden	Primera línea poco alineada (Jaccard 0%). | Solapamiento léxico bajo MT↔Baynes (0%).
55	nombre	pair	0%	0%	divergent	Divergente	DIE FÜLLE	MYMEMORY WARNING: YOU USED ALL AVAILABLE FREE TRANSLATIONS FOR TODAY. NEXT AVAILABLE IN 20 HOURS 13 MINUTES 48 SECONDS VISIT HTTPS://MYMEMOR…	Abundance [Fullness]	Primera línea poco alineada (Jaccard 0%). | Solapamiento léxico bajo MT↔Baynes (0%).
56	nombre	pair	0%	0%	divergent	Divergente	DER WANDERER	MYMEMORY WARNING: YOU USED ALL AVAILABLE FREE TRANSLATIONS FOR TODAY. NEXT AVAILABLE IN 20 HOURS 13 MINUTES 40 SECONDS VISIT HTTPS://MYMEMOR…	The Wanderer	Primera línea poco alineada (Jaccard 0%). | Solapamiento léxico bajo MT↔Baynes (0%).
57	nombre	pair	0%	0%	divergent	Divergente	DAS SANFTE	MYMEMORY WARNING: YOU USED ALL AVAILABLE FREE TRANSLATIONS FOR TODAY. NEXT AVAILABLE IN 03 HOURS 29 MINUTES 50 SECONDS VISIT HTTPS://MYMEMOR…	The Gentle (Penetrating, Wind)	Primera línea poco alineada (Jaccard 0%). | Solapamiento léxico bajo MT↔Baynes (0%).
58	nombre	pair	0%	0%	divergent	Divergente	DAS HEITERE, DER SEE	MYMEMORY WARNING: YOU USED ALL AVAILABLE FREE TRANSLATIONS FOR TODAY. NEXT AVAILABLE IN 20 HOURS 13 MINUTES 22 SECONDS VISIT HTTPS://MYMEMOR…	The Joyous, Lake	Primera línea poco alineada (Jaccard 0%). | Solapamiento léxico bajo MT↔Baynes (0%).
59	nombre	pair	0%	0%	divergent	Divergente	DIE AUFLÖSUNG	MYMEMORY WARNING: YOU USED ALL AVAILABLE FREE TRANSLATIONS FOR TODAY. NEXT AVAILABLE IN 20 HOURS 13 MINUTES 16 SECONDS VISIT HTTPS://MYMEMOR…	Dispersion [Dissolution]	Primera línea poco alineada (Jaccard 0%). | Solapamiento léxico bajo MT↔Baynes (0%).
60	nombre	pair	0%	0%	divergent	Divergente	DIE BESCHRÄNKUNG	MYMEMORY WARNING: YOU USED ALL AVAILABLE FREE TRANSLATIONS FOR TODAY. NEXT AVAILABLE IN 03 HOURS 29 MINUTES 50 SECONDS VISIT HTTPS://MYMEMOR…	Limitation	Solapamiento léxico bajo MT↔Baynes (0%).
61	nombre	pair	0%	0%	divergent	Divergente	INNERE WAHRHEIT	MYMEMORY WARNING: YOU USED ALL AVAILABLE FREE TRANSLATIONS FOR TODAY. NEXT AVAILABLE IN 20 HOURS 12 MINUTES 59 SECONDS VISIT HTTPS://MYMEMOR…	Inner Truth	Primera línea poco alineada (Jaccard 0%). | Solapamiento léxico bajo MT↔Baynes (0%).
62	nombre	pair	0%	0%	divergent	Divergente	DES KLEINEN ÜBERGEWICHT	MYMEMORY WARNING: YOU USED ALL AVAILABLE FREE TRANSLATIONS FOR TODAY. NEXT AVAILABLE IN 03 HOURS 29 MINUTES 50 SECONDS VISIT HTTPS://MYMEMOR…	Preponderance of the Small	Primera línea poco alineada (Jaccard 0%). | Solapamiento léxico bajo MT↔Baynes (0%).
63	nombre	pair	0%	0%	divergent	Divergente	NACH DER VOLLENDUNG	MYMEMORY WARNING: YOU USED ALL AVAILABLE FREE TRANSLATIONS FOR TODAY. NEXT AVAILABLE IN 20 HOURS 12 MINUTES 36 SECONDS VISIT HTTPS://MYMEMOR…	After Completion	Primera línea poco alineada (Jaccard 0%). | Solapamiento léxico bajo MT↔Baynes (0%).
64	nombre	pair	0%	0%	divergent	Divergente	VOR DER VOLLENDUNG	MYMEMORY WARNING: YOU USED ALL AVAILABLE FREE TRANSLATIONS FOR TODAY. NEXT AVAILABLE IN 20 HOURS 12 MINUTES 26 SECONDS VISIT HTTPS://MYMEMOR…	Before Completion	Primera línea poco alineada (Jaccard 0%). | Solapamiento léxico bajo MT↔Baynes (0%).
1	chinese	pair			mt_failed	MT falló	乾		乾	Traducción automática vacía o no disponible en caché.
2	chinese	pair			mt_failed	MT falló	坤		坤	Traducción automática vacía o no disponible en caché.
3	chinese	pair			mt_failed	MT falló	屯		屯	Traducción automática vacía o no disponible en caché.
4	chinese	pair			mt_failed	MT falló	蒙		蒙	Traducción automática vacía o no disponible en caché.
5	chinese	pair			mt_failed	MT falló	需		需	Traducción automática vacía o no disponible en caché.
6	chinese	pair			mt_failed	MT falló	訟		訟	Traducción automática vacía o no disponible en caché.
7	chinese	pair			mt_failed	MT falló	師		師	Traducción automática vacía o no disponible en caché.
8	chinese	pair			mt_failed	MT falló	比		比	Traducción automática vacía o no disponible en caché.
9	chinese	pair			mt_failed	MT falló	小畜		小畜	Traducción automática vacía o no disponible en caché.
10	chinese	pair			mt_failed	MT falló	履		履	Traducción automática vacía o no disponible en caché.
11	chinese	pair			mt_failed	MT falló	泰		泰	Traducción automática vacía o no disponible en caché.
12	chinese	pair			mt_failed	MT falló	否		否	Traducción automática vacía o no disponible en caché.
13	chinese	pair			mt_failed	MT falló	同人		同人	Traducción automática vacía o no disponible en caché.
14	chinese	pair			mt_failed	MT falló	大有		大有	Traducción automática vacía o no disponible en caché.
15	chinese	pair			mt_failed	MT falló	謙		謙	Traducción automática vacía o no disponible en caché.
16	chinese	pair			mt_failed	MT falló	豫		豫	Traducción automática vacía o no disponible en caché.
17	chinese	pair			mt_failed	MT falló	隨		隨	Traducción automática vacía o no disponible en caché.
18	chinese	pair			mt_failed	MT falló	蠱		蠱	Traducción automática vacía o no disponible en caché.
19	chinese	pair			mt_failed	MT falló	臨		臨	Traducción automática vacía o no disponible en caché.
20	chinese	pair			mt_failed	MT falló	觀		觀	Traducción automática vacía o no disponible en caché.
21	chinese	pair			mt_failed	MT falló	噬嗑		噬嗑	Traducción automática vacía o no disponible en caché.
22	chinese	pair			mt_failed	MT falló	賁		賁	Traducción automática vacía o no disponible en caché.
23	chinese	pair			mt_failed	MT falló	剝		剝	Traducción automática vacía o no disponible en caché.
24	chinese	pair			mt_failed	MT falló	復		復	Traducción automática vacía o no disponible en caché.
25	chinese	pair			mt_failed	MT falló	無妄		無妄	Traducción automática vacía o no disponible en caché.
26	chinese	pair			mt_failed	MT falló	大畜		大畜	Traducción automática vacía o no disponible en caché.
27	chinese	pair			mt_failed	MT falló	頤		頤	Traducción automática vacía o no disponible en caché.
28	chinese	pair			mt_failed	MT falló	大過		大過	Traducción automática vacía o no disponible en caché.
29	chinese	pair			mt_failed	MT falló	坎		坎	Traducción automática vacía o no disponible en caché.
30	chinese	pair			mt_failed	MT falló	離		離	Traducción automática vacía o no disponible en caché.
31	chinese	pair			mt_failed	MT falló	咸		咸	Traducción automática vacía o no disponible en caché.
32	chinese	pair			mt_failed	MT falló	恆		恆	Traducción automática vacía o no disponible en caché.
33	chinese	pair			mt_failed	MT falló	遯		遯	Traducción automática vacía o no disponible en caché.
34	chinese	pair			mt_failed	MT falló	大壯		大壯	Traducción automática vacía o no disponible en caché.
35	chinese	pair			mt_failed	MT falló	晉		晉	Traducción automática vacía o no disponible en caché.
36	chinese	pair			mt_failed	MT falló	明夷		明夷	Traducción automática vacía o no disponible en caché.
37	chinese	pair			mt_failed	MT falló	家人		家人	Traducción automática vacía o no disponible en caché.
38	chinese	pair			mt_failed	MT falló	睽		睽	Traducción automática vacía o no disponible en caché.
39	chinese	pair			mt_failed	MT falló	蹇		蹇	Traducción automática vacía o no disponible en caché.
40	chinese	pair			mt_failed	MT falló	解		解	Traducción automática vacía o no disponible en caché.
41	chinese	pair			mt_failed	MT falló	損		損	Traducción automática vacía o no disponible en caché.
42	chinese	pair			mt_failed	MT falló	益		益	Traducción automática vacía o no disponible en caché.
43	chinese	pair			mt_failed	MT falló	夬		夬	Traducción automática vacía o no disponible en caché.
44	chinese	pair			mt_failed	MT falló	姤		姤	Traducción automática vacía o no disponible en caché.
45	chinese	pair			mt_failed	MT falló	萃		萃	Traducción automática vacía o no disponible en caché.
46	chinese	pair			mt_failed	MT falló	升		升	Traducción automática vacía o no disponible en caché.
47	chinese	pair			mt_failed	MT falló	困		困	Traducción automática vacía o no disponible en caché.
48	chinese	pair			mt_failed	MT falló	井		井	Traducción automática vacía o no disponible en caché.
49	chinese	pair			mt_failed	MT falló	革		革	Traducción automática vacía o no disponible en caché.
50	chinese	pair			mt_failed	MT falló	鼎		鼎	Traducción automática vacía o no disponible en caché.
51	chinese	pair			mt_failed	MT falló	震		震	Traducción automática vacía o no disponible en caché.
52	chinese	pair			mt_failed	MT falló	艮		艮	Traducción automática vacía o no disponible en caché.
53	chinese	pair			mt_failed	MT falló	漸		漸	Traducción automática vacía o no disponible en caché.
54	chinese	pair			mt_failed	MT falló	歸妹		歸妹	Traducción automática vacía o no disponible en caché.
55	chinese	pair			mt_failed	MT falló	豐		豐	Traducción automática vacía o no disponible en caché.
56	chinese	pair			mt_failed	MT falló	旅		旅	Traducción automática vacía o no disponible en caché.
57	chinese	pair			mt_failed	MT falló	巽		巽	Traducción automática vacía o no disponible en caché.
58	chinese	pair			mt_failed	MT falló	兌		兌	Traducción automática vacía o no disponible en caché.
59	chinese	pair			mt_failed	MT falló	渙		渙	Traducción automática vacía o no disponible en caché.
60	chinese	pair			mt_failed	MT falló	節		節	Traducción automática vacía o no disponible en caché.
61	chinese	pair			mt_failed	MT falló	中孚		中孚	Traducción automática vacía o no disponible en caché.
62	chinese	pair			mt_failed	MT falló	小過		小過	Traducción automática vacía o no disponible en caché.
63	chinese	pair			mt_failed	MT falló	既濟		既濟	Traducción automática vacía o no disponible en caché.
64	chinese	pair			mt_failed	MT falló	未濟		未濟	Traducción automática vacía o no disponible en caché.
1	chinese_roman	pair	0%	0%	divergent	Divergente	Kiën	MYMEMORY WARNING: YOU USED ALL AVAILABLE FREE TRANSLATIONS FOR TODAY. NEXT AVAILABLE IN 03 HOURS 29 MINUTES 50 SECONDS VISIT HTTPS://MYMEMOR…	Ch'ien	Solapamiento léxico bajo MT↔Baynes (0%).
2	chinese_roman	pair	0%	0%	divergent	Divergente	Kun	MYMEMORY WARNING: YOU USED ALL AVAILABLE FREE TRANSLATIONS FOR TODAY. NEXT AVAILABLE IN 03 HOURS 29 MINUTES 49 SECONDS VISIT HTTPS://MYMEMOR…	K'un	Solapamiento léxico bajo MT↔Baynes (0%).
3	chinese_roman	pair	0%	0%	divergent	Divergente	Dschun	MYMEMORY WARNING: YOU USED ALL AVAILABLE FREE TRANSLATIONS FOR TODAY. NEXT AVAILABLE IN 03 HOURS 29 MINUTES 49 SECONDS VISIT HTTPS://MYMEMOR…	Chun	Solapamiento léxico bajo MT↔Baynes (0%).
4	chinese_roman	pair	0%	0%	divergent	Divergente	Mong	MYMEMORY WARNING: YOU USED ALL AVAILABLE FREE TRANSLATIONS FOR TODAY. NEXT AVAILABLE IN 03 HOURS 29 MINUTES 49 SECONDS VISIT HTTPS://MYMEMOR…	Mêng	Solapamiento léxico bajo MT↔Baynes (0%).
5	chinese_roman	pair	0%	0%	divergent	Divergente	Sü	MYMEMORY WARNING: YOU USED ALL AVAILABLE FREE TRANSLATIONS FOR TODAY. NEXT AVAILABLE IN 03 HOURS 29 MINUTES 49 SECONDS VISIT HTTPS://MYMEMOR…	Hsü	Solapamiento léxico bajo MT↔Baynes (0%).
6	chinese_roman	pair	0%	0%	divergent	Divergente	Sung	MYMEMORY WARNING: YOU USED ALL AVAILABLE FREE TRANSLATIONS FOR TODAY. NEXT AVAILABLE IN 03 HOURS 29 MINUTES 49 SECONDS VISIT HTTPS://MYMEMOR…	Sung	Solapamiento léxico bajo MT↔Baynes (0%).
7	chinese_roman	pair	0%	0%	divergent	Divergente	Schï	MYMEMORY WARNING: YOU USED ALL AVAILABLE FREE TRANSLATIONS FOR TODAY. NEXT AVAILABLE IN 03 HOURS 29 MINUTES 49 SECONDS VISIT HTTPS://MYMEMOR…	Shih	Solapamiento léxico bajo MT↔Baynes (0%).
8	chinese_roman	pair	0%	0%	divergent	Divergente	Bi	MYMEMORY WARNING: YOU USED ALL AVAILABLE FREE TRANSLATIONS FOR TODAY. NEXT AVAILABLE IN 03 HOURS 29 MINUTES 49 SECONDS VISIT HTTPS://MYMEMOR…	Pi	Solapamiento léxico bajo MT↔Baynes (0%).
9	chinese_roman	pair	0%	0%	divergent	Divergente	Siau Tschu	MYMEMORY WARNING: YOU USED ALL AVAILABLE FREE TRANSLATIONS FOR TODAY. NEXT AVAILABLE IN 03 HOURS 29 MINUTES 49 SECONDS VISIT HTTPS://MYMEMOR…	Hsiao Ch'u	Solapamiento léxico bajo MT↔Baynes (0%).
10	chinese_roman	pair	0%	0%	divergent	Divergente	Lü	MYMEMORY WARNING: YOU USED ALL AVAILABLE FREE TRANSLATIONS FOR TODAY. NEXT AVAILABLE IN 03 HOURS 29 MINUTES 49 SECONDS VISIT HTTPS://MYMEMOR…	Lü	Solapamiento léxico bajo MT↔Baynes (0%).
11	chinese_roman	pair	0%	0%	divergent	Divergente	Tai	MYMEMORY WARNING: YOU USED ALL AVAILABLE FREE TRANSLATIONS FOR TODAY. NEXT AVAILABLE IN 03 HOURS 29 MINUTES 49 SECONDS VISIT HTTPS://MYMEMOR…	T'ai	Solapamiento léxico bajo MT↔Baynes (0%).
12	chinese_roman	pair	0%	0%	divergent	Divergente	Pi	MYMEMORY WARNING: YOU USED ALL AVAILABLE FREE TRANSLATIONS FOR TODAY. NEXT AVAILABLE IN 03 HOURS 29 MINUTES 48 SECONDS VISIT HTTPS://MYMEMOR…	P'i	Solapamiento léxico bajo MT↔Baynes (0%).
13	chinese_roman	pair	0%	0%	divergent	Divergente	Tung Jen	MYMEMORY WARNING: YOU USED ALL AVAILABLE FREE TRANSLATIONS FOR TODAY. NEXT AVAILABLE IN 03 HOURS 29 MINUTES 48 SECONDS VISIT HTTPS://MYMEMOR…	T'ung Jên	Solapamiento léxico bajo MT↔Baynes (0%).
14	chinese_roman	pair	0%	0%	divergent	Divergente	Da Yu	MYMEMORY WARNING: YOU USED ALL AVAILABLE FREE TRANSLATIONS FOR TODAY. NEXT AVAILABLE IN 03 HOURS 29 MINUTES 48 SECONDS VISIT HTTPS://MYMEMOR…	Ta Yu	Solapamiento léxico bajo MT↔Baynes (0%).
15	chinese_roman	pair	0%	0%	divergent	Divergente	Kiën	MYMEMORY WARNING: YOU USED ALL AVAILABLE FREE TRANSLATIONS FOR TODAY. NEXT AVAILABLE IN 03 HOURS 29 MINUTES 50 SECONDS VISIT HTTPS://MYMEMOR…	Ch'ien	Solapamiento léxico bajo MT↔Baynes (0%).
16	chinese_roman	pair	0%	0%	divergent	Divergente	Yü	MYMEMORY WARNING: YOU USED ALL AVAILABLE FREE TRANSLATIONS FOR TODAY. NEXT AVAILABLE IN 03 HOURS 29 MINUTES 48 SECONDS VISIT HTTPS://MYMEMOR…	Yü	Solapamiento léxico bajo MT↔Baynes (0%).
17	chinese_roman	pair	0%	0%	divergent	Divergente	Sui	MYMEMORY WARNING: YOU USED ALL AVAILABLE FREE TRANSLATIONS FOR TODAY. NEXT AVAILABLE IN 03 HOURS 29 MINUTES 48 SECONDS VISIT HTTPS://MYMEMOR…	Sui	Solapamiento léxico bajo MT↔Baynes (0%).
18	chinese_roman	pair	0%	0%	divergent	Divergente	Gu	MYMEMORY WARNING: YOU USED ALL AVAILABLE FREE TRANSLATIONS FOR TODAY. NEXT AVAILABLE IN 03 HOURS 29 MINUTES 48 SECONDS VISIT HTTPS://MYMEMOR…	Ku	Solapamiento léxico bajo MT↔Baynes (0%).
19	chinese_roman	pair	0%	0%	divergent	Divergente	Lin	MYMEMORY WARNING: YOU USED ALL AVAILABLE FREE TRANSLATIONS FOR TODAY. NEXT AVAILABLE IN 03 HOURS 29 MINUTES 48 SECONDS VISIT HTTPS://MYMEMOR…	Lin	Solapamiento léxico bajo MT↔Baynes (0%).
20	chinese_roman	pair	0%	0%	divergent	Divergente	Guan	MYMEMORY WARNING: YOU USED ALL AVAILABLE FREE TRANSLATIONS FOR TODAY. NEXT AVAILABLE IN 03 HOURS 29 MINUTES 48 SECONDS VISIT HTTPS://MYMEMOR…	Kuan	Solapamiento léxico bajo MT↔Baynes (0%).
21	chinese_roman	pair	0%	0%	divergent	Divergente	Schï Ho	MYMEMORY WARNING: YOU USED ALL AVAILABLE FREE TRANSLATIONS FOR TODAY. NEXT AVAILABLE IN 03 HOURS 29 MINUTES 48 SECONDS VISIT HTTPS://MYMEMOR…	Shih Ho	Solapamiento léxico bajo MT↔Baynes (0%).
22	chinese_roman	pair	0%	0%	divergent	Divergente	Bi	MYMEMORY WARNING: YOU USED ALL AVAILABLE FREE TRANSLATIONS FOR TODAY. NEXT AVAILABLE IN 03 HOURS 29 MINUTES 49 SECONDS VISIT HTTPS://MYMEMOR…	Pi	Solapamiento léxico bajo MT↔Baynes (0%).
23	chinese_roman	pair	0%	0%	divergent	Divergente	Bo	MYMEMORY WARNING: YOU USED ALL AVAILABLE FREE TRANSLATIONS FOR TODAY. NEXT AVAILABLE IN 03 HOURS 29 MINUTES 48 SECONDS VISIT HTTPS://MYMEMOR…	Po	Solapamiento léxico bajo MT↔Baynes (0%).
24	chinese_roman	pair	0%	0%	divergent	Divergente	Fu	MYMEMORY WARNING: YOU USED ALL AVAILABLE FREE TRANSLATIONS FOR TODAY. NEXT AVAILABLE IN 03 HOURS 29 MINUTES 47 SECONDS VISIT HTTPS://MYMEMOR…	Fu	Solapamiento léxico bajo MT↔Baynes (0%).
25	chinese_roman	pair	0%	0%	divergent	Divergente	Wu Wang	MYMEMORY WARNING: YOU USED ALL AVAILABLE FREE TRANSLATIONS FOR TODAY. NEXT AVAILABLE IN 03 HOURS 29 MINUTES 47 SECONDS VISIT HTTPS://MYMEMOR…	Wu Wang	Solapamiento léxico bajo MT↔Baynes (0%).
26	chinese_roman	pair	0%	0%	divergent	Divergente	Da Tschu	MYMEMORY WARNING: YOU USED ALL AVAILABLE FREE TRANSLATIONS FOR TODAY. NEXT AVAILABLE IN 03 HOURS 29 MINUTES 47 SECONDS VISIT HTTPS://MYMEMOR…	Ta Ch'u	Solapamiento léxico bajo MT↔Baynes (0%).
27	chinese_roman	pair	0%	0%	divergent	Divergente	I	MYMEMORY WARNING: YOU USED ALL AVAILABLE FREE TRANSLATIONS FOR TODAY. NEXT AVAILABLE IN 03 HOURS 29 MINUTES 47 SECONDS VISIT HTTPS://MYMEMOR…	I	Solapamiento léxico bajo MT↔Baynes (0%).
28	chinese_roman	pair	0%	0%	divergent	Divergente	Da Go	MYMEMORY WARNING: YOU USED ALL AVAILABLE FREE TRANSLATIONS FOR TODAY. NEXT AVAILABLE IN 03 HOURS 29 MINUTES 47 SECONDS VISIT HTTPS://MYMEMOR…	Ta Kuo	Solapamiento léxico bajo MT↔Baynes (0%).
29	chinese_roman	pair	0%	0%	divergent	Divergente	Kan	MYMEMORY WARNING: YOU USED ALL AVAILABLE FREE TRANSLATIONS FOR TODAY. NEXT AVAILABLE IN 03 HOURS 29 MINUTES 47 SECONDS VISIT HTTPS://MYMEMOR…	K'an	Solapamiento léxico bajo MT↔Baynes (0%).
30	chinese_roman	pair	0%	0%	divergent	Divergente	Li	MYMEMORY WARNING: YOU USED ALL AVAILABLE FREE TRANSLATIONS FOR TODAY. NEXT AVAILABLE IN 03 HOURS 29 MINUTES 47 SECONDS VISIT HTTPS://MYMEMOR…	Li	Solapamiento léxico bajo MT↔Baynes (0%).
31	chinese_roman	pair	0%	0%	divergent	Divergente	Hiën	MYMEMORY WARNING: YOU USED ALL AVAILABLE FREE TRANSLATIONS FOR TODAY. NEXT AVAILABLE IN 03 HOURS 29 MINUTES 47 SECONDS VISIT HTTPS://MYMEMOR…	Hsien	Solapamiento léxico bajo MT↔Baynes (0%).
32	chinese_roman	pair	0%	0%	divergent	Divergente	Hong	MYMEMORY WARNING: YOU USED ALL AVAILABLE FREE TRANSLATIONS FOR TODAY. NEXT AVAILABLE IN 03 HOURS 29 MINUTES 47 SECONDS VISIT HTTPS://MYMEMOR…	Hêng	Solapamiento léxico bajo MT↔Baynes (0%).
33	chinese_roman	pair	0%	0%	divergent	Divergente	Dun	MYMEMORY WARNING: YOU USED ALL AVAILABLE FREE TRANSLATIONS FOR TODAY. NEXT AVAILABLE IN 03 HOURS 29 MINUTES 46 SECONDS VISIT HTTPS://MYMEMOR…	Tun	Solapamiento léxico bajo MT↔Baynes (0%).
34	chinese_roman	pair	0%	0%	divergent	Divergente	Da Dschuang	MYMEMORY WARNING: YOU USED ALL AVAILABLE FREE TRANSLATIONS FOR TODAY. NEXT AVAILABLE IN 03 HOURS 29 MINUTES 46 SECONDS VISIT HTTPS://MYMEMOR…	Ta Chuang	Solapamiento léxico bajo MT↔Baynes (0%).
35	chinese_roman	pair	0%	0%	divergent	Divergente	Dsin	MYMEMORY WARNING: YOU USED ALL AVAILABLE FREE TRANSLATIONS FOR TODAY. NEXT AVAILABLE IN 03 HOURS 29 MINUTES 46 SECONDS VISIT HTTPS://MYMEMOR…	Chin	Solapamiento léxico bajo MT↔Baynes (0%).
36	chinese_roman	pair	0%	0%	divergent	Divergente	Ming I	MYMEMORY WARNING: YOU USED ALL AVAILABLE FREE TRANSLATIONS FOR TODAY. NEXT AVAILABLE IN 03 HOURS 29 MINUTES 46 SECONDS VISIT HTTPS://MYMEMOR…	Ming I	Solapamiento léxico bajo MT↔Baynes (0%).
37	chinese_roman	pair	0%	0%	divergent	Divergente	Gia Jen	MYMEMORY WARNING: YOU USED ALL AVAILABLE FREE TRANSLATIONS FOR TODAY. NEXT AVAILABLE IN 03 HOURS 29 MINUTES 46 SECONDS VISIT HTTPS://MYMEMOR…	Chia Jên	Solapamiento léxico bajo MT↔Baynes (0%).
38	chinese_roman	pair	0%	0%	divergent	Divergente	Kui	MYMEMORY WARNING: YOU USED ALL AVAILABLE FREE TRANSLATIONS FOR TODAY. NEXT AVAILABLE IN 03 HOURS 29 MINUTES 46 SECONDS VISIT HTTPS://MYMEMOR…	K'uei	Solapamiento léxico bajo MT↔Baynes (0%).
39	chinese_roman	pair	0%	0%	divergent	Divergente	Giën	MYMEMORY WARNING: YOU USED ALL AVAILABLE FREE TRANSLATIONS FOR TODAY. NEXT AVAILABLE IN 03 HOURS 29 MINUTES 46 SECONDS VISIT HTTPS://MYMEMOR…	Chien	Solapamiento léxico bajo MT↔Baynes (0%).
40	chinese_roman	pair	0%	0%	divergent	Divergente	Hië	MYMEMORY WARNING: YOU USED ALL AVAILABLE FREE TRANSLATIONS FOR TODAY. NEXT AVAILABLE IN 03 HOURS 29 MINUTES 46 SECONDS VISIT HTTPS://MYMEMOR…	Hsieh	Solapamiento léxico bajo MT↔Baynes (0%).
41	chinese_roman	pair	0%	0%	divergent	Divergente	Sun	MYMEMORY WARNING: YOU USED ALL AVAILABLE FREE TRANSLATIONS FOR TODAY. NEXT AVAILABLE IN 03 HOURS 29 MINUTES 46 SECONDS VISIT HTTPS://MYMEMOR…	Sun	Solapamiento léxico bajo MT↔Baynes (0%).
42	chinese_roman	pair	0%	0%	divergent	Divergente	I	MYMEMORY WARNING: YOU USED ALL AVAILABLE FREE TRANSLATIONS FOR TODAY. NEXT AVAILABLE IN 03 HOURS 29 MINUTES 47 SECONDS VISIT HTTPS://MYMEMOR…	I	Solapamiento léxico bajo MT↔Baynes (0%).
43	chinese_roman	pair	0%	0%	divergent	Divergente	Guai	MYMEMORY WARNING: YOU USED ALL AVAILABLE FREE TRANSLATIONS FOR TODAY. NEXT AVAILABLE IN 03 HOURS 29 MINUTES 46 SECONDS VISIT HTTPS://MYMEMOR…	Kuai	Solapamiento léxico bajo MT↔Baynes (0%).
44	chinese_roman	pair	0%	0%	divergent	Divergente	Gou	MYMEMORY WARNING: YOU USED ALL AVAILABLE FREE TRANSLATIONS FOR TODAY. NEXT AVAILABLE IN 03 HOURS 29 MINUTES 45 SECONDS VISIT HTTPS://MYMEMOR…	Kou	Solapamiento léxico bajo MT↔Baynes (0%).
45	chinese_roman	pair	0%	0%	divergent	Divergente	TSui	MYMEMORY WARNING: YOU USED ALL AVAILABLE FREE TRANSLATIONS FOR TODAY. NEXT AVAILABLE IN 03 HOURS 29 MINUTES 45 SECONDS VISIT HTTPS://MYMEMOR…	Ts'ui	Solapamiento léxico bajo MT↔Baynes (0%).
46	chinese_roman	pair	0%	0%	divergent	Divergente	Schong	MYMEMORY WARNING: YOU USED ALL AVAILABLE FREE TRANSLATIONS FOR TODAY. NEXT AVAILABLE IN 03 HOURS 29 MINUTES 45 SECONDS VISIT HTTPS://MYMEMOR…	Shêng	Solapamiento léxico bajo MT↔Baynes (0%).
47	chinese_roman	pair	0%	0%	divergent	Divergente	Kun	MYMEMORY WARNING: YOU USED ALL AVAILABLE FREE TRANSLATIONS FOR TODAY. NEXT AVAILABLE IN 03 HOURS 29 MINUTES 49 SECONDS VISIT HTTPS://MYMEMOR…	K'un	Solapamiento léxico bajo MT↔Baynes (0%).
48	chinese_roman	pair	0%	0%	divergent	Divergente	Dsing	MYMEMORY WARNING: YOU USED ALL AVAILABLE FREE TRANSLATIONS FOR TODAY. NEXT AVAILABLE IN 03 HOURS 29 MINUTES 45 SECONDS VISIT HTTPS://MYMEMOR…	Ching	Solapamiento léxico bajo MT↔Baynes (0%).
49	chinese_roman	pair	0%	0%	divergent	Divergente	Go	MYMEMORY WARNING: YOU USED ALL AVAILABLE FREE TRANSLATIONS FOR TODAY. NEXT AVAILABLE IN 03 HOURS 29 MINUTES 45 SECONDS VISIT HTTPS://MYMEMOR…	Ko	Solapamiento léxico bajo MT↔Baynes (0%).
50	chinese_roman	pair	0%	0%	divergent	Divergente	Ding	MYMEMORY WARNING: YOU USED ALL AVAILABLE FREE TRANSLATIONS FOR TODAY. NEXT AVAILABLE IN 03 HOURS 29 MINUTES 45 SECONDS VISIT HTTPS://MYMEMOR…	Ting	Solapamiento léxico bajo MT↔Baynes (0%).
51	chinese_roman	pair	0%	0%	divergent	Divergente	Dschen	MYMEMORY WARNING: YOU USED ALL AVAILABLE FREE TRANSLATIONS FOR TODAY. NEXT AVAILABLE IN 03 HOURS 29 MINUTES 45 SECONDS VISIT HTTPS://MYMEMOR…	Chên	Solapamiento léxico bajo MT↔Baynes (0%).
52	chinese_roman	pair	0%	0%	divergent	Divergente	Gen	MYMEMORY WARNING: YOU USED ALL AVAILABLE FREE TRANSLATIONS FOR TODAY. NEXT AVAILABLE IN 03 HOURS 29 MINUTES 45 SECONDS VISIT HTTPS://MYMEMOR…	Kên	Solapamiento léxico bajo MT↔Baynes (0%).
53	chinese_roman	pair	0%	0%	divergent	Divergente	Dsien	MYMEMORY WARNING: YOU USED ALL AVAILABLE FREE TRANSLATIONS FOR TODAY. NEXT AVAILABLE IN 03 HOURS 29 MINUTES 45 SECONDS VISIT HTTPS://MYMEMOR…	Chien	Solapamiento léxico bajo MT↔Baynes (0%).
54	chinese_roman	pair	0%	0%	divergent	Divergente	Gui me	MYMEMORY WARNING: YOU USED ALL AVAILABLE FREE TRANSLATIONS FOR TODAY. NEXT AVAILABLE IN 03 HOURS 29 MINUTES 44 SECONDS VISIT HTTPS://MYMEMOR…	Kuei Mei	Solapamiento léxico bajo MT↔Baynes (0%).
55	chinese_roman	pair	0%	0%	divergent	Divergente	Fong	MYMEMORY WARNING: YOU USED ALL AVAILABLE FREE TRANSLATIONS FOR TODAY. NEXT AVAILABLE IN 03 HOURS 29 MINUTES 44 SECONDS VISIT HTTPS://MYMEMOR…	Fêng	Solapamiento léxico bajo MT↔Baynes (0%).
56	chinese_roman	pair	0%	0%	divergent	Divergente	Lü	MYMEMORY WARNING: YOU USED ALL AVAILABLE FREE TRANSLATIONS FOR TODAY. NEXT AVAILABLE IN 03 HOURS 29 MINUTES 49 SECONDS VISIT HTTPS://MYMEMOR…	Lü	Solapamiento léxico bajo MT↔Baynes (0%).
57	chinese_roman	pair	0%	0%	divergent	Divergente	Sun	MYMEMORY WARNING: YOU USED ALL AVAILABLE FREE TRANSLATIONS FOR TODAY. NEXT AVAILABLE IN 03 HOURS 29 MINUTES 46 SECONDS VISIT HTTPS://MYMEMOR…	Sun	Solapamiento léxico bajo MT↔Baynes (0%).
58	chinese_roman	pair	0%	0%	divergent	Divergente	Dui	MYMEMORY WARNING: YOU USED ALL AVAILABLE FREE TRANSLATIONS FOR TODAY. NEXT AVAILABLE IN 03 HOURS 29 MINUTES 44 SECONDS VISIT HTTPS://MYMEMOR…	Tui	Solapamiento léxico bajo MT↔Baynes (0%).
59	chinese_roman	pair	0%	0%	divergent	Divergente	Huan	MYMEMORY WARNING: YOU USED ALL AVAILABLE FREE TRANSLATIONS FOR TODAY. NEXT AVAILABLE IN 03 HOURS 29 MINUTES 44 SECONDS VISIT HTTPS://MYMEMOR…	Huan	Solapamiento léxico bajo MT↔Baynes (0%).
60	chinese_roman	pair	0%	0%	divergent	Divergente	Dsië	MYMEMORY WARNING: YOU USED ALL AVAILABLE FREE TRANSLATIONS FOR TODAY. NEXT AVAILABLE IN 03 HOURS 29 MINUTES 44 SECONDS VISIT HTTPS://MYMEMOR…	Chieh	Solapamiento léxico bajo MT↔Baynes (0%).
61	chinese_roman	pair	0%	0%	divergent	Divergente	Dschung Fu	MYMEMORY WARNING: YOU USED ALL AVAILABLE FREE TRANSLATIONS FOR TODAY. NEXT AVAILABLE IN 03 HOURS 29 MINUTES 44 SECONDS VISIT HTTPS://MYMEMOR…	Chung Fu	Solapamiento léxico bajo MT↔Baynes (0%).
62	chinese_roman	pair	0%	0%	divergent	Divergente	Siau Go	MYMEMORY WARNING: YOU USED ALL AVAILABLE FREE TRANSLATIONS FOR TODAY. NEXT AVAILABLE IN 03 HOURS 29 MINUTES 44 SECONDS VISIT HTTPS://MYMEMOR…	Hsiao Kuo	Solapamiento léxico bajo MT↔Baynes (0%).
63	chinese_roman	pair	0%	0%	divergent	Divergente	Gi Dsi	MYMEMORY WARNING: YOU USED ALL AVAILABLE FREE TRANSLATIONS FOR TODAY. NEXT AVAILABLE IN 03 HOURS 29 MINUTES 44 SECONDS VISIT HTTPS://MYMEMOR…	Chi Chi	Solapamiento léxico bajo MT↔Baynes (0%).
64	chinese_roman	pair	0%	0%	divergent	Divergente	We Dsi	MYMEMORY WARNING: YOU USED ALL AVAILABLE FREE TRANSLATIONS FOR TODAY. NEXT AVAILABLE IN 03 HOURS 29 MINUTES 44 SECONDS VISIT HTTPS://MYMEMOR…	Wei Chi	Solapamiento léxico bajo MT↔Baynes (0%).
1	hex_font	pair			mt_failed	MT falló	䷀		䷀	Traducción automática vacía o no disponible en caché.
2	hex_font	pair			mt_failed	MT falló	䷁		䷁	Traducción automática vacía o no disponible en caché.
3	hex_font	pair			mt_failed	MT falló	䷂		䷂	Traducción automática vacía o no disponible en caché.
4	hex_font	pair			mt_failed	MT falló	䷃		䷃	Traducción automática vacía o no disponible en caché.
5	hex_font	pair			mt_failed	MT falló	䷄		䷄	Traducción automática vacía o no disponible en caché.
6	hex_font	pair			mt_failed	MT falló	䷅		䷅	Traducción automática vacía o no disponible en caché.
7	hex_font	pair			mt_failed	MT falló	䷆		䷆	Traducción automática vacía o no disponible en caché.
8	hex_font	pair			mt_failed	MT falló	䷇		䷇	Traducción automática vacía o no disponible en caché.
9	hex_font	pair			mt_failed	MT falló	䷈		䷈	Traducción automática vacía o no disponible en caché.
10	hex_font	pair			mt_failed	MT falló	䷉		䷉	Traducción automática vacía o no disponible en caché.
11	hex_font	pair			mt_failed	MT falló	䷊		䷊	Traducción automática vacía o no disponible en caché.
12	hex_font	pair			mt_failed	MT falló	䷋		䷋	Traducción automática vacía o no disponible en caché.
13	hex_font	pair			mt_failed	MT falló	䷌		䷌	Traducción automática vacía o no disponible en caché.
14	hex_font	pair			mt_failed	MT falló	䷍		䷍	Traducción automática vacía o no disponible en caché.
15	hex_font	pair			mt_failed	MT falló	䷎		䷎	Traducción automática vacía o no disponible en caché.
16	hex_font	pair			mt_failed	MT falló	䷏		䷏	Traducción automática vacía o no disponible en caché.
17	hex_font	pair			mt_failed	MT falló	䷐		䷐	Traducción automática vacía o no disponible en caché.
18	hex_font	pair			mt_failed	MT falló	䷑		䷑	Traducción automática vacía o no disponible en caché.
19	hex_font	pair			mt_failed	MT falló	䷒		䷒	Traducción automática vacía o no disponible en caché.
20	hex_font	pair			mt_failed	MT falló	䷓		䷓	Traducción automática vacía o no disponible en caché.
21	hex_font	pair			mt_failed	MT falló	䷔		䷔	Traducción automática vacía o no disponible en caché.
22	hex_font	pair			mt_failed	MT falló	䷕		䷕	Traducción automática vacía o no disponible en caché.
23	hex_font	pair			mt_failed	MT falló	䷖		䷖	Traducción automática vacía o no disponible en caché.
24	hex_font	pair			mt_failed	MT falló	䷗		䷗	Traducción automática vacía o no disponible en caché.
25	hex_font	pair			mt_failed	MT falló	䷘		䷘	Traducción automática vacía o no disponible en caché.
26	hex_font	pair			mt_failed	MT falló	䷙		䷙	Traducción automática vacía o no disponible en caché.
27	hex_font	pair			mt_failed	MT falló	䷚		䷚	Traducción automática vacía o no disponible en caché.
28	hex_font	pair			mt_failed	MT falló	䷛		䷛	Traducción automática vacía o no disponible en caché.
29	hex_font	pair			mt_failed	MT falló	䷜		䷜	Traducción automática vacía o no disponible en caché.
30	hex_font	pair			mt_failed	MT falló	䷝		䷝	Traducción automática vacía o no disponible en caché.
31	hex_font	pair			mt_failed	MT falló	䷞		䷞	Traducción automática vacía o no disponible en caché.
32	hex_font	pair			mt_failed	MT falló	䷟		䷟	Traducción automática vacía o no disponible en caché.
33	hex_font	pair			mt_failed	MT falló	䷠		䷠	Traducción automática vacía o no disponible en caché.
34	hex_font	pair			mt_failed	MT falló	䷡		䷡	Traducción automática vacía o no disponible en caché.
35	hex_font	pair			mt_failed	MT falló	䷢		䷢	Traducción automática vacía o no disponible en caché.
36	hex_font	pair			mt_failed	MT falló	䷣		䷣	Traducción automática vacía o no disponible en caché.
37	hex_font	pair			mt_failed	MT falló	䷤		䷤	Traducción automática vacía o no disponible en caché.
38	hex_font	pair			mt_failed	MT falló	䷥		䷥	Traducción automática vacía o no disponible en caché.
39	hex_font	pair			mt_failed	MT falló	䷦		䷦	Traducción automática vacía o no disponible en caché.
40	hex_font	pair			mt_failed	MT falló	䷧		䷧	Traducción automática vacía o no disponible en caché.
41	hex_font	pair			mt_failed	MT falló	䷨		䷨	Traducción automática vacía o no disponible en caché.
42	hex_font	pair			mt_failed	MT falló	䷩		䷩	Traducción automática vacía o no disponible en caché.
43	hex_font	pair			mt_failed	MT falló	䷪		䷪	Traducción automática vacía o no disponible en caché.
44	hex_font	pair			mt_failed	MT falló	䷫		䷫	Traducción automática vacía o no disponible en caché.
45	hex_font	pair			mt_failed	MT falló	䷬		䷬	Traducción automática vacía o no disponible en caché.
46	hex_font	pair			mt_failed	MT falló	䷭		䷭	Traducción automática vacía o no disponible en caché.
47	hex_font	pair			mt_failed	MT falló	䷮		䷮	Traducción automática vacía o no disponible en caché.
48	hex_font	pair			mt_failed	MT falló	䷯		䷯	Traducción automática vacía o no disponible en caché.
49	hex_font	pair			mt_failed	MT falló	䷰		䷰	Traducción automática vacía o no disponible en caché.
50	hex_font	pair			mt_failed	MT falló	䷱		䷱	Traducción automática vacía o no disponible en caché.
51	hex_font	pair			mt_failed	MT falló	䷲		䷲	Traducción automática vacía o no disponible en caché.
52	hex_font	pair			mt_failed	MT falló	䷳		䷳	Traducción automática vacía o no disponible en caché.
53	hex_font	pair			mt_failed	MT falló	䷴		䷴	Traducción automática vacía o no disponible en caché.
54	hex_font	pair			mt_failed	MT falló	䷵		䷵	Traducción automática vacía o no disponible en caché.
55	hex_font	pair			mt_failed	MT falló	䷶		䷶	Traducción automática vacía o no disponible en caché.
56	hex_font	pair			mt_failed	MT falló	䷷		䷷	Traducción automática vacía o no disponible en caché.
57	hex_font	pair			mt_failed	MT falló	䷸		䷸	Traducción automática vacía o no disponible en caché.
58	hex_font	pair			mt_failed	MT falló	䷹		䷹	Traducción automática vacía o no disponible en caché.
59	hex_font	pair			mt_failed	MT falló	䷺		䷺	Traducción automática vacía o no disponible en caché.
60	hex_font	pair			mt_failed	MT falló	䷻		䷻	Traducción automática vacía o no disponible en caché.
61	hex_font	pair			mt_failed	MT falló	䷼		䷼	Traducción automática vacía o no disponible en caché.
62	hex_font	pair			mt_failed	MT falló	䷽		䷽	Traducción automática vacía o no disponible en caché.
63	hex_font	pair			mt_failed	MT falló	䷾		䷾	Traducción automática vacía o no disponible en caché.
64	hex_font	pair			mt_failed	MT falló	䷿		䷿	Traducción automática vacía o no disponible en caché.
1	trigrama_arriba	pair	0%	0%	divergent	Divergente	oben Kiën, das Schöpferische, der Himmel	MYMEMORY WARNING: YOU USED ALL AVAILABLE FREE TRANSLATIONS FOR TODAY. NEXT AVAILABLE IN 03 HOURS 29 MINUTES 44 SECONDS VISIT HTTPS://MYMEMOR…	above CH'IEN THE CREATIVE, HEAVEN	Primera línea poco alineada (Jaccard 0%). | Solapamiento léxico bajo MT↔Baynes (0%).
2	trigrama_arriba	pair	0%	0%	divergent	Divergente	oben Kun, das Empfangende, die Erde	MYMEMORY WARNING: YOU USED ALL AVAILABLE FREE TRANSLATIONS FOR TODAY. NEXT AVAILABLE IN 03 HOURS 29 MINUTES 43 SECONDS VISIT HTTPS://MYMEMOR…	above K'UN THE RECEPTIVE, EARTH	Primera línea poco alineada (Jaccard 0%). | Solapamiento léxico bajo MT↔Baynes (0%).
3	trigrama_arriba	pair	0%	0%	divergent	Divergente	oben Kan, das Abgründige, das Wasser	MYMEMORY WARNING: YOU USED ALL AVAILABLE FREE TRANSLATIONS FOR TODAY. NEXT AVAILABLE IN 03 HOURS 29 MINUTES 43 SECONDS VISIT HTTPS://MYMEMOR…	above K'AN THE ABYSMAL, WATER	Primera línea poco alineada (Jaccard 0%). | Solapamiento léxico bajo MT↔Baynes (0%).
4	trigrama_arriba	pair	0%	0%	divergent	Divergente	oben Gen, das Stillehalten, der Berg	MYMEMORY WARNING: YOU USED ALL AVAILABLE FREE TRANSLATIONS FOR TODAY. NEXT AVAILABLE IN 03 HOURS 29 MINUTES 43 SECONDS VISIT HTTPS://MYMEMOR…	above KêN KEEPING STILL, MOUNTAIN	Primera línea poco alineada (Jaccard 0%). | Solapamiento léxico bajo MT↔Baynes (0%).
5	trigrama_arriba	pair	0%	0%	divergent	Divergente	oben das Abgründige, das Wasser	MYMEMORY WARNING: YOU USED ALL AVAILABLE FREE TRANSLATIONS FOR TODAY. NEXT AVAILABLE IN 03 HOURS 29 MINUTES 43 SECONDS VISIT HTTPS://MYMEMOR…	above K'AN THE ABYSMAL, WATER	Primera línea poco alineada (Jaccard 0%). | Solapamiento léxico bajo MT↔Baynes (0%).
6	trigrama_arriba	pair	0%	0%	divergent	Divergente	oben Kiën, das Schöpferische, der Himmel	MYMEMORY WARNING: YOU USED ALL AVAILABLE FREE TRANSLATIONS FOR TODAY. NEXT AVAILABLE IN 03 HOURS 29 MINUTES 44 SECONDS VISIT HTTPS://MYMEMOR…	above CH'IEN THE CREATIVE, HEAVEN	Primera línea poco alineada (Jaccard 0%). | Solapamiento léxico bajo MT↔Baynes (0%).
7	trigrama_arriba	pair	0%	0%	divergent	Divergente	oben Kun, das Empfangende, die Erde	MYMEMORY WARNING: YOU USED ALL AVAILABLE FREE TRANSLATIONS FOR TODAY. NEXT AVAILABLE IN 03 HOURS 29 MINUTES 43 SECONDS VISIT HTTPS://MYMEMOR…	above K'UN THE RECEPTIVE, EARTH	Primera línea poco alineada (Jaccard 0%). | Solapamiento léxico bajo MT↔Baynes (0%).
8	trigrama_arriba	pair	0%	0%	divergent	Divergente	oben Kan, das Abgründige, das Wasser	MYMEMORY WARNING: YOU USED ALL AVAILABLE FREE TRANSLATIONS FOR TODAY. NEXT AVAILABLE IN 03 HOURS 29 MINUTES 43 SECONDS VISIT HTTPS://MYMEMOR…	above K'AN THE ABYSMAL, WATER	Primera línea poco alineada (Jaccard 0%). | Solapamiento léxico bajo MT↔Baynes (0%).
9	trigrama_arriba	pair	0%	0%	divergent	Divergente	oben Sun, das Sanfte, der Wind	MYMEMORY WARNING: YOU USED ALL AVAILABLE FREE TRANSLATIONS FOR TODAY. NEXT AVAILABLE IN 03 HOURS 29 MINUTES 43 SECONDS VISIT HTTPS://MYMEMOR…	above SUN THE GENTLE, WIND	Primera línea poco alineada (Jaccard 0%). | Solapamiento léxico bajo MT↔Baynes (0%).
10	trigrama_arriba	pair	0%	0%	divergent	Divergente	oben Kiën, das Schöpferische, der Himmel	MYMEMORY WARNING: YOU USED ALL AVAILABLE FREE TRANSLATIONS FOR TODAY. NEXT AVAILABLE IN 03 HOURS 29 MINUTES 44 SECONDS VISIT HTTPS://MYMEMOR…	above CH'IEN THE CREATIVE, HEAVEN	Primera línea poco alineada (Jaccard 0%). | Solapamiento léxico bajo MT↔Baynes (0%).
11	trigrama_arriba	pair	0%	0%	divergent	Divergente	oben Kun, das Empfangende, die Erde	MYMEMORY WARNING: YOU USED ALL AVAILABLE FREE TRANSLATIONS FOR TODAY. NEXT AVAILABLE IN 03 HOURS 29 MINUTES 43 SECONDS VISIT HTTPS://MYMEMOR…	above K'UN THE RECEPTIVE, EARTH	Primera línea poco alineada (Jaccard 0%). | Solapamiento léxico bajo MT↔Baynes (0%).
12	trigrama_arriba	pair	0%	0%	divergent	Divergente	oben Kiën, das Schöpferische, der Himmel	MYMEMORY WARNING: YOU USED ALL AVAILABLE FREE TRANSLATIONS FOR TODAY. NEXT AVAILABLE IN 03 HOURS 29 MINUTES 44 SECONDS VISIT HTTPS://MYMEMOR…	above CH'IEN THE CREATIVE, HEAVEN	Primera línea poco alineada (Jaccard 0%). | Solapamiento léxico bajo MT↔Baynes (0%).
13	trigrama_arriba	pair	0%	0%	divergent	Divergente	oben Kiën, das Schöpferische, der Himmel	MYMEMORY WARNING: YOU USED ALL AVAILABLE FREE TRANSLATIONS FOR TODAY. NEXT AVAILABLE IN 03 HOURS 29 MINUTES 44 SECONDS VISIT HTTPS://MYMEMOR…	above CH'IEN THE CREATIVE, HEAVEN	Primera línea poco alineada (Jaccard 0%). | Solapamiento léxico bajo MT↔Baynes (0%).
14	trigrama_arriba	pair	0%	0%	divergent	Divergente	oben Li, das Haftende, die Flamme	MYMEMORY WARNING: YOU USED ALL AVAILABLE FREE TRANSLATIONS FOR TODAY. NEXT AVAILABLE IN 03 HOURS 29 MINUTES 43 SECONDS VISIT HTTPS://MYMEMOR…	above LI THE CLINGING, FLAME	Primera línea poco alineada (Jaccard 0%). | Solapamiento léxico bajo MT↔Baynes (0%).
15	trigrama_arriba	pair	0%	0%	divergent	Divergente	oben Kun, das Empfangende, die Erde	MYMEMORY WARNING: YOU USED ALL AVAILABLE FREE TRANSLATIONS FOR TODAY. NEXT AVAILABLE IN 03 HOURS 29 MINUTES 43 SECONDS VISIT HTTPS://MYMEMOR…	above K'UN THE RECEPTIVE, EARTH	Primera línea poco alineada (Jaccard 0%). | Solapamiento léxico bajo MT↔Baynes (0%).
16	trigrama_arriba	pair	0%	0%	divergent	Divergente	oben Dschen, das Erregende, der Donner	MYMEMORY WARNING: YOU USED ALL AVAILABLE FREE TRANSLATIONS FOR TODAY. NEXT AVAILABLE IN 03 HOURS 29 MINUTES 43 SECONDS VISIT HTTPS://MYMEMOR…	above CHêN THE AROUSING, THUNDER	Primera línea poco alineada (Jaccard 0%). | Solapamiento léxico bajo MT↔Baynes (0%).
17	trigrama_arriba	pair	0%	0%	divergent	Divergente	oben Dui, das Heitere, der See	MYMEMORY WARNING: YOU USED ALL AVAILABLE FREE TRANSLATIONS FOR TODAY. NEXT AVAILABLE IN 03 HOURS 29 MINUTES 43 SECONDS VISIT HTTPS://MYMEMOR…	above TUI THE JOYOUS, LAKE	Primera línea poco alineada (Jaccard 0%). | Solapamiento léxico bajo MT↔Baynes (0%).
18	trigrama_arriba	pair	0%	0%	divergent	Divergente	oben Gen, das Stillehalten, der Berg	MYMEMORY WARNING: YOU USED ALL AVAILABLE FREE TRANSLATIONS FOR TODAY. NEXT AVAILABLE IN 03 HOURS 29 MINUTES 43 SECONDS VISIT HTTPS://MYMEMOR…	above Kên KEEPING STILL, MOUNTAIN	Primera línea poco alineada (Jaccard 0%). | Solapamiento léxico bajo MT↔Baynes (0%).
19	trigrama_arriba	pair	0%	0%	divergent	Divergente	oben Kun, das Empfangende, die Erde	MYMEMORY WARNING: YOU USED ALL AVAILABLE FREE TRANSLATIONS FOR TODAY. NEXT AVAILABLE IN 03 HOURS 29 MINUTES 43 SECONDS VISIT HTTPS://MYMEMOR…	above K'UN THE RECEPTIVE, EARTH	Primera línea poco alineada (Jaccard 0%). | Solapamiento léxico bajo MT↔Baynes (0%).
20	trigrama_arriba	pair	0%	0%	divergent	Divergente	oben Sun, das Sanfte, der Wind	MYMEMORY WARNING: YOU USED ALL AVAILABLE FREE TRANSLATIONS FOR TODAY. NEXT AVAILABLE IN 03 HOURS 29 MINUTES 43 SECONDS VISIT HTTPS://MYMEMOR…	above SUN THE GENTLE, WIND	Primera línea poco alineada (Jaccard 0%). | Solapamiento léxico bajo MT↔Baynes (0%).
21	trigrama_arriba	pair	0%	0%	divergent	Divergente	oben Li, das Haftende, das Feuer	MYMEMORY WARNING: YOU USED ALL AVAILABLE FREE TRANSLATIONS FOR TODAY. NEXT AVAILABLE IN 03 HOURS 29 MINUTES 43 SECONDS VISIT HTTPS://MYMEMOR…	above LI THE CLINGING, FIRE	Primera línea poco alineada (Jaccard 0%). | Solapamiento léxico bajo MT↔Baynes (0%).
22	trigrama_arriba	pair	0%	0%	divergent	Divergente	oben Gen, das Stillehalten, der Berg	MYMEMORY WARNING: YOU USED ALL AVAILABLE FREE TRANSLATIONS FOR TODAY. NEXT AVAILABLE IN 03 HOURS 29 MINUTES 43 SECONDS VISIT HTTPS://MYMEMOR…	above KêN KEEPING STILL, MOUNTAIN	Primera línea poco alineada (Jaccard 0%). | Solapamiento léxico bajo MT↔Baynes (0%).
23	trigrama_arriba	pair	0%	0%	divergent	Divergente	oben Gen, das Stillehalten, der Berg	MYMEMORY WARNING: YOU USED ALL AVAILABLE FREE TRANSLATIONS FOR TODAY. NEXT AVAILABLE IN 03 HOURS 29 MINUTES 43 SECONDS VISIT HTTPS://MYMEMOR…	above KêN KEEPING STILL, MOUNTAIN	Primera línea poco alineada (Jaccard 0%). | Solapamiento léxico bajo MT↔Baynes (0%).
24	trigrama_arriba	pair	0%	0%	divergent	Divergente	oben Kun, das Empfangende, die Erde	MYMEMORY WARNING: YOU USED ALL AVAILABLE FREE TRANSLATIONS FOR TODAY. NEXT AVAILABLE IN 03 HOURS 29 MINUTES 43 SECONDS VISIT HTTPS://MYMEMOR…	above K'UN THE RECEPTIVE, EARTH	Primera línea poco alineada (Jaccard 0%). | Solapamiento léxico bajo MT↔Baynes (0%).
25	trigrama_arriba	pair	0%	0%	divergent	Divergente	oben Kiën, das Schöpferische, der Himmel	MYMEMORY WARNING: YOU USED ALL AVAILABLE FREE TRANSLATIONS FOR TODAY. NEXT AVAILABLE IN 03 HOURS 29 MINUTES 44 SECONDS VISIT HTTPS://MYMEMOR…	above CH'IEN THE CREATIVE, HEAVEN	Primera línea poco alineada (Jaccard 0%). | Solapamiento léxico bajo MT↔Baynes (0%).
26	trigrama_arriba	pair	0%	0%	divergent	Divergente	oben Gen, das Stillehalten, der Berg	MYMEMORY WARNING: YOU USED ALL AVAILABLE FREE TRANSLATIONS FOR TODAY. NEXT AVAILABLE IN 03 HOURS 29 MINUTES 43 SECONDS VISIT HTTPS://MYMEMOR…	above KêN KEEPING STILL, MOUNTAIN	Primera línea poco alineada (Jaccard 0%). | Solapamiento léxico bajo MT↔Baynes (0%).
27	trigrama_arriba	pair	0%	0%	divergent	Divergente	oben Gen, das Stillehalten, der Berg	MYMEMORY WARNING: YOU USED ALL AVAILABLE FREE TRANSLATIONS FOR TODAY. NEXT AVAILABLE IN 03 HOURS 29 MINUTES 43 SECONDS VISIT HTTPS://MYMEMOR…	above KêN KEEPING STILL, MOUNTAIN	Primera línea poco alineada (Jaccard 0%). | Solapamiento léxico bajo MT↔Baynes (0%).
28	trigrama_arriba	pair	0%	0%	divergent	Divergente	oben Dui, das Heitere, der See	MYMEMORY WARNING: YOU USED ALL AVAILABLE FREE TRANSLATIONS FOR TODAY. NEXT AVAILABLE IN 03 HOURS 29 MINUTES 43 SECONDS VISIT HTTPS://MYMEMOR…	above TUI THE JOYOUS, LAKE	Primera línea poco alineada (Jaccard 0%). | Solapamiento léxico bajo MT↔Baynes (0%).
29	trigrama_arriba	pair	0%	0%	divergent	Divergente	oben Kan, das Abgründige, das Wasser	MYMEMORY WARNING: YOU USED ALL AVAILABLE FREE TRANSLATIONS FOR TODAY. NEXT AVAILABLE IN 03 HOURS 29 MINUTES 43 SECONDS VISIT HTTPS://MYMEMOR…	above K'AN THE ABYSMAL, WATER	Primera línea poco alineada (Jaccard 0%). | Solapamiento léxico bajo MT↔Baynes (0%).
30	trigrama_arriba	pair	0%	0%	divergent	Divergente	oben Li, das Haftende, das Feuer	MYMEMORY WARNING: YOU USED ALL AVAILABLE FREE TRANSLATIONS FOR TODAY. NEXT AVAILABLE IN 03 HOURS 29 MINUTES 43 SECONDS VISIT HTTPS://MYMEMOR…	above LI THE CLINGING, FIRE	Primera línea poco alineada (Jaccard 0%). | Solapamiento léxico bajo MT↔Baynes (0%).
31	trigrama_arriba	pair	0%	0%	divergent	Divergente	oben Dui, das Heitere, der See	MYMEMORY WARNING: YOU USED ALL AVAILABLE FREE TRANSLATIONS FOR TODAY. NEXT AVAILABLE IN 03 HOURS 29 MINUTES 43 SECONDS VISIT HTTPS://MYMEMOR…	above TUI THE JOYOUS, LAKE	Primera línea poco alineada (Jaccard 0%). | Solapamiento léxico bajo MT↔Baynes (0%).
32	trigrama_arriba	pair	0%	0%	divergent	Divergente	oben Dschen, das Erregende, der Donner	MYMEMORY WARNING: YOU USED ALL AVAILABLE FREE TRANSLATIONS FOR TODAY. NEXT AVAILABLE IN 03 HOURS 29 MINUTES 43 SECONDS VISIT HTTPS://MYMEMOR…	above CHEN THE AROUSING, THUNDER	Primera línea poco alineada (Jaccard 0%). | Solapamiento léxico bajo MT↔Baynes (0%).
33	trigrama_arriba	pair	0%	0%	divergent	Divergente	oben Kiën, das Schöpferische, der Himmel	MYMEMORY WARNING: YOU USED ALL AVAILABLE FREE TRANSLATIONS FOR TODAY. NEXT AVAILABLE IN 03 HOURS 29 MINUTES 44 SECONDS VISIT HTTPS://MYMEMOR…	above CH'IEN THE CREATIVE, HEAVEN	Primera línea poco alineada (Jaccard 0%). | Solapamiento léxico bajo MT↔Baynes (0%).
34	trigrama_arriba	pair	0%	0%	divergent	Divergente	oben Dschen, das Erregende, der Donner	MYMEMORY WARNING: YOU USED ALL AVAILABLE FREE TRANSLATIONS FOR TODAY. NEXT AVAILABLE IN 03 HOURS 29 MINUTES 43 SECONDS VISIT HTTPS://MYMEMOR…	above CHêN THE AROUSING, THUNDER	Primera línea poco alineada (Jaccard 0%). | Solapamiento léxico bajo MT↔Baynes (0%).
35	trigrama_arriba	pair	0%	0%	divergent	Divergente	oben Li, das Haftende, das Feuer	MYMEMORY WARNING: YOU USED ALL AVAILABLE FREE TRANSLATIONS FOR TODAY. NEXT AVAILABLE IN 03 HOURS 29 MINUTES 43 SECONDS VISIT HTTPS://MYMEMOR…	above LI THE CLINGING, FIRE	Primera línea poco alineada (Jaccard 0%). | Solapamiento léxico bajo MT↔Baynes (0%).
36	trigrama_arriba	pair	0%	0%	divergent	Divergente	oben Kun, das Empfangende, die Erde	MYMEMORY WARNING: YOU USED ALL AVAILABLE FREE TRANSLATIONS FOR TODAY. NEXT AVAILABLE IN 03 HOURS 29 MINUTES 43 SECONDS VISIT HTTPS://MYMEMOR…	above K'UN THE RECEPTIVE, EARTH	Primera línea poco alineada (Jaccard 0%). | Solapamiento léxico bajo MT↔Baynes (0%).
37	trigrama_arriba	pair	0%	0%	divergent	Divergente	oben Sun, das Sanfte, der Wind	MYMEMORY WARNING: YOU USED ALL AVAILABLE FREE TRANSLATIONS FOR TODAY. NEXT AVAILABLE IN 03 HOURS 29 MINUTES 43 SECONDS VISIT HTTPS://MYMEMOR…	above SUN THE GENTLE, WIND	Primera línea poco alineada (Jaccard 0%). | Solapamiento léxico bajo MT↔Baynes (0%).
38	trigrama_arriba	pair	0%	0%	divergent	Divergente	oben Li, das Haftende, die Flamme	MYMEMORY WARNING: YOU USED ALL AVAILABLE FREE TRANSLATIONS FOR TODAY. NEXT AVAILABLE IN 03 HOURS 29 MINUTES 43 SECONDS VISIT HTTPS://MYMEMOR…	above LI THE CLINGING, FLAME	Primera línea poco alineada (Jaccard 0%). | Solapamiento léxico bajo MT↔Baynes (0%).
39	trigrama_arriba	pair	0%	0%	divergent	Divergente	oben Kan, das Abgründige, das Wasser	MYMEMORY WARNING: YOU USED ALL AVAILABLE FREE TRANSLATIONS FOR TODAY. NEXT AVAILABLE IN 03 HOURS 29 MINUTES 43 SECONDS VISIT HTTPS://MYMEMOR…	above K'AN THE ABYSMAL, WATER	Primera línea poco alineada (Jaccard 0%). | Solapamiento léxico bajo MT↔Baynes (0%).
40	trigrama_arriba	pair	0%	0%	divergent	Divergente	oben Dschen, das Erregende, der Donner	MYMEMORY WARNING: YOU USED ALL AVAILABLE FREE TRANSLATIONS FOR TODAY. NEXT AVAILABLE IN 03 HOURS 29 MINUTES 43 SECONDS VISIT HTTPS://MYMEMOR…	above CHêN THE AROUSING, THUNDER	Primera línea poco alineada (Jaccard 0%). | Solapamiento léxico bajo MT↔Baynes (0%).
41	trigrama_arriba	pair	0%	0%	divergent	Divergente	oben Gen, das Stillehalten, der Berg	MYMEMORY WARNING: YOU USED ALL AVAILABLE FREE TRANSLATIONS FOR TODAY. NEXT AVAILABLE IN 03 HOURS 29 MINUTES 43 SECONDS VISIT HTTPS://MYMEMOR…	above KêN KEEPING STILL, MOUNTAIN	Primera línea poco alineada (Jaccard 0%). | Solapamiento léxico bajo MT↔Baynes (0%).
42	trigrama_arriba	pair	0%	0%	divergent	Divergente	oben Sun, das Sanfte, der Wind	MYMEMORY WARNING: YOU USED ALL AVAILABLE FREE TRANSLATIONS FOR TODAY. NEXT AVAILABLE IN 03 HOURS 29 MINUTES 43 SECONDS VISIT HTTPS://MYMEMOR…	above SUN THE GENTLE, WIND	Primera línea poco alineada (Jaccard 0%). | Solapamiento léxico bajo MT↔Baynes (0%).
43	trigrama_arriba	pair	0%	0%	divergent	Divergente	oben Dui, das Heitere, der See	MYMEMORY WARNING: YOU USED ALL AVAILABLE FREE TRANSLATIONS FOR TODAY. NEXT AVAILABLE IN 03 HOURS 29 MINUTES 43 SECONDS VISIT HTTPS://MYMEMOR…	above TUI THE JOYOUS, LAKE	Primera línea poco alineada (Jaccard 0%). | Solapamiento léxico bajo MT↔Baynes (0%).
44	trigrama_arriba	pair	0%	0%	divergent	Divergente	oben Kiën, das Schöpferische, der Himmel	MYMEMORY WARNING: YOU USED ALL AVAILABLE FREE TRANSLATIONS FOR TODAY. NEXT AVAILABLE IN 03 HOURS 29 MINUTES 44 SECONDS VISIT HTTPS://MYMEMOR…	above CH'IEN THE CREATIVE, HEAVEN	Primera línea poco alineada (Jaccard 0%). | Solapamiento léxico bajo MT↔Baynes (0%).
45	trigrama_arriba	pair	0%	0%	divergent	Divergente	oben Dui, das Heitere, der See	MYMEMORY WARNING: YOU USED ALL AVAILABLE FREE TRANSLATIONS FOR TODAY. NEXT AVAILABLE IN 03 HOURS 29 MINUTES 43 SECONDS VISIT HTTPS://MYMEMOR…	above TUI THE JOYOUS, LAKE	Primera línea poco alineada (Jaccard 0%). | Solapamiento léxico bajo MT↔Baynes (0%).
46	trigrama_arriba	pair	0%	0%	divergent	Divergente	oben Kun, das Empfangende, die Erde	MYMEMORY WARNING: YOU USED ALL AVAILABLE FREE TRANSLATIONS FOR TODAY. NEXT AVAILABLE IN 03 HOURS 29 MINUTES 43 SECONDS VISIT HTTPS://MYMEMOR…	above K'UN THE RECEPTIVE, EARTH	Primera línea poco alineada (Jaccard 0%). | Solapamiento léxico bajo MT↔Baynes (0%).
47	trigrama_arriba	pair	0%	0%	divergent	Divergente	oben Dui, das Heitere, der See	MYMEMORY WARNING: YOU USED ALL AVAILABLE FREE TRANSLATIONS FOR TODAY. NEXT AVAILABLE IN 03 HOURS 29 MINUTES 43 SECONDS VISIT HTTPS://MYMEMOR…	above TUI THE JOYOUS, LAKE	Primera línea poco alineada (Jaccard 0%). | Solapamiento léxico bajo MT↔Baynes (0%).
48	trigrama_arriba	pair	0%	0%	divergent	Divergente	oben Kan, das Abgründige, das Wasser	MYMEMORY WARNING: YOU USED ALL AVAILABLE FREE TRANSLATIONS FOR TODAY. NEXT AVAILABLE IN 03 HOURS 29 MINUTES 43 SECONDS VISIT HTTPS://MYMEMOR…	above K'AN THE ABYSMAL, WATER	Primera línea poco alineada (Jaccard 0%). | Solapamiento léxico bajo MT↔Baynes (0%).
49	trigrama_arriba	pair	0%	0%	divergent	Divergente	oben Dui, das Heitere, der See.	MYMEMORY WARNING: YOU USED ALL AVAILABLE FREE TRANSLATIONS FOR TODAY. NEXT AVAILABLE IN 03 HOURS 29 MINUTES 42 SECONDS VISIT HTTPS://MYMEMOR…	above TUI THE JOYOUS, LAKE	Primera línea poco alineada (Jaccard 0%). | Solapamiento léxico bajo MT↔Baynes (0%).
50	trigrama_arriba	pair	0%	0%	divergent	Divergente	oben Li, das Haßende, das Feuer	MYMEMORY WARNING: YOU USED ALL AVAILABLE FREE TRANSLATIONS FOR TODAY. NEXT AVAILABLE IN 03 HOURS 29 MINUTES 42 SECONDS VISIT HTTPS://MYMEMOR…	above LI THE CLINGING, FIRE	Primera línea poco alineada (Jaccard 0%). | Solapamiento léxico bajo MT↔Baynes (0%).
51	trigrama_arriba	pair	0%	0%	divergent	Divergente	oben Dschen, das Erregende, der Donner	MYMEMORY WARNING: YOU USED ALL AVAILABLE FREE TRANSLATIONS FOR TODAY. NEXT AVAILABLE IN 03 HOURS 29 MINUTES 43 SECONDS VISIT HTTPS://MYMEMOR…	above CHêN THE AROUSING, THUNDER	Primera línea poco alineada (Jaccard 0%). | Solapamiento léxico bajo MT↔Baynes (0%).
52	trigrama_arriba	pair	0%	0%	divergent	Divergente	oben Gen, das Stillehalten, der Berg	MYMEMORY WARNING: YOU USED ALL AVAILABLE FREE TRANSLATIONS FOR TODAY. NEXT AVAILABLE IN 03 HOURS 29 MINUTES 43 SECONDS VISIT HTTPS://MYMEMOR…	above KêN KEEPING STILL, MOUNTAIN	Primera línea poco alineada (Jaccard 0%). | Solapamiento léxico bajo MT↔Baynes (0%).
53	trigrama_arriba	pair	0%	0%	divergent	Divergente	oben Sun, das Sanfte, der Wind, das Holz	MYMEMORY WARNING: YOU USED ALL AVAILABLE FREE TRANSLATIONS FOR TODAY. NEXT AVAILABLE IN 03 HOURS 29 MINUTES 42 SECONDS VISIT HTTPS://MYMEMOR…	above SUN THE GENTLE, WIND, WOOD	Primera línea poco alineada (Jaccard 0%). | Solapamiento léxico bajo MT↔Baynes (0%).
54	trigrama_arriba	pair	0%	0%	divergent	Divergente	oben Dschen, das Erregende, der Donner	MYMEMORY WARNING: YOU USED ALL AVAILABLE FREE TRANSLATIONS FOR TODAY. NEXT AVAILABLE IN 03 HOURS 29 MINUTES 43 SECONDS VISIT HTTPS://MYMEMOR…	above CHêN THE AROUSING, THUNDER	Primera línea poco alineada (Jaccard 0%). | Solapamiento léxico bajo MT↔Baynes (0%).
55	trigrama_arriba	pair	0%	0%	divergent	Divergente	oben Dschen, das Erregende, der Donner	MYMEMORY WARNING: YOU USED ALL AVAILABLE FREE TRANSLATIONS FOR TODAY. NEXT AVAILABLE IN 03 HOURS 29 MINUTES 43 SECONDS VISIT HTTPS://MYMEMOR…	above CHêN THE AROUSING, THUNDER	Primera línea poco alineada (Jaccard 0%). | Solapamiento léxico bajo MT↔Baynes (0%).
56	trigrama_arriba	pair	0%	0%	divergent	Divergente	oben Li, das Haftende, das Feuer	MYMEMORY WARNING: YOU USED ALL AVAILABLE FREE TRANSLATIONS FOR TODAY. NEXT AVAILABLE IN 03 HOURS 29 MINUTES 43 SECONDS VISIT HTTPS://MYMEMOR…	above LI THE CLINGING, FIRE	Primera línea poco alineada (Jaccard 0%). | Solapamiento léxico bajo MT↔Baynes (0%).
57	trigrama_arriba	pair	0%	0%	divergent	Divergente	oben Sun, das Sanfte, der Wind, das Holz	MYMEMORY WARNING: YOU USED ALL AVAILABLE FREE TRANSLATIONS FOR TODAY. NEXT AVAILABLE IN 03 HOURS 29 MINUTES 42 SECONDS VISIT HTTPS://MYMEMOR…	above SUN THE GENTLE, WIND, WOOD	Primera línea poco alineada (Jaccard 0%). | Solapamiento léxico bajo MT↔Baynes (0%).
58	trigrama_arriba	pair	0%	0%	divergent	Divergente	oben Dui, das Heitere, der See	MYMEMORY WARNING: YOU USED ALL AVAILABLE FREE TRANSLATIONS FOR TODAY. NEXT AVAILABLE IN 03 HOURS 29 MINUTES 43 SECONDS VISIT HTTPS://MYMEMOR…	above TUI THE JOYOUS, LAKE	Primera línea poco alineada (Jaccard 0%). | Solapamiento léxico bajo MT↔Baynes (0%).
59	trigrama_arriba	pair	0%	0%	divergent	Divergente	oben Sun, das Sanfte, der Wind	MYMEMORY WARNING: YOU USED ALL AVAILABLE FREE TRANSLATIONS FOR TODAY. NEXT AVAILABLE IN 03 HOURS 29 MINUTES 43 SECONDS VISIT HTTPS://MYMEMOR…	above SUN THE GENTLE, WIND	Primera línea poco alineada (Jaccard 0%). | Solapamiento léxico bajo MT↔Baynes (0%).
60	trigrama_arriba	pair	0%	0%	divergent	Divergente	oben Kan, das Abgründige, das Wasser	MYMEMORY WARNING: YOU USED ALL AVAILABLE FREE TRANSLATIONS FOR TODAY. NEXT AVAILABLE IN 03 HOURS 29 MINUTES 43 SECONDS VISIT HTTPS://MYMEMOR…	above K'AN THE ABYSMAL, WATER	Primera línea poco alineada (Jaccard 0%). | Solapamiento léxico bajo MT↔Baynes (0%).
61	trigrama_arriba	pair	0%	0%	divergent	Divergente	oben Sun, das Sanfte, der Wind	MYMEMORY WARNING: YOU USED ALL AVAILABLE FREE TRANSLATIONS FOR TODAY. NEXT AVAILABLE IN 03 HOURS 29 MINUTES 43 SECONDS VISIT HTTPS://MYMEMOR…	above SUN THE GENTLE, WIND	Primera línea poco alineada (Jaccard 0%). | Solapamiento léxico bajo MT↔Baynes (0%).
62	trigrama_arriba	pair	0%	0%	divergent	Divergente	oben Dschen, das Erregende, der Donner	MYMEMORY WARNING: YOU USED ALL AVAILABLE FREE TRANSLATIONS FOR TODAY. NEXT AVAILABLE IN 03 HOURS 29 MINUTES 43 SECONDS VISIT HTTPS://MYMEMOR…	above CHêN THE AROUSING, THUNDER	Primera línea poco alineada (Jaccard 0%). | Solapamiento léxico bajo MT↔Baynes (0%).
63	trigrama_arriba	pair	0%	0%	divergent	Divergente	oben Kan, das Abgründige, das Wasser	MYMEMORY WARNING: YOU USED ALL AVAILABLE FREE TRANSLATIONS FOR TODAY. NEXT AVAILABLE IN 03 HOURS 29 MINUTES 43 SECONDS VISIT HTTPS://MYMEMOR…	above K'AN THE ABYSMAL, WATER	Primera línea poco alineada (Jaccard 0%). | Solapamiento léxico bajo MT↔Baynes (0%).
64	trigrama_arriba	pair	0%	0%	divergent	Divergente	oben Li, das Haftende, die Flamme	MYMEMORY WARNING: YOU USED ALL AVAILABLE FREE TRANSLATIONS FOR TODAY. NEXT AVAILABLE IN 03 HOURS 29 MINUTES 43 SECONDS VISIT HTTPS://MYMEMOR…	above LI THE CLINGING, FLAME	Primera línea poco alineada (Jaccard 0%). | Solapamiento léxico bajo MT↔Baynes (0%).
1	trigrama_abajo	pair	0%	0%	divergent	Divergente	unten Kiën, das Schöpferische, der Himmel	MYMEMORY WARNING: YOU USED ALL AVAILABLE FREE TRANSLATIONS FOR TODAY. NEXT AVAILABLE IN 03 HOURS 29 MINUTES 42 SECONDS VISIT HTTPS://MYMEMOR…	below CH'IEN THE CREATIVE, HEAVEN	Primera línea poco alineada (Jaccard 0%). | Solapamiento léxico bajo MT↔Baynes (0%).
2	trigrama_abajo	pair	0%	0%	divergent	Divergente	unten Kun, das Empfangende, die Erde	MYMEMORY WARNING: YOU USED ALL AVAILABLE FREE TRANSLATIONS FOR TODAY. NEXT AVAILABLE IN 03 HOURS 29 MINUTES 42 SECONDS VISIT HTTPS://MYMEMOR…	below K'UN THE RECEPTIVE, EARTH	Primera línea poco alineada (Jaccard 0%). | Solapamiento léxico bajo MT↔Baynes (0%).
3	trigrama_abajo	pair	0%	0%	divergent	Divergente	unten Dschen, das Erregende, der Donner	MYMEMORY WARNING: YOU USED ALL AVAILABLE FREE TRANSLATIONS FOR TODAY. NEXT AVAILABLE IN 03 HOURS 29 MINUTES 42 SECONDS VISIT HTTPS://MYMEMOR…	below CHêN THE AROUSING, THUNDER	Primera línea poco alineada (Jaccard 0%). | Solapamiento léxico bajo MT↔Baynes (0%).
4	trigrama_abajo	pair	0%	0%	divergent	Divergente	unten Kan, das Abgründige, das Wasser	MYMEMORY WARNING: YOU USED ALL AVAILABLE FREE TRANSLATIONS FOR TODAY. NEXT AVAILABLE IN 03 HOURS 29 MINUTES 42 SECONDS VISIT HTTPS://MYMEMOR…	below K'AN THE ABYSMAL, WATER	Primera línea poco alineada (Jaccard 0%). | Solapamiento léxico bajo MT↔Baynes (0%).
5	trigrama_abajo	pair	0%	0%	divergent	Divergente	unten das Schöpferische, der Himmel	MYMEMORY WARNING: YOU USED ALL AVAILABLE FREE TRANSLATIONS FOR TODAY. NEXT AVAILABLE IN 03 HOURS 29 MINUTES 42 SECONDS VISIT HTTPS://MYMEMOR…	below CH'IEN THE CREATIVE, HEAVEN	Primera línea poco alineada (Jaccard 0%). | Solapamiento léxico bajo MT↔Baynes (0%).
6	trigrama_abajo	pair	0%	0%	divergent	Divergente	unten Kan, das Abgründige, das Wasser	MYMEMORY WARNING: YOU USED ALL AVAILABLE FREE TRANSLATIONS FOR TODAY. NEXT AVAILABLE IN 03 HOURS 29 MINUTES 42 SECONDS VISIT HTTPS://MYMEMOR…	below K'AN THE ABYSMAL, WATER	Primera línea poco alineada (Jaccard 0%). | Solapamiento léxico bajo MT↔Baynes (0%).
7	trigrama_abajo	pair	0%	0%	divergent	Divergente	unten Kan, das Abgründige, das Wasser	MYMEMORY WARNING: YOU USED ALL AVAILABLE FREE TRANSLATIONS FOR TODAY. NEXT AVAILABLE IN 03 HOURS 29 MINUTES 42 SECONDS VISIT HTTPS://MYMEMOR…	below K'AN THE ABYSMAL, WATER	Primera línea poco alineada (Jaccard 0%). | Solapamiento léxico bajo MT↔Baynes (0%).
8	trigrama_abajo	pair	0%	0%	divergent	Divergente	unten Kun, das Empfangende, die Erde	MYMEMORY WARNING: YOU USED ALL AVAILABLE FREE TRANSLATIONS FOR TODAY. NEXT AVAILABLE IN 03 HOURS 29 MINUTES 42 SECONDS VISIT HTTPS://MYMEMOR…	below K'UN THE RECEPTIVE, EARTH	Primera línea poco alineada (Jaccard 0%). | Solapamiento léxico bajo MT↔Baynes (0%).
9	trigrama_abajo	pair	0%	0%	divergent	Divergente	unten Kiën, das Schöpferische, der Himmel	MYMEMORY WARNING: YOU USED ALL AVAILABLE FREE TRANSLATIONS FOR TODAY. NEXT AVAILABLE IN 03 HOURS 29 MINUTES 42 SECONDS VISIT HTTPS://MYMEMOR…	below CH'IEN THE CREATIVE, HEAVEN	Primera línea poco alineada (Jaccard 0%). | Solapamiento léxico bajo MT↔Baynes (0%).
10	trigrama_abajo	pair	0%	0%	divergent	Divergente	unten Dui, das Heitere, der See	MYMEMORY WARNING: YOU USED ALL AVAILABLE FREE TRANSLATIONS FOR TODAY. NEXT AVAILABLE IN 03 HOURS 29 MINUTES 42 SECONDS VISIT HTTPS://MYMEMOR…	below TUI THE JOYOUS, LAKE	Primera línea poco alineada (Jaccard 0%). | Solapamiento léxico bajo MT↔Baynes (0%).
11	trigrama_abajo	pair	0%	0%	divergent	Divergente	unten Kiën, das Schöpferische, der Himmel	MYMEMORY WARNING: YOU USED ALL AVAILABLE FREE TRANSLATIONS FOR TODAY. NEXT AVAILABLE IN 03 HOURS 29 MINUTES 42 SECONDS VISIT HTTPS://MYMEMOR…	below CH'IEN THE CREATIVE, HEAVEN	Primera línea poco alineada (Jaccard 0%). | Solapamiento léxico bajo MT↔Baynes (0%).
12	trigrama_abajo	pair	0%	0%	divergent	Divergente	unten Kun, das Empfangende, die Erde	MYMEMORY WARNING: YOU USED ALL AVAILABLE FREE TRANSLATIONS FOR TODAY. NEXT AVAILABLE IN 03 HOURS 29 MINUTES 42 SECONDS VISIT HTTPS://MYMEMOR…	below K'UN THE RECEPTIVE, EARTH	Primera línea poco alineada (Jaccard 0%). | Solapamiento léxico bajo MT↔Baynes (0%).
13	trigrama_abajo	pair	0%	0%	divergent	Divergente	unten Li, das Haftende, die Flamme	MYMEMORY WARNING: YOU USED ALL AVAILABLE FREE TRANSLATIONS FOR TODAY. NEXT AVAILABLE IN 03 HOURS 29 MINUTES 42 SECONDS VISIT HTTPS://MYMEMOR…	below LI THE CLINGING, FLAME	Primera línea poco alineada (Jaccard 0%). | Solapamiento léxico bajo MT↔Baynes (0%).
14	trigrama_abajo	pair	0%	0%	divergent	Divergente	unten Kiën, das Schöpferische, der Himmel	MYMEMORY WARNING: YOU USED ALL AVAILABLE FREE TRANSLATIONS FOR TODAY. NEXT AVAILABLE IN 03 HOURS 29 MINUTES 42 SECONDS VISIT HTTPS://MYMEMOR…	below CH'IEN THE CREATIVE, HEAVEN	Primera línea poco alineada (Jaccard 0%). | Solapamiento léxico bajo MT↔Baynes (0%).
15	trigrama_abajo	pair	0%	0%	divergent	Divergente	unten Gen, das Stillehalten, der Berg	MYMEMORY WARNING: YOU USED ALL AVAILABLE FREE TRANSLATIONS FOR TODAY. NEXT AVAILABLE IN 03 HOURS 29 MINUTES 41 SECONDS VISIT HTTPS://MYMEMOR…	below KEN KEEPING STILL, MOUNTAIN	Primera línea poco alineada (Jaccard 0%). | Solapamiento léxico bajo MT↔Baynes (0%).
16	trigrama_abajo	pair	0%	0%	divergent	Divergente	unten Kun, das Empfangende, die Erde	MYMEMORY WARNING: YOU USED ALL AVAILABLE FREE TRANSLATIONS FOR TODAY. NEXT AVAILABLE IN 03 HOURS 29 MINUTES 42 SECONDS VISIT HTTPS://MYMEMOR…	below K'UN THE RECEPTIVE, EARTH	Primera línea poco alineada (Jaccard 0%). | Solapamiento léxico bajo MT↔Baynes (0%).
17	trigrama_abajo	pair	0%	0%	divergent	Divergente	unten Dschen, das Erregende, der Donner	MYMEMORY WARNING: YOU USED ALL AVAILABLE FREE TRANSLATIONS FOR TODAY. NEXT AVAILABLE IN 03 HOURS 29 MINUTES 42 SECONDS VISIT HTTPS://MYMEMOR…	below CHêN THE AROUSING, THUNDER	Primera línea poco alineada (Jaccard 0%). | Solapamiento léxico bajo MT↔Baynes (0%).
18	trigrama_abajo	pair	0%	0%	divergent	Divergente	unten Sun, das Sanfte, der Wind	MYMEMORY WARNING: YOU USED ALL AVAILABLE FREE TRANSLATIONS FOR TODAY. NEXT AVAILABLE IN 03 HOURS 29 MINUTES 41 SECONDS VISIT HTTPS://MYMEMOR…	below Sun THE GENTLE, WIND	Primera línea poco alineada (Jaccard 0%). | Solapamiento léxico bajo MT↔Baynes (0%).
19	trigrama_abajo	pair	0%	0%	divergent	Divergente	unten Dui, das Heitere, der See	MYMEMORY WARNING: YOU USED ALL AVAILABLE FREE TRANSLATIONS FOR TODAY. NEXT AVAILABLE IN 03 HOURS 29 MINUTES 42 SECONDS VISIT HTTPS://MYMEMOR…	below TUI THE JOYOUS, LAKE	Primera línea poco alineada (Jaccard 0%). | Solapamiento léxico bajo MT↔Baynes (0%).
20	trigrama_abajo	pair	0%	0%	divergent	Divergente	unten Kun, das Empfangende, die Erde	MYMEMORY WARNING: YOU USED ALL AVAILABLE FREE TRANSLATIONS FOR TODAY. NEXT AVAILABLE IN 03 HOURS 29 MINUTES 42 SECONDS VISIT HTTPS://MYMEMOR…	below K'UN THE RECEPTIVE, EARTH	Primera línea poco alineada (Jaccard 0%). | Solapamiento léxico bajo MT↔Baynes (0%).
21	trigrama_abajo	pair	0%	0%	divergent	Divergente	unten Dschen, das Erregende, der Donner	MYMEMORY WARNING: YOU USED ALL AVAILABLE FREE TRANSLATIONS FOR TODAY. NEXT AVAILABLE IN 03 HOURS 29 MINUTES 42 SECONDS VISIT HTTPS://MYMEMOR…	below CHêN THE AROUSING, THUNDER	Primera línea poco alineada (Jaccard 0%). | Solapamiento léxico bajo MT↔Baynes (0%).
22	trigrama_abajo	pair	0%	0%	divergent	Divergente	unten Li, das Haftende, das Feuer	MYMEMORY WARNING: YOU USED ALL AVAILABLE FREE TRANSLATIONS FOR TODAY. NEXT AVAILABLE IN 03 HOURS 29 MINUTES 41 SECONDS VISIT HTTPS://MYMEMOR…	below LI THE CLINGING, FIRE	Primera línea poco alineada (Jaccard 0%). | Solapamiento léxico bajo MT↔Baynes (0%).
23	trigrama_abajo	pair	0%	0%	divergent	Divergente	unten Kun, das Empfangende, die Erde	MYMEMORY WARNING: YOU USED ALL AVAILABLE FREE TRANSLATIONS FOR TODAY. NEXT AVAILABLE IN 03 HOURS 29 MINUTES 42 SECONDS VISIT HTTPS://MYMEMOR…	below K'UN THE RECEPTIVE, EARTH	Primera línea poco alineada (Jaccard 0%). | Solapamiento léxico bajo MT↔Baynes (0%).
24	trigrama_abajo	pair	0%	0%	divergent	Divergente	unten Dschen, das Erregende, der Donner	MYMEMORY WARNING: YOU USED ALL AVAILABLE FREE TRANSLATIONS FOR TODAY. NEXT AVAILABLE IN 03 HOURS 29 MINUTES 42 SECONDS VISIT HTTPS://MYMEMOR…	below CHêN THE AROUSING, THUNDER	Primera línea poco alineada (Jaccard 0%). | Solapamiento léxico bajo MT↔Baynes (0%).
25	trigrama_abajo	pair	0%	0%	divergent	Divergente	unten Dschen, das Erregende, der Donner	MYMEMORY WARNING: YOU USED ALL AVAILABLE FREE TRANSLATIONS FOR TODAY. NEXT AVAILABLE IN 03 HOURS 29 MINUTES 42 SECONDS VISIT HTTPS://MYMEMOR…	below CHêN THE AROUSING, THUNDER	Primera línea poco alineada (Jaccard 0%). | Solapamiento léxico bajo MT↔Baynes (0%).
26	trigrama_abajo	pair	0%	0%	divergent	Divergente	unten Kiën, das Schöpferische, der Himmel	MYMEMORY WARNING: YOU USED ALL AVAILABLE FREE TRANSLATIONS FOR TODAY. NEXT AVAILABLE IN 03 HOURS 29 MINUTES 42 SECONDS VISIT HTTPS://MYMEMOR…	below CH'IEN THE CREATIVE, HEAVEN	Primera línea poco alineada (Jaccard 0%). | Solapamiento léxico bajo MT↔Baynes (0%).
27	trigrama_abajo	pair	0%	0%	divergent	Divergente	unten Dschen, das Erregende, der Donner	MYMEMORY WARNING: YOU USED ALL AVAILABLE FREE TRANSLATIONS FOR TODAY. NEXT AVAILABLE IN 03 HOURS 29 MINUTES 42 SECONDS VISIT HTTPS://MYMEMOR…	below CHêN THE AROUSING, THUNDER	Primera línea poco alineada (Jaccard 0%). | Solapamiento léxico bajo MT↔Baynes (0%).
28	trigrama_abajo	pair	0%	0%	divergent	Divergente	unten Sun, das Sanfte, der Wind, das Holz	MYMEMORY WARNING: YOU USED ALL AVAILABLE FREE TRANSLATIONS FOR TODAY. NEXT AVAILABLE IN 03 HOURS 29 MINUTES 41 SECONDS VISIT HTTPS://MYMEMOR…	below SUN THE GENTLE, WIND, WOOD	Primera línea poco alineada (Jaccard 0%). | Solapamiento léxico bajo MT↔Baynes (0%).
29	trigrama_abajo	pair	0%	0%	divergent	Divergente	unten Kan, das Abgründige, das Wasser	MYMEMORY WARNING: YOU USED ALL AVAILABLE FREE TRANSLATIONS FOR TODAY. NEXT AVAILABLE IN 03 HOURS 29 MINUTES 42 SECONDS VISIT HTTPS://MYMEMOR…	below K'AN THE ABYSMAL, WATER	Primera línea poco alineada (Jaccard 0%). | Solapamiento léxico bajo MT↔Baynes (0%).
30	trigrama_abajo	pair	0%	0%	divergent	Divergente	unten Li, das Haftende, das Feuer	MYMEMORY WARNING: YOU USED ALL AVAILABLE FREE TRANSLATIONS FOR TODAY. NEXT AVAILABLE IN 03 HOURS 29 MINUTES 41 SECONDS VISIT HTTPS://MYMEMOR…	below LI THE CLINGING, FIRE	Primera línea poco alineada (Jaccard 0%). | Solapamiento léxico bajo MT↔Baynes (0%).
31	trigrama_abajo	pair	0%	0%	divergent	Divergente	unten Gen, das Stillehalten, der Berg	MYMEMORY WARNING: YOU USED ALL AVAILABLE FREE TRANSLATIONS FOR TODAY. NEXT AVAILABLE IN 03 HOURS 29 MINUTES 41 SECONDS VISIT HTTPS://MYMEMOR…	below KêN KEEPING STILL, MOUNTAIN	Primera línea poco alineada (Jaccard 0%). | Solapamiento léxico bajo MT↔Baynes (0%).
32	trigrama_abajo	pair	0%	0%	divergent	Divergente	unten Sun, das Sanfte, der Wind	MYMEMORY WARNING: YOU USED ALL AVAILABLE FREE TRANSLATIONS FOR TODAY. NEXT AVAILABLE IN 03 HOURS 29 MINUTES 41 SECONDS VISIT HTTPS://MYMEMOR…	below SUN THE GENTLE, WIND	Primera línea poco alineada (Jaccard 0%). | Solapamiento léxico bajo MT↔Baynes (0%).
33	trigrama_abajo	pair	0%	0%	divergent	Divergente	unten Gen, das Stillehalten, der Berg	MYMEMORY WARNING: YOU USED ALL AVAILABLE FREE TRANSLATIONS FOR TODAY. NEXT AVAILABLE IN 03 HOURS 29 MINUTES 41 SECONDS VISIT HTTPS://MYMEMOR…	below KêN KEEPING STILL, MOUNTAIN	Primera línea poco alineada (Jaccard 0%). | Solapamiento léxico bajo MT↔Baynes (0%).
34	trigrama_abajo	pair	0%	0%	divergent	Divergente	unten Kiën, das Schöpferische, der Himmel	MYMEMORY WARNING: YOU USED ALL AVAILABLE FREE TRANSLATIONS FOR TODAY. NEXT AVAILABLE IN 03 HOURS 29 MINUTES 42 SECONDS VISIT HTTPS://MYMEMOR…	below CH'IEN THE CREATIVE, HEAVEN	Primera línea poco alineada (Jaccard 0%). | Solapamiento léxico bajo MT↔Baynes (0%).
35	trigrama_abajo	pair	0%	0%	divergent	Divergente	unten Kun, das Empfangende, die Erde	MYMEMORY WARNING: YOU USED ALL AVAILABLE FREE TRANSLATIONS FOR TODAY. NEXT AVAILABLE IN 03 HOURS 29 MINUTES 42 SECONDS VISIT HTTPS://MYMEMOR…	below K'UN THE RECEPTIVE, EARTH	Primera línea poco alineada (Jaccard 0%). | Solapamiento léxico bajo MT↔Baynes (0%).
36	trigrama_abajo	pair	0%	0%	divergent	Divergente	unten Li, das Haftende, das Feuer	MYMEMORY WARNING: YOU USED ALL AVAILABLE FREE TRANSLATIONS FOR TODAY. NEXT AVAILABLE IN 03 HOURS 29 MINUTES 41 SECONDS VISIT HTTPS://MYMEMOR…	below LI THE CLINGING, FIRE	Primera línea poco alineada (Jaccard 0%). | Solapamiento léxico bajo MT↔Baynes (0%).
37	trigrama_abajo	pair	0%	0%	divergent	Divergente	unten Li, das Haftende, das Feuer	MYMEMORY WARNING: YOU USED ALL AVAILABLE FREE TRANSLATIONS FOR TODAY. NEXT AVAILABLE IN 03 HOURS 29 MINUTES 41 SECONDS VISIT HTTPS://MYMEMOR…	below LI THE CLINGING, FIRE	Primera línea poco alineada (Jaccard 0%). | Solapamiento léxico bajo MT↔Baynes (0%).
38	trigrama_abajo	pair	0%	0%	divergent	Divergente	unten Dui, das Heitere, der See	MYMEMORY WARNING: YOU USED ALL AVAILABLE FREE TRANSLATIONS FOR TODAY. NEXT AVAILABLE IN 03 HOURS 29 MINUTES 42 SECONDS VISIT HTTPS://MYMEMOR…	below TUI THE JOYOUS, LAKE	Primera línea poco alineada (Jaccard 0%). | Solapamiento léxico bajo MT↔Baynes (0%).
39	trigrama_abajo	pair	0%	0%	divergent	Divergente	unten Gen, das Stillehalten, der Berg	MYMEMORY WARNING: YOU USED ALL AVAILABLE FREE TRANSLATIONS FOR TODAY. NEXT AVAILABLE IN 03 HOURS 29 MINUTES 41 SECONDS VISIT HTTPS://MYMEMOR…	below KêN KEEPING STILL, MOUNTAIN	Primera línea poco alineada (Jaccard 0%). | Solapamiento léxico bajo MT↔Baynes (0%).
40	trigrama_abajo	pair	0%	0%	divergent	Divergente	unten Kan, das Abgründige, das Wasser	MYMEMORY WARNING: YOU USED ALL AVAILABLE FREE TRANSLATIONS FOR TODAY. NEXT AVAILABLE IN 03 HOURS 29 MINUTES 42 SECONDS VISIT HTTPS://MYMEMOR…	below K'AN THE ABYSMAL, WATER	Primera línea poco alineada (Jaccard 0%). | Solapamiento léxico bajo MT↔Baynes (0%).
41	trigrama_abajo	pair	0%	0%	divergent	Divergente	unten Dui, das Heitere, der See	MYMEMORY WARNING: YOU USED ALL AVAILABLE FREE TRANSLATIONS FOR TODAY. NEXT AVAILABLE IN 03 HOURS 29 MINUTES 42 SECONDS VISIT HTTPS://MYMEMOR…	below TUI THE JOYOUS, LAKE	Primera línea poco alineada (Jaccard 0%). | Solapamiento léxico bajo MT↔Baynes (0%).
42	trigrama_abajo	pair	0%	0%	divergent	Divergente	unten Dschen, das Erregende, der Donner	MYMEMORY WARNING: YOU USED ALL AVAILABLE FREE TRANSLATIONS FOR TODAY. NEXT AVAILABLE IN 03 HOURS 29 MINUTES 42 SECONDS VISIT HTTPS://MYMEMOR…	below CHêN THE AROUSING, THUNDER	Primera línea poco alineada (Jaccard 0%). | Solapamiento léxico bajo MT↔Baynes (0%).
43	trigrama_abajo	pair	0%	0%	divergent	Divergente	unten Kiën, das Schöpferische, der Himmel	MYMEMORY WARNING: YOU USED ALL AVAILABLE FREE TRANSLATIONS FOR TODAY. NEXT AVAILABLE IN 03 HOURS 29 MINUTES 42 SECONDS VISIT HTTPS://MYMEMOR…	below CH'IEN THE CREATIVE, HEAVEN	Primera línea poco alineada (Jaccard 0%). | Solapamiento léxico bajo MT↔Baynes (0%).
44	trigrama_abajo	pair	0%	0%	divergent	Divergente	unten Sun, das Sanfte, der Wind	MYMEMORY WARNING: YOU USED ALL AVAILABLE FREE TRANSLATIONS FOR TODAY. NEXT AVAILABLE IN 03 HOURS 29 MINUTES 41 SECONDS VISIT HTTPS://MYMEMOR…	below SUN THE GENTLE, WIND	Primera línea poco alineada (Jaccard 0%). | Solapamiento léxico bajo MT↔Baynes (0%).
45	trigrama_abajo	pair	0%	0%	divergent	Divergente	unten Kun, das Empfangende, die Erde	MYMEMORY WARNING: YOU USED ALL AVAILABLE FREE TRANSLATIONS FOR TODAY. NEXT AVAILABLE IN 03 HOURS 29 MINUTES 42 SECONDS VISIT HTTPS://MYMEMOR…	below K'UN THE RECEPTIVE, EARTH	Primera línea poco alineada (Jaccard 0%). | Solapamiento léxico bajo MT↔Baynes (0%).
46	trigrama_abajo	pair	0%	0%	divergent	Divergente	unten Sun, das Sanfte, der Wind, das Holz	MYMEMORY WARNING: YOU USED ALL AVAILABLE FREE TRANSLATIONS FOR TODAY. NEXT AVAILABLE IN 03 HOURS 29 MINUTES 41 SECONDS VISIT HTTPS://MYMEMOR…	below SUN THE GENTLE, WIND, WOOD	Primera línea poco alineada (Jaccard 0%). | Solapamiento léxico bajo MT↔Baynes (0%).
47	trigrama_abajo	pair	0%	0%	divergent	Divergente	unten Kan, das Abgründige, das Wasser	MYMEMORY WARNING: YOU USED ALL AVAILABLE FREE TRANSLATIONS FOR TODAY. NEXT AVAILABLE IN 03 HOURS 29 MINUTES 42 SECONDS VISIT HTTPS://MYMEMOR…	below K'AN THE ABYSMAL, WATER	Primera línea poco alineada (Jaccard 0%). | Solapamiento léxico bajo MT↔Baynes (0%).
48	trigrama_abajo	pair	0%	0%	divergent	Divergente	unten Sun, das Sanfte, der Wind, das Holz	MYMEMORY WARNING: YOU USED ALL AVAILABLE FREE TRANSLATIONS FOR TODAY. NEXT AVAILABLE IN 03 HOURS 29 MINUTES 41 SECONDS VISIT HTTPS://MYMEMOR…	below SUN THE GENTLE, WIND, WOOD	Primera línea poco alineada (Jaccard 0%). | Solapamiento léxico bajo MT↔Baynes (0%).
49	trigrama_abajo	pair	0%	0%	divergent	Divergente	unten Li, das Haftende, das Feuer	MYMEMORY WARNING: YOU USED ALL AVAILABLE FREE TRANSLATIONS FOR TODAY. NEXT AVAILABLE IN 03 HOURS 29 MINUTES 41 SECONDS VISIT HTTPS://MYMEMOR…	below LI THE CLINGING, FIRE	Primera línea poco alineada (Jaccard 0%). | Solapamiento léxico bajo MT↔Baynes (0%).
50	trigrama_abajo	pair	0%	0%	divergent	Divergente	unten Sun, das Sanfte, der Wind, das Holz	MYMEMORY WARNING: YOU USED ALL AVAILABLE FREE TRANSLATIONS FOR TODAY. NEXT AVAILABLE IN 03 HOURS 29 MINUTES 41 SECONDS VISIT HTTPS://MYMEMOR…	below SUN THE GENTLE, WIND, WOOD	Primera línea poco alineada (Jaccard 0%). | Solapamiento léxico bajo MT↔Baynes (0%).
51	trigrama_abajo	pair	0%	0%	divergent	Divergente	unten Dschen, das Erregende, der Donner	MYMEMORY WARNING: YOU USED ALL AVAILABLE FREE TRANSLATIONS FOR TODAY. NEXT AVAILABLE IN 03 HOURS 29 MINUTES 42 SECONDS VISIT HTTPS://MYMEMOR…	below CHêN THE AROUSING, THUNDER	Primera línea poco alineada (Jaccard 0%). | Solapamiento léxico bajo MT↔Baynes (0%).
52	trigrama_abajo	pair	0%	0%	divergent	Divergente	unten Gen, das Stillehalten, der Berg	MYMEMORY WARNING: YOU USED ALL AVAILABLE FREE TRANSLATIONS FOR TODAY. NEXT AVAILABLE IN 03 HOURS 29 MINUTES 41 SECONDS VISIT HTTPS://MYMEMOR…	below KêN KEEPING STILL, MOUNTAIN	Primera línea poco alineada (Jaccard 0%). | Solapamiento léxico bajo MT↔Baynes (0%).
53	trigrama_abajo	pair	0%	0%	divergent	Divergente	unten Gen, das Stillehalten, der Berg	MYMEMORY WARNING: YOU USED ALL AVAILABLE FREE TRANSLATIONS FOR TODAY. NEXT AVAILABLE IN 03 HOURS 29 MINUTES 41 SECONDS VISIT HTTPS://MYMEMOR…	below KêN KEEPING STILL, MOUNTAIN	Primera línea poco alineada (Jaccard 0%). | Solapamiento léxico bajo MT↔Baynes (0%).
54	trigrama_abajo	pair	0%	0%	divergent	Divergente	unten Dui, das Heitere, der See	MYMEMORY WARNING: YOU USED ALL AVAILABLE FREE TRANSLATIONS FOR TODAY. NEXT AVAILABLE IN 03 HOURS 29 MINUTES 42 SECONDS VISIT HTTPS://MYMEMOR…	below TUI THE JOYOUS, LAKE	Primera línea poco alineada (Jaccard 0%). | Solapamiento léxico bajo MT↔Baynes (0%).
55	trigrama_abajo	pair	0%	0%	divergent	Divergente	unten Li, das Haftende, die Flamme	MYMEMORY WARNING: YOU USED ALL AVAILABLE FREE TRANSLATIONS FOR TODAY. NEXT AVAILABLE IN 03 HOURS 29 MINUTES 42 SECONDS VISIT HTTPS://MYMEMOR…	below LI THE CLINGING, FIRE	Primera línea poco alineada (Jaccard 0%). | Solapamiento léxico bajo MT↔Baynes (0%).
56	trigrama_abajo	pair	0%	0%	divergent	Divergente	unten Gen, das Stillehalten, der Berg	MYMEMORY WARNING: YOU USED ALL AVAILABLE FREE TRANSLATIONS FOR TODAY. NEXT AVAILABLE IN 03 HOURS 29 MINUTES 41 SECONDS VISIT HTTPS://MYMEMOR…	below KêN KEEPING STILL, MOUNTAIN	Primera línea poco alineada (Jaccard 0%). | Solapamiento léxico bajo MT↔Baynes (0%).
57	trigrama_abajo	pair	0%	0%	divergent	Divergente	unten Sun, das Sanfte, der Wind, das Holz	MYMEMORY WARNING: YOU USED ALL AVAILABLE FREE TRANSLATIONS FOR TODAY. NEXT AVAILABLE IN 03 HOURS 29 MINUTES 41 SECONDS VISIT HTTPS://MYMEMOR…	below SUN THE GENTLE, WIND, WOOD	Primera línea poco alineada (Jaccard 0%). | Solapamiento léxico bajo MT↔Baynes (0%).
58	trigrama_abajo	pair	0%	0%	divergent	Divergente	unten Dui, das Heitere, der See	MYMEMORY WARNING: YOU USED ALL AVAILABLE FREE TRANSLATIONS FOR TODAY. NEXT AVAILABLE IN 03 HOURS 29 MINUTES 42 SECONDS VISIT HTTPS://MYMEMOR…	below TUI THE JOYOUS, LAKE	Primera línea poco alineada (Jaccard 0%). | Solapamiento léxico bajo MT↔Baynes (0%).
59	trigrama_abajo	pair	0%	0%	divergent	Divergente	unten Kan, das Abgründige, das Wasser	MYMEMORY WARNING: YOU USED ALL AVAILABLE FREE TRANSLATIONS FOR TODAY. NEXT AVAILABLE IN 03 HOURS 29 MINUTES 42 SECONDS VISIT HTTPS://MYMEMOR…	below K'AN THE ABYSMAL, WATER	Primera línea poco alineada (Jaccard 0%). | Solapamiento léxico bajo MT↔Baynes (0%).
60	trigrama_abajo	pair	0%	0%	divergent	Divergente	unten Dui, das Heitere, der See	MYMEMORY WARNING: YOU USED ALL AVAILABLE FREE TRANSLATIONS FOR TODAY. NEXT AVAILABLE IN 03 HOURS 29 MINUTES 42 SECONDS VISIT HTTPS://MYMEMOR…	below TUI THE JOYOUS, LAKE	Primera línea poco alineada (Jaccard 0%). | Solapamiento léxico bajo MT↔Baynes (0%).
61	trigrama_abajo	pair	0%	0%	divergent	Divergente	unten Dui, das Heitere, der See	MYMEMORY WARNING: YOU USED ALL AVAILABLE FREE TRANSLATIONS FOR TODAY. NEXT AVAILABLE IN 03 HOURS 29 MINUTES 42 SECONDS VISIT HTTPS://MYMEMOR…	below TUI THE JOYOUS, LAKE	Primera línea poco alineada (Jaccard 0%). | Solapamiento léxico bajo MT↔Baynes (0%).
62	trigrama_abajo	pair	0%	0%	divergent	Divergente	unten Gen, das Stillehalten, der Berg	MYMEMORY WARNING: YOU USED ALL AVAILABLE FREE TRANSLATIONS FOR TODAY. NEXT AVAILABLE IN 03 HOURS 29 MINUTES 41 SECONDS VISIT HTTPS://MYMEMOR…	below KêN KEEPING STILL, MOUNTAIN	Primera línea poco alineada (Jaccard 0%). | Solapamiento léxico bajo MT↔Baynes (0%).
63	trigrama_abajo	pair	0%	0%	divergent	Divergente	unten Li, das Haftende, das Feuer	MYMEMORY WARNING: YOU USED ALL AVAILABLE FREE TRANSLATIONS FOR TODAY. NEXT AVAILABLE IN 03 HOURS 29 MINUTES 41 SECONDS VISIT HTTPS://MYMEMOR…	below LI THE CLINGING, FIRE	Primera línea poco alineada (Jaccard 0%). | Solapamiento léxico bajo MT↔Baynes (0%).
64	trigrama_abajo	pair	0%	0%	divergent	Divergente	unten Kan, das Abgründige, das Wasser	MYMEMORY WARNING: YOU USED ALL AVAILABLE FREE TRANSLATIONS FOR TODAY. NEXT AVAILABLE IN 03 HOURS 29 MINUTES 42 SECONDS VISIT HTTPS://MYMEMOR…	below K'AN THE ABYSMAL, WATER	Primera línea poco alineada (Jaccard 0%). | Solapamiento léxico bajo MT↔Baynes (0%).
1	intro	pair	1%	1%	divergent	Divergente	1. Kiën / DAS SCHÖPFERISCHE oben Kiën, das Schöpferische, der Himmel unten Kiën, das Schöpferische, der Himmel Das Zeichen besteht aus sechs…	MYMEMORY WARNING: YOU USED ALL AVAILABLE FREE TRANSLATIONS FOR TODAY. NEXT AVAILABLE IN 03 HOURS 29 MINUTES 41 SECONDS VISIT HTTPS://MYMEMOR…	The first hexagram is made up of six unbroken lines. These unbroken lines stand for the primal power, which is lightgiving, active, strong, …	Primera línea poco alineada (Jaccard 1%). | Solapamiento léxico bajo MT↔Baynes (1%).
2	intro	pair	1%	1%	divergent	Divergente	2. Kun / DAS EMPFANGENDE oben Kun, das Empfangende, die Erde unten Kun, das Empfangende, die Erde Das Zeichen besteht aus lauter geteilten L…	MYMEMORY WARNING: YOU USED ALL AVAILABLE FREE TRANSLATIONS FOR TODAY. NEXT AVAILABLE IN 03 HOURS 29 MINUTES 39 SECONDS VISIT HTTPS://MYMEMOR…	This hexagram is made up of broken lines only. The broken line represents the dark, yielding, receptive primal power of yin. The attribute o…	Primera línea poco alineada (Jaccard 1%). | Solapamiento léxico bajo MT↔Baynes (1%).
3	intro	pair	2%	2%	divergent	Divergente	3. Dschun / DIE ANFANGSSCHWIERIGKEIT oben Kan, das Abgründige, das Wasser unten Dschen, das Erregende, der Donner Der Name des Zeichens, Dsc…	MYMEMORY WARNING: YOU USED ALL AVAILABLE FREE TRANSLATIONS FOR TODAY. NEXT AVAILABLE IN 03 HOURS 29 MINUTES 37 SECONDS VISIT HTTPS://MYMEMOR…	The name of the hexagram, Chun, really connotes a blade of grass pushing against an obstacle as it sprouts out of the earth—hence the meanin…	Primera línea poco alineada (Jaccard 2%). | Solapamiento léxico bajo MT↔Baynes (2%).
4	intro	pair	0%	0%	divergent	Divergente	4. Mong / DIE JUGENDTORHEIT oben Gen, das Stillehalten, der Berg unten Kan, das Abgründige, das Wasser Auf doppelte Weise ist das Gedenken d…	MYMEMORY WARNING: YOU USED ALL AVAILABLE FREE TRANSLATIONS FOR TODAY. NEXT AVAILABLE IN 03 HOURS 29 MINUTES 36 SECONDS VISIT HTTPS://MYMEMOR…	In this hexagram we are reminded of youth and folly in two different ways. The image of the upper trigram, Kên, is the mountain, that of the…	Primera línea poco alineada (Jaccard 0%). | Solapamiento léxico bajo MT↔Baynes (0%).
5	intro	pair	3%	3%	divergent	Divergente	5. Sü / DAS WARTEN (DIE ERNÄHRUNG) oben das Abgründige, das Wasser unten das Schöpferische, der Himmel Alle Wesen bedürfen der Nahrung von o…	MYMEMORY WARNING: YOU USED ALL AVAILABLE FREE TRANSLATIONS FOR TODAY. NEXT AVAILABLE IN 03 HOURS 29 MINUTES 34 SECONDS VISIT HTTPS://MYMEMOR…	All beings have need of nourishment from above. But the gift of food comes in its own time, and for this one must wait. This hexagram shows …	Primera línea poco alineada (Jaccard 2%). | Solapamiento léxico bajo MT↔Baynes (2%).
6	intro	pair	0%	0%	divergent	Divergente	6. Sung / DER STREIT oben Kiën, das Schöpferische, der Himmel unten Kan, das Abgründige, das Wasser Das obere Urzeichen, dessen Bild der Him…	MYMEMORY WARNING: YOU USED ALL AVAILABLE FREE TRANSLATIONS FOR TODAY. NEXT AVAILABLE IN 03 HOURS 29 MINUTES 33 SECONDS VISIT HTTPS://MYMEMOR…	The upper trigram, whose image is heaven, has an upward movement; the lower trigram, water, in accordance with its nature, tends downward. T…	Primera línea poco alineada (Jaccard 0%). | Solapamiento léxico bajo MT↔Baynes (0%).
7	intro	pair	2%	2%	divergent	Divergente	7. Schï / DAS HEER oben Kun, das Empfangende, die Erde unten Kan, das Abgründige, das Wasser Das Zeichen setzt sich zusammen aus dem Urzeich…	MYMEMORY WARNING: YOU USED ALL AVAILABLE FREE TRANSLATIONS FOR TODAY. NEXT AVAILABLE IN 03 HOURS 29 MINUTES 32 SECONDS VISIT HTTPS://MYMEMOR…	This hexagram is made up of the trigrams K'an, water, and K'un, earth, and thus it symbolizes the ground water stored up in the earth. In th…	Primera línea poco alineada (Jaccard 1%). | Solapamiento léxico bajo MT↔Baynes (2%).
8	intro	pair	2%	2%	divergent	Divergente	8. Bi / DAS ZUSAMMENHALTEN oben Kan, das Abgründige, das Wasser unten Kun, das Empfangende, die Erde Das Wasser über der Erde fließt zusamme…	MYMEMORY WARNING: YOU USED ALL AVAILABLE FREE TRANSLATIONS FOR TODAY. NEXT AVAILABLE IN 03 HOURS 29 MINUTES 31 SECONDS VISIT HTTPS://MYMEMOR…	The waters on the surface of the earth flow together wherever they can, as for example in the ocean, where all the rivers come together. Sym…	Primera línea poco alineada (Jaccard 2%). | Solapamiento léxico bajo MT↔Baynes (2%).
9	intro	pair	0%	0%	divergent	Divergente	9. Siau Tschu / DES KLEINEN ZÄHMUNGSKRAFT oben Sun, das Sanfte, der Wind unten Kiën, das Schöpferische, der Himmel Das Zeichen bedeutet das …	MYMEMORY WARNING: YOU USED ALL AVAILABLE FREE TRANSLATIONS FOR TODAY. NEXT AVAILABLE IN 03 HOURS 29 MINUTES 29 SECONDS VISIT HTTPS://MYMEMOR…	This hexagram means the force of the small—the power of the shadowy—that restrains, tames, impedes. A weak line in the fourth place, that of…	Primera línea poco alineada (Jaccard 0%). | Solapamiento léxico bajo MT↔Baynes (0%).
10	intro	pair	2%	2%	divergent	Divergente	10. Lü / DAS AUFTRETEN oben Kiën, das Schöpferische, der Himmel unten Dui, das Heitere, der See Das Auftreten bedeutet einerseits die richti…	MYMEMORY WARNING: YOU USED ALL AVAILABLE FREE TRANSLATIONS FOR TODAY. NEXT AVAILABLE IN 03 HOURS 29 MINUTES 28 SECONDS VISIT HTTPS://MYMEMOR…	The name of the hexagram means on the one hand the right way of conducting oneself. Heaven, the father, is above, and the lake, the youngest…	Primera línea poco alineada (Jaccard 2%). | Solapamiento léxico bajo MT↔Baynes (2%).
11	intro	pair	2%	2%	divergent	Divergente	11. Tai / DER FRIEDE oben Kun, das Empfangende, die Erde unten Kiën, das Schöpferische, der Himmel Das Empfangende, dessen Bewegung sich nac…	MYMEMORY WARNING: YOU USED ALL AVAILABLE FREE TRANSLATIONS FOR TODAY. NEXT AVAILABLE IN 03 HOURS 29 MINUTES 27 SECONDS VISIT HTTPS://MYMEMOR…	The Receptive, which moves downward, stands above; the Creative, which moves upward, is below. Hence their influences meet and are in harmon…	Primera línea poco alineada (Jaccard 2%). | Solapamiento léxico bajo MT↔Baynes (2%).
12	intro	pair	0%	0%	divergent	Divergente	12. Pi / DIE STOCKUNG oben Kiën, das Schöpferische, der Himmel unten Kun, das Empfangende, die Erde Das Zeichen ist das gerade Gegenteil des…	MYMEMORY WARNING: YOU USED ALL AVAILABLE FREE TRANSLATIONS FOR TODAY. NEXT AVAILABLE IN 03 HOURS 29 MINUTES 27 SECONDS VISIT HTTPS://MYMEMOR…	This hexagram is the opposite of the preceding one. Heaven is above, drawing farther and farther away, while the earth below sinks farther i…	Primera línea poco alineada (Jaccard 0%). | Solapamiento léxico bajo MT↔Baynes (0%).
13	intro	pair	0%	0%	divergent	Divergente	13. Tung Jen / GEMEINSCHAFT MIT MENSCHEN oben Kiën, das Schöpferische, der Himmel unten Li, das Haftende, die Flamme Das Bild des oberen Urz…	MYMEMORY WARNING: YOU USED ALL AVAILABLE FREE TRANSLATIONS FOR TODAY. NEXT AVAILABLE IN 03 HOURS 29 MINUTES 27 SECONDS VISIT HTTPS://MYMEMOR…	The image of the upper trigram Ch'ien is heaven, and that of the lower, Li, is flame. It is the nature of fire to flame up to heaven. This g…	Primera línea poco alineada (Jaccard 0%). | Solapamiento léxico bajo MT↔Baynes (0%).
14	intro	pair	2%	2%	divergent	Divergente	14. Da Yu / DER BESITZ VON GROSSEM oben Li, das Haftende, die Flamme unten Kiën, das Schöpferische, der Himmel Das Feuer am Himmel oben stra…	MYMEMORY WARNING: YOU USED ALL AVAILABLE FREE TRANSLATIONS FOR TODAY. NEXT AVAILABLE IN 03 HOURS 29 MINUTES 26 SECONDS VISIT HTTPS://MYMEMOR…	The fire in heaven above shines far, and all things stand out in the light and become manifest. The weak fifth line occupies the place of ho…	Primera línea poco alineada (Jaccard 2%). | Solapamiento léxico bajo MT↔Baynes (2%).
15	intro	pair	0%	0%	divergent	Divergente	15. Kiën / DIE BESCHEIDENHEIT oben Kun, das Empfangende, die Erde unten Gen, das Stillehalten, der Berg Das Zeichen setzt sich zusammen aus …	MYMEMORY WARNING: YOU USED ALL AVAILABLE FREE TRANSLATIONS FOR TODAY. NEXT AVAILABLE IN 03 HOURS 29 MINUTES 26 SECONDS VISIT HTTPS://MYMEMOR…	This hexagram is made up of the trigrams Kên, Keeping Still, mountain, and K'un. The mountain is the youngest son of the Creative, the repre…	Primera línea poco alineada (Jaccard 0%). | Solapamiento léxico bajo MT↔Baynes (0%).
16	intro	pair	3%	3%	divergent	Divergente	16. Yü / DIE BEGEISTERUNG oben Dschen, das Erregende, der Donner unten Kun, das Empfangende, die Erde Die starke Linie auf viertem Platz, de…	MYMEMORY WARNING: YOU USED ALL AVAILABLE FREE TRANSLATIONS FOR TODAY. NEXT AVAILABLE IN 03 HOURS 29 MINUTES 25 SECONDS VISIT HTTPS://MYMEMOR…	The strong line in the fourth place, that of the leading official, meets with response and obedience from all the other lines, which are all…	Primera línea poco alineada (Jaccard 3%). | Solapamiento léxico bajo MT↔Baynes (3%).
17	intro	pair	0%	0%	divergent	Divergente	17. Sui / DIE NACHFOLGE oben Dui, das Heitere, der See unten Dschen, das Erregende, der Donner Oben ist das Heitere, dessen Charakter die Fr…	MYMEMORY WARNING: YOU USED ALL AVAILABLE FREE TRANSLATIONS FOR TODAY. NEXT AVAILABLE IN 03 HOURS 29 MINUTES 24 SECONDS VISIT HTTPS://MYMEMOR…	The trigram Tui, the Joyous, whose attribute is gladness, is above; Chên, the Arousing, which has the attribute of movement, is below. Joy i…	Primera línea poco alineada (Jaccard 0%). | Solapamiento léxico bajo MT↔Baynes (0%).
18	intro	pair	1%	1%	divergent	Divergente	18. Gu / DIE ARBEIT AM VERDORBENEN oben Gen, das Stillehalten, der Berg unten Sun, das Sanfte, der Wind Das chinesische Zeichen Gu stellt ei…	MYMEMORY WARNING: YOU USED ALL AVAILABLE FREE TRANSLATIONS FOR TODAY. NEXT AVAILABLE IN 03 HOURS 29 MINUTES 23 SECONDS VISIT HTTPS://MYMEMOR…	The Chinese character ku represents a bowl in whose contents worms are breeding. This means decay. It has come about because the gentle indi…	Primera línea poco alineada (Jaccard 1%). | Solapamiento léxico bajo MT↔Baynes (1%).
19	intro	pair	0%	0%	divergent	Divergente	19. Lin / DIE ANNÄHERUNG oben Kun, das Empfangende, die Erde unten Dui, das Heitere, der See Das chinesische Wort Lin hat eine Reihe von Bed…	MYMEMORY WARNING: YOU USED ALL AVAILABLE FREE TRANSLATIONS FOR TODAY. NEXT AVAILABLE IN 03 HOURS 29 MINUTES 22 SECONDS VISIT HTTPS://MYMEMOR…	The Chinese word lin has a range of meanings that is not exhausted by any single word of another language. The ancient explanations in the B…	Primera línea poco alineada (Jaccard 0%). | Solapamiento léxico bajo MT↔Baynes (0%).
20	intro	pair	1%	2%	divergent	Divergente	20. Guan / DIE BETRACHTUNG (DER ANBLICK) oben Sun, das Sanfte, der Wind unten Kun, das Empfangende, die Erde Der chinesische Name des Zeiche…	MYMEMORY WARNING: YOU USED ALL AVAILABLE FREE TRANSLATIONS FOR TODAY. NEXT AVAILABLE IN 03 HOURS 29 MINUTES 21 SECONDS VISIT HTTPS://MYMEMOR…	A slight variation of tonal stress gives the Chinese name for this hexagram a double meaning. It means both contemplating and being seen, in…	Primera línea poco alineada (Jaccard 2%). | Solapamiento léxico bajo MT↔Baynes (1%).
21	intro	pair	1%	1%	divergent	Divergente	21. Schï Ho / DAS DURCHBEISSEN oben Li, das Haftende, das Feuer unten Dschen, das Erregende, der Donner Das Zeichen stellt einen geöffneten …	MYMEMORY WARNING: YOU USED ALL AVAILABLE FREE TRANSLATIONS FOR TODAY. NEXT AVAILABLE IN 03 HOURS 29 MINUTES 20 SECONDS VISIT HTTPS://MYMEMOR…	This hexagram represents an open mouth (cf. hexagram 27) with an obstruction (in the fourth place) between the teeth. As a result the lips c…	Primera línea poco alineada (Jaccard 1%). | Solapamiento léxico bajo MT↔Baynes (1%).
22	intro	pair	0%	0%	divergent	Divergente	22. Bi / DIE ANMUT oben Gen, das Stillehalten, der Berg unten Li, das Haftende, das Feuer Das Zeichen zeigt ein Feuer, das aus den geheimen …	MYMEMORY WARNING: YOU USED ALL AVAILABLE FREE TRANSLATIONS FOR TODAY. NEXT AVAILABLE IN 03 HOURS 29 MINUTES 19 SECONDS VISIT HTTPS://MYMEMOR…	This hexagram shows a fire that breaks out of the secret depths of the earth and, blazing up, illuminates and beautifies the mountain, the h…	Primera línea poco alineada (Jaccard 0%). | Solapamiento léxico bajo MT↔Baynes (0%).
23	intro	pair	1%	0%	divergent	Divergente	23. Bo / DIE ZERSPLITTERUNG oben Gen, das Stillehalten, der Berg unten Kun, das Empfangende, die Erde Die dunklen Linien sind im Begriff, na…	MYMEMORY WARNING: YOU USED ALL AVAILABLE FREE TRANSLATIONS FOR TODAY. NEXT AVAILABLE IN 03 HOURS 29 MINUTES 19 SECONDS VISIT HTTPS://MYMEMOR…	The dark lines are about to mount upward and overthrow the last firm, light line by exerting a disintegrating influence on it. The inferior,…	Estructura: DE 6 líneas vs Baynes 2 (MT: 3). | Primera línea poco alineada (Jaccard 0%). | Solapamiento léxico bajo MT↔Baynes (1%).
24	intro	pair	2%	2%	divergent	Divergente	24. Fu / DIE WIEDERKEHR (DIE WENDEZEIT) oben Kun, das Empfangende, die Erde unten Dschen, das Erregende, der Donner Die Wendezeit wird dadur…	MYMEMORY WARNING: YOU USED ALL AVAILABLE FREE TRANSLATIONS FOR TODAY. NEXT AVAILABLE IN 03 HOURS 29 MINUTES 18 SECONDS VISIT HTTPS://MYMEMOR…	The idea of a turning point arises from the fact that after the dark lines have pushed all of the light lines upward and out of the hexagram…	Primera línea poco alineada (Jaccard 2%). | Solapamiento léxico bajo MT↔Baynes (2%).
25	intro	pair	1%	1%	divergent	Divergente	25. Wu Wang / DIE UNSCHULD (DAS UNERWARTETE) oben Kiën, das Schöpferische, der Himmel unten Dschen, das Erregende, der Donner Oben ist Kiën,…	MYMEMORY WARNING: YOU USED ALL AVAILABLE FREE TRANSLATIONS FOR TODAY. NEXT AVAILABLE IN 03 HOURS 29 MINUTES 17 SECONDS VISIT HTTPS://MYMEMOR…	Ch'ien, heaven, is above; Chên, movement, is below. The lower trigram Chên is under the influence of the strong line it has received from ab…	Primera línea poco alineada (Jaccard 1%). | Solapamiento léxico bajo MT↔Baynes (1%).
26	intro	pair	1%	0%	divergent	Divergente	26. Da Tschu / DES GROSSEN ZÄHMUNGSKRAFT oben Gen, das Stillehalten, der Berg unten Kiën, das Schöpferische, der Himmel Das »Schöpferische« …	MYMEMORY WARNING: YOU USED ALL AVAILABLE FREE TRANSLATIONS FOR TODAY. NEXT AVAILABLE IN 03 HOURS 29 MINUTES 16 SECONDS VISIT HTTPS://MYMEMOR…	The Creative is tamed by Kên, Keeping Still. This produces great power, a situation in contrast to that of the ninth hexagram, Hsiao Ch'u, T…	Primera línea poco alineada (Jaccard 0%). | Solapamiento léxico bajo MT↔Baynes (1%).
27	intro	pair	2%	2%	divergent	Divergente	27. I / DIE MUNDWINKEL (DIE ERNÄHRUNG) oben Gen, das Stillehalten, der Berg unten Dschen, das Erregende, der Donner Das Zeichen ist das Bild…	MYMEMORY WARNING: YOU USED ALL AVAILABLE FREE TRANSLATIONS FOR TODAY. NEXT AVAILABLE IN 03 HOURS 29 MINUTES 15 SECONDS VISIT HTTPS://MYMEMOR…	This hexagram is a picture of an open mouth; above and below are the firm lines of the lips, and between them the opening. Starting with the…	Primera línea poco alineada (Jaccard 2%). | Solapamiento léxico bajo MT↔Baynes (2%).
28	intro	pair	2%	2%	divergent	Divergente	28. Da Go / DES GROSSEN ÜBERGEWICHT oben Dui, das Heitere, der See unten Sun, das Sanfte, der Wind, das Holz Das Zeichen besteht aus vier st…	MYMEMORY WARNING: YOU USED ALL AVAILABLE FREE TRANSLATIONS FOR TODAY. NEXT AVAILABLE IN 03 HOURS 29 MINUTES 14 SECONDS VISIT HTTPS://MYMEMOR…	This hexagram consists of four strong lines inside and two weak lines outside. When the strong are outside and the weak inside, all is well …	Primera línea poco alineada (Jaccard 2%). | Solapamiento léxico bajo MT↔Baynes (2%).
29	intro	pair	3%	1%	divergent	Divergente	29. Kan / DAS ABGRÜNDIGE, DAS WASSER oben Kan, das Abgründige, das Wasser unten Kan, das Abgründige, das Wasser Das Zeichen besteht aus der …	MYMEMORY WARNING: YOU USED ALL AVAILABLE FREE TRANSLATIONS FOR TODAY. NEXT AVAILABLE IN 03 HOURS 29 MINUTES 13 SECONDS VISIT HTTPS://MYMEMOR…	This hexagram consists of a doubling of the trigram K'an. It is one of the eight hexagrams in which doubling occurs. The trigram K'an means …	Primera línea poco alineada (Jaccard 1%). | Solapamiento léxico bajo MT↔Baynes (3%).
30	intro	pair	1%	1%	divergent	Divergente	30. Li / DAS HAFTENDE, DAS FEUER oben Li, das Haftende, das Feuer unten Li, das Haftende, das Feuer Auch dieses Zeichen ist ein Doppelzeiche…	MYMEMORY WARNING: YOU USED ALL AVAILABLE FREE TRANSLATIONS FOR TODAY. NEXT AVAILABLE IN 03 HOURS 29 MINUTES 12 SECONDS VISIT HTTPS://MYMEMOR…	This hexagram is another double sign. The trigram Li means, ""to cling to something,"" ""to be conditioned,"" ""to depend or rest on something,"" …	Primera línea poco alineada (Jaccard 1%). | Solapamiento léxico bajo MT↔Baynes (1%).
31	intro	pair	1%	0%	divergent	Divergente	31. Hiën / DIE EINWIRKUNG (DIE WERBUNG) oben Dui, das Heitere, der See unten Gen, das Stillehalten, der Berg Der Name des Zeichens bedeutet …	MYMEMORY WARNING: YOU USED ALL AVAILABLE FREE TRANSLATIONS FOR TODAY. NEXT AVAILABLE IN 03 HOURS 29 MINUTES 11 SECONDS VISIT HTTPS://MYMEMOR…	The name of the hexagram means ""universal,"" ""general,"" and in a figurative sense ""to influence,"" ""to stimulate."" The upper trigram is Tui, t…	Primera línea poco alineada (Jaccard 0%). | Solapamiento léxico bajo MT↔Baynes (1%).
32	intro	pair	0%	0%	divergent	Divergente	32. Hong / DIE DAUER oben Dschen, das Erregende, der Donner unten Sun, das Sanfte, der Wind Das starke Zeichen Dschen ist oben, das schwache…	MYMEMORY WARNING: YOU USED ALL AVAILABLE FREE TRANSLATIONS FOR TODAY. NEXT AVAILABLE IN 03 HOURS 29 MINUTES 09 SECONDS VISIT HTTPS://MYMEMOR…	The strong trigram Chên is above, the weak trigram Sun below. This hexagram is the inverse of the preceding one. In the latter we have influ…	Primera línea poco alineada (Jaccard 0%). | Solapamiento léxico bajo MT↔Baynes (0%).
33	intro	pair	0%	0%	divergent	Divergente	33. Dun / DER RÜCKZUG oben Kiën, das Schöpferische, der Himmel unten Gen, das Stillehalten, der Berg Die Kraft des Schattigen ist im Aufstei…	MYMEMORY WARNING: YOU USED ALL AVAILABLE FREE TRANSLATIONS FOR TODAY. NEXT AVAILABLE IN 03 HOURS 29 MINUTES 09 SECONDS VISIT HTTPS://MYMEMOR…	The power of the dark is ascending. The light retreats to security, so that the dark cannot encroach upon it. This retreat is a matter not o…	Primera línea poco alineada (Jaccard 0%). | Solapamiento léxico bajo MT↔Baynes (0%).
34	intro	pair	0%	0%	divergent	Divergente	34. Da Dschuang / DES GROSSEN MACHT oben Dschen, das Erregende, der Donner unten Kiën, das Schöpferische, der Himmel Die großen, d.h. lichte…	MYMEMORY WARNING: YOU USED ALL AVAILABLE FREE TRANSLATIONS FOR TODAY. NEXT AVAILABLE IN 03 HOURS 29 MINUTES 08 SECONDS VISIT HTTPS://MYMEMOR…	The great lines, that is, the light, strong lines, are powerful. Four light lines have entered the hexagram from below and are about to asce…	Primera línea poco alineada (Jaccard 0%). | Solapamiento léxico bajo MT↔Baynes (0%).
35	intro	pair	0%	0%	divergent	Divergente	35. Dsin / DER FORTSCHRITT oben Li, das Haftende, das Feuer unten Kun, das Empfangende, die Erde Das Zeichen stellt die Sonne dar, die über …	MYMEMORY WARNING: YOU USED ALL AVAILABLE FREE TRANSLATIONS FOR TODAY. NEXT AVAILABLE IN 03 HOURS 29 MINUTES 08 SECONDS VISIT HTTPS://MYMEMOR…	The hexagram represents the sun rising over the earth. It is therefore the symbol of rapid, easy progress, which at the same time means ever…	Primera línea poco alineada (Jaccard 0%). | Solapamiento léxico bajo MT↔Baynes (0%).
36	intro	pair	0%	0%	divergent	Divergente	36. Ming I / DIE VERFINSTERUNG DES LICHTS oben Kun, das Empfangende, die Erde unten Li, das Haftende, das Feuer Die Sonne ist hier unter die…	MYMEMORY WARNING: YOU USED ALL AVAILABLE FREE TRANSLATIONS FOR TODAY. NEXT AVAILABLE IN 03 HOURS 29 MINUTES 08 SECONDS VISIT HTTPS://MYMEMOR…	Here the sun has sunk under the earth and is therefore darkened. The name of the hexagram means literally ""wounding of the bright""; hence th…	Primera línea poco alineada (Jaccard 0%). | Solapamiento léxico bajo MT↔Baynes (0%).
37	intro	pair	2%	2%	divergent	Divergente	37. Gia Jen / DIE SIPPE oben Sun, das Sanfte, der Wind unten Li, das Haftende, das Feuer Das Zeichen stellt die Gesetze dar, die innerhalb d…	MYMEMORY WARNING: YOU USED ALL AVAILABLE FREE TRANSLATIONS FOR TODAY. NEXT AVAILABLE IN 03 HOURS 29 MINUTES 07 SECONDS VISIT HTTPS://MYMEMOR…	This hexagram represents the laws obtaining within the family. The strong line at the top represents the father, the lowest the son. The str…	Primera línea poco alineada (Jaccard 2%). | Solapamiento léxico bajo MT↔Baynes (2%).
38	intro	pair	0%	0%	divergent	Divergente	38. Kui / DER GEGENSATZ oben Li, das Haftende, die Flamme unten Dui, das Heitere, der See Das Zeichen besteht aus dem oberen Urzeichen Li, d…	MYMEMORY WARNING: YOU USED ALL AVAILABLE FREE TRANSLATIONS FOR TODAY. NEXT AVAILABLE IN 03 HOURS 29 MINUTES 05 SECONDS VISIT HTTPS://MYMEMOR…	This hexagram is composed of the trigram Li above, i.e., flame, which burns upward, and Tui below, i.e., the lake, which seeps downward. The…	Primera línea poco alineada (Jaccard 0%). | Solapamiento léxico bajo MT↔Baynes (0%).
39	intro	pair	2%	2%	divergent	Divergente	39. Giën / DAS HEMMNIS oben Kan, das Abgründige, das Wasser unten Gen, das Stillehalten, der Berg Das Zeichen stellt einen gefährlichen Abgr…	MYMEMORY WARNING: YOU USED ALL AVAILABLE FREE TRANSLATIONS FOR TODAY. NEXT AVAILABLE IN 03 HOURS 29 MINUTES 04 SECONDS VISIT HTTPS://MYMEMOR…	The hexagram pictures a dangerous abyss lying before us and a steep, inaccessible mountain rising behind us. We are surrounded by obstacles;…	Primera línea poco alineada (Jaccard 1%). | Solapamiento léxico bajo MT↔Baynes (1%).
40	intro	pair	0%	0%	divergent	Divergente	40. Hië / DIE BEFREIUNG oben Dschen, das Erregende, der Donner unten Kan, das Abgründige, das Wasser Die Bewegung geht hier aus der Gefahr h…	MYMEMORY WARNING: YOU USED ALL AVAILABLE FREE TRANSLATIONS FOR TODAY. NEXT AVAILABLE IN 03 HOURS 29 MINUTES 03 SECONDS VISIT HTTPS://MYMEMOR…	Here the movement goes out of the sphere of danger. The obstacle has been removed, the difficulties are being resolved. Deliverance is not y…	Primera línea poco alineada (Jaccard 0%). | Solapamiento léxico bajo MT↔Baynes (0%).
41	intro	pair	0%	0%	divergent	Divergente	41. Sun / DIE MINDERUNG oben Gen, das Stillehalten, der Berg unten Dui, das Heitere, der See Das Zeichen stellt eine Minderung des unteren Z…	MYMEMORY WARNING: YOU USED ALL AVAILABLE FREE TRANSLATIONS FOR TODAY. NEXT AVAILABLE IN 03 HOURS 29 MINUTES 03 SECONDS VISIT HTTPS://MYMEMOR…	This hexagram represents a decrease of the lower trigram in favor of the upper, because the third line, originally strong, has moved up to t…	Primera línea poco alineada (Jaccard 0%). | Solapamiento léxico bajo MT↔Baynes (0%).
42	intro	pair	0%	0%	divergent	Divergente	42. I / DIE MEHRUNG oben Sun, das Sanfte, der Wind unten Dschen, das Erregende, der Donner Der Gedanke der Mehrung drückt sich dadurch aus, …	MYMEMORY WARNING: YOU USED ALL AVAILABLE FREE TRANSLATIONS FOR TODAY. NEXT AVAILABLE IN 03 HOURS 29 MINUTES 02 SECONDS VISIT HTTPS://MYMEMOR…	The idea of increase is expressed in the fact that the strong lowest line of the upper trigram has sunk down and taken its place under the l…	Primera línea poco alineada (Jaccard 0%). | Solapamiento léxico bajo MT↔Baynes (0%).
43	intro	pair	0%	0%	divergent	Divergente	43. Guai / DER DURCHBRUCH (DIE ENTSCHLOSSENHEIT) oben Dui, das Heitere, der See unten Kiën, das Schöpferische, der Himmel Das Zeichen bedeut…	MYMEMORY WARNING: YOU USED ALL AVAILABLE FREE TRANSLATIONS FOR TODAY. NEXT AVAILABLE IN 03 HOURS 29 MINUTES 01 SECONDS VISIT HTTPS://MYMEMOR…	This hexagram signifies on the one hand a break-through after a long accumulation of tension, as a swollen river breaks through its dikes, o…	Primera línea poco alineada (Jaccard 0%). | Solapamiento léxico bajo MT↔Baynes (0%).
44	intro	pair	0%	0%	divergent	Divergente	44. Gou / DAS ENTGEGENKOMMEN oben Kiën, das Schöpferische, der Himmel unten Sun, das Sanfte, der Wind Das Zeichen deutet auf eine Lage, da d…	MYMEMORY WARNING: YOU USED ALL AVAILABLE FREE TRANSLATIONS FOR TODAY. NEXT AVAILABLE IN 03 HOURS 29 MINUTES 00 SECONDS VISIT HTTPS://MYMEMOR…	This hexagram indicates a situation in which the principle of darkness, after having been eliminated, furtively and unexpectedly obtrudes ag…	Primera línea poco alineada (Jaccard 0%). | Solapamiento léxico bajo MT↔Baynes (0%).
45	intro	pair	1%	1%	divergent	Divergente	45. TSui / DIE SAMMLUNG oben Dui, das Heitere, der See unten Kun, das Empfangende, die Erde Das Zeichen ist dem Zeichen Bi, Zusammenhalten (…	MYMEMORY WARNING: YOU USED ALL AVAILABLE FREE TRANSLATIONS FOR TODAY. NEXT AVAILABLE IN 03 HOURS 28 MINUTES 59 SECONDS VISIT HTTPS://MYMEMOR…	This hexagram is related in form and meaning to Pi, HOLDING TOGETHER (8). In the latter, water is over the earth; here a lake is over the ea…	Primera línea poco alineada (Jaccard 1%). | Solapamiento léxico bajo MT↔Baynes (1%).
46	intro	pair	1%	1%	divergent	Divergente	46. Schong / DAS EMPORDRINGEN oben Kun, das Empfangende, die Erde unten Sun, das Sanfte, der Wind, das Holz Das untere Zeichen, Sun, hat als…	MYMEMORY WARNING: YOU USED ALL AVAILABLE FREE TRANSLATIONS FOR TODAY. NEXT AVAILABLE IN 03 HOURS 28 MINUTES 58 SECONDS VISIT HTTPS://MYMEMOR…	The lower trigram, Sun, represents wood, and the upper, K'un, means the earth. Linked with this is the idea that wood in the earth grows upw…	Primera línea poco alineada (Jaccard 1%). | Solapamiento léxico bajo MT↔Baynes (1%).
47	intro	pair	0%	0%	divergent	Divergente	47. Kun / DIE BEDRÄNGNIS oben Dui, das Heitere, der See unten Kan, das Abgründige, das Wasser Oben ist der See, das Wasser darunter. Der See…	MYMEMORY WARNING: YOU USED ALL AVAILABLE FREE TRANSLATIONS FOR TODAY. NEXT AVAILABLE IN 03 HOURS 28 MINUTES 57 SECONDS VISIT HTTPS://MYMEMOR…	The lake is above, water below; the lake is empty, dried up. Exhaustion is expressed in yet another way: at the top, a dark line is holding …	Primera línea poco alineada (Jaccard 0%). | Solapamiento léxico bajo MT↔Baynes (0%).
48	intro	pair	0%	0%	divergent	Divergente	48. Dsing / DER BRUNNEN oben Kan, das Abgründige, das Wasser unten Sun, das Sanfte, der Wind, das Holz Unten ist das Holz, oben das Wasser. …	MYMEMORY WARNING: YOU USED ALL AVAILABLE FREE TRANSLATIONS FOR TODAY. NEXT AVAILABLE IN 03 HOURS 28 MINUTES 56 SECONDS VISIT HTTPS://MYMEMOR…	Wood is below, water above. The wood goes down into the earth to bring up water. The image derives from the pole-and-bucket well of ancient …	Primera línea poco alineada (Jaccard 0%). | Solapamiento léxico bajo MT↔Baynes (0%).
49	intro	pair	1%	2%	divergent	Divergente	49. Go / DIE UMWÄLZUNG (DIE MAUSERUNG) oben Dui, das Heitere, der See. unten Li, das Haftende, das Feuer Das Zeichen bedeutet ursprünglich e…	MYMEMORY WARNING: YOU USED ALL AVAILABLE FREE TRANSLATIONS FOR TODAY. NEXT AVAILABLE IN 03 HOURS 28 MINUTES 55 SECONDS VISIT HTTPS://MYMEMOR…	The Chinese character for this hexagram means in its original sense an animal's pelt, which is changed in the course of the year by molting.…	Primera línea poco alineada (Jaccard 2%). | Solapamiento léxico bajo MT↔Baynes (1%).
50	intro	pair	2%	0%	divergent	Divergente	50. Ding / DER TIEGEL oben Li, das Haßende, das Feuer unten Sun, das Sanfte, der Wind, das Holz Das ganze Zeichen ist das Bild des Tiegels, …	MYMEMORY WARNING: YOU USED ALL AVAILABLE FREE TRANSLATIONS FOR TODAY. NEXT AVAILABLE IN 03 HOURS 28 MINUTES 54 SECONDS VISIT HTTPS://MYMEMOR…	The six lines construct the image of Ting, THE CALDRON; at the bottom are the legs, over them the belly, then come the ears (handles), and a…	Primera línea poco alineada (Jaccard 0%). | Solapamiento léxico bajo MT↔Baynes (2%).
51	intro	pair	0%	0%	divergent	Divergente	51. Dschen / DAS ERREGENDE oben Dschen, das Erregende, der Donner unten Dschen, das Erregende, der Donner Das Zeichen Dschen ist der älteste…	MYMEMORY WARNING: YOU USED ALL AVAILABLE FREE TRANSLATIONS FOR TODAY. NEXT AVAILABLE IN 03 HOURS 28 MINUTES 53 SECONDS VISIT HTTPS://MYMEMOR…	The hexagram Chên represents the eldest son, who seizes rule with energy and power. A yang line develops below two yin lines and presses upw…	Primera línea poco alineada (Jaccard 0%). | Solapamiento léxico bajo MT↔Baynes (0%).
52	intro	pair	2%	0%	divergent	Divergente	52. Gen / DAS STILLEHALTEN, DER BERG oben Gen, das Stillehalten, der Berg unten Gen, das Stillehalten, der Berg Das Bild des Zeichens ist de…	MYMEMORY WARNING: YOU USED ALL AVAILABLE FREE TRANSLATIONS FOR TODAY. NEXT AVAILABLE IN 03 HOURS 28 MINUTES 52 SECONDS VISIT HTTPS://MYMEMOR…	The image of this hexagram is the mountain, the youngest son of heaven and earth. The male principle is at the top, because it strives upwar…	Estructura: DE 6 líneas vs Baynes 2 (MT: 3). | Primera línea poco alineada (Jaccard 0%). | Solapamiento léxico bajo MT↔Baynes (2%).
53	intro	pair	0%	0%	divergent	Divergente	53. Dsien / DIE ENTWICKLUNG oben Sun, das Sanfte, der Wind, das Holz unten Gen, das Stillehalten, der Berg Das Zeichen besteht aus Sun (Holz…	MYMEMORY WARNING: YOU USED ALL AVAILABLE FREE TRANSLATIONS FOR TODAY. NEXT AVAILABLE IN 03 HOURS 28 MINUTES 51 SECONDS VISIT HTTPS://MYMEMOR…	This hexagram is made up of Sun (wood, penetration) above, i.e., without, and Kên (mountain, stillness) below, i.e., within. A tree on a mou…	Primera línea poco alineada (Jaccard 0%). | Solapamiento léxico bajo MT↔Baynes (0%).
54	intro	pair	2%	2%	divergent	Divergente	54. Gui me / DAS HEIRATENDE MÄDCHEN oben Dschen, das Erregende, der Donner unten Dui, das Heitere, der See Oben ist Dschen, der älteste Sohn…	MYMEMORY WARNING: YOU USED ALL AVAILABLE FREE TRANSLATIONS FOR TODAY. NEXT AVAILABLE IN 03 HOURS 28 MINUTES 50 SECONDS VISIT HTTPS://MYMEMOR…	Above we have Chên, the eldest son, and below, Tui, the youngest daughter. The man leads and the girl follows him in gladness. The picture i…	DE mucho más largo que Baynes (1779 vs 678 chars) — posible mezcla de comentario Wilhelm en campo oráculo. | Estructura: DE 5 líneas vs Baynes 1 (MT: 6). | Primera línea poco alineada (Jaccard 2%). | Solapamiento léxico bajo MT↔Baynes (2%).
55	intro	pair	0%	0%	divergent	Divergente	55. Fong / DIE FÜLLE oben Dschen, das Erregende, der Donner unten Li, das Haftende, die Flamme Dschen ist die Bewegung, Li die Flamme, deren…	MYMEMORY WARNING: YOU USED ALL AVAILABLE FREE TRANSLATIONS FOR TODAY. NEXT AVAILABLE IN 03 HOURS 28 MINUTES 48 SECONDS VISIT HTTPS://MYMEMOR…	Chên is movement; Li is flame, whose attribute is clarity. Clarity within, movement without—this produces greatness and abundance. The hexag…	Primera línea poco alineada (Jaccard 0%). | Solapamiento léxico bajo MT↔Baynes (0%).
56	intro	pair	0%	0%	divergent	Divergente	56. Lü / DER WANDERER oben Li, das Haftende, das Feuer unten Gen, das Stillehalten, der Berg Der Berg (Gen) steht still, oben das Feuer (Li)…	MYMEMORY WARNING: YOU USED ALL AVAILABLE FREE TRANSLATIONS FOR TODAY. NEXT AVAILABLE IN 03 HOURS 28 MINUTES 47 SECONDS VISIT HTTPS://MYMEMOR…	The mountain, Kên, stands still; above it fire, Li, flames up and does not tarry. Therefore the two trigrams do not stay together. Strange l…	Primera línea poco alineada (Jaccard 0%). | Solapamiento léxico bajo MT↔Baynes (0%).
57	intro	pair	2%	2%	divergent	Divergente	57. Sun / DAS SANFTE oben Sun, das Sanfte, der Wind, das Holz unten Sun, das Sanfte, der Wind, das Holz Sun ist eines der acht Doppelzeichen…	MYMEMORY WARNING: YOU USED ALL AVAILABLE FREE TRANSLATIONS FOR TODAY. NEXT AVAILABLE IN 03 HOURS 28 MINUTES 47 SECONDS VISIT HTTPS://MYMEMOR…	Sun is one of the eight doubled trigrams. It is the eldest daughter and symbolizes wind or wood; it has for its attribute gentleness, which …	Primera línea poco alineada (Jaccard 2%). | Solapamiento léxico bajo MT↔Baynes (2%).
58	intro	pair	1%	1%	divergent	Divergente	58. Dui / DAS HEITERE, DER SEE oben Dui, das Heitere, der See unten Dui, das Heitere, der See Dui ist wie Sun eines der acht Doppelzeichen. …	MYMEMORY WARNING: YOU USED ALL AVAILABLE FREE TRANSLATIONS FOR TODAY. NEXT AVAILABLE IN 03 HOURS 28 MINUTES 46 SECONDS VISIT HTTPS://MYMEMOR…	This hexagram, like Sun, is one of the eight formed by doubling of a trigram. The trigram Tui denotes the youngest daughter; it is symbolize…	Primera línea poco alineada (Jaccard 1%). | Solapamiento léxico bajo MT↔Baynes (1%).
59	intro	pair	0%	0%	divergent	Divergente	59. Huan / DIE AUFLÖSUNG oben Sun, das Sanfte, der Wind unten Kan, das Abgründige, das Wasser Der Wind, der oben über das Wasser fährt, zers…	MYMEMORY WARNING: YOU USED ALL AVAILABLE FREE TRANSLATIONS FOR TODAY. NEXT AVAILABLE IN 03 HOURS 28 MINUTES 45 SECONDS VISIT HTTPS://MYMEMOR…	Wind blowing over water disperses it, dissolving it into foam and mist. This suggests that when a man's vital energy is dammed up within him…	Primera línea poco alineada (Jaccard 0%). | Solapamiento léxico bajo MT↔Baynes (0%).
60	intro	pair	3%	4%	divergent	Divergente	60. Dsië / DIE BESCHRÄNKUNG oben Kan, das Abgründige, das Wasser unten Dui, das Heitere, der See Der See hat einen beschränkten Raum. Wenn m…	MYMEMORY WARNING: YOU USED ALL AVAILABLE FREE TRANSLATIONS FOR TODAY. NEXT AVAILABLE IN 03 HOURS 28 MINUTES 45 SECONDS VISIT HTTPS://MYMEMOR…	A lake occupies a limited space. When more water comes into it, it overflows. Therefore limits must be set for the water. The image shows wa…	Primera línea poco alineada (Jaccard 4%). | Solapamiento léxico bajo MT↔Baynes (3%).
61	intro	pair	1%	2%	divergent	Divergente	61. Dschung Fu / INNERE WAHRHEIT oben Sun, das Sanfte, der Wind unten Dui, das Heitere, der See Über dem See weht der Wind und bewegt die Ob…	MYMEMORY WARNING: YOU USED ALL AVAILABLE FREE TRANSLATIONS FOR TODAY. NEXT AVAILABLE IN 03 HOURS 28 MINUTES 44 SECONDS VISIT HTTPS://MYMEMOR…	The wind blows over the lake and stirs the surface of the water. Thus visible effects of the invisible manifest themselves. The hexagram con…	Primera línea poco alineada (Jaccard 2%). | Solapamiento léxico bajo MT↔Baynes (1%).
62	intro	pair	1%	1%	divergent	Divergente	62. Siau Go / DES KLEINEN ÜBERGEWICHT oben Dschen, das Erregende, der Donner unten Gen, das Stillehalten, der Berg Während bei dem Zeichen »…	MYMEMORY WARNING: YOU USED ALL AVAILABLE FREE TRANSLATIONS FOR TODAY. NEXT AVAILABLE IN 03 HOURS 28 MINUTES 42 SECONDS VISIT HTTPS://MYMEMOR…	While in the hexagram Ta Kuo, PREPONDERANCE OF THE GREAT (28), the strong lines preponderate and are within, inclosed between weak lines at …	Primera línea poco alineada (Jaccard 1%). | Solapamiento léxico bajo MT↔Baynes (1%).
63	intro	pair	1%	1%	divergent	Divergente	63. Gi Dsi / NACH DER VOLLENDUNG oben Kan, das Abgründige, das Wasser unten Li, das Haftende, das Feuer Das Zeichen ist die Ausgestaltung de…	MYMEMORY WARNING: YOU USED ALL AVAILABLE FREE TRANSLATIONS FOR TODAY. NEXT AVAILABLE IN 03 HOURS 28 MINUTES 41 SECONDS VISIT HTTPS://MYMEMOR…	This hexagram is the evolution of T'ai, PEACE (11). The transition from confusion to order is completed, and everything is in its proper pla…	Primera línea poco alineada (Jaccard 1%). | Solapamiento léxico bajo MT↔Baynes (1%).
64	intro	pair	3%	3%	divergent	Divergente	64. We Dsi / VOR DER VOLLENDUNG oben Li, das Haftende, die Flamme unten Kan, das Abgründige, das Wasser Es ist in dem Zeichen die Zeit anged…	MYMEMORY WARNING: YOU USED ALL AVAILABLE FREE TRANSLATIONS FOR TODAY. NEXT AVAILABLE IN 03 HOURS 28 MINUTES 39 SECONDS VISIT HTTPS://MYMEMOR…	This hexagram indicates a time when the transition from disorder to order is not yet completed. The change is indeed prepared for, since all…	Ruido OCR en texto DE (footer / paginación). | Primera línea poco alineada (Jaccard 3%). | Solapamiento léxico bajo MT↔Baynes (3%).
1	judgment_oraculo	pair	0%	0%	divergent	Divergente	Das Schöpferische wirkt erhabenes Gelingen, fördernd durch Beharrlichkeit.	MYMEMORY WARNING: YOU USED ALL AVAILABLE FREE TRANSLATIONS FOR TODAY. NEXT AVAILABLE IN 03 HOURS 28 MINUTES 38 SECONDS VISIT HTTPS://MYMEMOR…	THE CREATIVE works sublime success, Furthering through perseverance.	Primera línea poco alineada (Jaccard 0%). | Solapamiento léxico bajo MT↔Baynes (0%).
2	judgment_oraculo	pair	0%	0%	divergent	Divergente	Das Empfangende wirkt erhabenes Gelingen, fördernd durch die Beharrlichkeit einer Stute. Hat der Edle etwas zu unternehmen und will voraus, …	MYMEMORY WARNING: YOU USED ALL AVAILABLE FREE TRANSLATIONS FOR TODAY. NEXT AVAILABLE IN 03 HOURS 28 MINUTES 38 SECONDS VISIT HTTPS://MYMEMOR…	THE RECEPTIVE brings about sublime success, Furthering through the perseverance of a mare. If the superior man undertakes something and trie…	Primera línea poco alineada (Jaccard 0%). | Solapamiento léxico bajo MT↔Baynes (0%).
3	judgment_oraculo	pair	0%	0%	divergent	Divergente	Die Anfangsschwierigkeit wirkt erhabenes Gelingen. Fördernd durch Beharrlichkeit. Man soll nichts unternehmen. Fördernd ist es, Gehilfen ein…	MYMEMORY WARNING: YOU USED ALL AVAILABLE FREE TRANSLATIONS FOR TODAY. NEXT AVAILABLE IN 03 HOURS 28 MINUTES 38 SECONDS VISIT HTTPS://MYMEMOR…	Difficulty at the Beginning works supreme success, Furthering through perseverance. Nothing should be undertaken. It furthers one to appoint…	Primera línea poco alineada (Jaccard 0%). | Solapamiento léxico bajo MT↔Baynes (0%).
4	judgment_oraculo	pair	0%	0%	divergent	Divergente	Jugendtorheit hat Gelingen. Nicht ich suche den jungen Toren, der junge Tor sucht mich. Beim ersten Orakel gebe ich Auskunft. Fragt er zwei-…	MYMEMORY WARNING: YOU USED ALL AVAILABLE FREE TRANSLATIONS FOR TODAY. NEXT AVAILABLE IN 03 HOURS 28 MINUTES 38 SECONDS VISIT HTTPS://MYMEMOR…	YOUTHFUL FOLLY has success. It is not I who seek the young fool; The young fool seeks me. At the first oracle I inform him. If he asks two o…	Primera línea poco alineada (Jaccard 0%). | Solapamiento léxico bajo MT↔Baynes (0%).
5	judgment_oraculo	pair	3%	4%	divergent	Divergente	Das Warten. Wenn du wahrhaftig bist, so hast du Licht und Gelingen. Beharrlichkeit bringt Heil. Fördernd ist es, das große Wasser zu durchqu…	MYMEMORY WARNING: YOU USED ALL AVAILABLE FREE TRANSLATIONS FOR TODAY. NEXT AVAILABLE IN 03 HOURS 28 MINUTES 38 SECONDS VISIT HTTPS://MYMEMOR…	WAITING. If you are sincere, You have light and success. Perseverance brings good fortune. It furthers one to cross the great water.	Primera línea poco alineada (Jaccard 4%). | Solapamiento léxico bajo MT↔Baynes (3%).
6	judgment_oraculo	pair	2%	4%	divergent	Divergente	Der Streit: Du bist wahrhaftig und wirst gehemmt. Sorgliches Innehalten auf halbem Weg bringt Heil. Zu Ende führen bringt Unheil. Fördernd i…	MYMEMORY WARNING: YOU USED ALL AVAILABLE FREE TRANSLATIONS FOR TODAY. NEXT AVAILABLE IN 03 HOURS 28 MINUTES 38 SECONDS VISIT HTTPS://MYMEMOR…	CONFLICT. You are sincere And are being obstructed. A cautious halt halfway brings good fortune. Going through to the end brings misfortune.…	Primera línea poco alineada (Jaccard 4%). | Solapamiento léxico bajo MT↔Baynes (2%).
7	judgment_oraculo	pair	0%	0%	divergent	Divergente	Das Heer braucht Beharrlichkeit und einen starken Mann. Heil ohne Makel.	MYMEMORY WARNING: YOU USED ALL AVAILABLE FREE TRANSLATIONS FOR TODAY. NEXT AVAILABLE IN 03 HOURS 28 MINUTES 38 SECONDS VISIT HTTPS://MYMEMOR…	THE ARMY. The army needs perseverance And a strong man. Good fortune without blame.	Primera línea poco alineada (Jaccard 0%). | Solapamiento léxico bajo MT↔Baynes (0%).
8	judgment_oraculo	pair	2%	0%	divergent	Divergente	Das Zusammenhalten bringt Heil. Ergründe das Orakel nochmals, ob du Erhabenheit, Dauer und Beharrlichkeit hast; dann ist kein Makel da. Die …	MYMEMORY WARNING: YOU USED ALL AVAILABLE FREE TRANSLATIONS FOR TODAY. NEXT AVAILABLE IN 03 HOURS 28 MINUTES 37 SECONDS VISIT HTTPS://MYMEMOR…	HOLDING TOGETHER brings good fortune. Inquire of the oracle once again Whether you possess sublimity, constancy, and perseverance; Then ther…	Primera línea poco alineada (Jaccard 0%). | Solapamiento léxico bajo MT↔Baynes (2%).
9	judgment_oraculo	pair	0%	0%	divergent	Divergente	Des Kleinen Zähmungskraft hat Gelingen. Dichte Wolken, kein Regen von unserm westlichen Gebiet.	MYMEMORY WARNING: YOU USED ALL AVAILABLE FREE TRANSLATIONS FOR TODAY. NEXT AVAILABLE IN 03 HOURS 28 MINUTES 37 SECONDS VISIT HTTPS://MYMEMOR…	THE TAMING POWER OF THE SMALL Has success. Dense clouds, no rain from our western region.	Primera línea poco alineada (Jaccard 0%). | Solapamiento léxico bajo MT↔Baynes (0%).
10	judgment_oraculo	pair	0%	0%	divergent	Divergente	Auftreten auf des Tigers Schwanz. Er beißt den Menschen nicht. Gelingen.	MYMEMORY WARNING: YOU USED ALL AVAILABLE FREE TRANSLATIONS FOR TODAY. NEXT AVAILABLE IN 03 HOURS 28 MINUTES 37 SECONDS VISIT HTTPS://MYMEMOR…	TREADING. Treading upon the tail of the tiger. It does not bite the man. Success.	Primera línea poco alineada (Jaccard 0%). | Solapamiento léxico bajo MT↔Baynes (0%).
11	judgment_oraculo	pair	0%	0%	divergent	Divergente	Der Friede. Das Kleine geht hin, das Große kommt her. Heil! Gelingen!	MYMEMORY WARNING: YOU USED ALL AVAILABLE FREE TRANSLATIONS FOR TODAY. NEXT AVAILABLE IN 03 HOURS 28 MINUTES 37 SECONDS VISIT HTTPS://MYMEMOR…	PEACE. The small departs, The great approaches. Good fortune. Success.	Primera línea poco alineada (Jaccard 0%). | Solapamiento léxico bajo MT↔Baynes (0%).
12	judgment_oraculo	pair	0%	0%	divergent	Divergente	Die Stockung. Schlechte Menschen sind nicht fördernd für die Beharrlichkeit des Edlen. Das Große geht hin, das Kleine kommt herbei.	MYMEMORY WARNING: YOU USED ALL AVAILABLE FREE TRANSLATIONS FOR TODAY. NEXT AVAILABLE IN 03 HOURS 28 MINUTES 37 SECONDS VISIT HTTPS://MYMEMOR…	STANDSTILL. Evil people do not further The perseverance of the superior man. The great departs; the small approaches.	Primera línea poco alineada (Jaccard 0%). | Solapamiento léxico bajo MT↔Baynes (0%).
13	judgment_oraculo	pair	0%	0%	divergent	Divergente	Gemeinschaft mit Menschen im Freien: Gelingen. Fördernd ist es, das große Wasser zu durchqueren. Fördernd ist des Edlen Beharrlichkeit.	MYMEMORY WARNING: YOU USED ALL AVAILABLE FREE TRANSLATIONS FOR TODAY. NEXT AVAILABLE IN 03 HOURS 28 MINUTES 37 SECONDS VISIT HTTPS://MYMEMOR…	FELLOWSHIP WITH MEN in the open. Success. It furthers one to cross the great water. The perseverance of the superior man furthers.	Primera línea poco alineada (Jaccard 0%). | Solapamiento léxico bajo MT↔Baynes (0%).
14	judgment_oraculo	pair	0%	0%	divergent	Divergente	Der Besitz von Großem: Erhabenes Gelingen.	MYMEMORY WARNING: YOU USED ALL AVAILABLE FREE TRANSLATIONS FOR TODAY. NEXT AVAILABLE IN 03 HOURS 28 MINUTES 37 SECONDS VISIT HTTPS://MYMEMOR…	POSSESSION IN GREAT MEASURE. Supreme success.	Primera línea poco alineada (Jaccard 0%). | Solapamiento léxico bajo MT↔Baynes (0%).
15	judgment_oraculo	pair	0%	0%	divergent	Divergente	Bescheidenheit schafft Gelingen. Der Edle bringt zu Ende.	MYMEMORY WARNING: YOU USED ALL AVAILABLE FREE TRANSLATIONS FOR TODAY. NEXT AVAILABLE IN 03 HOURS 28 MINUTES 37 SECONDS VISIT HTTPS://MYMEMOR…	MODESTY creates success. The superior man carries things through.	Primera línea poco alineada (Jaccard 0%). | Solapamiento léxico bajo MT↔Baynes (0%).
16	judgment_oraculo	pair	0%	0%	divergent	Divergente	Die Begeisterung. Fördernd ist es, Gehilfen einzusetzen und Heere marschieren zu lassen.	MYMEMORY WARNING: YOU USED ALL AVAILABLE FREE TRANSLATIONS FOR TODAY. NEXT AVAILABLE IN 03 HOURS 28 MINUTES 37 SECONDS VISIT HTTPS://MYMEMOR…	ENTHUSIASM. It furthers one to install helpers And to set armies marching.	Primera línea poco alineada (Jaccard 0%). | Solapamiento léxico bajo MT↔Baynes (0%).
17	judgment_oraculo	pair	0%	0%	divergent	Divergente	Die Nachfolge hat erhabenes Gelingen. Fördernd ist Beharrlichkeit. Kein Makel.	MYMEMORY WARNING: YOU USED ALL AVAILABLE FREE TRANSLATIONS FOR TODAY. NEXT AVAILABLE IN 03 HOURS 28 MINUTES 36 SECONDS VISIT HTTPS://MYMEMOR…	FOLLOWING has supreme success. Perseverance furthers. No blame.	Primera línea poco alineada (Jaccard 0%). | Solapamiento léxico bajo MT↔Baynes (0%).
18	judgment_oraculo	pair	0%	0%	divergent	Divergente	Die Arbeit am Verdorbenen hat erhabenes Gelingen. Fördernd ist es, das große Wasser zu durchqueren. Vor dem Anfangspunkt drei Tage, nach dem…	MYMEMORY WARNING: YOU USED ALL AVAILABLE FREE TRANSLATIONS FOR TODAY. NEXT AVAILABLE IN 03 HOURS 28 MINUTES 36 SECONDS VISIT HTTPS://MYMEMOR…	WORK ON WHAT HAS BEEN SPOILED Has supreme success. It furthers one to cross the great water. Before the starting point, three days. After th…	Primera línea poco alineada (Jaccard 0%). | Solapamiento léxico bajo MT↔Baynes (0%).
19	judgment_oraculo	pair	0%	0%	divergent	Divergente	Die Annäherung hat erhabenes Gelingen. Fördernd ist Beharrlichkeit. Kommt der achte Monat, so gibt's Unheil.	MYMEMORY WARNING: YOU USED ALL AVAILABLE FREE TRANSLATIONS FOR TODAY. NEXT AVAILABLE IN 03 HOURS 28 MINUTES 36 SECONDS VISIT HTTPS://MYMEMOR…	APPPROACH has supreme success. Perseverance furthers. When the eighth month comes, There will be misfortune.	Primera línea poco alineada (Jaccard 0%). | Solapamiento léxico bajo MT↔Baynes (0%).
20	judgment_oraculo	pair	0%	0%	divergent	Divergente	Die Betrachtung. Die Waschung ist geschehen, aber noch nicht die Darbringung. Vertrauensvoll blicken sie zu ihm auf.	MYMEMORY WARNING: YOU USED ALL AVAILABLE FREE TRANSLATIONS FOR TODAY. NEXT AVAILABLE IN 03 HOURS 28 MINUTES 36 SECONDS VISIT HTTPS://MYMEMOR…	CONTEMPLATION. The ablution has been made, But not yet the offering. Full of trust they look up to him.	Primera línea poco alineada (Jaccard 0%). | Solapamiento léxico bajo MT↔Baynes (0%).
21	judgment_oraculo	pair	0%	0%	divergent	Divergente	Das Durchbeißen hat Gelingen. Fördernd ist es, Gericht walten zu lassen.	MYMEMORY WARNING: YOU USED ALL AVAILABLE FREE TRANSLATIONS FOR TODAY. NEXT AVAILABLE IN 20 HOURS 18 MINUTES 49 SECONDS VISIT HTTPS://MYMEMOR…	BITING THROUGH has success. It is favorable to let justice be administered.	Primera línea poco alineada (Jaccard 0%). | Solapamiento léxico bajo MT↔Baynes (0%).
22	judgment_oraculo	pair	0%	0%	divergent	Divergente	Anmut hat Gelingen. Im Kleinen ist es fördernd, etwas zu unternehmen.	MYMEMORY WARNING: YOU USED ALL AVAILABLE FREE TRANSLATIONS FOR TODAY. NEXT AVAILABLE IN 03 HOURS 28 MINUTES 36 SECONDS VISIT HTTPS://MYMEMOR…	GRACE has success. In small matters It is favorable to undertake something.	Primera línea poco alineada (Jaccard 0%). | Solapamiento léxico bajo MT↔Baynes (0%).
23	judgment_oraculo	pair	0%	0%	divergent	Divergente	Die Zersplitterung. Nicht fördernd ist es, wohin zu gehen.	MYMEMORY WARNING: YOU USED ALL AVAILABLE FREE TRANSLATIONS FOR TODAY. NEXT AVAILABLE IN 03 HOURS 28 MINUTES 36 SECONDS VISIT HTTPS://MYMEMOR…	SPLITTING APART. It does not further one To go anywhere.	Primera línea poco alineada (Jaccard 0%). | Solapamiento léxico bajo MT↔Baynes (0%).
24	judgment_oraculo	pair	0%	0%	divergent	Divergente	Die Wiederkehr. Gelingen. Ausgang und Eingang ohne Fehl. Freunde kommen ohne Makel. Hin und her geht der Weg. Am siebten Tage kommt die Wied…	MYMEMORY WARNING: YOU USED ALL AVAILABLE FREE TRANSLATIONS FOR TODAY. NEXT AVAILABLE IN 03 HOURS 28 MINUTES 36 SECONDS VISIT HTTPS://MYMEMOR…	RETURN. Success. Going out and coming in without error. Friends come without blame. To and fro goes the way. On the seventh day comes return…	Primera línea poco alineada (Jaccard 0%). | Solapamiento léxico bajo MT↔Baynes (0%).
25	judgment_oraculo	pair	0%	0%	divergent	Divergente	Die Unschuld. Erhabenes Gelingen. Fördernd ist Beharrlichkeit. Wenn jemand nicht recht ist, so hat er Unglück, und nicht fördernd ist es, ir…	MYMEMORY WARNING: YOU USED ALL AVAILABLE FREE TRANSLATIONS FOR TODAY. NEXT AVAILABLE IN 03 HOURS 28 MINUTES 36 SECONDS VISIT HTTPS://MYMEMOR…	INNOCENCE. Supreme success. Perseverance furthers. If someone is not as he should be, He has misfortune, And it does not further him To unde…	Primera línea poco alineada (Jaccard 0%). | Solapamiento léxico bajo MT↔Baynes (0%).
26	judgment_oraculo	pair	0%	0%	divergent	Divergente	Des Großen Zähmungskraft. Fördernd ist Beharrlichkeit. Nicht zu Hause essen bringt Heil. Fördernd ist es, das große Wasser zu durchqueren.	MYMEMORY WARNING: YOU USED ALL AVAILABLE FREE TRANSLATIONS FOR TODAY. NEXT AVAILABLE IN 03 HOURS 28 MINUTES 36 SECONDS VISIT HTTPS://MYMEMOR…	THE TAMING POWER OF THE GREAT. Perseverance furthers. Not eating at home brings good fortune. It furthers one to cross the great water.	Primera línea poco alineada (Jaccard 0%). | Solapamiento léxico bajo MT↔Baynes (0%).
27	judgment_oraculo	pair	0%	0%	divergent	Divergente	Die Mundwinkel. Beharrlichkeit bringt Heil. Sieh auf die Ernährung und womit einer selbst sucht seinen Mund zu füllen.	MYMEMORY WARNING: YOU USED ALL AVAILABLE FREE TRANSLATIONS FOR TODAY. NEXT AVAILABLE IN 03 HOURS 28 MINUTES 36 SECONDS VISIT HTTPS://MYMEMOR…	THE CORNERS OF THE MOUTH. Perseverance brings good fortune. Pay heed to the providing of nourishment And to what a man seeks To fill his own…	Primera línea poco alineada (Jaccard 0%). | Solapamiento léxico bajo MT↔Baynes (0%).
28	judgment_oraculo	pair	0%	0%	divergent	Divergente	Des Großen Übergewicht. Der Firstbalken biegt sich durch. Fördernd ist es, zu haben, wohin man gehe. Gelingen.	MYMEMORY WARNING: YOU USED ALL AVAILABLE FREE TRANSLATIONS FOR TODAY. NEXT AVAILABLE IN 03 HOURS 28 MINUTES 35 SECONDS VISIT HTTPS://MYMEMOR…	PREPONDERANCE OF THE GREAT. The ridgepole sags to the breaking point. It furthers one to have somewhere to go. Success.	Primera línea poco alineada (Jaccard 0%). | Solapamiento léxico bajo MT↔Baynes (0%).
29	judgment_oraculo	pair	3%	0%	divergent	Divergente	Das wiederholte Abgründige. Wenn du wahrhaftig bist, so hast du im Herzen Gelingen, und was du tust, hat Erfolg.	MYMEMORY WARNING: YOU USED ALL AVAILABLE FREE TRANSLATIONS FOR TODAY. NEXT AVAILABLE IN 03 HOURS 28 MINUTES 35 SECONDS VISIT HTTPS://MYMEMOR…	The Abysmal repeated. If you are sincere, you have success in your heart, And whatever you do succeeds.	Primera línea poco alineada (Jaccard 0%). | Solapamiento léxico bajo MT↔Baynes (3%).
30	judgment_oraculo	pair	0%	0%	divergent	Divergente	Das Haftende. Fördernd ist Beharrlichkeit. Sie bringt Gelingen. Pflege der Kuh bringt Heil.	MYMEMORY WARNING: YOU USED ALL AVAILABLE FREE TRANSLATIONS FOR TODAY. NEXT AVAILABLE IN 03 HOURS 28 MINUTES 35 SECONDS VISIT HTTPS://MYMEMOR…	THE CLINGING. Perseverance furthers. It brings success. Care of the cow brings good fortune.	Primera línea poco alineada (Jaccard 0%). | Solapamiento léxico bajo MT↔Baynes (0%).
31	judgment_oraculo	pair	0%	0%	divergent	Divergente	Die Einwirkung. Gelingen. Fördernd ist Beharrlichkeit. Ein Mädchen nehmen bringt Heil.	MYMEMORY WARNING: YOU USED ALL AVAILABLE FREE TRANSLATIONS FOR TODAY. NEXT AVAILABLE IN 03 HOURS 28 MINUTES 35 SECONDS VISIT HTTPS://MYMEMOR…	Influence. Success. Perseverance furthers. To take a maiden to wife brings good fortune.	Primera línea poco alineada (Jaccard 0%). | Solapamiento léxico bajo MT↔Baynes (0%).
32	judgment_oraculo	pair	0%	0%	divergent	Divergente	Gelingen. Kein Makel. Fördernd ist Beharrlichkeit. Fördernd ist, zu haben, wohin man gehe.	MYMEMORY WARNING: YOU USED ALL AVAILABLE FREE TRANSLATIONS FOR TODAY. NEXT AVAILABLE IN 03 HOURS 28 MINUTES 35 SECONDS VISIT HTTPS://MYMEMOR…	DURATION. Success. No blame. Perseverance furthers. It furthers one to have somewhere to go.	Primera línea poco alineada (Jaccard 0%). | Solapamiento léxico bajo MT↔Baynes (0%).
33	judgment_oraculo	pair	0%	0%	divergent	Divergente	Der Rückzug. Gelingen. Im Kleinen ist fördernd Beharrlichkeit.	MYMEMORY WARNING: YOU USED ALL AVAILABLE FREE TRANSLATIONS FOR TODAY. NEXT AVAILABLE IN 03 HOURS 28 MINUTES 35 SECONDS VISIT HTTPS://MYMEMOR…	RETREAT. Success. In what is small, perseverance furthers.	Primera línea poco alineada (Jaccard 0%). | Solapamiento léxico bajo MT↔Baynes (0%).
34	judgment_oraculo	pair	0%	0%	divergent	Divergente	Des Großen Macht. Fördernd ist Beharrlichkeit.	MYMEMORY WARNING: YOU USED ALL AVAILABLE FREE TRANSLATIONS FOR TODAY. NEXT AVAILABLE IN 03 HOURS 28 MINUTES 35 SECONDS VISIT HTTPS://MYMEMOR…	THE POWER OF THE GREAT. Perseverance furthers.	Primera línea poco alineada (Jaccard 0%). | Solapamiento léxico bajo MT↔Baynes (0%).
35	judgment_oraculo	pair	0%	0%	divergent	Divergente	Der Fortschritt: Der starke Fürst wird geehrt durch Pferde in großer Menge. An einem Tage wird er dreimal empfangen.	MYMEMORY WARNING: YOU USED ALL AVAILABLE FREE TRANSLATIONS FOR TODAY. NEXT AVAILABLE IN 20 HOURS 16 MINUTES 52 SECONDS VISIT HTTPS://MYMEMOR…	PROGRESS. The powerful prince Is honored with horses in large numbers. In a single day he is granted audience three times.	Primera línea poco alineada (Jaccard 0%). | Solapamiento léxico bajo MT↔Baynes (0%).
36	judgment_oraculo	pair	0%	0%	divergent	Divergente	Die Verfinsterung des Lichts. Fördernd ist es, in der Not beharrlich zu sein.	MYMEMORY WARNING: YOU USED ALL AVAILABLE FREE TRANSLATIONS FOR TODAY. NEXT AVAILABLE IN 03 HOURS 28 MINUTES 35 SECONDS VISIT HTTPS://MYMEMOR…	DARKENING OF THE LIGHT. In adversity It furthers one to be persevering.	Primera línea poco alineada (Jaccard 0%). | Solapamiento léxico bajo MT↔Baynes (0%).
37	judgment_oraculo	pair	0%	0%	divergent	Divergente	Die Sippe. Fördernd ist die Beharrlichkeit der Frau.	MYMEMORY WARNING: YOU USED ALL AVAILABLE FREE TRANSLATIONS FOR TODAY. NEXT AVAILABLE IN 03 HOURS 28 MINUTES 35 SECONDS VISIT HTTPS://MYMEMOR…	THE FAMILY. The perseverance of the woman furthers.	Primera línea poco alineada (Jaccard 0%). | Solapamiento léxico bajo MT↔Baynes (0%).
38	judgment_oraculo	pair	0%	0%	divergent	Divergente	Der Gegensatz. In kleinen Sachen Heil.	MYMEMORY WARNING: YOU USED ALL AVAILABLE FREE TRANSLATIONS FOR TODAY. NEXT AVAILABLE IN 03 HOURS 28 MINUTES 34 SECONDS VISIT HTTPS://MYMEMOR…	OPPOSITION. In small matters, good fortune.	Primera línea poco alineada (Jaccard 0%). | Solapamiento léxico bajo MT↔Baynes (0%).
39	judgment_oraculo	pair	0%	0%	divergent	Divergente	Das Hemmnis. Fördernd ist der Südwesten. Nicht fördernd ist der Nordosten. Fördernd ist es, den großen Mann zu sehen. Beharrlichkeit ist von…	MYMEMORY WARNING: YOU USED ALL AVAILABLE FREE TRANSLATIONS FOR TODAY. NEXT AVAILABLE IN 03 HOURS 28 MINUTES 34 SECONDS VISIT HTTPS://MYMEMOR…	OBSTRUCTION. The southwest furthers. The northeast does not further. It furthers one to see the great man. Perseverance brings good fortune.	Primera línea poco alineada (Jaccard 0%). | Solapamiento léxico bajo MT↔Baynes (0%).
40	judgment_oraculo	pair	0%	0%	divergent	Divergente	Die Befreiung. Fördernd ist der Südwesten. Wenn nichts mehr da ist, wohin man zu gehen hätte, ist das Wiederkommen von Heil. Wenn es noch et…	MYMEMORY WARNING: YOU USED ALL AVAILABLE FREE TRANSLATIONS FOR TODAY. NEXT AVAILABLE IN 03 HOURS 28 MINUTES 34 SECONDS VISIT HTTPS://MYMEMOR…	DELIVERANCE. The southwest furthers. If there is no longer anything where one has to go, Return brings good fortune. If there is still somet…	Primera línea poco alineada (Jaccard 0%). | Solapamiento léxico bajo MT↔Baynes (0%).
41	judgment_oraculo	pair	2%	0%	divergent	Divergente	Minderung verbunden mit Wahrhaftigkeit wirkt erhabenes Heil ohne Makel. Man kann darin beharrlich sein. Fördernd ist es, etwas zu unternehme…	MYMEMORY WARNING: YOU USED ALL AVAILABLE FREE TRANSLATIONS FOR TODAY. NEXT AVAILABLE IN 03 HOURS 28 MINUTES 34 SECONDS VISIT HTTPS://MYMEMOR…	DECREASE combined with sincerity Brings about supreme good fortune Without blame. One may be persevering in this. It furthers one to underta…	Primera línea poco alineada (Jaccard 0%). | Solapamiento léxico bajo MT↔Baynes (2%).
42	judgment_oraculo	pair	0%	0%	divergent	Divergente	Die Mehrung. Fördernd ist es, etwas zu unternehmen. Fördernd ist es, das große Wasser zu durchqueren.	MYMEMORY WARNING: YOU USED ALL AVAILABLE FREE TRANSLATIONS FOR TODAY. NEXT AVAILABLE IN 03 HOURS 28 MINUTES 34 SECONDS VISIT HTTPS://MYMEMOR…	INCREASE. It furthers one To undertake something. It furthers one to cross the great water.	Primera línea poco alineada (Jaccard 0%). | Solapamiento léxico bajo MT↔Baynes (0%).
43	judgment_oraculo	pair	0%	0%	divergent	Divergente	Der Durchbruch. Entschlossen muß man am Hof des Königs die Sache bekanntmachen. Der Wahrheit gemäß muß sie verkündet werden. Gefahr! Man muß…	MYMEMORY WARNING: YOU USED ALL AVAILABLE FREE TRANSLATIONS FOR TODAY. NEXT AVAILABLE IN 03 HOURS 28 MINUTES 34 SECONDS VISIT HTTPS://MYMEMOR…	BREAK-THROUGH. One must resolutely make the matter known At the court of the king. It must be announced truthfully. Danger. It is necessary …	Primera línea poco alineada (Jaccard 0%). | Solapamiento léxico bajo MT↔Baynes (0%).
44	judgment_oraculo	pair	0%	0%	divergent	Divergente	Das Entgegenkommen. Das Mädchen ist mächtig. Man soll ein solches Mädchen nicht heiraten.	MYMEMORY WARNING: YOU USED ALL AVAILABLE FREE TRANSLATIONS FOR TODAY. NEXT AVAILABLE IN 03 HOURS 28 MINUTES 34 SECONDS VISIT HTTPS://MYMEMOR…	COMING TO MEET. The maiden is powerful. One should not marry such a maiden.	Primera línea poco alineada (Jaccard 0%). | Solapamiento léxico bajo MT↔Baynes (0%).
45	judgment_oraculo	pair	0%	0%	divergent	Divergente	Die Sammlung. Gelingen. Der König naht sich seinem Tempel. Fördernd ist es, den großen Mann zu sehen. Das bringt Gelingen. Fördernd ist Beha…	MYMEMORY WARNING: YOU USED ALL AVAILABLE FREE TRANSLATIONS FOR TODAY. NEXT AVAILABLE IN 20 HOURS 15 MINUTES 23 SECONDS VISIT HTTPS://MYMEMOR…	GATHERING TOGETHER. Success. The king approaches his temple. It furthers one to see the great man. This brings success. Perseverance further…	Primera línea poco alineada (Jaccard 0%). | Solapamiento léxico bajo MT↔Baynes (0%).
46	judgment_oraculo	pair	0%	0%	divergent	Divergente	Das Empordringen hat erhabenes Gelingen. Man muß den großen Mann sehen. Fürchte dich nicht! Aufbruch nach Süden bringt Heil.	MYMEMORY WARNING: YOU USED ALL AVAILABLE FREE TRANSLATIONS FOR TODAY. NEXT AVAILABLE IN 03 HOURS 28 MINUTES 34 SECONDS VISIT HTTPS://MYMEMOR…	PUSHING UPWARD has supreme success. One must see the great man. Fear not. Departure toward the south Brings good fortune.	Primera línea poco alineada (Jaccard 0%). | Solapamiento léxico bajo MT↔Baynes (0%).
47	judgment_oraculo	pair	0%	0%	divergent	Divergente	Die Bedrängnis. Gelingen. Beharrlichkeit. Der große Mann wirkt Heil. Kein Makel. Wenn man etwas zu sagen hat, wird es nicht geglaubt.	MYMEMORY WARNING: YOU USED ALL AVAILABLE FREE TRANSLATIONS FOR TODAY. NEXT AVAILABLE IN 03 HOURS 28 MINUTES 34 SECONDS VISIT HTTPS://MYMEMOR…	OPPPRESSION. Success. Perseverance. The great man brings about good fortune. No blame. When one has something to say, It is not believed.	Primera línea poco alineada (Jaccard 0%). | Solapamiento léxico bajo MT↔Baynes (0%).
48	judgment_oraculo	pair	2%	0%	divergent	Divergente	Der Brunnen. Man mag die Stadt wechseln, aber kann nicht den Brunnen wechseln. Er nimmt nicht ab und nimmt nicht zu. Sie kommen und gehen un…	MYMEMORY WARNING: YOU USED ALL AVAILABLE FREE TRANSLATIONS FOR TODAY. NEXT AVAILABLE IN 03 HOURS 28 MINUTES 34 SECONDS VISIT HTTPS://MYMEMOR…	THE WELL. The town may be changed, But the well cannot be changed. It neither decreases nor increases. They come and go and draw from the we…	Primera línea poco alineada (Jaccard 0%). | Solapamiento léxico bajo MT↔Baynes (2%).
49	judgment_oraculo	pair	3%	0%	divergent	Divergente	Die Umwälzung. Am eigenen Tag, da findest du Glauben. Erhabenes Gelingen, fördernd durch Beharrlichkeit. Die Reue schwindet.	MYMEMORY WARNING: YOU USED ALL AVAILABLE FREE TRANSLATIONS FOR TODAY. NEXT AVAILABLE IN 03 HOURS 28 MINUTES 33 SECONDS VISIT HTTPS://MYMEMOR…	REVOLUTION. On your own day You are believed. Supreme success, Furthering through perseverance. Remorse disappears.	Primera línea poco alineada (Jaccard 0%). | Solapamiento léxico bajo MT↔Baynes (3%).
50	judgment_oraculo	pair	0%	0%	divergent	Divergente	Der Tiegel. Erhabenes Heil. Gelingen.	MYMEMORY WARNING: YOU USED ALL AVAILABLE FREE TRANSLATIONS FOR TODAY. NEXT AVAILABLE IN 03 HOURS 28 MINUTES 33 SECONDS VISIT HTTPS://MYMEMOR…	THE CALDRON. Supreme good fortune. Success.	Primera línea poco alineada (Jaccard 0%). | Solapamiento léxico bajo MT↔Baynes (0%).
51	judgment_oraculo	pair	2%	0%	divergent	Divergente	Das Erschüttern bringt Gelingen. Das Erschüttern kommt: Hu, Hu! Lachende Worte: Ha, Ha! Das Erschüttern erschreckt hundert Meilen, und er lä…	MYMEMORY WARNING: YOU USED ALL AVAILABLE FREE TRANSLATIONS FOR TODAY. NEXT AVAILABLE IN 03 HOURS 28 MINUTES 33 SECONDS VISIT HTTPS://MYMEMOR…	SHOCK brings success. Shock comes—oh, oh! Laughing words—ha, ha! The shock terrifies for a hundred miles, And he does not let fall the sacri…	Primera línea poco alineada (Jaccard 0%). | Solapamiento léxico bajo MT↔Baynes (2%).
52	judgment_oraculo	pair	0%	0%	divergent	Divergente	Stillehalten seines Rückens, so daß er seinen Leib nicht mehr empfindet. Er geht in seinen Hof und sieht nicht seine Menschen. Kein Makel.	MYMEMORY WARNING: YOU USED ALL AVAILABLE FREE TRANSLATIONS FOR TODAY. NEXT AVAILABLE IN 03 HOURS 28 MINUTES 33 SECONDS VISIT HTTPS://MYMEMOR…	KEEPING STILL. Keeping his back still So that he no longer feels his body. He goes into his courtyard And does not see his people. No blame.	Primera línea poco alineada (Jaccard 0%). | Solapamiento léxico bajo MT↔Baynes (0%).
53	judgment_oraculo	pair	0%	0%	divergent	Divergente	Die Entwicklung. Das Mädchen wird verheiratet. Heil! Fördernd ist Beharrlichkeit.	MYMEMORY WARNING: YOU USED ALL AVAILABLE FREE TRANSLATIONS FOR TODAY. NEXT AVAILABLE IN 03 HOURS 28 MINUTES 33 SECONDS VISIT HTTPS://MYMEMOR…	DEVELOPMENT. The maiden Is given in marriage. Good fortune. Perseverance furthers.	Primera línea poco alineada (Jaccard 0%). | Solapamiento léxico bajo MT↔Baynes (0%).
54	judgment_oraculo	pair	0%	0%	divergent	Divergente	Das heiratende Mädchen. Unternehmungen bringen Unheil. Nichts, das fördernd wäre.	MYMEMORY WARNING: YOU USED ALL AVAILABLE FREE TRANSLATIONS FOR TODAY. NEXT AVAILABLE IN 03 HOURS 28 MINUTES 33 SECONDS VISIT HTTPS://MYMEMOR…	THE MARRYING MAIDEN. Undertakings bring misfortune. Nothing that would further.	Primera línea poco alineada (Jaccard 0%). | Solapamiento léxico bajo MT↔Baynes (0%).
55	judgment_oraculo	pair	0%	0%	divergent	Divergente	Die Fülle hat Gelingen. Der König erreicht sie. Sei nicht traurig; du mußt sein wie die Sonne am Mittag.	MYMEMORY WARNING: YOU USED ALL AVAILABLE FREE TRANSLATIONS FOR TODAY. NEXT AVAILABLE IN 03 HOURS 28 MINUTES 33 SECONDS VISIT HTTPS://MYMEMOR…	ABUNDANCE has success. The king attains abundance. Be not sad. Be like the sun at midday.	Primera línea poco alineada (Jaccard 0%). | Solapamiento léxico bajo MT↔Baynes (0%).
56	judgment_oraculo	pair	0%	0%	divergent	Divergente	Der Wanderer. Durch Kleinheit Gelingen. Dem Wanderer ist Beharrlichkeit von Heil.	MYMEMORY WARNING: YOU USED ALL AVAILABLE FREE TRANSLATIONS FOR TODAY. NEXT AVAILABLE IN 03 HOURS 28 MINUTES 33 SECONDS VISIT HTTPS://MYMEMOR…	THE WANDERER. Success through smallness. Perseverance brings good fortune To the wanderer.	Primera línea poco alineada (Jaccard 0%). | Solapamiento léxico bajo MT↔Baynes (0%).
57	judgment_oraculo	pair	0%	0%	divergent	Divergente	Das Sanfte. Durch Kleines Gelingen. Fördernd ist es, zu haben, wohin man geht. Fördernd ist es, den großen Mann zu sehen.	MYMEMORY WARNING: YOU USED ALL AVAILABLE FREE TRANSLATIONS FOR TODAY. NEXT AVAILABLE IN 03 HOURS 28 MINUTES 33 SECONDS VISIT HTTPS://MYMEMOR…	THE GENTLE. Success through what is small. It furthers one to have somewhere to go. It furthers one to see the great man.	Primera línea poco alineada (Jaccard 0%). | Solapamiento léxico bajo MT↔Baynes (0%).
58	judgment_oraculo	pair	0%	0%	divergent	Divergente	Das Heitere. Gelingen. Günstig ist Beharrlichkeit.	MYMEMORY WARNING: YOU USED ALL AVAILABLE FREE TRANSLATIONS FOR TODAY. NEXT AVAILABLE IN 03 HOURS 28 MINUTES 32 SECONDS VISIT HTTPS://MYMEMOR…	THE JOYOUS. Success. Perseverance is favorable.	Primera línea poco alineada (Jaccard 0%). | Solapamiento léxico bajo MT↔Baynes (0%).
59	judgment_oraculo	pair	0%	0%	divergent	Divergente	Die Auflösung. Gelingen. Der König naht seinem Tempel. Fördernd ist es, das große Wasser zu durchqueren. Fördernd ist Beharrlichkeit.	MYMEMORY WARNING: YOU USED ALL AVAILABLE FREE TRANSLATIONS FOR TODAY. NEXT AVAILABLE IN 03 HOURS 28 MINUTES 32 SECONDS VISIT HTTPS://MYMEMOR…	DISPERSION. Success. The king approaches his temple. It furthers one to cross the great water. Perseverance furthers.	Primera línea poco alineada (Jaccard 0%). | Solapamiento léxico bajo MT↔Baynes (0%).
60	judgment_oraculo	pair	0%	0%	divergent	Divergente	Beschränkung. Gelingen. Bittere Beschränkung darf man nicht beharrlich üben.	MYMEMORY WARNING: YOU USED ALL AVAILABLE FREE TRANSLATIONS FOR TODAY. NEXT AVAILABLE IN 03 HOURS 28 MINUTES 32 SECONDS VISIT HTTPS://MYMEMOR…	LIMITATION. Success. Galling limitation must not be persevered in.	Primera línea poco alineada (Jaccard 0%). | Solapamiento léxico bajo MT↔Baynes (0%).
61	judgment_oraculo	pair	0%	0%	divergent	Divergente	Innere Wahrheit. Schweine und Fische. Heil! Fördernd ist es, das große Wasser zu durchqueren. Fördernd ist Beharrlichkeit.	MYMEMORY WARNING: YOU USED ALL AVAILABLE FREE TRANSLATIONS FOR TODAY. NEXT AVAILABLE IN 03 HOURS 28 MINUTES 32 SECONDS VISIT HTTPS://MYMEMOR…	INNER TRUTH. Pigs and fishes. Good fortune. It furthers one to cross the great water. Perseverance furthers.	Primera línea poco alineada (Jaccard 0%). | Solapamiento léxico bajo MT↔Baynes (0%).
62	judgment_oraculo	pair	0%	0%	divergent	Divergente	Des Kleinen Übergewicht. Gelingen. Fördernd ist Beharrlichkeit. Man mag kleine Dinge tun, man soll nicht große Dinge tun. Der fliegende Voge…	MYMEMORY WARNING: YOU USED ALL AVAILABLE FREE TRANSLATIONS FOR TODAY. NEXT AVAILABLE IN 03 HOURS 28 MINUTES 32 SECONDS VISIT HTTPS://MYMEMOR…	PREPONDERANCE OF THE SMALL. Success. Perseverance furthers. Small things may be done; great things should not be done. The flying bird bring…	Primera línea poco alineada (Jaccard 0%). | Solapamiento léxico bajo MT↔Baynes (0%).
63	judgment_oraculo	pair	0%	0%	divergent	Divergente	Gelingen im Kleinen. Fördernd ist Beharrlichkeit. Im Anfang Heil, am Ende Wirren.	MYMEMORY WARNING: YOU USED ALL AVAILABLE FREE TRANSLATIONS FOR TODAY. NEXT AVAILABLE IN 03 HOURS 28 MINUTES 32 SECONDS VISIT HTTPS://MYMEMOR…	AFTER COMPLETION. Success in small matters. Perseverance furthers. At the beginning good fortune, At the end disorder.	Primera línea poco alineada (Jaccard 0%). | Solapamiento léxico bajo MT↔Baynes (0%).
64	judgment_oraculo	pair	0%	0%	divergent	Divergente	Vor der Vollendung. Gelingen. Wenn aber der kleine Fuchs, wenn er beinahe den Übergang vollendet hat, mit dem Schwanz ins Wasser kommt, dann…	MYMEMORY WARNING: YOU USED ALL AVAILABLE FREE TRANSLATIONS FOR TODAY. NEXT AVAILABLE IN 03 HOURS 28 MINUTES 32 SECONDS VISIT HTTPS://MYMEMOR…	BEFORE COMPLETION. Success. But if the little fox, after nearly completing the crossing, Gets his tail in the water, There is nothing that w…	Primera línea poco alineada (Jaccard 0%). | Solapamiento léxico bajo MT↔Baynes (0%).
1	judgment_comentario	pair	1%	0%	divergent	Divergente	Dem ursprünglichen Sinne nach gehören die Eigenschaften paarweise zusammen. Für den, der dies Orakel gewinnt, bedeutet das, daß ihm Gelingen…	MYMEMORY WARNING: YOU USED ALL AVAILABLE FREE TRANSLATIONS FOR TODAY. NEXT AVAILABLE IN 03 HOURS 28 MINUTES 32 SECONDS VISIT HTTPS://MYMEMOR…	According to the original meaning, the attributes [sublimity, potentiality of success, power to further, perseverance] are paired. When an i…	Primera línea poco alineada (Jaccard 0%). | Solapamiento léxico bajo MT↔Baynes (1%).
2	judgment_comentario	pair	1%	1%	divergent	Divergente	Die vier Grundrichtungen des Schöpferischen: »erhabenes Gelingen, fördernd durch Beharrlichkeit« finden sich auch als Bezeichnung des Empfan…	MYMEMORY WARNING: YOU USED ALL AVAILABLE FREE TRANSLATIONS FOR TODAY. NEXT AVAILABLE IN 03 HOURS 28 MINUTES 26 SECONDS VISIT HTTPS://MYMEMOR…	The four fundamental aspects of the Creative—""sublime success, furthering through perseverance""—are also attributed to the Receptive. Here, …	Primera línea poco alineada (Jaccard 1%). | Solapamiento léxico bajo MT↔Baynes (1%).
3	judgment_comentario	pair	1%	1%	divergent	Divergente	Werdezeiten haben Schwierigkeiten. Es ist wie eine Erstgeburt. Aber diese Schwierigkeiten entstehen aus der Fülle dessen, was nach Gestaltun…	MYMEMORY WARNING: YOU USED ALL AVAILABLE FREE TRANSLATIONS FOR TODAY. NEXT AVAILABLE IN 03 HOURS 28 MINUTES 22 SECONDS VISIT HTTPS://MYMEMOR…	Times of growth are beset with difficulties. They resemble a first birth. But these difficulties arise from the very profusion of all that i…	Primera línea poco alineada (Jaccard 1%). | Solapamiento léxico bajo MT↔Baynes (1%).
4	judgment_comentario	pair	2%	1%	divergent	Divergente	In der Jugend ist Torheit nichts Schlimmes. Es kann ihr doch gelingen. Nur muß man einen erfahrenen Lehrer finden und ihm auf die rechte Wei…	MYMEMORY WARNING: YOU USED ALL AVAILABLE FREE TRANSLATIONS FOR TODAY. NEXT AVAILABLE IN 03 HOURS 28 MINUTES 22 SECONDS VISIT HTTPS://MYMEMOR…	In the time of youth, folly is not an evil. One may succeed in spite of it, provided one finds an experienced teacher and has the right atti…	Primera línea poco alineada (Jaccard 1%). | Solapamiento léxico bajo MT↔Baynes (2%).
5	judgment_comentario	pair	1%	0%	divergent	Divergente	Das Warten ist kein leeres Hoffen. Es hat die innere Gewißheit, sein Ziel zu erreichen. Nur diese innere Gewißheit gibt das Licht, das allei…	MYMEMORY WARNING: YOU USED ALL AVAILABLE FREE TRANSLATIONS FOR TODAY. NEXT AVAILABLE IN 03 HOURS 28 MINUTES 19 SECONDS VISIT HTTPS://MYMEMOR…	Waiting is not mere empty hoping. It has the inner certainty of reaching the goal. Such certainty alone gives that light which leads to succ…	Primera línea poco alineada (Jaccard 0%). | Solapamiento léxico bajo MT↔Baynes (1%).
6	judgment_comentario	pair	0%	0%	divergent	Divergente	Streit entsteht, wenn man im Gefühl seines Rechts auf Widerstand stößt. Ohne die Überzeugung des eigenen Rechts führt Widerstand zu Hinterli…	MYMEMORY WARNING: YOU USED ALL AVAILABLE FREE TRANSLATIONS FOR TODAY. NEXT AVAILABLE IN 03 HOURS 28 MINUTES 18 SECONDS VISIT HTTPS://MYMEMOR…	Conflict develops when one feels himself to be in the right and runs into opposition. If one is not convinced of being in the right, opposit…	Primera línea poco alineada (Jaccard 0%). | Solapamiento léxico bajo MT↔Baynes (0%).
7	judgment_comentario	pair	2%	1%	divergent	Divergente	Ein Heer ist eine Masse, die, um ein Heer zu werden, der Organisation bedarf. Ohne feste Disziplin läßt sich nichts erreichen. Diese Diszipl…	MYMEMORY WARNING: YOU USED ALL AVAILABLE FREE TRANSLATIONS FOR TODAY. NEXT AVAILABLE IN 03 HOURS 28 MINUTES 17 SECONDS VISIT HTTPS://MYMEMOR…	An army is a mass that needs organization in order to become a fighting force. Without strict discipline nothing can be accomplished, but th…	Primera línea poco alineada (Jaccard 1%). | Solapamiento léxico bajo MT↔Baynes (2%).
8	judgment_comentario	pair	1%	2%	divergent	Divergente	Es handelt sich darum, daß man sich mit andern zusammentut, um durch den Zusammenhalt sich gegenseitig zu ergänzen und zu fördern. Für einen…	MYMEMORY WARNING: YOU USED ALL AVAILABLE FREE TRANSLATIONS FOR TODAY. NEXT AVAILABLE IN 03 HOURS 28 MINUTES 16 SECONDS VISIT HTTPS://MYMEMOR…	What is required is that we unite with others, in order that all may complement and aid one another through holding together. But such holdi…	Primera línea poco alineada (Jaccard 2%). | Solapamiento léxico bajo MT↔Baynes (1%).
9	judgment_comentario	pair	1%	1%	divergent	Divergente	Das Gleichnis stammt aus der Lage der Verhältnisse in China zur Zeit des Königs Wen. Er stammte aus Westen, war aber damals im Osten am Hof …	MYMEMORY WARNING: YOU USED ALL AVAILABLE FREE TRANSLATIONS FOR TODAY. NEXT AVAILABLE IN 03 HOURS 28 MINUTES 14 SECONDS VISIT HTTPS://MYMEMOR…	This image refers to the state of affairs in China at the time when King Wên, who came originally from the west, was in the east at the cour…	Primera línea poco alineada (Jaccard 1%). | Solapamiento léxico bajo MT↔Baynes (1%).
10	judgment_comentario	pair	0%	0%	divergent	Divergente	Die Lage ist eigentlich schwierig. Stärkstes und Schwächstes ist unmittelbar beisammen. Das Schwache geht hinter dem Starken her und macht s…	MYMEMORY WARNING: YOU USED ALL AVAILABLE FREE TRANSLATIONS FOR TODAY. NEXT AVAILABLE IN 03 HOURS 28 MINUTES 13 SECONDS VISIT HTTPS://MYMEMOR…	The situation is really difficult. That which is strongest and that which is weakest are close together. The weak follows behind the strong …	Primera línea poco alineada (Jaccard 0%). | Solapamiento léxico bajo MT↔Baynes (0%).
11	judgment_comentario	pair	2%	2%	divergent	Divergente	Das Zeichen deutet in der Natur auf eine Zeit, da sozusagen der Himmel auf Erden ist. Der Himmel hat sich unter die Erde gestellt. So verein…	MYMEMORY WARNING: YOU USED ALL AVAILABLE FREE TRANSLATIONS FOR TODAY. NEXT AVAILABLE IN 03 HOURS 28 MINUTES 13 SECONDS VISIT HTTPS://MYMEMOR…	This hexagram denotes a time in nature when heaven seems to be on earth. Heaven has placed itself beneath the earth, and so their powers uni…	Primera línea poco alineada (Jaccard 2%). | Solapamiento léxico bajo MT↔Baynes (2%).
12	judgment_comentario	pair	1%	1%	divergent	Divergente	Himmel und Erde stehen außer Verkehr, und alle Dinge erstarren. Obere und Untere stehen außer Beziehung, und auf Erden herrscht Verwirrung u…	MYMEMORY WARNING: YOU USED ALL AVAILABLE FREE TRANSLATIONS FOR TODAY. NEXT AVAILABLE IN 03 HOURS 28 MINUTES 11 SECONDS VISIT HTTPS://MYMEMOR…	Heaven and earth are out of communion and all things are benumbed. What is above has no relation to what is below, and on earth confusion an…	Primera línea poco alineada (Jaccard 1%). | Solapamiento léxico bajo MT↔Baynes (1%).
13	judgment_comentario	pair	0%	0%	divergent	Divergente	Die wirkliche Gemeinschaft der Menschen muß auf Grund einer kosmischen Anteilnahme zustande kommen. Nicht Sonderzwecke des Ichs, sondern Men…	MYMEMORY WARNING: YOU USED ALL AVAILABLE FREE TRANSLATIONS FOR TODAY. NEXT AVAILABLE IN 03 HOURS 28 MINUTES 10 SECONDS VISIT HTTPS://MYMEMOR…	True fellowship among men must be based upon a concern that is universal. It is not the private interests of the individual that create last…	Primera línea poco alineada (Jaccard 0%). | Solapamiento léxico bajo MT↔Baynes (0%).
14	judgment_comentario	pair	0%	0%	divergent	Divergente	Die beiden Urzeichen zeigen an, daß Kraft und Klarheit sich vereinigen. Der Besitz von Großem ist vom Schicksal bestimmt und entspricht der …	MYMEMORY WARNING: YOU USED ALL AVAILABLE FREE TRANSLATIONS FOR TODAY. NEXT AVAILABLE IN 03 HOURS 28 MINUTES 10 SECONDS VISIT HTTPS://MYMEMOR…	The two trigrams indicate that strength and clarity unite. Possession in great measure is determined by fate and accords with the time. How …	Primera línea poco alineada (Jaccard 0%). | Solapamiento léxico bajo MT↔Baynes (0%).
15	judgment_comentario	pair	0%	0%	divergent	Divergente	Das Gesetz des Himmels macht das Volle leer und füllt das Bescheidene: wenn die Sonne am höchsten steht, muß sie nach himmlischem Gesetz dem…	MYMEMORY WARNING: YOU USED ALL AVAILABLE FREE TRANSLATIONS FOR TODAY. NEXT AVAILABLE IN 03 HOURS 28 MINUTES 09 SECONDS VISIT HTTPS://MYMEMOR…	It is the law of heaven to make fullness empty and to make full what is modest; when the sun is at its zenith, it must, according to the law…	Primera línea poco alineada (Jaccard 0%). | Solapamiento léxico bajo MT↔Baynes (0%).
16	judgment_comentario	pair	2%	2%	divergent	Divergente	Die Zeit der Begeisterung beruht darauf, daß ein bedeutender Mann da ist, der in Fühlung mit der Volksseele ist und in Übereinstimmung mit i…	MYMEMORY WARNING: YOU USED ALL AVAILABLE FREE TRANSLATIONS FOR TODAY. NEXT AVAILABLE IN 03 HOURS 28 MINUTES 08 SECONDS VISIT HTTPS://MYMEMOR…	The time of ENTHUSIASM derives from the fact that there is at hand an eminent man who is in sympathy with the spirit of the people and acts …	Primera línea poco alineada (Jaccard 2%). | Solapamiento léxico bajo MT↔Baynes (2%).
17	judgment_comentario	pair	1%	1%	divergent	Divergente	Um Nachfolge zu erreichen, muß man selbst erst sich anzupassen verstehen. Nur durch Dienen kommt man zum Herrschen; denn nur so erlangt man …	MYMEMORY WARNING: YOU USED ALL AVAILABLE FREE TRANSLATIONS FOR TODAY. NEXT AVAILABLE IN 03 HOURS 28 MINUTES 06 SECONDS VISIT HTTPS://MYMEMOR…	In order to obtain a following one must first know how to adapt oneself. If a man would rule he must first learn to serve, for only in this …	Primera línea poco alineada (Jaccard 1%). | Solapamiento léxico bajo MT↔Baynes (1%).
18	judgment_comentario	pair	0%	0%	divergent	Divergente	Was durch Schuld von Menschen verdorben ist, kann durch Arbeit von Menschen wieder gutgemacht werden. Es ist nicht unabänderliches Geschick,…	MYMEMORY WARNING: YOU USED ALL AVAILABLE FREE TRANSLATIONS FOR TODAY. NEXT AVAILABLE IN 03 HOURS 28 MINUTES 05 SECONDS VISIT HTTPS://MYMEMOR…	What has been spoiled through man's fault can be made good again through man's work. It is not immutable fate, as in the time of STANDSTILL,…	Primera línea poco alineada (Jaccard 0%). | Solapamiento léxico bajo MT↔Baynes (0%).
19	judgment_comentario	pair	2%	2%	divergent	Divergente	Das Zeichen als Ganzes deutet auf eine Zeit hoffnungsfrohen Fortschritts. Der Frühling naht. Freude und Nachgiebigkeit bringen Hohe und Nied…	MYMEMORY WARNING: YOU USED ALL AVAILABLE FREE TRANSLATIONS FOR TODAY. NEXT AVAILABLE IN 03 HOURS 28 MINUTES 04 SECONDS VISIT HTTPS://MYMEMOR…	The hexagram as a whole points to a time of joyous, hopeful progress. Spring is approaching. Joy and forbearance bring high and low nearer t…	Primera línea poco alineada (Jaccard 2%). | Solapamiento léxico bajo MT↔Baynes (2%).
20	judgment_comentario	pair	1%	2%	divergent	Divergente	Die Opferhandlung in China begann mit einer Waschung und Libation, durch die die Gottheit herbeigerufen wurde. Darauf wurden die Opfer darge…	MYMEMORY WARNING: YOU USED ALL AVAILABLE FREE TRANSLATIONS FOR TODAY. NEXT AVAILABLE IN 03 HOURS 28 MINUTES 03 SECONDS VISIT HTTPS://MYMEMOR…	The sacrificial ritual in China began with an ablution and a libation by which the Deity was invoked, after which the sacrifice was offered.…	Primera línea poco alineada (Jaccard 2%). | Solapamiento léxico bajo MT↔Baynes (1%).
21	judgment_comentario	pair	1%	1%	divergent	Divergente	Wenn ein Hindernis der Vereinigung entgegensteht, so schafft energisches Durchbeißen Erfolg. Das gilt in allen Verhältnissen. Immer wird die…	MYMEMORY WARNING: YOU USED ALL AVAILABLE FREE TRANSLATIONS FOR TODAY. NEXT AVAILABLE IN 03 HOURS 28 MINUTES 02 SECONDS VISIT HTTPS://MYMEMOR…	When an obstacle to union arises, energetic biting through brings success. This is true in all situations. Whenever unity cannot be establis…	Primera línea poco alineada (Jaccard 1%). | Solapamiento léxico bajo MT↔Baynes (1%).
22	judgment_comentario	pair	1%	1%	divergent	Divergente	Die Anmut bringt Gelingen. Aber sie ist nicht das Wesentliche, die Grundlage, sondern nur die Verzierung. Daher darf sie nur sparsam, im Kle…	MYMEMORY WARNING: YOU USED ALL AVAILABLE FREE TRANSLATIONS FOR TODAY. NEXT AVAILABLE IN 03 HOURS 28 MINUTES 00 SECONDS VISIT HTTPS://MYMEMOR…	Grace brings success. However, it is not the essential or fundamental thing; it is only the ornament and must therefore be used sparingly an…	Primera línea poco alineada (Jaccard 1%). | Solapamiento léxico bajo MT↔Baynes (1%).
23	judgment_comentario	pair	1%	2%	divergent	Divergente	Es ist eine Zeit, da die Gemeinen im Vordringen sind und eben im Begriff stehen, die letzten Starken und Edlen zu verdrängen. Darum, weil da…	MYMEMORY WARNING: YOU USED ALL AVAILABLE FREE TRANSLATIONS FOR TODAY. NEXT AVAILABLE IN 03 HOURS 27 MINUTES 58 SECONDS VISIT HTTPS://MYMEMOR…	This pictures a time when inferior people are pushing forward and are about to crowd out the few remaining strong and superior men. Under th…	Primera línea poco alineada (Jaccard 2%). | Solapamiento léxico bajo MT↔Baynes (1%).
24	judgment_comentario	pair	1%	2%	divergent	Divergente	Nach einer Zeit des Zerfalls kommt die Wendezeit. Das starke Licht, das zuvor vertrieben war, tritt wieder ein. Es gibt Bewegung. Diese Bewe…	MYMEMORY WARNING: YOU USED ALL AVAILABLE FREE TRANSLATIONS FOR TODAY. NEXT AVAILABLE IN 03 HOURS 27 MINUTES 57 SECONDS VISIT HTTPS://MYMEMOR…	After a time of decay comes the turning point. The powerful light that has been banished returns. There is movement, but it is not brought a…	Primera línea poco alineada (Jaccard 2%). | Solapamiento léxico bajo MT↔Baynes (1%).
25	judgment_comentario	pair	1%	1%	divergent	Divergente	Der Mensch hat vom Himmel die ursprünglich gute Natur erhalten, daß sie ihn bei allen Bewegungen leite. Durch Hingabe an dieses Göttliche in…	MYMEMORY WARNING: YOU USED ALL AVAILABLE FREE TRANSLATIONS FOR TODAY. NEXT AVAILABLE IN 03 HOURS 27 MINUTES 56 SECONDS VISIT HTTPS://MYMEMOR…	Man has received from heaven a nature innately good, to guide him in all his movements. By devotion to this divine spirit within himself, he…	Primera línea poco alineada (Jaccard 1%). | Solapamiento léxico bajo MT↔Baynes (1%).
26	judgment_comentario	pair	0%	0%	divergent	Divergente	Zum Festhalten und Ansammeln von großen, schöpferischen Kräften, wie es in dem Zeichen dargestellt ist, bedarf es eines starken, klaren Mann…	MYMEMORY WARNING: YOU USED ALL AVAILABLE FREE TRANSLATIONS FOR TODAY. NEXT AVAILABLE IN 03 HOURS 27 MINUTES 55 SECONDS VISIT HTTPS://MYMEMOR…	To hold firmly to great creative powers and store them up, as set forth in this hexagram, there is need of a strong, clearheaded man who is …	Primera línea poco alineada (Jaccard 0%). | Solapamiento léxico bajo MT↔Baynes (0%).
27	judgment_comentario	pair	2%	2%	divergent	Divergente	Bei der Zuwendung von Pflege und Ernährung ist es wichtig, daß für die rechten Leute gesorgt wird und man für seine eigene Ernährung in der …	MYMEMORY WARNING: YOU USED ALL AVAILABLE FREE TRANSLATIONS FOR TODAY. NEXT AVAILABLE IN 03 HOURS 27 MINUTES 54 SECONDS VISIT HTTPS://MYMEMOR…	In bestowing care and nourishment, it is important that the right people should be taken care of and that we should attend to our own nouris…	Primera línea poco alineada (Jaccard 1%). | Solapamiento léxico bajo MT↔Baynes (2%).
28	judgment_comentario	pair	1%	1%	divergent	Divergente	Das Große ist im Übergewicht. Die Belastung ist zu groß für die tragenden Kräfte. Der Firstbalken, auf dem das ganze Dach ruht, biegt sich d…	MYMEMORY WARNING: YOU USED ALL AVAILABLE FREE TRANSLATIONS FOR TODAY. NEXT AVAILABLE IN 03 HOURS 27 MINUTES 53 SECONDS VISIT HTTPS://MYMEMOR…	The weight of the great is excessive. The load is too heavy for the strength of the supports. The ridgepole, on which the whole roof rests, …	Primera línea poco alineada (Jaccard 1%). | Solapamiento léxico bajo MT↔Baynes (1%).
29	judgment_comentario	pair	2%	2%	divergent	Divergente	Durch die Wiederholung der Gefahr gewöhnt man sich daran. Das Wasser gibt das Beispiel für das rechte Verhalten in solchen Zuständen. Es fli…	MYMEMORY WARNING: YOU USED ALL AVAILABLE FREE TRANSLATIONS FOR TODAY. NEXT AVAILABLE IN 03 HOURS 27 MINUTES 52 SECONDS VISIT HTTPS://MYMEMOR…	Through repetition of danger we grow accustomed to it. Water sets the example for the right conduct under such circumstances. It flows on an…	Primera línea poco alineada (Jaccard 2%). | Solapamiento léxico bajo MT↔Baynes (2%).
30	judgment_comentario	pair	0%	0%	divergent	Divergente	Das Dunkle haftet am Lichten und vollendet so dessen Helligkeit. Indem das Helle Licht ausstrahlt, bedarf es des Beharrlichen im Innern, dam…	MYMEMORY WARNING: YOU USED ALL AVAILABLE FREE TRANSLATIONS FOR TODAY. NEXT AVAILABLE IN 03 HOURS 27 MINUTES 51 SECONDS VISIT HTTPS://MYMEMOR…	What is dark clings to what is light and so enhances the brightness of the latter. A luminous thing giving out light must have within itself…	Primera línea poco alineada (Jaccard 0%). | Solapamiento léxico bajo MT↔Baynes (0%).
31	judgment_comentario	pair	2%	2%	divergent	Divergente	Das Schwache ist oben, das Starke unten, dadurch ziehen sich ihre Kräfte an, so daß sie sich vereinigen. Das schafft das Gelingen. Denn alle…	MYMEMORY WARNING: YOU USED ALL AVAILABLE FREE TRANSLATIONS FOR TODAY. NEXT AVAILABLE IN 03 HOURS 27 MINUTES 49 SECONDS VISIT HTTPS://MYMEMOR…	The weak element is above, the strong below; hence their powers attract each other, so that they unite. This brings about success, for all s…	Primera línea poco alineada (Jaccard 2%). | Solapamiento léxico bajo MT↔Baynes (2%).
32	judgment_comentario	pair	2%	1%	divergent	Divergente	Die Dauer ist ein Zustand, dessen Bewegung sich nicht durch Hemmungen aufreibt. Sie ist nicht ein Ruhezustand; denn bloßer Stillstand ist Rü…	MYMEMORY WARNING: YOU USED ALL AVAILABLE FREE TRANSLATIONS FOR TODAY. NEXT AVAILABLE IN 03 HOURS 27 MINUTES 48 SECONDS VISIT HTTPS://MYMEMOR…	Duration is a state whose movement is not worn down by hindrances. It is not a state of rest, for mere standstill is regression. Duration is…	Primera línea poco alineada (Jaccard 1%). | Solapamiento léxico bajo MT↔Baynes (2%).
33	judgment_comentario	pair	1%	1%	divergent	Divergente	Die Verhältnisse sind so, daß die feindlichen Kräfte, durch die Zeit begünstigt, im Vorrücken sind. In diesem Fall ist der Rückzug das richt…	MYMEMORY WARNING: YOU USED ALL AVAILABLE FREE TRANSLATIONS FOR TODAY. NEXT AVAILABLE IN 03 HOURS 27 MINUTES 47 SECONDS VISIT HTTPS://MYMEMOR…	Conditions are such that the hostile forces favored by the time are advancing. In this case retreat is the right course, and it is through r…	Primera línea poco alineada (Jaccard 1%). | Solapamiento léxico bajo MT↔Baynes (1%).
34	judgment_comentario	pair	2%	2%	divergent	Divergente	Das Zeichen deutet auf eine Zeit, da innerer Wert gewaltig aufsteigt und zur Macht kommt. Aber die Stärke hat die Mitte schon überschritten.…	MYMEMORY WARNING: YOU USED ALL AVAILABLE FREE TRANSLATIONS FOR TODAY. NEXT AVAILABLE IN 03 HOURS 27 MINUTES 46 SECONDS VISIT HTTPS://MYMEMOR…	The hexagram points to a time when inner worth mounts with great force and comes to power. But its strength has already passed beyond the me…	Primera línea poco alineada (Jaccard 2%). | Solapamiento léxico bajo MT↔Baynes (2%).
35	judgment_comentario	pair	3%	0%	divergent	Divergente	Als Beispiel wird eine Zeit geschildert, da ein starker Lehnsfürst die übrigen Fürsten um den Großkönig in Gehorsam und Frieden versammelt u…	MYMEMORY WARNING: YOU USED ALL AVAILABLE FREE TRANSLATIONS FOR TODAY. NEXT AVAILABLE IN 03 HOURS 27 MINUTES 45 SECONDS VISIT HTTPS://MYMEMOR…	As an example of progress, this pictures a time when a powerful feudal lord rallies the other lords around the sovereign and pledges fealty …	Primera línea poco alineada (Jaccard 0%). | Solapamiento léxico bajo MT↔Baynes (3%).
36	judgment_comentario	pair	0%	0%	divergent	Divergente	Man darf sich auch von ungünstigen Verhältnissen nicht wehrlos mitreißen, nicht in seiner inneren Willenshaltung beugen lassen. Dies ist mög…	MYMEMORY WARNING: YOU USED ALL AVAILABLE FREE TRANSLATIONS FOR TODAY. NEXT AVAILABLE IN 03 HOURS 27 MINUTES 44 SECONDS VISIT HTTPS://MYMEMOR…	One must not unresistingly let himself be swept along by unfavorable circumstances, nor permit his steadfastness to be shaken. He can avoid …	Primera línea poco alineada (Jaccard 0%). | Solapamiento léxico bajo MT↔Baynes (0%).
37	judgment_comentario	pair	1%	1%	divergent	Divergente	Die Grundlage der Sippe sind die Beziehungen von Gatte und Gattin. Das Band, das die Sippe zusammenhält, liegt in der Treue und Beharrlichke…	MYMEMORY WARNING: YOU USED ALL AVAILABLE FREE TRANSLATIONS FOR TODAY. NEXT AVAILABLE IN 03 HOURS 27 MINUTES 44 SECONDS VISIT HTTPS://MYMEMOR…	The foundation of the family is the relationship between husband and wife. The tie that holds the family together lies in the loyalty and pe…	Primera línea poco alineada (Jaccard 1%). | Solapamiento léxico bajo MT↔Baynes (1%).
38	judgment_comentario	pair	2%	3%	divergent	Divergente	Wenn die Menschen in Gegensatz und Entfremdung leben, so läßt sich ein großes gemeinsames Werk nicht ausführen. Die Gesinnungen gehen zu wei…	MYMEMORY WARNING: YOU USED ALL AVAILABLE FREE TRANSLATIONS FOR TODAY. NEXT AVAILABLE IN 03 HOURS 27 MINUTES 42 SECONDS VISIT HTTPS://MYMEMOR…	When people live in opposition and estrangement they cannot carry out a great undertaking in common; their points of view diverge too widely…	Primera línea poco alineada (Jaccard 3%). | Solapamiento léxico bajo MT↔Baynes (2%).
39	judgment_comentario	pair	1%	1%	divergent	Divergente	Südwesten ist die Gegend des Rückzugs, Nordosten die Gegend des Vordringens. Es handelt sich um eine Lage, da sich Hemmnisse einem gegenüber…	MYMEMORY WARNING: YOU USED ALL AVAILABLE FREE TRANSLATIONS FOR TODAY. NEXT AVAILABLE IN 03 HOURS 27 MINUTES 41 SECONDS VISIT HTTPS://MYMEMOR…	The southwest is the region of retreat, the northeast that of advance. Here an individual is confronted by obstacles that cannot be overcome…	Primera línea poco alineada (Jaccard 1%). | Solapamiento léxico bajo MT↔Baynes (1%).
40	judgment_comentario	pair	1%	1%	divergent	Divergente	Es handelt sich um eine Zeit, da Spannungen und Verwicklungen sich zu lösen beginnen. In solchen Zeiten gilt es, sobald wie möglich zu den g…	MYMEMORY WARNING: YOU USED ALL AVAILABLE FREE TRANSLATIONS FOR TODAY. NEXT AVAILABLE IN 03 HOURS 27 MINUTES 40 SECONDS VISIT HTTPS://MYMEMOR…	This refers to a time in which tensions and complications begin to be eased. At such times we ought to make our way back to ordinary conditi…	Primera línea poco alineada (Jaccard 1%). | Solapamiento léxico bajo MT↔Baynes (1%).
41	judgment_comentario	pair	2%	2%	divergent	Divergente	Minderung bedeutet nicht unter allen Umständen etwas Schlechtes. Mehrung und Minderung kommen zu ihrer Zeit. Da gilt es, sich in die Zeit zu…	MYMEMORY WARNING: YOU USED ALL AVAILABLE FREE TRANSLATIONS FOR TODAY. NEXT AVAILABLE IN 03 HOURS 27 MINUTES 39 SECONDS VISIT HTTPS://MYMEMOR…	Decrease does not under all circumstances mean something bad. Increase and decrease come in their own time. What matters here is to understa…	Primera línea poco alineada (Jaccard 2%). | Solapamiento léxico bajo MT↔Baynes (2%).
42	judgment_comentario	pair	1%	1%	divergent	Divergente	Durch das Opfer, das von oben her zur Mehrung des Unteren gebracht wird, entsteht im Volk eine Stimmung der Freude und Dankbarkeit, die für …	MYMEMORY WARNING: YOU USED ALL AVAILABLE FREE TRANSLATIONS FOR TODAY. NEXT AVAILABLE IN 03 HOURS 27 MINUTES 38 SECONDS VISIT HTTPS://MYMEMOR…	Sacrifice on the part of those above for the increase of those below fills the people with a sense of joy and gratitude that is extremely va…	Primera línea poco alineada (Jaccard 1%). | Solapamiento léxico bajo MT↔Baynes (1%).
43	judgment_comentario	pair	1%	0%	divergent	Divergente	Wenn in einer Stadt auch nur ein Gemeiner an herrschendem Platz sich hält, so vermag er die Edlen zu bedrücken. Wenn im Herzen auch nur noch…	MYMEMORY WARNING: YOU USED ALL AVAILABLE FREE TRANSLATIONS FOR TODAY. NEXT AVAILABLE IN 03 HOURS 27 MINUTES 37 SECONDS VISIT HTTPS://MYMEMOR…	Even if only one inferior man is occupying a ruling position in a city, he is able to oppress superior men. Even a single passion still lurk…	Primera línea poco alineada (Jaccard 0%). | Solapamiento léxico bajo MT↔Baynes (1%).
44	judgment_comentario	pair	2%	0%	divergent	Divergente	Das Emporkommen des Gemeinen ist unter dem Bild eines frechen Mädchens gezeichnet, das sich leichthin preisgibt und dadurch die Herrschaft a…	MYMEMORY WARNING: YOU USED ALL AVAILABLE FREE TRANSLATIONS FOR TODAY. NEXT AVAILABLE IN 03 HOURS 27 MINUTES 36 SECONDS VISIT HTTPS://MYMEMOR…	The rise of the inferior element is pictured here in the image of a bold girl who lightly surrenders herself and thus seizes power. This wou…	Primera línea poco alineada (Jaccard 0%). | Solapamiento léxico bajo MT↔Baynes (2%).
45	judgment_comentario	pair	1%	0%	divergent	Divergente	Die Sammlung der Menschen in größeren Gemeinschaften ist entweder eine natürliche, wie innerhalb der Familie, oder eine künstliche, wie im S…	MYMEMORY WARNING: YOU USED ALL AVAILABLE FREE TRANSLATIONS FOR TODAY. NEXT AVAILABLE IN 03 HOURS 27 MINUTES 34 SECONDS VISIT HTTPS://MYMEMOR…	The gathering together of people in large communities is either a natural occurrence, as in the case of the family, or an artificial one, as…	Primera línea poco alineada (Jaccard 0%). | Solapamiento léxico bajo MT↔Baynes (1%).
46	judgment_comentario	pair	2%	2%	divergent	Divergente	Das Empordringen der tüchtigen Elemente stößt auf kein Hindernis, darum ist es von großem Erfolg begleitet. Die Art, die das Empordringen er…	MYMEMORY WARNING: YOU USED ALL AVAILABLE FREE TRANSLATIONS FOR TODAY. NEXT AVAILABLE IN 03 HOURS 27 MINUTES 33 SECONDS VISIT HTTPS://MYMEMOR…	The pushing upward of the good elements encounters no obstruction and is therefore accompanied by great success. The pushing upward is made …	Primera línea poco alineada (Jaccard 2%). | Solapamiento léxico bajo MT↔Baynes (2%).
47	judgment_comentario	pair	2%	2%	divergent	Divergente	Notzeiten sind das Gegenteil von Erfolg. Aber sie können zu Erfolg führen, wenn sie den rechten Menschen treffen. Wenn ein starker Mensch in…	MYMEMORY WARNING: YOU USED ALL AVAILABLE FREE TRANSLATIONS FOR TODAY. NEXT AVAILABLE IN 03 HOURS 27 MINUTES 32 SECONDS VISIT HTTPS://MYMEMOR…	Times of adversity are the reverse of times of success, but they can lead to success if they befall the right man. When a strong man meets w…	Primera línea poco alineada (Jaccard 2%). | Solapamiento léxico bajo MT↔Baynes (2%).
48	judgment_comentario	pair	2%	3%	divergent	Divergente	Die Hauptstädte wurden im alten China zuweilen verlegt, teils aus Gründen der Gunst der Lage, teils bei dem Wechsel der Dynastien. Der Baust…	MYMEMORY WARNING: YOU USED ALL AVAILABLE FREE TRANSLATIONS FOR TODAY. NEXT AVAILABLE IN 03 HOURS 27 MINUTES 32 SECONDS VISIT HTTPS://MYMEMOR…	In ancient China the capital cities were sometimes moved, partly for the sake of more favorable location, partly because of a change in dyna…	Primera línea poco alineada (Jaccard 3%). | Solapamiento léxico bajo MT↔Baynes (2%).
49	judgment_comentario	pair	2%	1%	divergent	Divergente	Staatliche Umwälzungen sind etwas überaus Schweres. Man darf sie nur im äußersten Notfall, wenn kein anderer Ausweg übrig ist, vornehmen. Ni…	MYMEMORY WARNING: YOU USED ALL AVAILABLE FREE TRANSLATIONS FOR TODAY. NEXT AVAILABLE IN 03 HOURS 27 MINUTES 30 SECONDS VISIT HTTPS://MYMEMOR…	Political revolutions are extremely grave matters. They should be undertaken only under stress of direst necessity, when there is no other w…	Primera línea poco alineada (Jaccard 1%). | Solapamiento léxico bajo MT↔Baynes (2%).
50	judgment_comentario	pair	2%	3%	divergent	Divergente	Während der Brunnen die soziale Grundlage der Gesellschaft behandelt, die wie das Wasser ist, das dem Holz zur Nahrung dient, so wird hier d…	MYMEMORY WARNING: YOU USED ALL AVAILABLE FREE TRANSLATIONS FOR TODAY. NEXT AVAILABLE IN 03 HOURS 27 MINUTES 29 SECONDS VISIT HTTPS://MYMEMOR…	While THE WELL relates to the social foundation of our life, and this foundation is likened to the water that serves to nourish growing wood…	Primera línea poco alineada (Jaccard 3%). | Solapamiento léxico bajo MT↔Baynes (2%).
51	judgment_comentario	pair	2%	2%	divergent	Divergente	Die Erschütterung, die durch das Hervortreten Gottes im Innern der Erde aufsteigt, macht, daß der Mensch sich fürchtet, aber diese Furcht vo…	MYMEMORY WARNING: YOU USED ALL AVAILABLE FREE TRANSLATIONS FOR TODAY. NEXT AVAILABLE IN 03 HOURS 27 MINUTES 28 SECONDS VISIT HTTPS://MYMEMOR…	The shock that comes from the manifestation of God within the depths of the earth makes man afraid, but this fear of God is good, for joy an…	Primera línea poco alineada (Jaccard 2%). | Solapamiento léxico bajo MT↔Baynes (2%).
52	judgment_comentario	pair	2%	0%	divergent	Divergente	Die wahre Ruhe ist die, daß man stillehält, wenn die Zeit gekommen ist, stillezuhalten, und daß man vorangeht, wenn die Zeit gekommen ist, v…	MYMEMORY WARNING: YOU USED ALL AVAILABLE FREE TRANSLATIONS FOR TODAY. NEXT AVAILABLE IN 03 HOURS 27 MINUTES 28 SECONDS VISIT HTTPS://MYMEMOR…	True quiet means keeping still when the time has come to keep still, and going forward when the time has come to go forward. In this way res…	Primera línea poco alineada (Jaccard 0%). | Solapamiento léxico bajo MT↔Baynes (2%).
53	judgment_comentario	pair	1%	1%	divergent	Divergente	Zögernd ist die Entwicklung, die dazu führt, daß das Mädchen dem Mann in sein Heim folgt. Es müssen die verschiedenen Formalitäten erledigt …	MYMEMORY WARNING: YOU USED ALL AVAILABLE FREE TRANSLATIONS FOR TODAY. NEXT AVAILABLE IN 03 HOURS 27 MINUTES 27 SECONDS VISIT HTTPS://MYMEMOR…	The development of events that leads to a girl's following a man to his home proceeds slowly. The various formalities must be disposed of be…	Primera línea poco alineada (Jaccard 1%). | Solapamiento léxico bajo MT↔Baynes (1%).
54	judgment_comentario	pair	2%	2%	divergent	Divergente	Ein Mädchen, das in die Familie aufgenommen ist, ohne Hauptfrau zu sein, muß sich besonders vorsichtig und zurückhaltend benehmen. Es darf s…	MYMEMORY WARNING: YOU USED ALL AVAILABLE FREE TRANSLATIONS FOR TODAY. NEXT AVAILABLE IN 03 HOURS 27 MINUTES 25 SECONDS VISIT HTTPS://MYMEMOR…	A girl who is taken into the family, but not as the chief wife, must behave with special caution and reserve. She must not take it upon hers…	Primera línea poco alineada (Jaccard 2%). | Solapamiento léxico bajo MT↔Baynes (2%).
55	judgment_comentario	pair	1%	1%	divergent	Divergente	Eine Zeit höchster Größe und Fülle herbeizuführen, ist nicht jedem Sterblichen beschieden. Es muß ein geborener Herrscher über die Menschen …	MYMEMORY WARNING: YOU USED ALL AVAILABLE FREE TRANSLATIONS FOR TODAY. NEXT AVAILABLE IN 03 HOURS 27 MINUTES 24 SECONDS VISIT HTTPS://MYMEMOR…	It is not given to every mortal to bring about a time of outstanding greatness and abundance. Only a born ruler of men is able to do it, bec…	Primera línea poco alineada (Jaccard 1%). | Solapamiento léxico bajo MT↔Baynes (1%).
56	judgment_comentario	pair	0%	0%	divergent	Divergente	Als Wanderer und Fremdling darf man nicht schroff sein und hoch hinaus wollen. Man hat keinen großen Bekanntenkreis, darum darf man sich nic…	MYMEMORY WARNING: YOU USED ALL AVAILABLE FREE TRANSLATIONS FOR TODAY. NEXT AVAILABLE IN 03 HOURS 27 MINUTES 23 SECONDS VISIT HTTPS://MYMEMOR…	When a man is a wanderer and stranger, he should not be gruff nor overbearing. He has no large circle of acquaintances, therefore he should …	Primera línea poco alineada (Jaccard 0%). | Solapamiento léxico bajo MT↔Baynes (0%).
57	judgment_comentario	pair	2%	2%	divergent	Divergente	Eindringlichkeit erzeugt allmähliche und unscheinbare Wirkungen. Es soll nicht durch Vergewaltigung gewirkt werden, sondern durch ununterbro…	MYMEMORY WARNING: YOU USED ALL AVAILABLE FREE TRANSLATIONS FOR TODAY. NEXT AVAILABLE IN 03 HOURS 27 MINUTES 23 SECONDS VISIT HTTPS://MYMEMOR…	Penetration produces gradual and inconspicuous effects. It should be effected not by an act of violation but by influence that never lapses.…	Primera línea poco alineada (Jaccard 2%). | Solapamiento léxico bajo MT↔Baynes (2%).
58	judgment_comentario	pair	2%	2%	divergent	Divergente	Die fröhliche Stimmung wirkt ansteckend, darum hat sie Erfolg. Aber die Freude bedarf als Grundlage der Beständigkeit, damit sie nicht zu un…	MYMEMORY WARNING: YOU USED ALL AVAILABLE FREE TRANSLATIONS FOR TODAY. NEXT AVAILABLE IN 03 HOURS 27 MINUTES 21 SECONDS VISIT HTTPS://MYMEMOR…	The joyous mood is infectious and therefore brings success. But joy must be based on steadfastness if it is not to degenerate into uncontrol…	Primera línea poco alineada (Jaccard 2%). | Solapamiento léxico bajo MT↔Baynes (2%).
59	judgment_comentario	pair	2%	0%	divergent	Divergente	Das Zeichen hat in seinem Text Ähnlichkeit mit dem Zeichen Tsui, »die Sammlung« (Nr. 45). Dort handelt es sich um Sammlung des Getrennten, w…	MYMEMORY WARNING: YOU USED ALL AVAILABLE FREE TRANSLATIONS FOR TODAY. NEXT AVAILABLE IN 03 HOURS 27 MINUTES 21 SECONDS VISIT HTTPS://MYMEMOR…	The text of this hexagram resembles that of Ts'ui, GATHERING TOGETHER (45). In the latter, the subject is the bringing together of elements …	Primera línea poco alineada (Jaccard 0%). | Solapamiento léxico bajo MT↔Baynes (2%).
60	judgment_comentario	pair	1%	1%	divergent	Divergente	Schranken sind bemühend. Aber sie richten etwas aus. Durch Sparsamkeit im gewöhnlichen Leben ist man gerüstet auf Zeiten der Not. Durch Zurü…	MYMEMORY WARNING: YOU USED ALL AVAILABLE FREE TRANSLATIONS FOR TODAY. NEXT AVAILABLE IN 03 HOURS 27 MINUTES 19 SECONDS VISIT HTTPS://MYMEMOR…	Limitations are troublesome, but they are effective. If we live economically in normal times, we are prepared for times of want. To be spari…	Primera línea poco alineada (Jaccard 1%). | Solapamiento léxico bajo MT↔Baynes (1%).
61	judgment_comentario	pair	1%	1%	divergent	Divergente	Schweine und Fische sind die ungeistigsten und daher am schwersten zu beeinflussenden Tiere. Die Kraft der inneren Wahrheit muß einen hohen …	MYMEMORY WARNING: YOU USED ALL AVAILABLE FREE TRANSLATIONS FOR TODAY. NEXT AVAILABLE IN 03 HOURS 27 MINUTES 18 SECONDS VISIT HTTPS://MYMEMOR…	Pigs and fishes are the least intelligent of all animals and therefore the most difficult to influence. The force of inner truth must grow g…	Primera línea poco alineada (Jaccard 1%). | Solapamiento léxico bajo MT↔Baynes (1%).
62	judgment_comentario	pair	1%	1%	divergent	Divergente	Außerordentliche Bescheidenheit und Gewissenhaftigkeit wird sicher von Erfolg belohnt werden, nur ist es wichtig, daß sie nicht leere Formel…	MYMEMORY WARNING: YOU USED ALL AVAILABLE FREE TRANSLATIONS FOR TODAY. NEXT AVAILABLE IN 03 HOURS 27 MINUTES 16 SECONDS VISIT HTTPS://MYMEMOR…	Exceptional modesty and conscientiousness are sure to be rewarded with success; however, if a man is not to throw himself away, it is import…	Primera línea poco alineada (Jaccard 1%). | Solapamiento léxico bajo MT↔Baynes (1%).
63	judgment_comentario	pair	1%	0%	divergent	Divergente	Der Übergang von der alten in die neue Zeit ist schon vollzogen. Prinzipiell ist alles schon geregelt. Nur noch im einzelnen läßt sich Erfol…	MYMEMORY WARNING: YOU USED ALL AVAILABLE FREE TRANSLATIONS FOR TODAY. NEXT AVAILABLE IN 03 HOURS 27 MINUTES 15 SECONDS VISIT HTTPS://MYMEMOR…	The transition from the old to the new time is already accomplished. In principle, everything stands systematized, and it is only in regard …	Primera línea poco alineada (Jaccard 0%). | Solapamiento léxico bajo MT↔Baynes (1%).
64	judgment_comentario	pair	1%	1%	divergent	Divergente	Die Verhältnisse sind schwierig. Die Aufgabe ist groß und verantwortungsvoll. Es handelt sich um nichts Geringeres, als die Welt aus der Ver…	MYMEMORY WARNING: YOU USED ALL AVAILABLE FREE TRANSLATIONS FOR TODAY. NEXT AVAILABLE IN 03 HOURS 27 MINUTES 15 SECONDS VISIT HTTPS://MYMEMOR…	The conditions are difficult. The task is great and full of responsibility. It is nothing less than that of leading the world out of confusi…	Primera línea poco alineada (Jaccard 1%). | Solapamiento léxico bajo MT↔Baynes (1%).
1	image_oraculo	pair	0%	0%	divergent	Divergente	Des Himmels Bewegung ist kraftvoll. So macht der Edle sich stark und unermüdlich.	MYMEMORY WARNING: YOU USED ALL AVAILABLE FREE TRANSLATIONS FOR TODAY. NEXT AVAILABLE IN 03 HOURS 27 MINUTES 14 SECONDS VISIT HTTPS://MYMEMOR…	The movement of heaven is full of power. Thus the superior man makes himself strong and untiring.	Primera línea poco alineada (Jaccard 0%). | Solapamiento léxico bajo MT↔Baynes (0%).
2	image_oraculo	pair	0%	0%	divergent	Divergente	Der Zustand der Erde ist die empfangende Hingebung. So trägt der Edle weiträumigen Wesens die Außenwelt.	MYMEMORY WARNING: YOU USED ALL AVAILABLE FREE TRANSLATIONS FOR TODAY. NEXT AVAILABLE IN 03 HOURS 27 MINUTES 14 SECONDS VISIT HTTPS://MYMEMOR…	The earth's condition is receptive devotion. Thus the superior man who has breadth of character Carries the outer world.	Primera línea poco alineada (Jaccard 0%). | Solapamiento léxico bajo MT↔Baynes (0%).
3	image_oraculo	pair	0%	0%	divergent	Divergente	Wolken und Donner: das Bild der Anfangsschwierigkeit. So wirkt der Edle entwirrend und ordnend.	MYMEMORY WARNING: YOU USED ALL AVAILABLE FREE TRANSLATIONS FOR TODAY. NEXT AVAILABLE IN 03 HOURS 27 MINUTES 14 SECONDS VISIT HTTPS://MYMEMOR…	Clouds and thunder: The image of Difficulty at the Beginning. Thus the superior man Brings order out of confusion.	Primera línea poco alineada (Jaccard 0%). | Solapamiento léxico bajo MT↔Baynes (0%).
4	image_oraculo	pair	3%	0%	divergent	Divergente	Unten am Berg kommt ein Quell hervor: das Bild der Jugend. So nährt der Edle durch gründliches Handeln seinen Charakter.	MYMEMORY WARNING: YOU USED ALL AVAILABLE FREE TRANSLATIONS FOR TODAY. NEXT AVAILABLE IN 03 HOURS 27 MINUTES 13 SECONDS VISIT HTTPS://MYMEMOR…	A spring wells up at the foot of the mountain: The image Of YOUTH. Thus the superior man fosters his character By thoroughness in all that h…	Primera línea poco alineada (Jaccard 0%). | Solapamiento léxico bajo MT↔Baynes (3%).
5	image_oraculo	pair	0%	0%	divergent	Divergente	Wolken steigen am Himmel auf: das Bild des Wartens. So ißt und trinkt der Edle und ist heiter und guter Dinge.	MYMEMORY WARNING: YOU USED ALL AVAILABLE FREE TRANSLATIONS FOR TODAY. NEXT AVAILABLE IN 03 HOURS 27 MINUTES 13 SECONDS VISIT HTTPS://MYMEMOR…	Clouds rise up to heaven: The image of WAITING. Thus the superior man eats and drinks, Is joyous and of good cheer.	Primera línea poco alineada (Jaccard 0%). | Solapamiento léxico bajo MT↔Baynes (0%).
6	image_oraculo	pair	3%	0%	divergent	Divergente	Himmel und Wasser gehen einander entgegengesetzt: das Bild des Streites. So überlegt der Edle bei allen Geschäften, die er tut, den Anfang.	MYMEMORY WARNING: YOU USED ALL AVAILABLE FREE TRANSLATIONS FOR TODAY. NEXT AVAILABLE IN 03 HOURS 27 MINUTES 13 SECONDS VISIT HTTPS://MYMEMOR…	Heaven and water go their opposite ways: The image of CONFLICT. Thus in all his transactions the superior man Carefully considers the beginn…	Primera línea poco alineada (Jaccard 0%). | Solapamiento léxico bajo MT↔Baynes (3%).
7	image_oraculo	pair	0%	0%	divergent	Divergente	Inmitten der Erde ist Wasser, das Bild des Heeres. So mehrt der Edle durch Weitherzigkeit gegen das Volk seine Massen.	MYMEMORY WARNING: YOU USED ALL AVAILABLE FREE TRANSLATIONS FOR TODAY. NEXT AVAILABLE IN 03 HOURS 27 MINUTES 13 SECONDS VISIT HTTPS://MYMEMOR…	In the middle of the earth is water: The image of THE ARMY. Thus the superior man increases his masses By generosity toward the people.	Primera línea poco alineada (Jaccard 0%). | Solapamiento léxico bajo MT↔Baynes (0%).
8	image_oraculo	pair	0%	0%	divergent	Divergente	Auf der Erde ist Wasser: das Bild des Zusammenhaltens. So haben die Könige der Vorzeit die einzelnen Staaten als Lehen vergeben und mit den …	MYMEMORY WARNING: YOU USED ALL AVAILABLE FREE TRANSLATIONS FOR TODAY. NEXT AVAILABLE IN 03 HOURS 27 MINUTES 13 SECONDS VISIT HTTPS://MYMEMOR…	On the earth is water: The image of HOLDING TOGETHER. Thus the kings of antiquity Bestowed the different states as fiefs And cultivated frie…	Primera línea poco alineada (Jaccard 0%). | Solapamiento léxico bajo MT↔Baynes (0%).
9	image_oraculo	pair	0%	0%	divergent	Divergente	Der Wind fährt über den Himmel hin: das Bild der Zähmungskraft des Kleinen. So verfeinert der Edle die äußere Form seines Wesens.	MYMEMORY WARNING: YOU USED ALL AVAILABLE FREE TRANSLATIONS FOR TODAY. NEXT AVAILABLE IN 03 HOURS 27 MINUTES 13 SECONDS VISIT HTTPS://MYMEMOR…	The wind drives across heaven: The image of THE TAMING POWER OF THE SMALL. Thus the superior man Refines the outward aspect of his nature.	Primera línea poco alineada (Jaccard 0%). | Solapamiento léxico bajo MT↔Baynes (0%).
10	image_oraculo	pair	0%	0%	divergent	Divergente	Oben der Himmel, unten der See: das Bild des Auftretens. So unterscheidet der Edle hoch und niedrig und festigt dadurch den Sinn des Volkes.	MYMEMORY WARNING: YOU USED ALL AVAILABLE FREE TRANSLATIONS FOR TODAY. NEXT AVAILABLE IN 03 HOURS 27 MINUTES 13 SECONDS VISIT HTTPS://MYMEMOR…	Heaven above, the lake below: The image of TREADING. Thus the superior man discriminates between high and low, And thereby fortifies the thi…	Primera línea poco alineada (Jaccard 0%). | Solapamiento léxico bajo MT↔Baynes (0%).
11	image_oraculo	pair	0%	0%	divergent	Divergente	Himmel und Erde vereinigen sich: das Bild des Friedens. So teilt und vollendet der Herrscher den Lauf von Himmel und Erde, fördert und ordne…	MYMEMORY WARNING: YOU USED ALL AVAILABLE FREE TRANSLATIONS FOR TODAY. NEXT AVAILABLE IN 03 HOURS 27 MINUTES 13 SECONDS VISIT HTTPS://MYMEMOR…	Heaven and earth unite: the image of PEACE. Thus the ruler Divides and completes the course of heaven and earth; He furthers and regulates t…	Primera línea poco alineada (Jaccard 0%). | Solapamiento léxico bajo MT↔Baynes (0%).
12	image_oraculo	pair	0%	0%	divergent	Divergente	Himmel und Erde vereinigen sich nicht: das Bild der Stockung. So zieht sich der Edle auf seinen innern Wert zurück, um den Schwierigkeiten z…	MYMEMORY WARNING: YOU USED ALL AVAILABLE FREE TRANSLATIONS FOR TODAY. NEXT AVAILABLE IN 03 HOURS 27 MINUTES 13 SECONDS VISIT HTTPS://MYMEMOR…	Heaven and earth do not unite: The image of STANDSTILL. Thus the superior man falls back upon his inner worth In order to escape the difficu…	Primera línea poco alineada (Jaccard 0%). | Solapamiento léxico bajo MT↔Baynes (0%).
13	image_oraculo	pair	0%	0%	divergent	Divergente	Himmel zusammen mit Feuer: das Bild der Gemeinschaft mit Menschen. So gliedert der Edle die Stämme und unterscheidet die Dinge.	MYMEMORY WARNING: YOU USED ALL AVAILABLE FREE TRANSLATIONS FOR TODAY. NEXT AVAILABLE IN 03 HOURS 27 MINUTES 13 SECONDS VISIT HTTPS://MYMEMOR…	Heaven together with fire: The image of FELLOWSHIP WITH MEN. Thus the superior man organizes the clans And makes distinctions between things…	Primera línea poco alineada (Jaccard 0%). | Solapamiento léxico bajo MT↔Baynes (0%).
14	image_oraculo	pair	0%	0%	divergent	Divergente	Das Feuer am Himmel oben: das Bild des Besitzes von Großem. So hemmt der Edle das Böse und fördert das Gute und gehorcht so des Himmels gute…	MYMEMORY WARNING: YOU USED ALL AVAILABLE FREE TRANSLATIONS FOR TODAY. NEXT AVAILABLE IN 03 HOURS 27 MINUTES 12 SECONDS VISIT HTTPS://MYMEMOR…	Fire in heaven above: The image of POSSESSION IN GREAT MEASURE. Thus the superior man curbs evil and furthers good, And thereby obeys the be…	Primera línea poco alineada (Jaccard 0%). | Solapamiento léxico bajo MT↔Baynes (0%).
15	image_oraculo	pair	0%	0%	divergent	Divergente	Inmitten der Erde ist ein Berg: das Bild der Bescheidenheit. So verringert der Edle, was zu viel ist, und vermehrt, was zu wenig ist. Er wäg…	MYMEMORY WARNING: YOU USED ALL AVAILABLE FREE TRANSLATIONS FOR TODAY. NEXT AVAILABLE IN 03 HOURS 27 MINUTES 12 SECONDS VISIT HTTPS://MYMEMOR…	Within the earth, a mountain: The image of MODESTY. Thus the superior man reduces that which is too much, And augments that which is too lit…	Primera línea poco alineada (Jaccard 0%). | Solapamiento léxico bajo MT↔Baynes (0%).
16	image_oraculo	pair	0%	0%	divergent	Divergente	Der Donner kommt aus der Erde hervorgetönt: das Bild der Begeisterung. So machten die alten Könige Musik, um die Verdienste zu ehren, und br…	MYMEMORY WARNING: YOU USED ALL AVAILABLE FREE TRANSLATIONS FOR TODAY. NEXT AVAILABLE IN 03 HOURS 27 MINUTES 12 SECONDS VISIT HTTPS://MYMEMOR…	Thunder comes resounding out of the earth: The image of ENTHUSIASM. Thus the ancient kings made music In order to honor merit, And offered i…	Primera línea poco alineada (Jaccard 0%). | Solapamiento léxico bajo MT↔Baynes (0%).
17	image_oraculo	pair	3%	0%	divergent	Divergente	Inmitten des Sees ist der Donner: das Bild der Nachfolge. So kehrt der Edle zur Zeit des Abenddunkels zu Erholung und Ruhe ein.	MYMEMORY WARNING: YOU USED ALL AVAILABLE FREE TRANSLATIONS FOR TODAY. NEXT AVAILABLE IN 03 HOURS 27 MINUTES 12 SECONDS VISIT HTTPS://MYMEMOR…	Thunder in the middle of the lake: The image of FOLLOWING. Thus the superior man at nightfall Goes indoors for rest and recuperation.	Primera línea poco alineada (Jaccard 0%). | Solapamiento léxico bajo MT↔Baynes (3%).
18	image_oraculo	pair	0%	0%	divergent	Divergente	Unten am Berg weht der Wind: das Bild des Verderbens. So rüttelt der Edle die Leute auf und stärkt ihren Geist.	MYMEMORY WARNING: YOU USED ALL AVAILABLE FREE TRANSLATIONS FOR TODAY. NEXT AVAILABLE IN 03 HOURS 27 MINUTES 12 SECONDS VISIT HTTPS://MYMEMOR…	The wind blows low on the mountain: The image of DECAY. Thus the superior man stirs up the people And strengthens their spirit.	Primera línea poco alineada (Jaccard 0%). | Solapamiento léxico bajo MT↔Baynes (0%).
19	image_oraculo	pair	0%	0%	divergent	Divergente	Oberhalb des Sees ist die Erde: das Bild der Annäherung. So ist der Edle in seiner Absicht zu lehren unerschöpflich und im Ertragen und Schü…	MYMEMORY WARNING: YOU USED ALL AVAILABLE FREE TRANSLATIONS FOR TODAY. NEXT AVAILABLE IN 03 HOURS 27 MINUTES 12 SECONDS VISIT HTTPS://MYMEMOR…	The earth above the lake: The image of APPROACH. Thus the superior man is inexhaustible In his will to teach, And without limits In his tole…	Primera línea poco alineada (Jaccard 0%). | Solapamiento léxico bajo MT↔Baynes (0%).
20	image_oraculo	pair	0%	0%	divergent	Divergente	Der Wind geht über die Erde hin: das Bild der Betrachtung. So besuchten die alten Könige die Weltgegenden, betrachteten das Volk und spendet…	MYMEMORY WARNING: YOU USED ALL AVAILABLE FREE TRANSLATIONS FOR TODAY. NEXT AVAILABLE IN 03 HOURS 27 MINUTES 12 SECONDS VISIT HTTPS://MYMEMOR…	The wind blows over the earth: The image of CONTEMPLATION. Thus the kings of old visited the regions of the world, Contemplated the people, …	Primera línea poco alineada (Jaccard 0%). | Solapamiento léxico bajo MT↔Baynes (0%).
21	image_oraculo	pair	0%	0%	divergent	Divergente	Donner und Blitz: das Bild des Durchbeißens. So festigten die früheren Könige die Gesetze durch klarbestimmte Strafen.	MYMEMORY WARNING: YOU USED ALL AVAILABLE FREE TRANSLATIONS FOR TODAY. NEXT AVAILABLE IN 03 HOURS 27 MINUTES 12 SECONDS VISIT HTTPS://MYMEMOR…	Thunder and lightning: The image of BITING THROUGH. Thus the kings of former times made firm the laws Through clearly defined penalties.	Primera línea poco alineada (Jaccard 0%). | Solapamiento léxico bajo MT↔Baynes (0%).
22	image_oraculo	pair	0%	0%	divergent	Divergente	Unten am Berg ist das Feuer: das Bild der Anmut. So verfährt der Edle bei der Klarstellung der laufenden Angelegenheiten, aber er wagt es ni…	MYMEMORY WARNING: YOU USED ALL AVAILABLE FREE TRANSLATIONS FOR TODAY. NEXT AVAILABLE IN 03 HOURS 27 MINUTES 12 SECONDS VISIT HTTPS://MYMEMOR…	Fire at the foot of the mountain: The image of GRACE. Thus does the superior man proceed When clearing up current affairs. But he dare not d…	Primera línea poco alineada (Jaccard 0%). | Solapamiento léxico bajo MT↔Baynes (0%).
23	image_oraculo	pair	0%	0%	divergent	Divergente	Der Berg ruht auf der Erde: das Bild der Zersplitterung. So können die Oberen nur durch reiches Spenden an die Unteren ihre Stellung sichern…	MYMEMORY WARNING: YOU USED ALL AVAILABLE FREE TRANSLATIONS FOR TODAY. NEXT AVAILABLE IN 03 HOURS 27 MINUTES 11 SECONDS VISIT HTTPS://MYMEMOR…	The mountain rests on the earth: The image of SPLITTING APART. Thus those above can ensure their position Only by giving generously to those…	Primera línea poco alineada (Jaccard 0%). | Solapamiento léxico bajo MT↔Baynes (0%).
24	image_oraculo	pair	0%	0%	divergent	Divergente	Der Donner inmitten der Erde: das Bild der Wendezeit. So schlössen die alten Könige zur Sonnwendzeit die Pässe. Händler und Fremdlinge wande…	MYMEMORY WARNING: YOU USED ALL AVAILABLE FREE TRANSLATIONS FOR TODAY. NEXT AVAILABLE IN 03 HOURS 27 MINUTES 11 SECONDS VISIT HTTPS://MYMEMOR…	Thunder within the earth: The image of THE TURNING POINT. Thus the kings of antiquity closed the passes At the time of solstice. Merchants a…	Primera línea poco alineada (Jaccard 0%). | Solapamiento léxico bajo MT↔Baynes (0%).
25	image_oraculo	pair	2%	0%	divergent	Divergente	Unter dem Himmel geht der Donner: Alle Dinge erlangen den Naturzustand der Unschuld. So pflegten und nährten die alten Könige, reich an Tuge…	MYMEMORY WARNING: YOU USED ALL AVAILABLE FREE TRANSLATIONS FOR TODAY. NEXT AVAILABLE IN 03 HOURS 27 MINUTES 11 SECONDS VISIT HTTPS://MYMEMOR…	Under heaven thunder rolls: All things attain the natural state of innocence. Thus the kings of old, Rich in virtue, and in harmony with the…	Primera línea poco alineada (Jaccard 0%). | Solapamiento léxico bajo MT↔Baynes (2%).
26	image_oraculo	pair	0%	0%	divergent	Divergente	Der Himmel inmitten des Berges: das Bild von des Großen Zähmungskraft. So lernt der Edle viele Worte der Vorzeit und Taten der Vergangenheit…	MYMEMORY WARNING: YOU USED ALL AVAILABLE FREE TRANSLATIONS FOR TODAY. NEXT AVAILABLE IN 03 HOURS 27 MINUTES 11 SECONDS VISIT HTTPS://MYMEMOR…	Heaven within the mountain: The image of THE TAMING POWER OF THE GREAT. Thus the superior man acquaints himself with many sayings of antiqui…	Primera línea poco alineada (Jaccard 0%). | Solapamiento léxico bajo MT↔Baynes (0%).
27	image_oraculo	pair	0%	0%	divergent	Divergente	Unten am Berg ist der Donner: das Bild der Ernährung. So hat der Edle acht auf seine Worte und ist mäßig im Essen und Trinken.	MYMEMORY WARNING: YOU USED ALL AVAILABLE FREE TRANSLATIONS FOR TODAY. NEXT AVAILABLE IN 03 HOURS 27 MINUTES 11 SECONDS VISIT HTTPS://MYMEMOR…	At the foot of the mountain, thunder: The image of PROVIDING NOURISHMENT. Thus the superior man is careful of his words And temperate in eat…	Primera línea poco alineada (Jaccard 0%). | Solapamiento léxico bajo MT↔Baynes (0%).
28	image_oraculo	pair	0%	0%	divergent	Divergente	Der See geht über die Bäume weg: das Bild des Übergewichts im Großen. So ist der Edle, wenn er allein steht, unbesorgt, und wenn er auf die …	MYMEMORY WARNING: YOU USED ALL AVAILABLE FREE TRANSLATIONS FOR TODAY. NEXT AVAILABLE IN 03 HOURS 27 MINUTES 11 SECONDS VISIT HTTPS://MYMEMOR…	The lake rises above the trees: The image of PREPONDERANCE OF THE GREAT. Thus the superior man, when he stands alone, Is unconcerned, And if…	Primera línea poco alineada (Jaccard 0%). | Solapamiento léxico bajo MT↔Baynes (0%).
29	image_oraculo	pair	0%	0%	divergent	Divergente	Das Wasser fließt ununterbrochen und kommt ans Ziel: das Bild des wiederholten Abgründigen. So wandelt der Edle in dauernder Tugend und übt …	MYMEMORY WARNING: YOU USED ALL AVAILABLE FREE TRANSLATIONS FOR TODAY. NEXT AVAILABLE IN 03 HOURS 27 MINUTES 11 SECONDS VISIT HTTPS://MYMEMOR…	Water flows on uninterruptedly and reaches its goal: The image of the Abysmal repeated. Thus the superior man walks in lasting virtue And ca…	Primera línea poco alineada (Jaccard 0%). | Solapamiento léxico bajo MT↔Baynes (0%).
30	image_oraculo	pair	0%	0%	divergent	Divergente	Die Helle erhebt sich zweimal: das Bild des Feuers. So erleuchtet der große Mann durch Fortsetzung dieser Helle die vier Weltgegenden.	MYMEMORY WARNING: YOU USED ALL AVAILABLE FREE TRANSLATIONS FOR TODAY. NEXT AVAILABLE IN 03 HOURS 27 MINUTES 11 SECONDS VISIT HTTPS://MYMEMOR…	That which is bright rises twice: The image of FIRE. Thus the great man, by perpetuating this brightness, Illumines the four quarters of the…	Primera línea poco alineada (Jaccard 0%). | Solapamiento léxico bajo MT↔Baynes (0%).
31	image_oraculo	pair	0%	0%	divergent	Divergente	Auf dem Berge ist ein See: das Bild der Einwirkung. So läßt der Edle durch Aufnahmebereitschaft die Menschen an sich herankommen.	MYMEMORY WARNING: YOU USED ALL AVAILABLE FREE TRANSLATIONS FOR TODAY. NEXT AVAILABLE IN 03 HOURS 27 MINUTES 11 SECONDS VISIT HTTPS://MYMEMOR…	A lake on the mountain: The image of influence. Thus the superior man encourages people to approach him By his readiness to receive them.	Primera línea poco alineada (Jaccard 0%). | Solapamiento léxico bajo MT↔Baynes (0%).
32	image_oraculo	pair	0%	0%	divergent	Divergente	Donner und Wind: das Bild der Dauer. So steht der Edle fest und wandelt seine Richtung nicht.	MYMEMORY WARNING: YOU USED ALL AVAILABLE FREE TRANSLATIONS FOR TODAY. NEXT AVAILABLE IN 03 HOURS 27 MINUTES 11 SECONDS VISIT HTTPS://MYMEMOR…	Thunder and wind: the image of DURATION. Thus the superior man stands firm And does not change his direction.	Primera línea poco alineada (Jaccard 0%). | Solapamiento léxico bajo MT↔Baynes (0%).
33	image_oraculo	pair	0%	0%	divergent	Divergente	Unter dem Himmel ist der Berg: das Bild des Rückzugs. So hält der Edle den Gemeinen fern, nicht zornig, sondern gemessen.	MYMEMORY WARNING: YOU USED ALL AVAILABLE FREE TRANSLATIONS FOR TODAY. NEXT AVAILABLE IN 03 HOURS 27 MINUTES 10 SECONDS VISIT HTTPS://MYMEMOR…	Mountain under heaven: the image of RETREAT. Thus the superior man keeps the inferior man at a distance, Not angrily but with reserve.	Primera línea poco alineada (Jaccard 0%). | Solapamiento léxico bajo MT↔Baynes (0%).
34	image_oraculo	pair	0%	0%	divergent	Divergente	Der Donner ist am Himmel droben: das Bild der Macht des Großen. So tritt der Edle nicht auf Wege, die nicht der Ordnung entsprechen.	MYMEMORY WARNING: YOU USED ALL AVAILABLE FREE TRANSLATIONS FOR TODAY. NEXT AVAILABLE IN 03 HOURS 27 MINUTES 10 SECONDS VISIT HTTPS://MYMEMOR…	Thunder in heaven above: The image of THE POWER OF THE GREAT. Thus the superior man does not tread upon paths That do not accord with establ…	Primera línea poco alineada (Jaccard 0%). | Solapamiento léxico bajo MT↔Baynes (0%).
35	image_oraculo	pair	0%	0%	divergent	Divergente	Die Sonne steigt über die Erde empor: das Bild des Fortschritts. So macht der Edle selbst seine klaren Anlagen hell.	MYMEMORY WARNING: YOU USED ALL AVAILABLE FREE TRANSLATIONS FOR TODAY. NEXT AVAILABLE IN 03 HOURS 27 MINUTES 10 SECONDS VISIT HTTPS://MYMEMOR…	The sun rises over the earth: The image of PROGRESS. Thus the superior man himself Brightens his bright virtue.	Primera línea poco alineada (Jaccard 0%). | Solapamiento léxico bajo MT↔Baynes (0%).
36	image_oraculo	pair	0%	0%	divergent	Divergente	Das Licht ist in die Erde hineingesunken: das Bild der Verfinsterung des Lichts. So lebt der Edle mit der großen Menge: er verhüllt seinen S…	MYMEMORY WARNING: YOU USED ALL AVAILABLE FREE TRANSLATIONS FOR TODAY. NEXT AVAILABLE IN 03 HOURS 27 MINUTES 10 SECONDS VISIT HTTPS://MYMEMOR…	The light has sunk into the earth: The image of DARKENING OF THE LIGHT. Thus does the superior man live with the great mass: He veils his li…	Primera línea poco alineada (Jaccard 0%). | Solapamiento léxico bajo MT↔Baynes (0%).
37	image_oraculo	pair	0%	0%	divergent	Divergente	Der Wind kommt aus dem Feuer hervor: das Bild der Sippe. So hat der Edle in seinen Worten die Sache und in seinem Wandel die Dauer.	MYMEMORY WARNING: YOU USED ALL AVAILABLE FREE TRANSLATIONS FOR TODAY. NEXT AVAILABLE IN 03 HOURS 27 MINUTES 10 SECONDS VISIT HTTPS://MYMEMOR…	The image of THE FAMILY. Thus the superior man has substance in his words And duration in his way of life.	Primera línea poco alineada (Jaccard 0%). | Solapamiento léxico bajo MT↔Baynes (0%).
38	image_oraculo	pair	3%	0%	divergent	Divergente	Oben das Feuer, unten der See: das Bild des Gegensatzes. So behält der Edle bei aller Gemeinschaft seine Besonderheit.	MYMEMORY WARNING: YOU USED ALL AVAILABLE FREE TRANSLATIONS FOR TODAY. NEXT AVAILABLE IN 03 HOURS 27 MINUTES 10 SECONDS VISIT HTTPS://MYMEMOR…	Above, fire; below, the lake: The image of OPPOSITION. Thus amid all fellowship The superior man retains his individuality.	Primera línea poco alineada (Jaccard 0%). | Solapamiento léxico bajo MT↔Baynes (3%).
39	image_oraculo	pair	0%	0%	divergent	Divergente	Auf dem Berg ist das Wasser: das Bild des Hemmnisses. So wendet sich der Edle seiner eigenen Person zu und bildet seinen Charakter.	MYMEMORY WARNING: YOU USED ALL AVAILABLE FREE TRANSLATIONS FOR TODAY. NEXT AVAILABLE IN 03 HOURS 27 MINUTES 10 SECONDS VISIT HTTPS://MYMEMOR…	Water on the mountain: The image of OBSTRUCTION. Thus the superior man turns his attention to himself And molds his character.	Primera línea poco alineada (Jaccard 0%). | Solapamiento léxico bajo MT↔Baynes (0%).
40	image_oraculo	pair	0%	0%	divergent	Divergente	Donner und Regen erheben sich: das Bild der Befreiung. So verzeiht der Edle Fehler und vergibt die Schuld.	MYMEMORY WARNING: YOU USED ALL AVAILABLE FREE TRANSLATIONS FOR TODAY. NEXT AVAILABLE IN 03 HOURS 27 MINUTES 10 SECONDS VISIT HTTPS://MYMEMOR…	Thunder and rain set in: The image of DELIVERANCE. Thus the superior man pardons mistakes And forgives misdeeds.	Primera línea poco alineada (Jaccard 0%). | Solapamiento léxico bajo MT↔Baynes (0%).
41	image_oraculo	pair	0%	0%	divergent	Divergente	Unten am Berg ist der See: das Bild der Minderung. So bändigt der Edle seinen Zorn und hemmt seine Triebe.	MYMEMORY WARNING: YOU USED ALL AVAILABLE FREE TRANSLATIONS FOR TODAY. NEXT AVAILABLE IN 03 HOURS 27 MINUTES 10 SECONDS VISIT HTTPS://MYMEMOR…	At the foot of the mountain, the lake: The image of DECREASE. Thus the superior man controls his anger And restrains his instincts.	Primera línea poco alineada (Jaccard 0%). | Solapamiento léxico bajo MT↔Baynes (0%).
42	image_oraculo	pair	0%	0%	divergent	Divergente	Wind und Donner: das Bild der Mehrung. So der Edle: Sieht er Gutes, so ahmt er es nach, hat er Fehler, so legt er sie ab.	MYMEMORY WARNING: YOU USED ALL AVAILABLE FREE TRANSLATIONS FOR TODAY. NEXT AVAILABLE IN 03 HOURS 27 MINUTES 10 SECONDS VISIT HTTPS://MYMEMOR…	Wind and thunder: the image of INCREASE. Thus the superior man: If he sees good, he imitates it; If he has faults, he rids himself of them.	Primera línea poco alineada (Jaccard 0%). | Solapamiento léxico bajo MT↔Baynes (0%).
43	image_oraculo	pair	0%	0%	divergent	Divergente	Der See ist an den Himmel emporgestiegen: das Bild des Durchbruchs. So spendet der Edle Reichtum nach unten hin und scheut es, bei seiner Tu…	MYMEMORY WARNING: YOU USED ALL AVAILABLE FREE TRANSLATIONS FOR TODAY. NEXT AVAILABLE IN 03 HOURS 27 MINUTES 09 SECONDS VISIT HTTPS://MYMEMOR…	The lake has risen up to heaven: The image of BREAK-THROUGH. Thus the superior man Dispenses riches downward And refrains from resting on hi…	Primera línea poco alineada (Jaccard 0%). | Solapamiento léxico bajo MT↔Baynes (0%).
44	image_oraculo	pair	0%	0%	divergent	Divergente	Unter dem Himmel ist der Wind: das Bild des Entgegenkommens. So macht es der Fürst beim Verbreiten seiner Befehle und ihrer Verkündigung an …	MYMEMORY WARNING: YOU USED ALL AVAILABLE FREE TRANSLATIONS FOR TODAY. NEXT AVAILABLE IN 03 HOURS 27 MINUTES 09 SECONDS VISIT HTTPS://MYMEMOR…	Under heaven, wind: The image of COMING TO MEET. Thus does the prince act when disseminating his commands And proclaiming them to the four q…	Primera línea poco alineada (Jaccard 0%). | Solapamiento léxico bajo MT↔Baynes (0%).
45	image_oraculo	pair	0%	0%	divergent	Divergente	Der See ist oberhalb der Erde: das Bild der Sammlung. So erneuert der Edle seine Waffen, um Unvorhergesehenem zu begegnen.	MYMEMORY WARNING: YOU USED ALL AVAILABLE FREE TRANSLATIONS FOR TODAY. NEXT AVAILABLE IN 03 HOURS 27 MINUTES 09 SECONDS VISIT HTTPS://MYMEMOR…	Over the earth, the lake: The image of GATHERING TOGETHER. Thus the superior man renews his weapons In order to meet the unforeseen.	Primera línea poco alineada (Jaccard 0%). | Solapamiento léxico bajo MT↔Baynes (0%).
46	image_oraculo	pair	0%	0%	divergent	Divergente	Inmitten der Erde wächst das Holz: das Bild des Empordringens. So häuft der Edle hingebenden Wesens Kleines, um es zu Hohem und Großem zu br…	MYMEMORY WARNING: YOU USED ALL AVAILABLE FREE TRANSLATIONS FOR TODAY. NEXT AVAILABLE IN 03 HOURS 27 MINUTES 09 SECONDS VISIT HTTPS://MYMEMOR…	Within the earth, wood grows: The image of PUSHING UPWARD. Thus the superior man of devoted character Heaps up small things In order to achi…	Primera línea poco alineada (Jaccard 0%). | Solapamiento léxico bajo MT↔Baynes (0%).
47	image_oraculo	pair	0%	0%	divergent	Divergente	Im See ist kein Wasser: das Bild der Erschöpfung. So setzt der Edle sein Leben daran, um seinem Willen zu folgen.	MYMEMORY WARNING: YOU USED ALL AVAILABLE FREE TRANSLATIONS FOR TODAY. NEXT AVAILABLE IN 03 HOURS 27 MINUTES 09 SECONDS VISIT HTTPS://MYMEMOR…	There is no water in the lake: The image of EXHAUSTION. Thus the superior man stakes his life On following his will.	Primera línea poco alineada (Jaccard 0%). | Solapamiento léxico bajo MT↔Baynes (0%).
48	image_oraculo	pair	0%	0%	divergent	Divergente	Über dem Holz ist Wasser: das Bild des Brunnens. So ermuntert der Edle das Volk bei der Arbeit und ermahnt es, einander zu helfen.	MYMEMORY WARNING: YOU USED ALL AVAILABLE FREE TRANSLATIONS FOR TODAY. NEXT AVAILABLE IN 03 HOURS 27 MINUTES 09 SECONDS VISIT HTTPS://MYMEMOR…	Water over wood: the image of THE WELL. Thus the superior man encourages the people at their work, And exhorts them to help one another.	Primera línea poco alineada (Jaccard 0%). | Solapamiento léxico bajo MT↔Baynes (0%).
49	image_oraculo	pair	0%	0%	divergent	Divergente	Im See ist Feuer: das Bild der Umwälzung. So ordnet der Edle die Zeitrechnung und macht die Zeiten klar.	MYMEMORY WARNING: YOU USED ALL AVAILABLE FREE TRANSLATIONS FOR TODAY. NEXT AVAILABLE IN 03 HOURS 27 MINUTES 09 SECONDS VISIT HTTPS://MYMEMOR…	Fire in the lake: the image of REVOLUTION. Thus the superior man Sets the calendar in order And makes the seasons clear.	Primera línea poco alineada (Jaccard 0%). | Solapamiento léxico bajo MT↔Baynes (0%).
50	image_oraculo	pair	0%	0%	divergent	Divergente	Über dem Holz ist Feuer: das Bild des Tiegels. So festigt der Edle durch Richtigmachung der Stellung das Schicksal.	MYMEMORY WARNING: YOU USED ALL AVAILABLE FREE TRANSLATIONS FOR TODAY. NEXT AVAILABLE IN 03 HOURS 27 MINUTES 09 SECONDS VISIT HTTPS://MYMEMOR…	Fire over wood: The image of THE CALDRON. Thus the superior man consolidates his fate By making his position correct.	Primera línea poco alineada (Jaccard 0%). | Solapamiento léxico bajo MT↔Baynes (0%).
51	image_oraculo	pair	0%	0%	divergent	Divergente	Fortgesetzter Donner: das Bild des Erschütterns. So macht der Edle unter Furcht und Zittern sein Leben recht und erforscht sich selbst.	MYMEMORY WARNING: YOU USED ALL AVAILABLE FREE TRANSLATIONS FOR TODAY. NEXT AVAILABLE IN 03 HOURS 27 MINUTES 09 SECONDS VISIT HTTPS://MYMEMOR…	Thunder repeated: the image of SHOCK. Thus in fear and trembling The superior man sets his life in order And examines himself.	Primera línea poco alineada (Jaccard 0%). | Solapamiento léxico bajo MT↔Baynes (0%).
52	image_oraculo	pair	0%	0%	divergent	Divergente	Zusammenstehende Berge: das Bild des Stillehaltens. So geht der Edle mit seinen Gedanken nicht über seine Lage hinaus.	MYMEMORY WARNING: YOU USED ALL AVAILABLE FREE TRANSLATIONS FOR TODAY. NEXT AVAILABLE IN 03 HOURS 27 MINUTES 08 SECONDS VISIT HTTPS://MYMEMOR…	Mountains standing close together: The image of KEEPING STILL. Thus the superior man Does not permit his thoughts To go beyond his situation…	Primera línea poco alineada (Jaccard 0%). | Solapamiento léxico bajo MT↔Baynes (0%).
53	image_oraculo	pair	0%	0%	divergent	Divergente	Auf dem Berge ist ein Baum: das Bild der Entwicklung. So weilt der Edle in würdiger Tugend, um die Sitten zu bessern.	MYMEMORY WARNING: YOU USED ALL AVAILABLE FREE TRANSLATIONS FOR TODAY. NEXT AVAILABLE IN 03 HOURS 27 MINUTES 08 SECONDS VISIT HTTPS://MYMEMOR…	On the mountain, a tree: The image of DEVELOPMENT. Thus the superior man abides in dignity and virtue, In order to improve the mores.	Primera línea poco alineada (Jaccard 0%). | Solapamiento léxico bajo MT↔Baynes (0%).
54	image_oraculo	pair	0%	0%	divergent	Divergente	Oberhalb des Sees ist der Donner: das Bild des heiratenden Mädchens. So erkennt der Edle durch die Ewigkeit des Endes das Vergängliche.	MYMEMORY WARNING: YOU USED ALL AVAILABLE FREE TRANSLATIONS FOR TODAY. NEXT AVAILABLE IN 03 HOURS 27 MINUTES 08 SECONDS VISIT HTTPS://MYMEMOR…	Thunder over the lake: The image of THE MARRYING MAIDEN. Thus the superior man Understands the transitory In the light of the eternity of th…	Primera línea poco alineada (Jaccard 0%). | Solapamiento léxico bajo MT↔Baynes (0%).
55	image_oraculo	pair	0%	0%	divergent	Divergente	Donner und Blitz kommen beide: das Bild der Fülle. So entscheidet der Edle die Prozesse und führt die Strafen aus.	MYMEMORY WARNING: YOU USED ALL AVAILABLE FREE TRANSLATIONS FOR TODAY. NEXT AVAILABLE IN 03 HOURS 27 MINUTES 08 SECONDS VISIT HTTPS://MYMEMOR…	Both thunder and lightning come: The image of ABUNDANCE. Thus the superior man decides lawsuits And carries out punishments.	Primera línea poco alineada (Jaccard 0%). | Solapamiento léxico bajo MT↔Baynes (0%).
56	image_oraculo	pair	0%	0%	divergent	Divergente	Auf dem Berg ist Feuer: das Bild des Wanderers. So ist der Edle klar und vorsichtig in der Anwendung von Strafen und verschleppt keine Strei…	MYMEMORY WARNING: YOU USED ALL AVAILABLE FREE TRANSLATIONS FOR TODAY. NEXT AVAILABLE IN 03 HOURS 27 MINUTES 08 SECONDS VISIT HTTPS://MYMEMOR…	Fire on the mountain: The image of THE WANDERER. Thus the superior man Is clear-minded and cautious In imposing penalties, And protracts no …	Primera línea poco alineada (Jaccard 0%). | Solapamiento léxico bajo MT↔Baynes (0%).
57	image_oraculo	pair	0%	0%	divergent	Divergente	Einander folgende Winde: das Bild des Sanft-Eindringenden. So verbreitet der Edle seine Gebote und wirkt seine Geschäfte.	MYMEMORY WARNING: YOU USED ALL AVAILABLE FREE TRANSLATIONS FOR TODAY. NEXT AVAILABLE IN 03 HOURS 27 MINUTES 08 SECONDS VISIT HTTPS://MYMEMOR…	Winds following one upon the other: The image of THE GENTLY PENETRATING. Thus the superior man Spreads his commands abroad And carries out h…	Primera línea poco alineada (Jaccard 0%). | Solapamiento léxico bajo MT↔Baynes (0%).
58	image_oraculo	pair	3%	0%	divergent	Divergente	Aufeinander beruhende Seen: das Bild des Heiteren. So tut sich der Edle mit seinen Freunden zusammen zur Besprechung und Einübung.	MYMEMORY WARNING: YOU USED ALL AVAILABLE FREE TRANSLATIONS FOR TODAY. NEXT AVAILABLE IN 03 HOURS 27 MINUTES 08 SECONDS VISIT HTTPS://MYMEMOR…	Lakes resting one on the other: The image of THE JOYOUS. Thus the superior man joins with his friends For discussion and practice.	Primera línea poco alineada (Jaccard 0%). | Solapamiento léxico bajo MT↔Baynes (3%).
59	image_oraculo	pair	0%	0%	divergent	Divergente	Der Wind fährt über das Wasser: das Bild der Auflösung. So opferten die alten Könige dem Herrn und bauten Tempel.	MYMEMORY WARNING: YOU USED ALL AVAILABLE FREE TRANSLATIONS FOR TODAY. NEXT AVAILABLE IN 03 HOURS 27 MINUTES 08 SECONDS VISIT HTTPS://MYMEMOR…	The wind drives over the water: The image of DISPERSION. Thus the kings of old sacrificed to the Lord And built temples.	Primera línea poco alineada (Jaccard 0%). | Solapamiento léxico bajo MT↔Baynes (0%).
60	image_oraculo	pair	0%	0%	divergent	Divergente	Oberhalb des Sees ist Wasser: das Bild der Beschränkung. So schafft der Edle Zahl und Maß und untersucht, was Tugend und rechter Wandel ist.	MYMEMORY WARNING: YOU USED ALL AVAILABLE FREE TRANSLATIONS FOR TODAY. NEXT AVAILABLE IN 03 HOURS 27 MINUTES 08 SECONDS VISIT HTTPS://MYMEMOR…	Water over lake: the image of LIMITATION. Thus the superior man Creates number and measure, And examines the nature of virtue and correct co…	Primera línea poco alineada (Jaccard 0%). | Solapamiento léxico bajo MT↔Baynes (0%).
61	image_oraculo	pair	0%	0%	divergent	Divergente	Über dem See ist der Wind: das Bild der inneren Wahrheit. So bespricht der Edle die Strafsachen, um Hinrichtungen aufzuhalten.	MYMEMORY WARNING: YOU USED ALL AVAILABLE FREE TRANSLATIONS FOR TODAY. NEXT AVAILABLE IN 03 HOURS 27 MINUTES 08 SECONDS VISIT HTTPS://MYMEMOR…	Wind over lake: the image of INNER TRUTH. Thus the superior man discusses criminal cases In order to delay executions.	Primera línea poco alineada (Jaccard 0%). | Solapamiento léxico bajo MT↔Baynes (0%).
62	image_oraculo	pair	0%	0%	divergent	Divergente	Auf dem Berg ist der Donner: das Bild von des Kleinen Übergewicht. So legt der Edle im Wandel das Übergewicht auf die Ehrerbietung. Bei Trau…	MYMEMORY WARNING: YOU USED ALL AVAILABLE FREE TRANSLATIONS FOR TODAY. NEXT AVAILABLE IN 03 HOURS 27 MINUTES 07 SECONDS VISIT HTTPS://MYMEMOR…	Thunder on the mountain: The image of PREPONDERANCE OF THE SMALL. Thus in his conduct the superior man gives preponderance to reverence. In …	Primera línea poco alineada (Jaccard 0%). | Solapamiento léxico bajo MT↔Baynes (0%).
63	image_oraculo	pair	0%	0%	divergent	Divergente	Das Wasser ist oberhalb des Feuers: das Bild des Zustands nach der Vollendung. So bedenkt der Edle das Unglück und rüstet sich im voraus dag…	MYMEMORY WARNING: YOU USED ALL AVAILABLE FREE TRANSLATIONS FOR TODAY. NEXT AVAILABLE IN 03 HOURS 27 MINUTES 07 SECONDS VISIT HTTPS://MYMEMOR…	Water over fire: the image of the condition In AFTER COMPLETION. Thus the superior man Takes thought of misfortune And arms himself against …	Primera línea poco alineada (Jaccard 0%). | Solapamiento léxico bajo MT↔Baynes (0%).
64	image_oraculo	pair	0%	0%	divergent	Divergente	Das Feuer ist oberhalb des Wassers: das Bild des Zustands vor dem Übergang. So ist der Edle vorsichtig in der Unterscheidung der Dinge, dami…	MYMEMORY WARNING: YOU USED ALL AVAILABLE FREE TRANSLATIONS FOR TODAY. NEXT AVAILABLE IN 03 HOURS 27 MINUTES 07 SECONDS VISIT HTTPS://MYMEMOR…	Fire over water: The image of the condition before transition. Thus the superior man is careful In the differentiation of things, So that ea…	Primera línea poco alineada (Jaccard 0%). | Solapamiento léxico bajo MT↔Baynes (0%).
1	image_comentario	pair	1%	0%	divergent	Divergente	Die Verdoppelung des Zeichens Kiën, dessen Bild der Himmel ist, deutet, da es nur einen Himmel gibt, auf die Bewegung des Himmels. Eine voll…	MYMEMORY WARNING: YOU USED ALL AVAILABLE FREE TRANSLATIONS FOR TODAY. NEXT AVAILABLE IN 03 HOURS 27 MINUTES 07 SECONDS VISIT HTTPS://MYMEMOR…	Since there is only one heaven, the doubling of the trigram Ch'ien, of which heaven is the image, indicates the movement of heaven. One comp…	Primera línea poco alineada (Jaccard 0%). | Solapamiento léxico bajo MT↔Baynes (1%).
2	image_comentario	pair	1%	1%	divergent	Divergente	Ebenso wie es nur einen Himmel gibt, gibt es auch nur eine Erde. Während aber beim Himmel die Verdoppelung des Zeichens zeitliche Dauer bede…	MYMEMORY WARNING: YOU USED ALL AVAILABLE FREE TRANSLATIONS FOR TODAY. NEXT AVAILABLE IN 03 HOURS 27 MINUTES 06 SECONDS VISIT HTTPS://MYMEMOR…	Just as there is only one heaven, so too there is only one earth. In the hexagram of heaven the doubling of the trigram implies duration in …	Primera línea poco alineada (Jaccard 1%). | Solapamiento léxico bajo MT↔Baynes (1%).
3	image_comentario	pair	0%	0%	divergent	Divergente	Wolken und Donner werden dargestellt durch bestimmte Linienornamente, das heißt, daß in dem Chaos der Anfangsschwierigkeit die Ordnung schon…	MYMEMORY WARNING: YOU USED ALL AVAILABLE FREE TRANSLATIONS FOR TODAY. NEXT AVAILABLE IN 03 HOURS 27 MINUTES 05 SECONDS VISIT HTTPS://MYMEMOR…	Clouds and thunder are represented by definite decorative lines; this means that in the chaos of difficulty at the beginning, order is alrea…	Primera línea poco alineada (Jaccard 0%). | Solapamiento léxico bajo MT↔Baynes (0%).
4	image_comentario	pair	2%	2%	divergent	Divergente	Die Quelle kommt dadurch ins Fließen und zur Überwindung des Stillstandes, daß sie alle hohlen Stellen auf ihrem Weg ausfüllt. Ebenso ist de…	MYMEMORY WARNING: YOU USED ALL AVAILABLE FREE TRANSLATIONS FOR TODAY. NEXT AVAILABLE IN 03 HOURS 27 MINUTES 05 SECONDS VISIT HTTPS://MYMEMOR…	A spring succeeds in flowing on and escapes stagnation by filling up all the hollow places in its path. In the same way character is develop…	Primera línea poco alineada (Jaccard 2%). | Solapamiento léxico bajo MT↔Baynes (2%).
5	image_comentario	pair	0%	0%	divergent	Divergente	Wenn die Wolken am Himmel aufsteigen, so ist das ein Zeichen, daß es regnen wird. Da läßt sich dann weiter nichts machen als warten, bis der…	MYMEMORY WARNING: YOU USED ALL AVAILABLE FREE TRANSLATIONS FOR TODAY. NEXT AVAILABLE IN 03 HOURS 27 MINUTES 05 SECONDS VISIT HTTPS://MYMEMOR…	When clouds rise in the sky, it is a sign that it will rain. There is nothing to do but to wait until the rain falls. It is the same in life…	Primera línea poco alineada (Jaccard 0%). | Solapamiento léxico bajo MT↔Baynes (0%).
6	image_comentario	pair	0%	0%	divergent	Divergente	Das Bild deutet darauf hin, daß die Ursachen des Streites in den zuvor schon vorhandenen entgegengesetzten Richtungen beider Teile liegen. S…	MYMEMORY WARNING: YOU USED ALL AVAILABLE FREE TRANSLATIONS FOR TODAY. NEXT AVAILABLE IN 03 HOURS 27 MINUTES 05 SECONDS VISIT HTTPS://MYMEMOR…	The image indicates that the causes of conflict are latent in the opposing tendencies of the two trigrams. Once these opposing tendencies ap…	Primera línea poco alineada (Jaccard 0%). | Solapamiento léxico bajo MT↔Baynes (0%).
7	image_comentario	pair	0%	0%	divergent	Divergente	Das Grundwasser ist unsichtbar inmitten der Erde vorhanden. So ist auch die Kriegsmacht eines Volkes unsichtbar in seinen Massen vorhanden. …	MYMEMORY WARNING: YOU USED ALL AVAILABLE FREE TRANSLATIONS FOR TODAY. NEXT AVAILABLE IN 03 HOURS 27 MINUTES 04 SECONDS VISIT HTTPS://MYMEMOR…	Ground water is invisibly present within the earth. In the same way the military power of a people is invisibly present in the masses. When …	Primera línea poco alineada (Jaccard 0%). | Solapamiento léxico bajo MT↔Baynes (0%).
8	image_comentario	pair	1%	1%	divergent	Divergente	Das Wasser auf der Erde füllt alle Lücken aus und haftet fest an ihr. Die Gesellschaftsorganisation des Altertums war auf diesen Grundsatz d…	MYMEMORY WARNING: YOU USED ALL AVAILABLE FREE TRANSLATIONS FOR TODAY. NEXT AVAILABLE IN 03 HOURS 27 MINUTES 03 SECONDS VISIT HTTPS://MYMEMOR…	Water fills up all the empty places on the earth and clings fast to it. The social organization of ancient China was based on this principle…	Primera línea poco alineada (Jaccard 1%). | Solapamiento léxico bajo MT↔Baynes (1%).
9	image_comentario	pair	0%	0%	divergent	Divergente	Der Wind treibt die Wolken am Himmel zwar zusammen, aber weil er nur Luft ist ohne festen Körper, bringt er keine großen, dauernden Wirkunge…	MYMEMORY WARNING: YOU USED ALL AVAILABLE FREE TRANSLATIONS FOR TODAY. NEXT AVAILABLE IN 03 HOURS 27 MINUTES 03 SECONDS VISIT HTTPS://MYMEMOR…	The wind can indeed drive the clouds together in the sky; yet, being nothing but air, without solid body, it does not produce great or lasti…	Primera línea poco alineada (Jaccard 0%). | Solapamiento léxico bajo MT↔Baynes (0%).
10	image_comentario	pair	1%	1%	divergent	Divergente	Himmel und See zeigen einen Höhenunterschied, der durch ihr Wesen von selbst gekommen ist und daher durch keinerlei Neid getrübt wird. So mu…	MYMEMORY WARNING: YOU USED ALL AVAILABLE FREE TRANSLATIONS FOR TODAY. NEXT AVAILABLE IN 03 HOURS 27 MINUTES 02 SECONDS VISIT HTTPS://MYMEMOR…	Heaven and the lake show a difference of elevation that inheres in the natures of the two, hence no envy arises. Among mankind also there ar…	Primera línea poco alineada (Jaccard 1%). | Solapamiento léxico bajo MT↔Baynes (1%).
11	image_comentario	pair	0%	0%	divergent	Divergente	Himmel und Erde stehen im Verkehr und vereinigen ihre Wirkungen. Das gibt eine allgemeine Zeit des Blühens und Gedeihens. Dieser Kraftstrom …	MYMEMORY WARNING: YOU USED ALL AVAILABLE FREE TRANSLATIONS FOR TODAY. NEXT AVAILABLE IN 03 HOURS 27 MINUTES 02 SECONDS VISIT HTTPS://MYMEMOR…	Heaven and earth are in contact and combine their influences, producing a time of universal flowering and prosperity. This stream of energy …	Primera línea poco alineada (Jaccard 0%). | Solapamiento léxico bajo MT↔Baynes (0%).
12	image_comentario	pair	0%	0%	divergent	Divergente	Wenn gegenseitiges Mißtrauen im öffentlichen Leben herrscht infolge des Einflusses, den die Gemeinen haben, so ist eine fruchtbare Wirksamke…	MYMEMORY WARNING: YOU USED ALL AVAILABLE FREE TRANSLATIONS FOR TODAY. NEXT AVAILABLE IN 03 HOURS 27 MINUTES 01 SECONDS VISIT HTTPS://MYMEMOR…	When, owing to the influence of inferior men, mutual mistrust prevails in public life, fruitful activity is rendered impossible, because the…	Primera línea poco alineada (Jaccard 0%). | Solapamiento léxico bajo MT↔Baynes (0%).
13	image_comentario	pair	3%	3%	divergent	Divergente	Der Himmel hat dieselbe Bewegungsrichtung wie das Feuer und ist doch von ihm unterschieden. Wie die leuchtenden Körper am Himmel zur Glieder…	MYMEMORY WARNING: YOU USED ALL AVAILABLE FREE TRANSLATIONS FOR TODAY. NEXT AVAILABLE IN 03 HOURS 27 MINUTES 01 SECONDS VISIT HTTPS://MYMEMOR…	Heaven has the same direction of movement as fire, yet it is different from fire. Just as the luminaries in the sky serve for the systematic…	Primera línea poco alineada (Jaccard 3%). | Solapamiento léxico bajo MT↔Baynes (3%).
14	image_comentario	pair	0%	0%	divergent	Divergente	Die Sonne droben am Himmel, die alles Irdische bescheint, ist das Bild des Besitzes im Großen. Aber ein solcher Besitz muß recht verwaltet w…	MYMEMORY WARNING: YOU USED ALL AVAILABLE FREE TRANSLATIONS FOR TODAY. NEXT AVAILABLE IN 03 HOURS 27 MINUTES 00 SECONDS VISIT HTTPS://MYMEMOR…	The sun in heaven above, shedding light over everything on earth, is the image of possession on a grand scale. But a possession of this sort…	Primera línea poco alineada (Jaccard 0%). | Solapamiento léxico bajo MT↔Baynes (0%).
15	image_comentario	pair	1%	1%	divergent	Divergente	Der Erde, in der ein Berg verborgen ist, sieht man ihren Reichtum nicht an, denn das Hohe des Berges dient zum Ausgleich der Vertiefungen. S…	MYMEMORY WARNING: YOU USED ALL AVAILABLE FREE TRANSLATIONS FOR TODAY. NEXT AVAILABLE IN 03 HOURS 27 MINUTES 00 SECONDS VISIT HTTPS://MYMEMOR…	The wealth of the earth in which a mountain is hidden is not visible to the eye, because the depths are offset by the height of the mountain…	Primera línea poco alineada (Jaccard 1%). | Solapamiento léxico bajo MT↔Baynes (1%).
16	image_comentario	pair	1%	1%	divergent	Divergente	Wenn der Donner, die elektrische Kraft, zu Beginn des Sommers wieder aus der Erde hervorgerauscht kommt und das erste Gewitter die Natur erf…	MYMEMORY WARNING: YOU USED ALL AVAILABLE FREE TRANSLATIONS FOR TODAY. NEXT AVAILABLE IN 03 HOURS 26 MINUTES 59 SECONDS VISIT HTTPS://MYMEMOR…	When, at the beginning of summer, thunder—electrical energy—comes rushing forth from the earth again, and the first thunderstorm refreshes n…	Primera línea poco alineada (Jaccard 1%). | Solapamiento léxico bajo MT↔Baynes (1%).
17	image_comentario	pair	1%	1%	divergent	Divergente	Im Herbst zieht sich die Elektrizität wieder in die Erde zurück und ruht. Der Donner inmitten des Sees ist als Bild genommen, nicht der Donn…	MYMEMORY WARNING: YOU USED ALL AVAILABLE FREE TRANSLATIONS FOR TODAY. NEXT AVAILABLE IN 03 HOURS 26 MINUTES 58 SECONDS VISIT HTTPS://MYMEMOR…	In the autumn electricity withdraws into the earth again and rests. Here it is the thunder in the middle of the lake that serves as the imag…	Primera línea poco alineada (Jaccard 1%). | Solapamiento léxico bajo MT↔Baynes (1%).
18	image_comentario	pair	1%	1%	divergent	Divergente	Wenn der Wind unten am Berg weht, so wird er zurückgeworfen und verdirbt die Pflanzen. Das enthält die Aufforderung zu bessern. So ist es au…	MYMEMORY WARNING: YOU USED ALL AVAILABLE FREE TRANSLATIONS FOR TODAY. NEXT AVAILABLE IN 03 HOURS 26 MINUTES 57 SECONDS VISIT HTTPS://MYMEMOR…	When the wind blows low on the mountain, it is thrown back and spoils the vegetation. This contains a challenge to improvement. It is the sa…	Primera línea poco alineada (Jaccard 1%). | Solapamiento léxico bajo MT↔Baynes (1%).
19	image_comentario	pair	3%	3%	divergent	Divergente	Die Erde grenzt von oben an den See, das ist das Bild der Annäherung und Herablassung des Höheren gegen die Tieferstehenden. Aus den beiden …	MYMEMORY WARNING: YOU USED ALL AVAILABLE FREE TRANSLATIONS FOR TODAY. NEXT AVAILABLE IN 03 HOURS 26 MINUTES 56 SECONDS VISIT HTTPS://MYMEMOR…	The earth borders upon the lake from above. This symbolizes the approach and condescension of the man of higher position to those beneath hi…	Primera línea poco alineada (Jaccard 3%). | Solapamiento léxico bajo MT↔Baynes (3%).
20	image_comentario	pair	2%	1%	divergent	Divergente	Wenn der Wind über die Erde weht, so kommt er überall hin, und das Gras muß sich seiner Macht beugen. Diese beiden Vorgänge finden in dem Ze…	MYMEMORY WARNING: YOU USED ALL AVAILABLE FREE TRANSLATIONS FOR TODAY. NEXT AVAILABLE IN 03 HOURS 26 MINUTES 56 SECONDS VISIT HTTPS://MYMEMOR…	When the wind blows over the earth it goes far and wide, and the grass must bend to its power. These two occurrences find confirmation in th…	Primera línea poco alineada (Jaccard 1%). | Solapamiento léxico bajo MT↔Baynes (2%).
21	image_comentario	pair	0%	0%	divergent	Divergente	Die Strafen sind die einzelnen Anwendungen der Gesetze. Die Gesetze enthalten die Aufzeichnung der Strafen. Klarheit herrscht, wenn bei der …	MYMEMORY WARNING: YOU USED ALL AVAILABLE FREE TRANSLATIONS FOR TODAY. NEXT AVAILABLE IN 03 HOURS 26 MINUTES 55 SECONDS VISIT HTTPS://MYMEMOR…	Penalties are the individual applications of the law. The laws specify the penalties. Clarity prevails when mild and severe penalties are cl…	Primera línea poco alineada (Jaccard 0%). | Solapamiento léxico bajo MT↔Baynes (0%).
22	image_comentario	pair	0%	0%	divergent	Divergente	Das Feuer, dessen Schein den Berg erleuchtet und anmutig macht, leuchtet nicht auf große Entfernung. So genügt anmutige Form zwar, um kleine…	MYMEMORY WARNING: YOU USED ALL AVAILABLE FREE TRANSLATIONS FOR TODAY. NEXT AVAILABLE IN 03 HOURS 26 MINUTES 54 SECONDS VISIT HTTPS://MYMEMOR…	The fire, whose light illuminates the mountain and makes it pleasing, does not shine far; in the same way, beautiful form suffices to bright…	Primera línea poco alineada (Jaccard 0%). | Solapamiento léxico bajo MT↔Baynes (0%).
23	image_comentario	pair	2%	2%	divergent	Divergente	Der Berg ruht auf der Erde. Wenn er steil und schmal ist und keine breite Grundlage hat, so muß er einstürzen. Nur dadurch, daß er breit und…	MYMEMORY WARNING: YOU USED ALL AVAILABLE FREE TRANSLATIONS FOR TODAY. NEXT AVAILABLE IN 03 HOURS 26 MINUTES 54 SECONDS VISIT HTTPS://MYMEMOR…	The mountain rests on the earth. When it is steep and narrow, lacking a broad base, it must topple over. Its position is strong only when it…	Primera línea poco alineada (Jaccard 1%). | Solapamiento léxico bajo MT↔Baynes (1%).
24	image_comentario	pair	2%	2%	divergent	Divergente	Die Wintersonnenwende wurde in China von jeher als die Ruhezeit des Jahres gefeiert – ein Brauch, der sich in der Neujahrsruhezeit noch imme…	MYMEMORY WARNING: YOU USED ALL AVAILABLE FREE TRANSLATIONS FOR TODAY. NEXT AVAILABLE IN 03 HOURS 26 MINUTES 54 SECONDS VISIT HTTPS://MYMEMOR…	The winter solstice has always been celebrated in China as the resting time of the year—a custom that survives in the time of rest observed …	Primera línea poco alineada (Jaccard 2%). | Solapamiento léxico bajo MT↔Baynes (2%).
25	image_comentario	pair	2%	2%	divergent	Divergente	Wenn der Donner – die Lebenskraft – im Frühling sich unter dem Himmel wieder regt, dann sproßt und wächst alles, und alle Geschöpfe erhalten…	MYMEMORY WARNING: YOU USED ALL AVAILABLE FREE TRANSLATIONS FOR TODAY. NEXT AVAILABLE IN 03 HOURS 26 MINUTES 53 SECONDS VISIT HTTPS://MYMEMOR…	In springtime when thunder, life energy, begins to move again under the heavens, everything sprouts and grows, and all beings receive from t…	Primera línea poco alineada (Jaccard 2%). | Solapamiento léxico bajo MT↔Baynes (2%).
26	image_comentario	pair	0%	0%	divergent	Divergente	Der Himmel inmitten des Berges deutet auf verborgene Schätze. So liegt in den Worten und Taten der Vergangenheit ein Schatz verborgen, der z…	MYMEMORY WARNING: YOU USED ALL AVAILABLE FREE TRANSLATIONS FOR TODAY. NEXT AVAILABLE IN 03 HOURS 26 MINUTES 53 SECONDS VISIT HTTPS://MYMEMOR…	Heaven within the mountain points to hidden treasures. In the words and deeds of the past there lies hidden a treasure that men may use to s…	Primera línea poco alineada (Jaccard 0%). | Solapamiento léxico bajo MT↔Baynes (0%).
27	image_comentario	pair	2%	2%	divergent	Divergente	»Gott tritt hervor im Zeichen der Erregung.« Wenn im Frühling die Lebenskräfte sich wieder regen, dann entstehen alle Dinge aufs neue. »Er v…	MYMEMORY WARNING: YOU USED ALL AVAILABLE FREE TRANSLATIONS FOR TODAY. NEXT AVAILABLE IN 03 HOURS 26 MINUTES 53 SECONDS VISIT HTTPS://MYMEMOR…	""God comes forth in the sign of the Arousing""2: when in the spring the life forces stir again, all things come into being anew. ""He brings t…	Primera línea poco alineada (Jaccard 2%). | Solapamiento léxico bajo MT↔Baynes (2%).
28	image_comentario	pair	0%	0%	divergent	Divergente	Außerordentliche Zeiten des Übergewichts des Großen sind wie eine Überschwemmung, da der See über die Bäume weggeht. Aber solche Zustände ge…	MYMEMORY WARNING: YOU USED ALL AVAILABLE FREE TRANSLATIONS FOR TODAY. NEXT AVAILABLE IN 03 HOURS 26 MINUTES 52 SECONDS VISIT HTTPS://MYMEMOR…	Extraordinary times when the great preponderates are like floodtimes when the lake rises over the treetops. But such conditions are temporar…	Primera línea poco alineada (Jaccard 0%). | Solapamiento léxico bajo MT↔Baynes (0%).
29	image_comentario	pair	2%	2%	divergent	Divergente	Das Wasser erreicht sein Ziel durch ununterbrochenes Fließen. Es füllt jede Vertiefung aus, ehe es weiterfließt. So macht es der Edle. Er le…	MYMEMORY WARNING: YOU USED ALL AVAILABLE FREE TRANSLATIONS FOR TODAY. NEXT AVAILABLE IN 03 HOURS 26 MINUTES 52 SECONDS VISIT HTTPS://MYMEMOR…	Water reaches its goal by flowing continually. It fills up every depression before it flows on. The superior man follows its example; he is …	Primera línea poco alineada (Jaccard 2%). | Solapamiento léxico bajo MT↔Baynes (2%).
30	image_comentario	pair	2%	2%	divergent	Divergente	Jedes der beiden Einzelzeichen stellt die Sonne in einem Tageslauf dar. Es ist also eine wiederholte Tätigkeit der Sonne dargestellt. Damit …	MYMEMORY WARNING: YOU USED ALL AVAILABLE FREE TRANSLATIONS FOR TODAY. NEXT AVAILABLE IN 03 HOURS 26 MINUTES 52 SECONDS VISIT HTTPS://MYMEMOR…	Each of the two trigrams represents the sun in the course of a day. The two together represent the repeated movement of the sun, the functio…	Primera línea poco alineada (Jaccard 2%). | Solapamiento léxico bajo MT↔Baynes (2%).
31	image_comentario	pair	1%	1%	divergent	Divergente	Ein Berg, auf dem oben ein See ist, erlangt Anregung durch dessen Feuchtigkeit. Dieser Vorteil wird ihm zuteil, weil sein Gipfel nicht hervo…	MYMEMORY WARNING: YOU USED ALL AVAILABLE FREE TRANSLATIONS FOR TODAY. NEXT AVAILABLE IN 03 HOURS 26 MINUTES 52 SECONDS VISIT HTTPS://MYMEMOR…	A mountain with a lake on its summit is stimulated by the moisture from the lake. It has this advantage because its summit does not jut out …	Primera línea poco alineada (Jaccard 1%). | Solapamiento léxico bajo MT↔Baynes (1%).
32	image_comentario	pair	1%	1%	divergent	Divergente	Der Donner rollt, und der Wind weht. Beides ist etwas äußerst Bewegliches, so daß es dem Anschein nach das Gegenteil von Dauer ist. Aber ihr…	MYMEMORY WARNING: YOU USED ALL AVAILABLE FREE TRANSLATIONS FOR TODAY. NEXT AVAILABLE IN 03 HOURS 26 MINUTES 52 SECONDS VISIT HTTPS://MYMEMOR…	Thunder rolls, and the wind blows; both are examples of extreme mobility and so are seemingly the very opposite of duration, but the laws go…	Primera línea poco alineada (Jaccard 1%). | Solapamiento léxico bajo MT↔Baynes (1%).
33	image_comentario	pair	1%	1%	divergent	Divergente	Der Berg erhebt sich unter dem Himmel, aber in seiner Natur liegt es, daß er schließlich stehenbleibt. Der Himmel dagegen zieht sich nach ob…	MYMEMORY WARNING: YOU USED ALL AVAILABLE FREE TRANSLATIONS FOR TODAY. NEXT AVAILABLE IN 03 HOURS 26 MINUTES 51 SECONDS VISIT HTTPS://MYMEMOR…	The mountain rises up under heaven, but owing to its nature it finally comes to a stop. Heaven on the other hand retreats upward before it i…	Primera línea poco alineada (Jaccard 1%). | Solapamiento léxico bajo MT↔Baynes (1%).
34	image_comentario	pair	0%	0%	divergent	Divergente	Der Donner, die elektrische Kraft, steigt im Frühjahr nach oben. Diese Bewegung ist im Einklang mit der Richtung der Bewegung des Himmels. E…	MYMEMORY WARNING: YOU USED ALL AVAILABLE FREE TRANSLATIONS FOR TODAY. NEXT AVAILABLE IN 03 HOURS 26 MINUTES 51 SECONDS VISIT HTTPS://MYMEMOR…	Thunder—electrical energy—mounts upward in the spring. The direction of this movement is in harmony with that of the movement of heaven. It …	Primera línea poco alineada (Jaccard 0%). | Solapamiento léxico bajo MT↔Baynes (0%).
35	image_comentario	pair	2%	2%	divergent	Divergente	Das Licht der Sonne, das über die Erde aufsteigt, ist von Natur klar, aber je höher die Sonne steigt, desto mehr kommt sie aus den trüben Dü…	MYMEMORY WARNING: YOU USED ALL AVAILABLE FREE TRANSLATIONS FOR TODAY. NEXT AVAILABLE IN 03 HOURS 26 MINUTES 51 SECONDS VISIT HTTPS://MYMEMOR…	The light of the sun as it rises over the earth is by nature clear. The higher the sun rises, the more it emerges from the dark mists, sprea…	Primera línea poco alineada (Jaccard 2%). | Solapamiento léxico bajo MT↔Baynes (2%).
36	image_comentario	pair	2%	2%	divergent	Divergente	In Zeiten der Finsternis gilt es vorsichtig und zurückhaltend zu sein. Nicht durch rücksichtsloses Auftreten soll man sich nutzlos übermächt…	MYMEMORY WARNING: YOU USED ALL AVAILABLE FREE TRANSLATIONS FOR TODAY. NEXT AVAILABLE IN 03 HOURS 26 MINUTES 50 SECONDS VISIT HTTPS://MYMEMOR…	In a time of darkness it is essential to be cautious and reserved. One should not needlessly awaken overwhelming enmity by inconsiderate beh…	Primera línea poco alineada (Jaccard 2%). | Solapamiento léxico bajo MT↔Baynes (2%).
37	image_comentario	pair	0%	0%	divergent	Divergente	Die Hitze erzeugt Kraft; das bedeutet der Wind, der durch das Feuer entfacht wird und aus ihm hervorgeht. Das ist die Wirkung von innen nach…	MYMEMORY WARNING: YOU USED ALL AVAILABLE FREE TRANSLATIONS FOR TODAY. NEXT AVAILABLE IN 03 HOURS 26 MINUTES 50 SECONDS VISIT HTTPS://MYMEMOR…	Heat creates energy: this is signified by the wind stirred up by the fire and issuing forth from it. This represents influence working from …	Primera línea poco alineada (Jaccard 0%). | Solapamiento léxico bajo MT↔Baynes (0%).
38	image_comentario	pair	2%	2%	divergent	Divergente	Wie die beiden Elemente Feuer und Wasser, auch wenn sie beisammen sind, sich nie vermischen, sondern ihre eigene Natur behalten, so wird der…	MYMEMORY WARNING: YOU USED ALL AVAILABLE FREE TRANSLATIONS FOR TODAY. NEXT AVAILABLE IN 03 HOURS 26 MINUTES 49 SECONDS VISIT HTTPS://MYMEMOR…	The two elements, fire and water, never mingle but even when in contact retain their own natures. So the cultured man is never led into base…	Primera línea poco alineada (Jaccard 2%). | Solapamiento léxico bajo MT↔Baynes (2%).
39	image_comentario	pair	2%	2%	divergent	Divergente	Schwierigkeiten und Hemmnisse werfen den Menschen auf sich selbst zurück. Während aber der Gemeine die Schuld draußen bei andern Menschen su…	MYMEMORY WARNING: YOU USED ALL AVAILABLE FREE TRANSLATIONS FOR TODAY. NEXT AVAILABLE IN 03 HOURS 26 MINUTES 49 SECONDS VISIT HTTPS://MYMEMOR…	Difficulties and obstructions throw a man back upon himself. While the inferior man seeks to put the blame on other persons, bewailing his f…	Primera línea poco alineada (Jaccard 2%). | Solapamiento léxico bajo MT↔Baynes (2%).
40	image_comentario	pair	0%	0%	divergent	Divergente	Das Gewitter hat luftreinigende Wirkung. So macht es der Edle auch mit den Fehlern und Sünden der Menschen, die Spannungszustände hervorrufe…	MYMEMORY WARNING: YOU USED ALL AVAILABLE FREE TRANSLATIONS FOR TODAY. NEXT AVAILABLE IN 03 HOURS 26 MINUTES 49 SECONDS VISIT HTTPS://MYMEMOR…	A thunderstorm has the effect of clearing the air; the superior man produces a similar effect when dealing with mistakes and sins of men tha…	Primera línea poco alineada (Jaccard 0%). | Solapamiento léxico bajo MT↔Baynes (0%).
41	image_comentario	pair	0%	0%	divergent	Divergente	Der See unten am Berg verdunstet. Dadurch wird er gemindert zu Gunsten des Bergs, der durch seine Feuchtigkeit bereichert wird. Der Berg ist…	MYMEMORY WARNING: YOU USED ALL AVAILABLE FREE TRANSLATIONS FOR TODAY. NEXT AVAILABLE IN 03 HOURS 26 MINUTES 49 SECONDS VISIT HTTPS://MYMEMOR…	The lake at the foot of the mountain evaporates. In this way it decreases to the benefit of the mountain, which is enriched by its moisture.…	Primera línea poco alineada (Jaccard 0%). | Solapamiento léxico bajo MT↔Baynes (0%).
42	image_comentario	pair	2%	2%	divergent	Divergente	Indem man beobachtet, wie Donner und Wind sich gegenseitig mehren und verstärken, lernt man den Weg zu seiner eignen Selbstmehrung und Besse…	MYMEMORY WARNING: YOU USED ALL AVAILABLE FREE TRANSLATIONS FOR TODAY. NEXT AVAILABLE IN 03 HOURS 26 MINUTES 48 SECONDS VISIT HTTPS://MYMEMOR…	While observing how thunder and wind increase and strengthen each other, a man can note the way to self-increase and self-improvement. When …	Primera línea poco alineada (Jaccard 1%). | Solapamiento léxico bajo MT↔Baynes (1%).
43	image_comentario	pair	4%	4%	divergent	Divergente	Wenn das Wasser des Sees an den Himmel emporgestiegen ist, so läßt das einen Wolkenbruch befürchten. Das läßt sich der Edle zur Warnung dien…	MYMEMORY WARNING: YOU USED ALL AVAILABLE FREE TRANSLATIONS FOR TODAY. NEXT AVAILABLE IN 03 HOURS 26 MINUTES 48 SECONDS VISIT HTTPS://MYMEMOR…	When the water of a lake has risen up to heaven, there is reason to fear a cloudburst. Taking this as a warning, the superior man forestalls…	Primera línea poco alineada (Jaccard 4%). | Solapamiento léxico bajo MT↔Baynes (4%).
44	image_comentario	pair	0%	0%	divergent	Divergente	Die Lage ist ähnlich wie bei dem Zeichen »Anblick« (Nr. 20). Dort weht der Wind über die Erde, hier weht er unter dem Himmel. Beide Male kom…	MYMEMORY WARNING: YOU USED ALL AVAILABLE FREE TRANSLATIONS FOR TODAY. NEXT AVAILABLE IN 03 HOURS 26 MINUTES 47 SECONDS VISIT HTTPS://MYMEMOR…	The situation here resembles that in hexagram 20, Kuan, CONTEMPLATION (VIEW). In the latter the wind blows over the earth, here it blows und…	Primera línea poco alineada (Jaccard 0%). | Solapamiento léxico bajo MT↔Baynes (0%).
45	image_comentario	pair	0%	0%	divergent	Divergente	Wenn das Wasser im See sich sammelt, so daß es über die Erde emporsteigt, so droht ein Durchbruch. Dagegen muß man Vorkehrungen treffen. So …	MYMEMORY WARNING: YOU USED ALL AVAILABLE FREE TRANSLATIONS FOR TODAY. NEXT AVAILABLE IN 03 HOURS 26 MINUTES 47 SECONDS VISIT HTTPS://MYMEMOR…	If the water in the lake gathers until it rises above the earth, there is danger of a break-through. Precautions must be taken to prevent th…	Primera línea poco alineada (Jaccard 0%). | Solapamiento léxico bajo MT↔Baynes (0%).
46	image_comentario	pair	0%	0%	divergent	Divergente	Das Holz in der Erde wächst ohne Hast und ohne Rast der Höhe zu, indem es sich fügsam um die Hindernisse herumbiegt. So ist der Edle hingebe…	MYMEMORY WARNING: YOU USED ALL AVAILABLE FREE TRANSLATIONS FOR TODAY. NEXT AVAILABLE IN 03 HOURS 26 MINUTES 46 SECONDS VISIT HTTPS://MYMEMOR…	Adapting itself to obstacles and bending around them, wood in the earth grows upward without haste and without rest. Thus too the superior m…	Primera línea poco alineada (Jaccard 0%). | Solapamiento léxico bajo MT↔Baynes (0%).
47	image_comentario	pair	3%	3%	divergent	Divergente	Wenn das Wasser aus dem See nach unten geflossen ist, muß der See vertrocknen und sich erschöpfen. Das ist Schicksal. Das ist das Bild widri…	MYMEMORY WARNING: YOU USED ALL AVAILABLE FREE TRANSLATIONS FOR TODAY. NEXT AVAILABLE IN 03 HOURS 26 MINUTES 46 SECONDS VISIT HTTPS://MYMEMOR…	When the water has flowed out below, the lake must dry up and become exhausted. That is fate. This symbolizes an adverse fate in human life.…	Primera línea poco alineada (Jaccard 3%). | Solapamiento léxico bajo MT↔Baynes (3%).
48	image_comentario	pair	4%	4%	divergent	Divergente	Unten ist das Zeichen Sun, Holz, darüber das Zeichen Kan, Wasser. Das Holz saugt das Wasser nach oben. Wie das Holz als Organismus die Tätig…	MYMEMORY WARNING: YOU USED ALL AVAILABLE FREE TRANSLATIONS FOR TODAY. NEXT AVAILABLE IN 03 HOURS 26 MINUTES 46 SECONDS VISIT HTTPS://MYMEMOR…	The trigram Sun, wood, is below, and the trigram K'an, water, is above it. Wood sucks water upward. Just as wood as an organism imitates the…	Primera línea poco alineada (Jaccard 4%). | Solapamiento léxico bajo MT↔Baynes (4%).
49	image_comentario	pair	0%	0%	divergent	Divergente	Das Feuer unten und der See oben bekämpfen und vernichten einander. So findet im Lauf des Jahres auch ein Kampf der lichten und der dunklen …	MYMEMORY WARNING: YOU USED ALL AVAILABLE FREE TRANSLATIONS FOR TODAY. NEXT AVAILABLE IN 03 HOURS 26 MINUTES 46 SECONDS VISIT HTTPS://MYMEMOR…	Fire below and the lake above combat and destroy each other. So too in the course of the year a combat takes place between the forces of lig…	Primera línea poco alineada (Jaccard 0%). | Solapamiento léxico bajo MT↔Baynes (0%).
50	image_comentario	pair	0%	0%	divergent	Divergente	Das Holz ist das Schicksal des Feuers; solange es unten vorhanden ist, brennt das Feuer oben. So ist es mit dem menschlichen Leben. Auch im …	MYMEMORY WARNING: YOU USED ALL AVAILABLE FREE TRANSLATIONS FOR TODAY. NEXT AVAILABLE IN 03 HOURS 26 MINUTES 45 SECONDS VISIT HTTPS://MYMEMOR…	The fate of fire depends on wood; as long as there is wood below, the fire bums above. It is the same in human life; there is in man likewis…	Primera línea poco alineada (Jaccard 0%). | Solapamiento léxico bajo MT↔Baynes (0%).
51	image_comentario	pair	0%	0%	divergent	Divergente	Der fortgesetzte Donner bringt durch seine Erschütterung Furcht und Zittern mit sich. So steht der Edle stets in Ehrfurcht vor dem Hervortre…	MYMEMORY WARNING: YOU USED ALL AVAILABLE FREE TRANSLATIONS FOR TODAY. NEXT AVAILABLE IN 03 HOURS 26 MINUTES 45 SECONDS VISIT HTTPS://MYMEMOR…	The shock of continuing thunder brings fear and trembling. The superior man is always filled with reverence at the manifestation of God; he …	Primera línea poco alineada (Jaccard 0%). | Solapamiento léxico bajo MT↔Baynes (0%).
52	image_comentario	pair	2%	2%	divergent	Divergente	Das Herz denkt dauernd. Das läßt sich nicht ändern. Aber es sollen die Bewegungen des Herzens, d.h. die Gedanken, sich auf die gegenwärtige …	MYMEMORY WARNING: YOU USED ALL AVAILABLE FREE TRANSLATIONS FOR TODAY. NEXT AVAILABLE IN 03 HOURS 26 MINUTES 45 SECONDS VISIT HTTPS://MYMEMOR…	The heart thinks constantly. This cannot be changed, but the movements of the heart—that is, a man's thoughts—should restrict themselves to …	Primera línea poco alineada (Jaccard 2%). | Solapamiento léxico bajo MT↔Baynes (2%).
53	image_comentario	pair	1%	1%	divergent	Divergente	Der Baum auf dem Berge ist weithin sichtbar, und seine Entwicklung ist von Einfluß auf das Landschaftsbild der ganzen Gegend. Er schießt nic…	MYMEMORY WARNING: YOU USED ALL AVAILABLE FREE TRANSLATIONS FOR TODAY. NEXT AVAILABLE IN 03 HOURS 26 MINUTES 45 SECONDS VISIT HTTPS://MYMEMOR…	The tree on the mountain is visible from afar, and its development influences the landscape of the entire region. It does not shoot up like …	Primera línea poco alineada (Jaccard 1%). | Solapamiento léxico bajo MT↔Baynes (1%).
54	image_comentario	pair	0%	0%	divergent	Divergente	Der Donner erregt das Wasser des Sees, das ihm in schimmernden Wellen folgt. Das ist das Bild des Mädchens, das dem Manne seiner Wahl folgt.…	MYMEMORY WARNING: YOU USED ALL AVAILABLE FREE TRANSLATIONS FOR TODAY. NEXT AVAILABLE IN 03 HOURS 26 MINUTES 44 SECONDS VISIT HTTPS://MYMEMOR…	Thunder stirs the water of the lake, which follows it in shimmering waves. This symbolizes the girl who follows the man of her choice. But e…	Primera línea poco alineada (Jaccard 0%). | Solapamiento léxico bajo MT↔Baynes (0%).
55	image_comentario	pair	0%	0%	divergent	Divergente	Das Zeichen hat eine gewisse Beziehung zu dem Zeichen »das Durchbeißen«, Nr. 21, wo ebenfalls Donner und Blitz beisammen sind, aber in umgek…	MYMEMORY WARNING: YOU USED ALL AVAILABLE FREE TRANSLATIONS FOR TODAY. NEXT AVAILABLE IN 03 HOURS 26 MINUTES 43 SECONDS VISIT HTTPS://MYMEMOR…	This hexagram has a certain connection with Shih Ho, BITING THROUGH (21), in which thunder and lightning similarly appear together, but in t…	Primera línea poco alineada (Jaccard 0%). | Solapamiento léxico bajo MT↔Baynes (0%).
56	image_comentario	pair	0%	0%	divergent	Divergente	Wenn das Gras auf dem Berge abbrennt, so gibt es einen hellen Schein. Aber das Feuer verweilt nicht, sondern wandert der neuen Nahrung nach.…	MYMEMORY WARNING: YOU USED ALL AVAILABLE FREE TRANSLATIONS FOR TODAY. NEXT AVAILABLE IN 03 HOURS 26 MINUTES 43 SECONDS VISIT HTTPS://MYMEMOR…	When grass on a mountain takes fire, there is bright light. However, the fire does not linger in one place, but travels on to new fuel. It i…	Primera línea poco alineada (Jaccard 0%). | Solapamiento léxico bajo MT↔Baynes (0%).
57	image_comentario	pair	0%	0%	divergent	Divergente	Das Eindringliche des Windes beruht auf seiner Unaufhörlichkeit. Dadurch wird er so machtvoll. Er nimmt die Zeit als Mittel zur Wirkung. So …	MYMEMORY WARNING: YOU USED ALL AVAILABLE FREE TRANSLATIONS FOR TODAY. NEXT AVAILABLE IN 03 HOURS 26 MINUTES 43 SECONDS VISIT HTTPS://MYMEMOR…	The penetrating quality of the wind depends upon its ceaselessness. This is what makes it so powerful; time is its instrument. In the same w…	Primera línea poco alineada (Jaccard 0%). | Solapamiento léxico bajo MT↔Baynes (0%).
58	image_comentario	pair	1%	1%	divergent	Divergente	Ein See verdunstet nach oben und erschöpft sich dadurch allmählich. Wenn aber zwei Seen miteinander in Verbindung sind, so erschöpfen sie si…	MYMEMORY WARNING: YOU USED ALL AVAILABLE FREE TRANSLATIONS FOR TODAY. NEXT AVAILABLE IN 03 HOURS 26 MINUTES 43 SECONDS VISIT HTTPS://MYMEMOR…	A lake evaporates upward and thus gradually dries up; but when two lakes are joined they do not dry up so readily, for one replenishes the o…	Primera línea poco alineada (Jaccard 1%). | Solapamiento léxico bajo MT↔Baynes (1%).
59	image_comentario	pair	1%	1%	divergent	Divergente	Das Wasser beginnt im Herbst und Winter zu erstarren und zu Eis zu gefrieren. Wenn die milden Lüfte des Frühlings kommen, löst sich die Erst…	MYMEMORY WARNING: YOU USED ALL AVAILABLE FREE TRANSLATIONS FOR TODAY. NEXT AVAILABLE IN 03 HOURS 26 MINUTES 42 SECONDS VISIT HTTPS://MYMEMOR…	In the autumn and winter, water begins to freeze into ice. When the warm breezes of spring come, the rigidity is dissolved, and the elements…	Primera línea poco alineada (Jaccard 1%). | Solapamiento léxico bajo MT↔Baynes (1%).
60	image_comentario	pair	2%	2%	divergent	Divergente	Der See ist etwas Endliches; das Wasser ist unerschöpflich. Der See kann nur ein bestimmtes Maß des unendlichen Wassers fassen. Darin besteh…	MYMEMORY WARNING: YOU USED ALL AVAILABLE FREE TRANSLATIONS FOR TODAY. NEXT AVAILABLE IN 03 HOURS 26 MINUTES 41 SECONDS VISIT HTTPS://MYMEMOR…	A lake is something limited. Water is inexhaustible. A lake can contain only a definite amount of the infinite quantity of water; this is it…	Primera línea poco alineada (Jaccard 2%). | Solapamiento léxico bajo MT↔Baynes (2%).
61	image_comentario	pair	1%	1%	divergent	Divergente	Der Wind bewegt das Wasser, weil er in seine Zwischenräume einzudringen vermag. So sucht der Edle, wo er Fehler der Menschen abzuurteilen ha…	MYMEMORY WARNING: YOU USED ALL AVAILABLE FREE TRANSLATIONS FOR TODAY. NEXT AVAILABLE IN 03 HOURS 26 MINUTES 41 SECONDS VISIT HTTPS://MYMEMOR…	Wind stirs water by penetrating it. Thus the superior man, when obliged to judge the mistakes of men, tries to penetrate their minds with un…	Primera línea poco alineada (Jaccard 1%). | Solapamiento léxico bajo MT↔Baynes (1%).
62	image_comentario	pair	2%	2%	divergent	Divergente	Der Donner auf dem Berge ist anders als der in der Ebene. In den Bergen ist der Donner viel näher, während er außerhalb der Gebirge weniger …	MYMEMORY WARNING: YOU USED ALL AVAILABLE FREE TRANSLATIONS FOR TODAY. NEXT AVAILABLE IN 03 HOURS 26 MINUTES 40 SECONDS VISIT HTTPS://MYMEMOR…	Thunder on the mountain is different from thunder on the plain. In the mountains, thunder seems much nearer; outside the mountains, it is le…	Primera línea poco alineada (Jaccard 2%). | Solapamiento léxico bajo MT↔Baynes (2%).
63	image_comentario	pair	1%	1%	divergent	Divergente	Wenn das Wasser im Kessel über dem Feuer hängt, so stehen beide Elemente in Beziehung, und es wird dadurch Kraft erzeugt. (Vgl. die Entstehu…	MYMEMORY WARNING: YOU USED ALL AVAILABLE FREE TRANSLATIONS FOR TODAY. NEXT AVAILABLE IN 03 HOURS 26 MINUTES 40 SECONDS VISIT HTTPS://MYMEMOR…	When water in a kettle hangs over fire, the two elements stand in relation and thus generate energy (cf. the production of steam). But the r…	Primera línea poco alineada (Jaccard 1%). | Solapamiento léxico bajo MT↔Baynes (1%).
64	image_comentario	pair	3%	3%	divergent	Divergente	Wenn das Feuer, das ohnehin nach oben dringt, oben und das Wasser, dessen Bewegung abwärts geht, unten ist, so gehen ihre Wirkungen auseinan…	MYMEMORY WARNING: YOU USED ALL AVAILABLE FREE TRANSLATIONS FOR TODAY. NEXT AVAILABLE IN 03 HOURS 26 MINUTES 39 SECONDS VISIT HTTPS://MYMEMOR…	When fire, which by nature flames upward, is above, and water, which flows downward, is below, their effects take opposite directions and re…	Primera línea poco alineada (Jaccard 3%). | Solapamiento léxico bajo MT↔Baynes (3%).
1	L1_etiqueta	pair	0%	0%	divergent	Divergente	Anfangs eine Neun bedeutet:	MYMEMORY WARNING: YOU USED ALL AVAILABLE FREE TRANSLATIONS FOR TODAY. NEXT AVAILABLE IN 03 HOURS 26 MINUTES 39 SECONDS VISIT HTTPS://MYMEMOR…	Nine at the beginning means:	Primera línea poco alineada (Jaccard 0%). | Solapamiento léxico bajo MT↔Baynes (0%).
2	L1_etiqueta	pair	0%	0%	divergent	Divergente	Anfangs eine Sechs bedeutet:	MYMEMORY WARNING: YOU USED ALL AVAILABLE FREE TRANSLATIONS FOR TODAY. NEXT AVAILABLE IN 03 HOURS 26 MINUTES 39 SECONDS VISIT HTTPS://MYMEMOR…	Six at the beginning means:	Primera línea poco alineada (Jaccard 0%). | Solapamiento léxico bajo MT↔Baynes (0%).
3	L1_etiqueta	pair	0%	0%	divergent	Divergente	Anfangs eine Neun bedeutet:	MYMEMORY WARNING: YOU USED ALL AVAILABLE FREE TRANSLATIONS FOR TODAY. NEXT AVAILABLE IN 03 HOURS 26 MINUTES 39 SECONDS VISIT HTTPS://MYMEMOR…	Nine at the beginning means:	Primera línea poco alineada (Jaccard 0%). | Solapamiento léxico bajo MT↔Baynes (0%).
4	L1_etiqueta	pair	0%	0%	divergent	Divergente	Anfangs eine Sechs bedeutet:	MYMEMORY WARNING: YOU USED ALL AVAILABLE FREE TRANSLATIONS FOR TODAY. NEXT AVAILABLE IN 03 HOURS 26 MINUTES 39 SECONDS VISIT HTTPS://MYMEMOR…	Six at the beginning means:	Primera línea poco alineada (Jaccard 0%). | Solapamiento léxico bajo MT↔Baynes (0%).
5	L1_etiqueta	pair	0%	0%	divergent	Divergente	Anfangs eine Neun bedeutet:	MYMEMORY WARNING: YOU USED ALL AVAILABLE FREE TRANSLATIONS FOR TODAY. NEXT AVAILABLE IN 03 HOURS 26 MINUTES 39 SECONDS VISIT HTTPS://MYMEMOR…	Nine at the beginning means:	Primera línea poco alineada (Jaccard 0%). | Solapamiento léxico bajo MT↔Baynes (0%).
6	L1_etiqueta	pair	0%	0%	divergent	Divergente	Anfangs eine Sechs bedeutet:	MYMEMORY WARNING: YOU USED ALL AVAILABLE FREE TRANSLATIONS FOR TODAY. NEXT AVAILABLE IN 03 HOURS 26 MINUTES 39 SECONDS VISIT HTTPS://MYMEMOR…	Six at the beginning means:	Primera línea poco alineada (Jaccard 0%). | Solapamiento léxico bajo MT↔Baynes (0%).
7	L1_etiqueta	pair	0%	0%	divergent	Divergente	Anfangs eine Sechs bedeutet:	MYMEMORY WARNING: YOU USED ALL AVAILABLE FREE TRANSLATIONS FOR TODAY. NEXT AVAILABLE IN 03 HOURS 26 MINUTES 39 SECONDS VISIT HTTPS://MYMEMOR…	Six at the beginning means:	Primera línea poco alineada (Jaccard 0%). | Solapamiento léxico bajo MT↔Baynes (0%).
8	L1_etiqueta	pair	0%	0%	divergent	Divergente	Anfangs eine Sechs bedeutet:	MYMEMORY WARNING: YOU USED ALL AVAILABLE FREE TRANSLATIONS FOR TODAY. NEXT AVAILABLE IN 03 HOURS 26 MINUTES 39 SECONDS VISIT HTTPS://MYMEMOR…	Six at the beginning means:	Primera línea poco alineada (Jaccard 0%). | Solapamiento léxico bajo MT↔Baynes (0%).
9	L1_etiqueta	pair	0%	0%	divergent	Divergente	Anfangs eine Neun bedeutet:	MYMEMORY WARNING: YOU USED ALL AVAILABLE FREE TRANSLATIONS FOR TODAY. NEXT AVAILABLE IN 03 HOURS 26 MINUTES 39 SECONDS VISIT HTTPS://MYMEMOR…	Nine at the beginning means:	Primera línea poco alineada (Jaccard 0%). | Solapamiento léxico bajo MT↔Baynes (0%).
10	L1_etiqueta	pair	0%	0%	divergent	Divergente	Anfangs eine Neun bedeutet:	MYMEMORY WARNING: YOU USED ALL AVAILABLE FREE TRANSLATIONS FOR TODAY. NEXT AVAILABLE IN 03 HOURS 26 MINUTES 39 SECONDS VISIT HTTPS://MYMEMOR…	Nine at the beginning means:	Primera línea poco alineada (Jaccard 0%). | Solapamiento léxico bajo MT↔Baynes (0%).
11	L1_etiqueta	pair	0%	0%	divergent	Divergente	Anfangs eine Neun bedeutet:	MYMEMORY WARNING: YOU USED ALL AVAILABLE FREE TRANSLATIONS FOR TODAY. NEXT AVAILABLE IN 03 HOURS 26 MINUTES 39 SECONDS VISIT HTTPS://MYMEMOR…	Nine at the beginning means:	Primera línea poco alineada (Jaccard 0%). | Solapamiento léxico bajo MT↔Baynes (0%).
12	L1_etiqueta	pair	0%	0%	divergent	Divergente	Anfangs eine Sechs bedeutet:	MYMEMORY WARNING: YOU USED ALL AVAILABLE FREE TRANSLATIONS FOR TODAY. NEXT AVAILABLE IN 03 HOURS 26 MINUTES 39 SECONDS VISIT HTTPS://MYMEMOR…	Six at the beginning means:	Primera línea poco alineada (Jaccard 0%). | Solapamiento léxico bajo MT↔Baynes (0%).
13	L1_etiqueta	pair	0%	0%	divergent	Divergente	Anfangs eine Neun bedeutet:	MYMEMORY WARNING: YOU USED ALL AVAILABLE FREE TRANSLATIONS FOR TODAY. NEXT AVAILABLE IN 03 HOURS 26 MINUTES 39 SECONDS VISIT HTTPS://MYMEMOR…	Nine at the beginning means:	Primera línea poco alineada (Jaccard 0%). | Solapamiento léxico bajo MT↔Baynes (0%).
14	L1_etiqueta	pair	0%	0%	divergent	Divergente	Anfangs eine Neun bedeutet:	MYMEMORY WARNING: YOU USED ALL AVAILABLE FREE TRANSLATIONS FOR TODAY. NEXT AVAILABLE IN 03 HOURS 26 MINUTES 39 SECONDS VISIT HTTPS://MYMEMOR…	Nine at the beginning means:	Primera línea poco alineada (Jaccard 0%). | Solapamiento léxico bajo MT↔Baynes (0%).
15	L1_etiqueta	pair	0%	0%	divergent	Divergente	Anfangs eine Sechs bedeutet:	MYMEMORY WARNING: YOU USED ALL AVAILABLE FREE TRANSLATIONS FOR TODAY. NEXT AVAILABLE IN 03 HOURS 26 MINUTES 39 SECONDS VISIT HTTPS://MYMEMOR…	Six at the beginning means:	Primera línea poco alineada (Jaccard 0%). | Solapamiento léxico bajo MT↔Baynes (0%).
16	L1_etiqueta	pair	0%	0%	divergent	Divergente	Anfangs eine Sechs bedeutet:	MYMEMORY WARNING: YOU USED ALL AVAILABLE FREE TRANSLATIONS FOR TODAY. NEXT AVAILABLE IN 03 HOURS 26 MINUTES 39 SECONDS VISIT HTTPS://MYMEMOR…	Six at the beginning means:	Primera línea poco alineada (Jaccard 0%). | Solapamiento léxico bajo MT↔Baynes (0%).
17	L1_etiqueta	pair	0%	0%	divergent	Divergente	Anfangs eine Neun bedeutet:	MYMEMORY WARNING: YOU USED ALL AVAILABLE FREE TRANSLATIONS FOR TODAY. NEXT AVAILABLE IN 03 HOURS 26 MINUTES 39 SECONDS VISIT HTTPS://MYMEMOR…	Nine at the beginning means:	Primera línea poco alineada (Jaccard 0%). | Solapamiento léxico bajo MT↔Baynes (0%).
18	L1_etiqueta	pair	0%	0%	divergent	Divergente	Anfangs eine Sechs bedeutet:	MYMEMORY WARNING: YOU USED ALL AVAILABLE FREE TRANSLATIONS FOR TODAY. NEXT AVAILABLE IN 03 HOURS 26 MINUTES 39 SECONDS VISIT HTTPS://MYMEMOR…	Six at the beginning means:	Primera línea poco alineada (Jaccard 0%). | Solapamiento léxico bajo MT↔Baynes (0%).
19	L1_etiqueta	pair	0%	0%	divergent	Divergente	Anfangs eine Neun bedeutet:	MYMEMORY WARNING: YOU USED ALL AVAILABLE FREE TRANSLATIONS FOR TODAY. NEXT AVAILABLE IN 03 HOURS 26 MINUTES 39 SECONDS VISIT HTTPS://MYMEMOR…	Nine at the beginning means:	Primera línea poco alineada (Jaccard 0%). | Solapamiento léxico bajo MT↔Baynes (0%).
20	L1_etiqueta	pair	0%	0%	divergent	Divergente	Anfangs eine Sechs bedeutet:	MYMEMORY WARNING: YOU USED ALL AVAILABLE FREE TRANSLATIONS FOR TODAY. NEXT AVAILABLE IN 03 HOURS 26 MINUTES 39 SECONDS VISIT HTTPS://MYMEMOR…	Six at the beginning means:	Primera línea poco alineada (Jaccard 0%). | Solapamiento léxico bajo MT↔Baynes (0%).
21	L1_etiqueta	pair	0%	0%	divergent	Divergente	Anfangs eine Neun bedeutet:	MYMEMORY WARNING: YOU USED ALL AVAILABLE FREE TRANSLATIONS FOR TODAY. NEXT AVAILABLE IN 03 HOURS 26 MINUTES 39 SECONDS VISIT HTTPS://MYMEMOR…	Nine at the beginning means:	Primera línea poco alineada (Jaccard 0%). | Solapamiento léxico bajo MT↔Baynes (0%).
22	L1_etiqueta	pair	0%	0%	divergent	Divergente	Anfangs eine Neun bedeutet:	MYMEMORY WARNING: YOU USED ALL AVAILABLE FREE TRANSLATIONS FOR TODAY. NEXT AVAILABLE IN 03 HOURS 26 MINUTES 39 SECONDS VISIT HTTPS://MYMEMOR…	Nine at the beginning means:	Primera línea poco alineada (Jaccard 0%). | Solapamiento léxico bajo MT↔Baynes (0%).
23	L1_etiqueta	pair	0%	0%	divergent	Divergente	Anfangs eine Sechs bedeutet:	MYMEMORY WARNING: YOU USED ALL AVAILABLE FREE TRANSLATIONS FOR TODAY. NEXT AVAILABLE IN 03 HOURS 26 MINUTES 39 SECONDS VISIT HTTPS://MYMEMOR…	Six at the beginning means:	Primera línea poco alineada (Jaccard 0%). | Solapamiento léxico bajo MT↔Baynes (0%).
24	L1_etiqueta	pair	0%	0%	divergent	Divergente	Anfangs eine Neun bedeutet:	MYMEMORY WARNING: YOU USED ALL AVAILABLE FREE TRANSLATIONS FOR TODAY. NEXT AVAILABLE IN 03 HOURS 26 MINUTES 39 SECONDS VISIT HTTPS://MYMEMOR…	Nine at the beginning means:	Primera línea poco alineada (Jaccard 0%). | Solapamiento léxico bajo MT↔Baynes (0%).
25	L1_etiqueta	pair	0%	0%	divergent	Divergente	Anfangs eine Neun bedeutet:	MYMEMORY WARNING: YOU USED ALL AVAILABLE FREE TRANSLATIONS FOR TODAY. NEXT AVAILABLE IN 03 HOURS 26 MINUTES 39 SECONDS VISIT HTTPS://MYMEMOR…	Nine at the beginning means:	Primera línea poco alineada (Jaccard 0%). | Solapamiento léxico bajo MT↔Baynes (0%).
26	L1_etiqueta	pair	0%	0%	divergent	Divergente	Anfangs eine Neun bedeutet:	MYMEMORY WARNING: YOU USED ALL AVAILABLE FREE TRANSLATIONS FOR TODAY. NEXT AVAILABLE IN 03 HOURS 26 MINUTES 39 SECONDS VISIT HTTPS://MYMEMOR…	Nine at the beginning means:	Primera línea poco alineada (Jaccard 0%). | Solapamiento léxico bajo MT↔Baynes (0%).
27	L1_etiqueta	pair	0%	0%	divergent	Divergente	Anfangs eine Neun bedeutet:	MYMEMORY WARNING: YOU USED ALL AVAILABLE FREE TRANSLATIONS FOR TODAY. NEXT AVAILABLE IN 03 HOURS 26 MINUTES 39 SECONDS VISIT HTTPS://MYMEMOR…	Nine at the beginning means:	Primera línea poco alineada (Jaccard 0%). | Solapamiento léxico bajo MT↔Baynes (0%).
28	L1_etiqueta	pair	0%	0%	divergent	Divergente	Anfangs eine Sechs bedeutet:	MYMEMORY WARNING: YOU USED ALL AVAILABLE FREE TRANSLATIONS FOR TODAY. NEXT AVAILABLE IN 03 HOURS 26 MINUTES 39 SECONDS VISIT HTTPS://MYMEMOR…	Six at the beginning means:	Primera línea poco alineada (Jaccard 0%). | Solapamiento léxico bajo MT↔Baynes (0%).
29	L1_etiqueta	pair	0%	0%	divergent	Divergente	Anfangs eine Sechs bedeutet:	MYMEMORY WARNING: YOU USED ALL AVAILABLE FREE TRANSLATIONS FOR TODAY. NEXT AVAILABLE IN 03 HOURS 26 MINUTES 39 SECONDS VISIT HTTPS://MYMEMOR…	Six at the beginning means:	Primera línea poco alineada (Jaccard 0%). | Solapamiento léxico bajo MT↔Baynes (0%).
30	L1_etiqueta	pair	0%	0%	divergent	Divergente	Anfangs eine Neun bedeutet:	MYMEMORY WARNING: YOU USED ALL AVAILABLE FREE TRANSLATIONS FOR TODAY. NEXT AVAILABLE IN 03 HOURS 26 MINUTES 39 SECONDS VISIT HTTPS://MYMEMOR…	Nine at the beginning means:	Primera línea poco alineada (Jaccard 0%). | Solapamiento léxico bajo MT↔Baynes (0%).
31	L1_etiqueta	pair	0%	0%	divergent	Divergente	Anfangs eine Sechs bedeutet:	MYMEMORY WARNING: YOU USED ALL AVAILABLE FREE TRANSLATIONS FOR TODAY. NEXT AVAILABLE IN 03 HOURS 26 MINUTES 39 SECONDS VISIT HTTPS://MYMEMOR…	Six at the beginning means:	Primera línea poco alineada (Jaccard 0%). | Solapamiento léxico bajo MT↔Baynes (0%).
32	L1_etiqueta	pair	0%	0%	divergent	Divergente	Anfangs eine Sechs bedeutet:	MYMEMORY WARNING: YOU USED ALL AVAILABLE FREE TRANSLATIONS FOR TODAY. NEXT AVAILABLE IN 03 HOURS 26 MINUTES 39 SECONDS VISIT HTTPS://MYMEMOR…	Six at the beginning means:	Primera línea poco alineada (Jaccard 0%). | Solapamiento léxico bajo MT↔Baynes (0%).
33	L1_etiqueta	pair	0%	0%	divergent	Divergente	Anfangs eine Sechs bedeutet:	MYMEMORY WARNING: YOU USED ALL AVAILABLE FREE TRANSLATIONS FOR TODAY. NEXT AVAILABLE IN 03 HOURS 26 MINUTES 39 SECONDS VISIT HTTPS://MYMEMOR…	Six at the beginning means:	Primera línea poco alineada (Jaccard 0%). | Solapamiento léxico bajo MT↔Baynes (0%).
34	L1_etiqueta	pair	0%	0%	divergent	Divergente	Anfangs eine Neun bedeutet:	MYMEMORY WARNING: YOU USED ALL AVAILABLE FREE TRANSLATIONS FOR TODAY. NEXT AVAILABLE IN 03 HOURS 26 MINUTES 39 SECONDS VISIT HTTPS://MYMEMOR…	Nine at the beginning means:	Primera línea poco alineada (Jaccard 0%). | Solapamiento léxico bajo MT↔Baynes (0%).
35	L1_etiqueta	pair	0%	0%	divergent	Divergente	Anfangs eine Sechs bedeutet:	MYMEMORY WARNING: YOU USED ALL AVAILABLE FREE TRANSLATIONS FOR TODAY. NEXT AVAILABLE IN 03 HOURS 26 MINUTES 39 SECONDS VISIT HTTPS://MYMEMOR…	Six at the beginning means:	Primera línea poco alineada (Jaccard 0%). | Solapamiento léxico bajo MT↔Baynes (0%).
36	L1_etiqueta	pair	0%	0%	divergent	Divergente	Anfangs eine Neun bedeutet:	MYMEMORY WARNING: YOU USED ALL AVAILABLE FREE TRANSLATIONS FOR TODAY. NEXT AVAILABLE IN 03 HOURS 26 MINUTES 39 SECONDS VISIT HTTPS://MYMEMOR…	Nine at the beginning means:	Primera línea poco alineada (Jaccard 0%). | Solapamiento léxico bajo MT↔Baynes (0%).
37	L1_etiqueta	pair	0%	0%	divergent	Divergente	Anfangs eine Neun bedeutet:	MYMEMORY WARNING: YOU USED ALL AVAILABLE FREE TRANSLATIONS FOR TODAY. NEXT AVAILABLE IN 03 HOURS 26 MINUTES 39 SECONDS VISIT HTTPS://MYMEMOR…	Nine at the beginning means:	Primera línea poco alineada (Jaccard 0%). | Solapamiento léxico bajo MT↔Baynes (0%).
38	L1_etiqueta	pair	0%	0%	divergent	Divergente	Anfangs eine Neun bedeutet:	MYMEMORY WARNING: YOU USED ALL AVAILABLE FREE TRANSLATIONS FOR TODAY. NEXT AVAILABLE IN 03 HOURS 26 MINUTES 39 SECONDS VISIT HTTPS://MYMEMOR…	Nine at the beginning means:	Primera línea poco alineada (Jaccard 0%). | Solapamiento léxico bajo MT↔Baynes (0%).
39	L1_etiqueta	pair	0%	0%	divergent	Divergente	Anfangs eine Sechs bedeutet:	MYMEMORY WARNING: YOU USED ALL AVAILABLE FREE TRANSLATIONS FOR TODAY. NEXT AVAILABLE IN 03 HOURS 26 MINUTES 39 SECONDS VISIT HTTPS://MYMEMOR…	Six at the beginning means:	Primera línea poco alineada (Jaccard 0%). | Solapamiento léxico bajo MT↔Baynes (0%).
40	L1_etiqueta	pair	0%	0%	divergent	Divergente	Anfangs eine Sechs bedeutet:	MYMEMORY WARNING: YOU USED ALL AVAILABLE FREE TRANSLATIONS FOR TODAY. NEXT AVAILABLE IN 03 HOURS 26 MINUTES 39 SECONDS VISIT HTTPS://MYMEMOR…	Six at the beginning means:	Primera línea poco alineada (Jaccard 0%). | Solapamiento léxico bajo MT↔Baynes (0%).
41	L1_etiqueta	pair	0%	0%	divergent	Divergente	Anfangs eine Neun bedeutet:	MYMEMORY WARNING: YOU USED ALL AVAILABLE FREE TRANSLATIONS FOR TODAY. NEXT AVAILABLE IN 03 HOURS 26 MINUTES 39 SECONDS VISIT HTTPS://MYMEMOR…	Nine at the beginning means:	Primera línea poco alineada (Jaccard 0%). | Solapamiento léxico bajo MT↔Baynes (0%).
42	L1_etiqueta	pair	0%	0%	divergent	Divergente	Anfangs eine Neun bedeutet:	MYMEMORY WARNING: YOU USED ALL AVAILABLE FREE TRANSLATIONS FOR TODAY. NEXT AVAILABLE IN 03 HOURS 26 MINUTES 39 SECONDS VISIT HTTPS://MYMEMOR…	Nine at the beginning means:	Primera línea poco alineada (Jaccard 0%). | Solapamiento léxico bajo MT↔Baynes (0%).
43	L1_etiqueta	pair	0%	0%	divergent	Divergente	Anfangs eine Neun bedeutet:	MYMEMORY WARNING: YOU USED ALL AVAILABLE FREE TRANSLATIONS FOR TODAY. NEXT AVAILABLE IN 03 HOURS 26 MINUTES 39 SECONDS VISIT HTTPS://MYMEMOR…	Nine at the beginning means:	Primera línea poco alineada (Jaccard 0%). | Solapamiento léxico bajo MT↔Baynes (0%).
44	L1_etiqueta	pair	0%	0%	divergent	Divergente	Anfangs eine Sechs bedeutet:	MYMEMORY WARNING: YOU USED ALL AVAILABLE FREE TRANSLATIONS FOR TODAY. NEXT AVAILABLE IN 03 HOURS 26 MINUTES 39 SECONDS VISIT HTTPS://MYMEMOR…	Six at the beginning means:	Primera línea poco alineada (Jaccard 0%). | Solapamiento léxico bajo MT↔Baynes (0%).
45	L1_etiqueta	pair	0%	0%	divergent	Divergente	Anfangs eine Sechs bedeutet:	MYMEMORY WARNING: YOU USED ALL AVAILABLE FREE TRANSLATIONS FOR TODAY. NEXT AVAILABLE IN 03 HOURS 26 MINUTES 39 SECONDS VISIT HTTPS://MYMEMOR…	Six at the beginning means:	Primera línea poco alineada (Jaccard 0%). | Solapamiento léxico bajo MT↔Baynes (0%).
46	L1_etiqueta	pair	0%	0%	divergent	Divergente	Anfangs eine Sechs bedeutet:	MYMEMORY WARNING: YOU USED ALL AVAILABLE FREE TRANSLATIONS FOR TODAY. NEXT AVAILABLE IN 03 HOURS 26 MINUTES 39 SECONDS VISIT HTTPS://MYMEMOR…	Six at the beginning means:	Primera línea poco alineada (Jaccard 0%). | Solapamiento léxico bajo MT↔Baynes (0%).
47	L1_etiqueta	pair	0%	0%	divergent	Divergente	Anfangs eine Sechs bedeutet:	MYMEMORY WARNING: YOU USED ALL AVAILABLE FREE TRANSLATIONS FOR TODAY. NEXT AVAILABLE IN 03 HOURS 26 MINUTES 39 SECONDS VISIT HTTPS://MYMEMOR…	Six at the beginning means:	Primera línea poco alineada (Jaccard 0%). | Solapamiento léxico bajo MT↔Baynes (0%).
48	L1_etiqueta	pair	0%	0%	divergent	Divergente	Anfangs eine Sechs bedeutet:	MYMEMORY WARNING: YOU USED ALL AVAILABLE FREE TRANSLATIONS FOR TODAY. NEXT AVAILABLE IN 03 HOURS 26 MINUTES 39 SECONDS VISIT HTTPS://MYMEMOR…	Six at the beginning means:	Primera línea poco alineada (Jaccard 0%). | Solapamiento léxico bajo MT↔Baynes (0%).
49	L1_etiqueta	pair	0%	0%	divergent	Divergente	Anfangs eine Neun bedeutet:	MYMEMORY WARNING: YOU USED ALL AVAILABLE FREE TRANSLATIONS FOR TODAY. NEXT AVAILABLE IN 03 HOURS 26 MINUTES 39 SECONDS VISIT HTTPS://MYMEMOR…	Nine at the beginning means:	Primera línea poco alineada (Jaccard 0%). | Solapamiento léxico bajo MT↔Baynes (0%).
50	L1_etiqueta	pair	0%	0%	divergent	Divergente	Anfangs eine Sechs bedeutet:	MYMEMORY WARNING: YOU USED ALL AVAILABLE FREE TRANSLATIONS FOR TODAY. NEXT AVAILABLE IN 03 HOURS 26 MINUTES 39 SECONDS VISIT HTTPS://MYMEMOR…	Six at the beginning means:	Primera línea poco alineada (Jaccard 0%). | Solapamiento léxico bajo MT↔Baynes (0%).
51	L1_etiqueta	pair	0%	0%	divergent	Divergente	Anfangs eine Neun bedeutet:	MYMEMORY WARNING: YOU USED ALL AVAILABLE FREE TRANSLATIONS FOR TODAY. NEXT AVAILABLE IN 03 HOURS 26 MINUTES 39 SECONDS VISIT HTTPS://MYMEMOR…	Nine at the beginning means:	Primera línea poco alineada (Jaccard 0%). | Solapamiento léxico bajo MT↔Baynes (0%).
52	L1_etiqueta	pair	0%	0%	divergent	Divergente	Anfangs eine Sechs bedeutet:	MYMEMORY WARNING: YOU USED ALL AVAILABLE FREE TRANSLATIONS FOR TODAY. NEXT AVAILABLE IN 03 HOURS 26 MINUTES 39 SECONDS VISIT HTTPS://MYMEMOR…	Six at the beginning means:	Primera línea poco alineada (Jaccard 0%). | Solapamiento léxico bajo MT↔Baynes (0%).
53	L1_etiqueta	pair	0%	0%	divergent	Divergente	Anfangs eine Sechs bedeutet:	MYMEMORY WARNING: YOU USED ALL AVAILABLE FREE TRANSLATIONS FOR TODAY. NEXT AVAILABLE IN 03 HOURS 26 MINUTES 39 SECONDS VISIT HTTPS://MYMEMOR…	Six at the beginning means:	Primera línea poco alineada (Jaccard 0%). | Solapamiento léxico bajo MT↔Baynes (0%).
54	L1_etiqueta	pair	0%	0%	divergent	Divergente	Anfangs eine Neun bedeutet:	MYMEMORY WARNING: YOU USED ALL AVAILABLE FREE TRANSLATIONS FOR TODAY. NEXT AVAILABLE IN 03 HOURS 26 MINUTES 39 SECONDS VISIT HTTPS://MYMEMOR…	Nine at the beginning means:	Primera línea poco alineada (Jaccard 0%). | Solapamiento léxico bajo MT↔Baynes (0%).
55	L1_etiqueta	pair	0%	0%	divergent	Divergente	Anfangs eine Neun bedeutet:	MYMEMORY WARNING: YOU USED ALL AVAILABLE FREE TRANSLATIONS FOR TODAY. NEXT AVAILABLE IN 03 HOURS 26 MINUTES 39 SECONDS VISIT HTTPS://MYMEMOR…	Nine at the beginning means:	Primera línea poco alineada (Jaccard 0%). | Solapamiento léxico bajo MT↔Baynes (0%).
56	L1_etiqueta	pair	0%	0%	divergent	Divergente	Anfangs eine Sechs bedeutet:	MYMEMORY WARNING: YOU USED ALL AVAILABLE FREE TRANSLATIONS FOR TODAY. NEXT AVAILABLE IN 03 HOURS 26 MINUTES 39 SECONDS VISIT HTTPS://MYMEMOR…	Six at the beginning means:	Primera línea poco alineada (Jaccard 0%). | Solapamiento léxico bajo MT↔Baynes (0%).
57	L1_etiqueta	pair	0%	0%	divergent	Divergente	Anfangs eine Sechs bedeutet:	MYMEMORY WARNING: YOU USED ALL AVAILABLE FREE TRANSLATIONS FOR TODAY. NEXT AVAILABLE IN 03 HOURS 26 MINUTES 39 SECONDS VISIT HTTPS://MYMEMOR…	Six at the beginning means:	Primera línea poco alineada (Jaccard 0%). | Solapamiento léxico bajo MT↔Baynes (0%).
58	L1_etiqueta	pair	0%	0%	divergent	Divergente	Anfangs eine Neun bedeutet:	MYMEMORY WARNING: YOU USED ALL AVAILABLE FREE TRANSLATIONS FOR TODAY. NEXT AVAILABLE IN 03 HOURS 26 MINUTES 39 SECONDS VISIT HTTPS://MYMEMOR…	Nine at the beginning means:	Primera línea poco alineada (Jaccard 0%). | Solapamiento léxico bajo MT↔Baynes (0%).
59	L1_etiqueta	pair	0%	0%	divergent	Divergente	Anfangs eine Sechs bedeutet:	MYMEMORY WARNING: YOU USED ALL AVAILABLE FREE TRANSLATIONS FOR TODAY. NEXT AVAILABLE IN 03 HOURS 26 MINUTES 39 SECONDS VISIT HTTPS://MYMEMOR…	Six at the beginning means:	Primera línea poco alineada (Jaccard 0%). | Solapamiento léxico bajo MT↔Baynes (0%).
60	L1_etiqueta	pair	0%	0%	divergent	Divergente	Anfangs eine Neun bedeutet:	MYMEMORY WARNING: YOU USED ALL AVAILABLE FREE TRANSLATIONS FOR TODAY. NEXT AVAILABLE IN 03 HOURS 26 MINUTES 39 SECONDS VISIT HTTPS://MYMEMOR…	Nine at the beginning means:	Primera línea poco alineada (Jaccard 0%). | Solapamiento léxico bajo MT↔Baynes (0%).
61	L1_etiqueta	pair	0%	0%	divergent	Divergente	Anfangs eine Neun bedeutet:	MYMEMORY WARNING: YOU USED ALL AVAILABLE FREE TRANSLATIONS FOR TODAY. NEXT AVAILABLE IN 03 HOURS 26 MINUTES 39 SECONDS VISIT HTTPS://MYMEMOR…	Nine at the beginning means:	Primera línea poco alineada (Jaccard 0%). | Solapamiento léxico bajo MT↔Baynes (0%).
62	L1_etiqueta	pair	0%	0%	divergent	Divergente	Anfangs eine Sechs bedeutet:	MYMEMORY WARNING: YOU USED ALL AVAILABLE FREE TRANSLATIONS FOR TODAY. NEXT AVAILABLE IN 03 HOURS 26 MINUTES 39 SECONDS VISIT HTTPS://MYMEMOR…	Six at the beginning means:	Primera línea poco alineada (Jaccard 0%). | Solapamiento léxico bajo MT↔Baynes (0%).
63	L1_etiqueta	pair	0%	0%	divergent	Divergente	Anfangs eine Neun bedeutet:	MYMEMORY WARNING: YOU USED ALL AVAILABLE FREE TRANSLATIONS FOR TODAY. NEXT AVAILABLE IN 03 HOURS 26 MINUTES 39 SECONDS VISIT HTTPS://MYMEMOR…	Nine at the beginning means:	Primera línea poco alineada (Jaccard 0%). | Solapamiento léxico bajo MT↔Baynes (0%).
64	L1_etiqueta	pair	0%	0%	divergent	Divergente	Anfangs eine Sechs bedeutet:	MYMEMORY WARNING: YOU USED ALL AVAILABLE FREE TRANSLATIONS FOR TODAY. NEXT AVAILABLE IN 03 HOURS 26 MINUTES 39 SECONDS VISIT HTTPS://MYMEMOR…	Six at the beginning means:	Primera línea poco alineada (Jaccard 0%). | Solapamiento léxico bajo MT↔Baynes (0%).
1	L1_oraculo	pair	0%	0%	divergent	Divergente	Verdeckter Drache. Handle nicht.	MYMEMORY WARNING: YOU USED ALL AVAILABLE FREE TRANSLATIONS FOR TODAY. NEXT AVAILABLE IN 03 HOURS 26 MINUTES 38 SECONDS VISIT HTTPS://MYMEMOR…	Hidden dragon. Do not act.	Primera línea poco alineada (Jaccard 0%). | Solapamiento léxico bajo MT↔Baynes (0%).
2	L1_oraculo	pair	0%	0%	divergent	Divergente	Tritt man auf Reif, so naht das feste Eis.	MYMEMORY WARNING: YOU USED ALL AVAILABLE FREE TRANSLATIONS FOR TODAY. NEXT AVAILABLE IN 03 HOURS 26 MINUTES 38 SECONDS VISIT HTTPS://MYMEMOR…	When there is hoarfrost underfoot, Solid ice is not far off.	Primera línea poco alineada (Jaccard 0%). | Solapamiento léxico bajo MT↔Baynes (0%).
3	L1_oraculo	pair	0%	0%	divergent	Divergente	Zögern und Hemmung. Fördernd ist es, beharrlich zu bleiben. Fördernd ist es, Gehilfen einzusetzen.	MYMEMORY WARNING: YOU USED ALL AVAILABLE FREE TRANSLATIONS FOR TODAY. NEXT AVAILABLE IN 03 HOURS 26 MINUTES 38 SECONDS VISIT HTTPS://MYMEMOR…	Hesitation and hindrance. It furthers one to remain persevering. It furthers one to appoint helpers.	Primera línea poco alineada (Jaccard 0%). | Solapamiento léxico bajo MT↔Baynes (0%).
4	L1_oraculo	pair	0%	0%	divergent	Divergente	Um den Toren zu entwickeln, ist es fördernd, den Menschen in Zucht zu nehmen. Man soll die Fesseln abnehmen. So weitermachen bringt Beschämu…	MYMEMORY WARNING: YOU USED ALL AVAILABLE FREE TRANSLATIONS FOR TODAY. NEXT AVAILABLE IN 03 HOURS 26 MINUTES 38 SECONDS VISIT HTTPS://MYMEMOR…	To make a fool develop It furthers one to apply discipline. The fetters should be removed. To go on in this way brings humiliation.	Primera línea poco alineada (Jaccard 0%). | Solapamiento léxico bajo MT↔Baynes (0%).
5	L1_oraculo	pair	0%	0%	divergent	Divergente	Warten auf dem Anger. Fördernd ist es, im Dauernden zu bleiben. Kein Makel.	MYMEMORY WARNING: YOU USED ALL AVAILABLE FREE TRANSLATIONS FOR TODAY. NEXT AVAILABLE IN 03 HOURS 26 MINUTES 38 SECONDS VISIT HTTPS://MYMEMOR…	Waiting in the meadow. It furthers one to abide in what endures. No blame.	Primera línea poco alineada (Jaccard 0%). | Solapamiento léxico bajo MT↔Baynes (0%).
6	L1_oraculo	pair	0%	0%	divergent	Divergente	Wenn man die Sache nicht verewigt, so gibt es ein kleines Gerede. Am Ende kommt Heil.	MYMEMORY WARNING: YOU USED ALL AVAILABLE FREE TRANSLATIONS FOR TODAY. NEXT AVAILABLE IN 03 HOURS 26 MINUTES 38 SECONDS VISIT HTTPS://MYMEMOR…	If one does not perpetuate the affair, There is a little gossip. In the end, good fortune comes.	Primera línea poco alineada (Jaccard 0%). | Solapamiento léxico bajo MT↔Baynes (0%).
7	L1_oraculo	pair	0%	0%	divergent	Divergente	Ein Heer muß ausziehen nach der Ordnung. Ist die nicht gut, droht Unheil.	MYMEMORY WARNING: YOU USED ALL AVAILABLE FREE TRANSLATIONS FOR TODAY. NEXT AVAILABLE IN 03 HOURS 26 MINUTES 38 SECONDS VISIT HTTPS://MYMEMOR…	An army must set forth in proper order. If the order is not good, misfortune threatens.	Primera línea poco alineada (Jaccard 0%). | Solapamiento léxico bajo MT↔Baynes (0%).
8	L1_oraculo	pair	0%	0%	divergent	Divergente	Halte wahr und treu zu ihm: das ist kein Makel. Wahrheit wie eine volle Tonschüssel: So kommt schließlich von außen her das Heil.	MYMEMORY WARNING: YOU USED ALL AVAILABLE FREE TRANSLATIONS FOR TODAY. NEXT AVAILABLE IN 03 HOURS 26 MINUTES 38 SECONDS VISIT HTTPS://MYMEMOR…	Hold to him in truth and loyalty; This is without blame. Truth, like a full earthen bowl: Thus in the end Good fortune comes from without.	Primera línea poco alineada (Jaccard 0%). | Solapamiento léxico bajo MT↔Baynes (0%).
9	L1_oraculo	pair	0%	0%	divergent	Divergente	Wiederkehr auf den Weg. Wie wäre das ein Makel! Heil!	MYMEMORY WARNING: YOU USED ALL AVAILABLE FREE TRANSLATIONS FOR TODAY. NEXT AVAILABLE IN 03 HOURS 26 MINUTES 38 SECONDS VISIT HTTPS://MYMEMOR…	Return to the way. How could there be blame in this? Good fortune.	Primera línea poco alineada (Jaccard 0%). | Solapamiento léxico bajo MT↔Baynes (0%).
10	L1_oraculo	pair	0%	0%	divergent	Divergente	Einfaches Auftreten. Fortschreiten ohne Makel.	MYMEMORY WARNING: YOU USED ALL AVAILABLE FREE TRANSLATIONS FOR TODAY. NEXT AVAILABLE IN 03 HOURS 26 MINUTES 38 SECONDS VISIT HTTPS://MYMEMOR…	Simple conduct. Progress without blame.	Primera línea poco alineada (Jaccard 0%). | Solapamiento léxico bajo MT↔Baynes (0%).
11	L1_oraculo	pair	0%	0%	divergent	Divergente	Zieht man Bandgras aus, so geht der Rasen mit. Jeder nach seiner Art. Unternehmungen bringen Heil.	MYMEMORY WARNING: YOU USED ALL AVAILABLE FREE TRANSLATIONS FOR TODAY. NEXT AVAILABLE IN 03 HOURS 26 MINUTES 37 SECONDS VISIT HTTPS://MYMEMOR…	When ribbon grass is pulled up, the sod comes with it. Each according to his kind. Undertakings bring good fortune.	Primera línea poco alineada (Jaccard 0%). | Solapamiento léxico bajo MT↔Baynes (0%).
12	L1_oraculo	pair	0%	0%	divergent	Divergente	Zieht man Bandgras aus, so geht der Rasen mit. Jeder nach seiner Art. Beharrlichkeit bringt Heil und Gelingen.	MYMEMORY WARNING: YOU USED ALL AVAILABLE FREE TRANSLATIONS FOR TODAY. NEXT AVAILABLE IN 03 HOURS 26 MINUTES 37 SECONDS VISIT HTTPS://MYMEMOR…	When ribbon grass is pulled up, the sod comes with it. Each according to his kind. Perseverance brings good fortune and success.	Primera línea poco alineada (Jaccard 0%). | Solapamiento léxico bajo MT↔Baynes (0%).
13	L1_oraculo	pair	0%	0%	divergent	Divergente	Gemeinschaft mit Menschen im Tore. Kein Makel.	MYMEMORY WARNING: YOU USED ALL AVAILABLE FREE TRANSLATIONS FOR TODAY. NEXT AVAILABLE IN 03 HOURS 26 MINUTES 37 SECONDS VISIT HTTPS://MYMEMOR…	Fellowship with men at the gate. No blame.	Primera línea poco alineada (Jaccard 0%). | Solapamiento léxico bajo MT↔Baynes (0%).
14	L1_oraculo	pair	0%	0%	divergent	Divergente	Keine Beziehung zu Schädlichem, das ist nicht ein Makel. Bleibt man der Schwierigkeit bewußt, so bleibt man ohne Makel.	MYMEMORY WARNING: YOU USED ALL AVAILABLE FREE TRANSLATIONS FOR TODAY. NEXT AVAILABLE IN 03 HOURS 26 MINUTES 37 SECONDS VISIT HTTPS://MYMEMOR…	No relationship with what is harmful; There is no blame in this. If one remains conscious of difficulty, One remains without blame.	Primera línea poco alineada (Jaccard 0%). | Solapamiento léxico bajo MT↔Baynes (0%).
15	L1_oraculo	pair	0%	0%	divergent	Divergente	Ein bescheiden-bescheidener Edler mag das große Wasser durchqueren. Heil!	MYMEMORY WARNING: YOU USED ALL AVAILABLE FREE TRANSLATIONS FOR TODAY. NEXT AVAILABLE IN 03 HOURS 26 MINUTES 37 SECONDS VISIT HTTPS://MYMEMOR…	A superior man modest about his modesty May cross the great water. Good fortune.	Primera línea poco alineada (Jaccard 0%). | Solapamiento léxico bajo MT↔Baynes (0%).
16	L1_oraculo	pair	0%	0%	divergent	Divergente	Begeisterung, die sich äußert, bringt Unheil.	MYMEMORY WARNING: YOU USED ALL AVAILABLE FREE TRANSLATIONS FOR TODAY. NEXT AVAILABLE IN 03 HOURS 26 MINUTES 37 SECONDS VISIT HTTPS://MYMEMOR…	Enthusiasm that expresses itself Brings misfortune.	Primera línea poco alineada (Jaccard 0%). | Solapamiento léxico bajo MT↔Baynes (0%).
17	L1_oraculo	pair	0%	0%	divergent	Divergente	Das Maßgebende ändert sich. Beharrlichkeit bringt Heil. Zur Tür hinausgehen im Verkehr schafft Werke.	MYMEMORY WARNING: YOU USED ALL AVAILABLE FREE TRANSLATIONS FOR TODAY. NEXT AVAILABLE IN 03 HOURS 26 MINUTES 37 SECONDS VISIT HTTPS://MYMEMOR…	The standard is changing. Perseverance brings good fortune. To go out of the door in company Produces deeds.	Primera línea poco alineada (Jaccard 0%). | Solapamiento léxico bajo MT↔Baynes (0%).
18	L1_oraculo	pair	0%	0%	divergent	Divergente	Zurechtbringen des vom Vater Verdorbenen. Wenn ein Sohn da ist, bleibt auf dem heimgegangenen Vater kein Makel. Gefahr. Schließlich Heil.	MYMEMORY WARNING: YOU USED ALL AVAILABLE FREE TRANSLATIONS FOR TODAY. NEXT AVAILABLE IN 03 HOURS 26 MINUTES 37 SECONDS VISIT HTTPS://MYMEMOR…	Setting right what has been spoiled by the father. If there is a son, No blame rests upon the departed father. Danger. In the end good fortu…	Primera línea poco alineada (Jaccard 0%). | Solapamiento léxico bajo MT↔Baynes (0%).
19	L1_oraculo	pair	0%	0%	divergent	Divergente	Gemeinsame Annäherung. Beharrlichkeit bringt Heil.	MYMEMORY WARNING: YOU USED ALL AVAILABLE FREE TRANSLATIONS FOR TODAY. NEXT AVAILABLE IN 03 HOURS 26 MINUTES 37 SECONDS VISIT HTTPS://MYMEMOR…	Joint approach. Perseverance brings good fortune.	Primera línea poco alineada (Jaccard 0%). | Solapamiento léxico bajo MT↔Baynes (0%).
20	L1_oraculo	pair	3%	0%	divergent	Divergente	Knabenhaftes Betrachten. Für einen geringen Menschen kein Makel. Für einen Edlen beschämend.	MYMEMORY WARNING: YOU USED ALL AVAILABLE FREE TRANSLATIONS FOR TODAY. NEXT AVAILABLE IN 03 HOURS 26 MINUTES 36 SECONDS VISIT HTTPS://MYMEMOR…	Boylike contemplation. For an inferior man, no blame. For a superior man, humiliation.	Primera línea poco alineada (Jaccard 0%). | Solapamiento léxico bajo MT↔Baynes (3%).
21	L1_oraculo	pair	0%	0%	divergent	Divergente	Steckt mit den Füßen im Block, daß die Zehen verschwinden. Kein Makel.	MYMEMORY WARNING: YOU USED ALL AVAILABLE FREE TRANSLATIONS FOR TODAY. NEXT AVAILABLE IN 03 HOURS 26 MINUTES 36 SECONDS VISIT HTTPS://MYMEMOR…	His feet are fastened in the stocks, So that his toes disappear. No blame.	Primera línea poco alineada (Jaccard 0%). | Solapamiento léxico bajo MT↔Baynes (0%).
22	L1_oraculo	pair	0%	0%	divergent	Divergente	Macht seine Zehen anmutig, verläßt den Wagen und geht.	MYMEMORY WARNING: YOU USED ALL AVAILABLE FREE TRANSLATIONS FOR TODAY. NEXT AVAILABLE IN 03 HOURS 26 MINUTES 36 SECONDS VISIT HTTPS://MYMEMOR…	He lends grace to his toes, leaves the carriage, and walks.	Primera línea poco alineada (Jaccard 0%). | Solapamiento léxico bajo MT↔Baynes (0%).
23	L1_oraculo	pair	0%	0%	divergent	Divergente	Das Bett wird zersplittert am Bein. Die Beharrlichen werden vernichtet. Unheil.	MYMEMORY WARNING: YOU USED ALL AVAILABLE FREE TRANSLATIONS FOR TODAY. NEXT AVAILABLE IN 03 HOURS 26 MINUTES 36 SECONDS VISIT HTTPS://MYMEMOR…	The leg of the bed is split. Those who persevere are destroyed. Misfortune.	Primera línea poco alineada (Jaccard 0%). | Solapamiento léxico bajo MT↔Baynes (0%).
24	L1_oraculo	pair	3%	0%	divergent	Divergente	Wiederkehr aus geringer Entfernung. Es bedarf keiner Reue. Großes Heil!	MYMEMORY WARNING: YOU USED ALL AVAILABLE FREE TRANSLATIONS FOR TODAY. NEXT AVAILABLE IN 03 HOURS 26 MINUTES 36 SECONDS VISIT HTTPS://MYMEMOR…	Return from a short distance. No need for remorse. Great good fortune.	Primera línea poco alineada (Jaccard 0%). | Solapamiento léxico bajo MT↔Baynes (3%).
25	L1_oraculo	pair	0%	0%	divergent	Divergente	Unschuldiger Wandel bringt Heil!	MYMEMORY WARNING: YOU USED ALL AVAILABLE FREE TRANSLATIONS FOR TODAY. NEXT AVAILABLE IN 03 HOURS 26 MINUTES 36 SECONDS VISIT HTTPS://MYMEMOR…	Innocent behavior brings good fortune.	Primera línea poco alineada (Jaccard 0%). | Solapamiento léxico bajo MT↔Baynes (0%).
26	L1_oraculo	pair	0%	0%	divergent	Divergente	Es ist Gefahr da. Fördernd ist es, abzustehen.	MYMEMORY WARNING: YOU USED ALL AVAILABLE FREE TRANSLATIONS FOR TODAY. NEXT AVAILABLE IN 03 HOURS 26 MINUTES 36 SECONDS VISIT HTTPS://MYMEMOR…	Danger is at hand. It furthers one to desist.	Primera línea poco alineada (Jaccard 0%). | Solapamiento léxico bajo MT↔Baynes (0%).
27	L1_oraculo	pair	3%	4%	divergent	Divergente	Du läßt Deine Zauberschildkröte fahren und blickst nach mir mit herabhängenden Mundwinkeln. Unheil!	MYMEMORY WARNING: YOU USED ALL AVAILABLE FREE TRANSLATIONS FOR TODAY. NEXT AVAILABLE IN 03 HOURS 26 MINUTES 36 SECONDS VISIT HTTPS://MYMEMOR…	You let your magic tortoise go, And look at me with the corners of your mouth drooping. Misfortune.	Primera línea poco alineada (Jaccard 4%). | Solapamiento léxico bajo MT↔Baynes (3%).
28	L1_oraculo	pair	0%	0%	divergent	Divergente	Unterlegen mit weißem Schilfgras. Kein Makel.	MYMEMORY WARNING: YOU USED ALL AVAILABLE FREE TRANSLATIONS FOR TODAY. NEXT AVAILABLE IN 03 HOURS 26 MINUTES 36 SECONDS VISIT HTTPS://MYMEMOR…	To spread white rushes underneath. No blame.	Primera línea poco alineada (Jaccard 0%). | Solapamiento léxico bajo MT↔Baynes (0%).
29	L1_oraculo	pair	0%	0%	divergent	Divergente	Wiederholung des Abgründigen. Man gerät im Abgrund in ein Loch. Unheil.	MYMEMORY WARNING: YOU USED ALL AVAILABLE FREE TRANSLATIONS FOR TODAY. NEXT AVAILABLE IN 03 HOURS 26 MINUTES 36 SECONDS VISIT HTTPS://MYMEMOR…	Repetition of the Abysmal. In the abyss one falls into a pit. Misfortune.	Primera línea poco alineada (Jaccard 0%). | Solapamiento léxico bajo MT↔Baynes (0%).
30	L1_oraculo	pair	0%	0%	divergent	Divergente	Die Fußspuren laufen kreuz und quer. Wenn man ernst dabei ist: kein Makel.	MYMEMORY WARNING: YOU USED ALL AVAILABLE FREE TRANSLATIONS FOR TODAY. NEXT AVAILABLE IN 03 HOURS 26 MINUTES 35 SECONDS VISIT HTTPS://MYMEMOR…	The footprints run crisscross. If one is seriously intent, no blame.	Primera línea poco alineada (Jaccard 0%). | Solapamiento léxico bajo MT↔Baynes (0%).
31	L1_oraculo	pair	0%	0%	divergent	Divergente	Die Einwirkung äußert sich in der großen Zehe.	MYMEMORY WARNING: YOU USED ALL AVAILABLE FREE TRANSLATIONS FOR TODAY. NEXT AVAILABLE IN 03 HOURS 26 MINUTES 35 SECONDS VISIT HTTPS://MYMEMOR…	The influence shows itself in the big toe.	Primera línea poco alineada (Jaccard 0%). | Solapamiento léxico bajo MT↔Baynes (0%).
32	L1_oraculo	pair	0%	0%	divergent	Divergente	Zu rasch Dauer wollen, bringt beharrlich Unheil. Nichts, was fördernd wäre.	MYMEMORY WARNING: YOU USED ALL AVAILABLE FREE TRANSLATIONS FOR TODAY. NEXT AVAILABLE IN 03 HOURS 26 MINUTES 35 SECONDS VISIT HTTPS://MYMEMOR…	Seeking duration too hastily brings misfortune persistently. Nothing that would further.	Primera línea poco alineada (Jaccard 0%). | Solapamiento léxico bajo MT↔Baynes (0%).
33	L1_oraculo	pair	0%	0%	divergent	Divergente	Beim Rückzug am Schwanz: das ist gefährlich. Man darf nicht etwas unternehmen wollen.	MYMEMORY WARNING: YOU USED ALL AVAILABLE FREE TRANSLATIONS FOR TODAY. NEXT AVAILABLE IN 03 HOURS 26 MINUTES 35 SECONDS VISIT HTTPS://MYMEMOR…	At the tail in retreat. This is dangerous. One must not wish to undertake anything.	Primera línea poco alineada (Jaccard 0%). | Solapamiento léxico bajo MT↔Baynes (0%).
34	L1_oraculo	pair	0%	0%	divergent	Divergente	Macht in den Zehen. Fortmachen bringt Unheil. Das ist gewißlich wahr.	MYMEMORY WARNING: YOU USED ALL AVAILABLE FREE TRANSLATIONS FOR TODAY. NEXT AVAILABLE IN 03 HOURS 26 MINUTES 35 SECONDS VISIT HTTPS://MYMEMOR…	Power in the toes. Continuing brings misfortune. This is certainly true.	Primera línea poco alineada (Jaccard 0%). | Solapamiento léxico bajo MT↔Baynes (0%).
35	L1_oraculo	pair	0%	0%	divergent	Divergente	Fortschreitend, aber zurückgewiesen. Beharrlichkeit bringt Heil.	MYMEMORY WARNING: YOU USED ALL AVAILABLE FREE TRANSLATIONS FOR TODAY. NEXT AVAILABLE IN 03 HOURS 26 MINUTES 35 SECONDS VISIT HTTPS://MYMEMOR…	Progressing, but turned back. Perseverance brings good fortune. If one meets with no confidence, one should remain calm. No mistake.	Primera línea poco alineada (Jaccard 0%). | Solapamiento léxico bajo MT↔Baynes (0%).
36	L1_oraculo	pair	2%	0%	divergent	Divergente	Verfinsterung des Lichts im Fluge. Er senkt seine Flügel.	MYMEMORY WARNING: YOU USED ALL AVAILABLE FREE TRANSLATIONS FOR TODAY. NEXT AVAILABLE IN 03 HOURS 26 MINUTES 35 SECONDS VISIT HTTPS://MYMEMOR…	Darkening of the light during flight. He lowers his wings. The superior man does not eat for three days On his wanderings. But he has somewh…	Primera línea poco alineada (Jaccard 0%). | Solapamiento léxico bajo MT↔Baynes (2%).
37	L1_oraculo	pair	0%	0%	divergent	Divergente	Fester Abschluß innerhalb der Sippe. Reue schwindet.	MYMEMORY WARNING: YOU USED ALL AVAILABLE FREE TRANSLATIONS FOR TODAY. NEXT AVAILABLE IN 03 HOURS 26 MINUTES 35 SECONDS VISIT HTTPS://MYMEMOR…	Firm seclusion within the family. Remorse disappears.	Primera línea poco alineada (Jaccard 0%). | Solapamiento léxico bajo MT↔Baynes (0%).
38	L1_oraculo	pair	2%	0%	divergent	Divergente	Die Reue schwindet. Wenn du dein Pferd verlierst, so lauf ihm nicht nach. Es kommt von selber wieder.	MYMEMORY WARNING: YOU USED ALL AVAILABLE FREE TRANSLATIONS FOR TODAY. NEXT AVAILABLE IN 03 HOURS 26 MINUTES 35 SECONDS VISIT HTTPS://MYMEMOR…	Remorse disappears. If you lose your horse, do not run after it; It will come back of its own accord. When you see evil people, Guard yourse…	Primera línea poco alineada (Jaccard 0%). | Solapamiento léxico bajo MT↔Baynes (2%).
39	L1_oraculo	pair	0%	0%	divergent	Divergente	Gehen führt in Hemmnis, Kommen findet Lob.	MYMEMORY WARNING: YOU USED ALL AVAILABLE FREE TRANSLATIONS FOR TODAY. NEXT AVAILABLE IN 03 HOURS 26 MINUTES 35 SECONDS VISIT HTTPS://MYMEMOR…	Going leads to obstructions, Coming meets with praise.	Primera línea poco alineada (Jaccard 0%). | Solapamiento léxico bajo MT↔Baynes (0%).
40	L1_oraculo	pair	0%	0%	divergent	Divergente	Ohne Makel.	MYMEMORY WARNING: YOU USED ALL AVAILABLE FREE TRANSLATIONS FOR TODAY. NEXT AVAILABLE IN 03 HOURS 26 MINUTES 34 SECONDS VISIT HTTPS://MYMEMOR…	Without blame.	Primera línea poco alineada (Jaccard 0%). | Solapamiento léxico bajo MT↔Baynes (0%).
41	L1_oraculo	pair	0%	0%	divergent	Divergente	Wenn die Geschäfte fertig sind, rasch hingehen, ist kein Makel. Doch muß man überlegen, wie weit man andere mindern darf.	MYMEMORY WARNING: YOU USED ALL AVAILABLE FREE TRANSLATIONS FOR TODAY. NEXT AVAILABLE IN 03 HOURS 26 MINUTES 34 SECONDS VISIT HTTPS://MYMEMOR…	Going quickly when one's tasks are finished Is without blame. But one must reflect on how much one may decrease others.	Primera línea poco alineada (Jaccard 0%). | Solapamiento léxico bajo MT↔Baynes (0%).
42	L1_oraculo	pair	0%	0%	divergent	Divergente	Fördernd ist es, große Taten zu vollbringen. Erhabenes Heil! Kein Makel.	MYMEMORY WARNING: YOU USED ALL AVAILABLE FREE TRANSLATIONS FOR TODAY. NEXT AVAILABLE IN 03 HOURS 26 MINUTES 34 SECONDS VISIT HTTPS://MYMEMOR…	It furthers one to accomplish great deeds. Supreme good fortune. No blame.	Primera línea poco alineada (Jaccard 0%). | Solapamiento léxico bajo MT↔Baynes (0%).
43	L1_oraculo	pair	0%	0%	divergent	Divergente	Mächtig in den vorwärtsschreitenden Zehen. Geht man hin und ist der Sache nicht gewachsen, so macht man einen Fehler.	MYMEMORY WARNING: YOU USED ALL AVAILABLE FREE TRANSLATIONS FOR TODAY. NEXT AVAILABLE IN 03 HOURS 26 MINUTES 34 SECONDS VISIT HTTPS://MYMEMOR…	Mighty in the forward-striding toes. When one goes and is not equal to the task, One makes a mistake.	Primera línea poco alineada (Jaccard 0%). | Solapamiento léxico bajo MT↔Baynes (0%).
44	L1_oraculo	pair	0%	0%	divergent	Divergente	Man muß es hemmen mit ehernem Radschuh. Beharrlichkeit ist von Heil. Wenn man es hingehen läßt, so erfährt man Unheil.	MYMEMORY WARNING: YOU USED ALL AVAILABLE FREE TRANSLATIONS FOR TODAY. NEXT AVAILABLE IN 03 HOURS 26 MINUTES 34 SECONDS VISIT HTTPS://MYMEMOR…	It must be checked with a brake of bronze. Perseverance brings good fortune. If one lets it take its course, one experiences misfortune. Eve…	Primera línea poco alineada (Jaccard 0%). | Solapamiento léxico bajo MT↔Baynes (0%).
45	L1_oraculo	pair	2%	3%	divergent	Divergente	Wenn du wahrhaftig bist, doch nicht bis zum Ende, so gibt es bald Verwirrung, bald Sammlung.	MYMEMORY WARNING: YOU USED ALL AVAILABLE FREE TRANSLATIONS FOR TODAY. NEXT AVAILABLE IN 03 HOURS 26 MINUTES 34 SECONDS VISIT HTTPS://MYMEMOR…	If you are sincere, but not to the end, There will sometimes be confusion, sometimes gathering together. If you call out, Then after one gra…	Primera línea poco alineada (Jaccard 3%). | Solapamiento léxico bajo MT↔Baynes (2%).
46	L1_oraculo	pair	0%	0%	divergent	Divergente	Empordringen, das Zutrauen findet, bringt großes Heil.	MYMEMORY WARNING: YOU USED ALL AVAILABLE FREE TRANSLATIONS FOR TODAY. NEXT AVAILABLE IN 03 HOURS 26 MINUTES 34 SECONDS VISIT HTTPS://MYMEMOR…	Pushing upward that meets with confidence Brings great good fortune.	Primera línea poco alineada (Jaccard 0%). | Solapamiento léxico bajo MT↔Baynes (0%).
47	L1_oraculo	pair	3%	0%	divergent	Divergente	Man sitzt bedrängt unter einem kahlen Baum und gerät in ein finsteres Tal. Drei Jahre lang sieht man nichts.	MYMEMORY WARNING: YOU USED ALL AVAILABLE FREE TRANSLATIONS FOR TODAY. NEXT AVAILABLE IN 03 HOURS 26 MINUTES 34 SECONDS VISIT HTTPS://MYMEMOR…	One sits oppressed under a bare tree And strays into a gloomy valley. For three years one sees nothing.	Primera línea poco alineada (Jaccard 0%). | Solapamiento léxico bajo MT↔Baynes (3%).
48	L1_oraculo	pair	0%	0%	divergent	Divergente	Der Schlamm des Brunnens wird nicht getrunken. Zu einem alten Brunnen kommen keine Tiere.	MYMEMORY WARNING: YOU USED ALL AVAILABLE FREE TRANSLATIONS FOR TODAY. NEXT AVAILABLE IN 03 HOURS 26 MINUTES 34 SECONDS VISIT HTTPS://MYMEMOR…	One does not drink the mud of the well. No animals come to an old well.	Primera línea poco alineada (Jaccard 0%). | Solapamiento léxico bajo MT↔Baynes (0%).
49	L1_oraculo	pair	0%	0%	divergent	Divergente	Man wird eingewickelt in das Fell einer gelben Kuh.	MYMEMORY WARNING: YOU USED ALL AVAILABLE FREE TRANSLATIONS FOR TODAY. NEXT AVAILABLE IN 03 HOURS 26 MINUTES 33 SECONDS VISIT HTTPS://MYMEMOR…	Wrapped in the hide of a yellow cow.	Primera línea poco alineada (Jaccard 0%). | Solapamiento léxico bajo MT↔Baynes (0%).
50	L1_oraculo	pair	3%	0%	divergent	Divergente	Ein Tiegel mit umgekippten Beinen. Fördernd zur Entfernung des Stockenden. Man nimmt eine Nebenfrau um ihres Sohns willen. Kein Makel.	MYMEMORY WARNING: YOU USED ALL AVAILABLE FREE TRANSLATIONS FOR TODAY. NEXT AVAILABLE IN 03 HOURS 26 MINUTES 33 SECONDS VISIT HTTPS://MYMEMOR…	A ting with legs upturned. Furthers removal of stagnating stuff. One takes a concubine for the sake of her son. No blame.	Primera línea poco alineada (Jaccard 0%). | Solapamiento léxico bajo MT↔Baynes (3%).
51	L1_oraculo	pair	0%	0%	divergent	Divergente	Das Erschüttern kommt: Hu, Hu! Darauf folgen lachende Worte: Ha, Ha! Heil!	MYMEMORY WARNING: YOU USED ALL AVAILABLE FREE TRANSLATIONS FOR TODAY. NEXT AVAILABLE IN 03 HOURS 26 MINUTES 33 SECONDS VISIT HTTPS://MYMEMOR…	Shock comes—oh, oh! Then follow laughing words—ha, ha! Good fortune.	Primera línea poco alineada (Jaccard 0%). | Solapamiento léxico bajo MT↔Baynes (0%).
52	L1_oraculo	pair	0%	0%	divergent	Divergente	Stillehalten seiner Zehen. Kein Makel. Fördernd ist dauernde Beharrlichkeit.	MYMEMORY WARNING: YOU USED ALL AVAILABLE FREE TRANSLATIONS FOR TODAY. NEXT AVAILABLE IN 03 HOURS 26 MINUTES 33 SECONDS VISIT HTTPS://MYMEMOR…	Keeping his toes still. No blame. Continued perseverance furthers.	Primera línea poco alineada (Jaccard 0%). | Solapamiento léxico bajo MT↔Baynes (0%).
53	L1_oraculo	pair	0%	0%	divergent	Divergente	Die Wildgans zieht allmählich dem Ufer zu. Der junge Sohn ist in Gefahr. Es gibt Gerede. Kein Makel.	MYMEMORY WARNING: YOU USED ALL AVAILABLE FREE TRANSLATIONS FOR TODAY. NEXT AVAILABLE IN 03 HOURS 26 MINUTES 33 SECONDS VISIT HTTPS://MYMEMOR…	The wild goose gradually draws near the shore. The young son is in danger. There is talk. No blame.	Primera línea poco alineada (Jaccard 0%). | Solapamiento léxico bajo MT↔Baynes (0%).
54	L1_oraculo	pair	0%	0%	divergent	Divergente	Das heiratende Mädchen als Nebenfrau. Ein Lahmer, der auftreten kann. Unternehmungen bringen Heil.	MYMEMORY WARNING: YOU USED ALL AVAILABLE FREE TRANSLATIONS FOR TODAY. NEXT AVAILABLE IN 03 HOURS 26 MINUTES 33 SECONDS VISIT HTTPS://MYMEMOR…	The marrying maiden as a concubine. A lame man who is able to tread. Undertakings bring good fortune.	Primera línea poco alineada (Jaccard 0%). | Solapamiento léxico bajo MT↔Baynes (0%).
55	L1_oraculo	pair	0%	0%	divergent	Divergente	Wenn man seinem bestimmten Herrn begegnet, so mag man zehn Tage beisammen sein, und es ist kein Fehler. Hingehen findet Anerkennung.	MYMEMORY WARNING: YOU USED ALL AVAILABLE FREE TRANSLATIONS FOR TODAY. NEXT AVAILABLE IN 03 HOURS 26 MINUTES 33 SECONDS VISIT HTTPS://MYMEMOR…	When a man meets his destined ruler, They can be together ten days, And it is not a mistake. Going meets with recognition.	Primera línea poco alineada (Jaccard 0%). | Solapamiento léxico bajo MT↔Baynes (0%).
56	L1_oraculo	pair	0%	0%	divergent	Divergente	Wenn der Wanderer sich mit kleinlichen Dingen abgibt, so zieht er sich dadurch Unglück zu.	MYMEMORY WARNING: YOU USED ALL AVAILABLE FREE TRANSLATIONS FOR TODAY. NEXT AVAILABLE IN 03 HOURS 26 MINUTES 33 SECONDS VISIT HTTPS://MYMEMOR…	If the wanderer busies himself with trivial things, He draws down misfortune upon himself.	Primera línea poco alineada (Jaccard 0%). | Solapamiento léxico bajo MT↔Baynes (0%).
57	L1_oraculo	pair	0%	0%	divergent	Divergente	Beim Vorgehen und Rückweichen ist fördernd die Beharrlichkeit eines Kriegers.	MYMEMORY WARNING: YOU USED ALL AVAILABLE FREE TRANSLATIONS FOR TODAY. NEXT AVAILABLE IN 03 HOURS 26 MINUTES 33 SECONDS VISIT HTTPS://MYMEMOR…	In advancing and in retreating, The perseverance of a warrior furthers.	Primera línea poco alineada (Jaccard 0%). | Solapamiento léxico bajo MT↔Baynes (0%).
58	L1_oraculo	pair	0%	0%	divergent	Divergente	Zufriedene Heiterkeit. Heil!	MYMEMORY WARNING: YOU USED ALL AVAILABLE FREE TRANSLATIONS FOR TODAY. NEXT AVAILABLE IN 03 HOURS 26 MINUTES 33 SECONDS VISIT HTTPS://MYMEMOR…	Contented joyousness. Good fortune.	Primera línea poco alineada (Jaccard 0%). | Solapamiento léxico bajo MT↔Baynes (0%).
59	L1_oraculo	pair	0%	0%	divergent	Divergente	Er bringt Hilfe mit der Macht eines Pferdes.	MYMEMORY WARNING: YOU USED ALL AVAILABLE FREE TRANSLATIONS FOR TODAY. NEXT AVAILABLE IN 03 HOURS 26 MINUTES 32 SECONDS VISIT HTTPS://MYMEMOR…	He brings help with the strength of a horse. Good fortune.	Primera línea poco alineada (Jaccard 0%). | Solapamiento léxico bajo MT↔Baynes (0%).
60	L1_oraculo	pair	0%	0%	divergent	Divergente	Nicht zu Tür und Hof hinausgehen ist kein Makel.	MYMEMORY WARNING: YOU USED ALL AVAILABLE FREE TRANSLATIONS FOR TODAY. NEXT AVAILABLE IN 03 HOURS 26 MINUTES 32 SECONDS VISIT HTTPS://MYMEMOR…	Not going out of the door and the courtyard Is without blame.	Primera línea poco alineada (Jaccard 0%). | Solapamiento léxico bajo MT↔Baynes (0%).
61	L1_oraculo	pair	0%	0%	divergent	Divergente	Bereitsein bringt Heil. Sind Hintergedanken da, so ist das beunruhigend.	MYMEMORY WARNING: YOU USED ALL AVAILABLE FREE TRANSLATIONS FOR TODAY. NEXT AVAILABLE IN 03 HOURS 26 MINUTES 32 SECONDS VISIT HTTPS://MYMEMOR…	Being prepared brings good fortune. If there are secret designs, it is disquieting.	Primera línea poco alineada (Jaccard 0%). | Solapamiento léxico bajo MT↔Baynes (0%).
62	L1_oraculo	pair	0%	0%	divergent	Divergente	Der Vogel kommt durch Fliegen ins Unheil.	MYMEMORY WARNING: YOU USED ALL AVAILABLE FREE TRANSLATIONS FOR TODAY. NEXT AVAILABLE IN 03 HOURS 26 MINUTES 32 SECONDS VISIT HTTPS://MYMEMOR…	The bird meets with misfortune through flying.	Primera línea poco alineada (Jaccard 0%). | Solapamiento léxico bajo MT↔Baynes (0%).
63	L1_oraculo	pair	0%	0%	divergent	Divergente	Er hemmt seine Räder. Er kommt mit dem Schwanz ins Wasser. Kein Makel.	MYMEMORY WARNING: YOU USED ALL AVAILABLE FREE TRANSLATIONS FOR TODAY. NEXT AVAILABLE IN 03 HOURS 26 MINUTES 32 SECONDS VISIT HTTPS://MYMEMOR…	He brakes his wheels. He gets his tail in the water. No blame.	Primera línea poco alineada (Jaccard 0%). | Solapamiento léxico bajo MT↔Baynes (0%).
64	L1_oraculo	pair	0%	0%	divergent	Divergente	Er kommt mit dem Schwanz ins Wasser. Beschämend.	MYMEMORY WARNING: YOU USED ALL AVAILABLE FREE TRANSLATIONS FOR TODAY. NEXT AVAILABLE IN 03 HOURS 26 MINUTES 32 SECONDS VISIT HTTPS://MYMEMOR…	He gets his tail in the water. Humiliating.	Primera línea poco alineada (Jaccard 0%). | Solapamiento léxico bajo MT↔Baynes (0%).
1	L1_comentario	pair	1%	0%	divergent	Divergente	Der Drache hat in China eine ganz andere Bedeutung als in der westlichen Auffassung. Der Drache ist das Symbol der beweglich-elektrischen, s…	MYMEMORY WARNING: YOU USED ALL AVAILABLE FREE TRANSLATIONS FOR TODAY. NEXT AVAILABLE IN 03 HOURS 26 MINUTES 32 SECONDS VISIT HTTPS://MYMEMOR…	In China the dragon has a meaning altogether different from that given it in the Western world. The dragon is a symbol of the electrically c…	Primera línea poco alineada (Jaccard 0%). | Solapamiento léxico bajo MT↔Baynes (1%).
2	L1_comentario	pair	0%	0%	divergent	Divergente	Wie die lichte Kraft das Leben darstellt, so die schattige Kraft den Tod. Im Herbst, wenn der Frühreif fällt, ist die Kraft des Dunkels und …	MYMEMORY WARNING: YOU USED ALL AVAILABLE FREE TRANSLATIONS FOR TODAY. NEXT AVAILABLE IN 03 HOURS 26 MINUTES 31 SECONDS VISIT HTTPS://MYMEMOR…	Just as the light-giving power represents life, so the dark power, the shadowy, represents death. When the first hoarfrost comes in the autu…	Primera línea poco alineada (Jaccard 0%). | Solapamiento léxico bajo MT↔Baynes (0%).
3	L1_comentario	pair	0%	0%	divergent	Divergente	Wenn man zu Anfang einer Unternehmung auf Hemmung stößt, so darf man den Fortschritt nicht erzwingen wollen, sondern muß vorsichtig innehalt…	MYMEMORY WARNING: YOU USED ALL AVAILABLE FREE TRANSLATIONS FOR TODAY. NEXT AVAILABLE IN 03 HOURS 26 MINUTES 30 SECONDS VISIT HTTPS://MYMEMOR…	If a person encounters a hindrance at the beginning of an enterprise, he must not try to force advance but must pause and take thought. Howe…	Primera línea poco alineada (Jaccard 0%). | Solapamiento léxico bajo MT↔Baynes (0%).
4	L1_comentario	pair	0%	0%	divergent	Divergente	Am Anfang der Erziehung steht das Gesetz. Die Unerfahrenheit der Jugend ist geneigt, zunächst alles lässig und spielerisch zu nehmen. Da muß…	MYMEMORY WARNING: YOU USED ALL AVAILABLE FREE TRANSLATIONS FOR TODAY. NEXT AVAILABLE IN 03 HOURS 26 MINUTES 30 SECONDS VISIT HTTPS://MYMEMOR…	Law is the beginning of education. Youth in its inexperience is inclined at first to take everything carelessly and playfully. It must be sh…	Primera línea poco alineada (Jaccard 0%). | Solapamiento léxico bajo MT↔Baynes (0%).
5	L1_comentario	pair	2%	2%	divergent	Divergente	Die Gefahr ist noch fern. Man wartet noch auf weiter Ebene. Die Verhältnisse sind noch einfach. Es liegt nur etwas in der Luft, das kommen w…	MYMEMORY WARNING: YOU USED ALL AVAILABLE FREE TRANSLATIONS FOR TODAY. NEXT AVAILABLE IN 03 HOURS 26 MINUTES 30 SECONDS VISIT HTTPS://MYMEMOR…	The danger is not yet close. One is still waiting on the open plain. Conditions are still simple, yet there is a feeling of something impend…	Primera línea poco alineada (Jaccard 2%). | Solapamiento léxico bajo MT↔Baynes (2%).
6	L1_comentario	pair	2%	2%	divergent	Divergente	Solange der Streit noch im ersten Anfang ist, tut man am besten, ihn fallen zu lassen. Zumal einem stärkeren Gegner gegenüber ist es nicht r…	MYMEMORY WARNING: YOU USED ALL AVAILABLE FREE TRANSLATIONS FOR TODAY. NEXT AVAILABLE IN 03 HOURS 26 MINUTES 29 SECONDS VISIT HTTPS://MYMEMOR…	While a conflict is in the incipient stage, the best thing to do is to drop the issue. Especially when the adversary is stronger, it is not …	Primera línea poco alineada (Jaccard 2%). | Solapamiento léxico bajo MT↔Baynes (2%).
7	L1_comentario	pair	0%	0%	divergent	Divergente	Zu Beginn einer kriegerischen Unternehmung muß Ordnung herrschen. Es muß ein gerechter und triftiger Grund da sein, und der Gehorsam und das…	MYMEMORY WARNING: YOU USED ALL AVAILABLE FREE TRANSLATIONS FOR TODAY. NEXT AVAILABLE IN 03 HOURS 26 MINUTES 29 SECONDS VISIT HTTPS://MYMEMOR…	At the beginning of a military enterprise, order is imperative. A just and valid cause must exist, and the obedience and coordination of the…	Primera línea poco alineada (Jaccard 0%). | Solapamiento léxico bajo MT↔Baynes (0%).
8	L1_comentario	pair	2%	2%	divergent	Divergente	Wenn es sich um Anknüpfen von Beziehungen handelt, ist volle Wahrhaftigkeit die einzig richtige Grundlage. Diese Gesinnung, die unter dem Bi…	MYMEMORY WARNING: YOU USED ALL AVAILABLE FREE TRANSLATIONS FOR TODAY. NEXT AVAILABLE IN 03 HOURS 26 MINUTES 29 SECONDS VISIT HTTPS://MYMEMOR…	Fundamental sincerity is the only proper basis for forming relationships. This attitude, symbolized by a full earthen bowl, in which the con…	Primera línea poco alineada (Jaccard 2%). | Solapamiento léxico bajo MT↔Baynes (2%).
9	L1_comentario	pair	4%	4%	divergent	Divergente	In der Natur des Starken liegt es, voran zu drängen. Damit begibt er sich aber in den Hemmungsbereich. Darum kehrt er auf den seiner Lage en…	MYMEMORY WARNING: YOU USED ALL AVAILABLE FREE TRANSLATIONS FOR TODAY. NEXT AVAILABLE IN 03 HOURS 26 MINUTES 29 SECONDS VISIT HTTPS://MYMEMOR…	It lies in the nature of a strong man to press forward. In so doing he encounters obstructions. Therefore he returns to the way suited to hi…	Primera línea poco alineada (Jaccard 4%). | Solapamiento léxico bajo MT↔Baynes (4%).
10	L1_comentario	pair	3%	2%	divergent	Divergente	Man befindet sich in einer Lage, in der man noch nicht gebunden ist durch die Verpflichtungen des Verkehrs. Wenn man einfach auftritt, bleib…	MYMEMORY WARNING: YOU USED ALL AVAILABLE FREE TRANSLATIONS FOR TODAY. NEXT AVAILABLE IN 03 HOURS 26 MINUTES 29 SECONDS VISIT HTTPS://MYMEMOR…	The situation is one in which we are still not bound by any obligations of social intercourse. If our conduct is simple, we remain free of t…	Primera línea poco alineada (Jaccard 2%). | Solapamiento léxico bajo MT↔Baynes (3%).
11	L1_comentario	pair	0%	0%	divergent	Divergente	In Zeiten der Blüte zieht jeder tüchtige Mann, der auf einen Posten berufen wird, sofort andere Gleichgesinnte nach sich, wie man beim Herau…	MYMEMORY WARNING: YOU USED ALL AVAILABLE FREE TRANSLATIONS FOR TODAY. NEXT AVAILABLE IN 03 HOURS 26 MINUTES 28 SECONDS VISIT HTTPS://MYMEMOR…	In times of prosperity every able man called to fill an office draws like-minded people along with him, just as in pulling up ribbon grass o…	Primera línea poco alineada (Jaccard 0%). | Solapamiento léxico bajo MT↔Baynes (0%).
12	L1_comentario	pair	0%	0%	divergent	Divergente	Der Text ist beinahe derselbe wie bei der ersten Linie des letzten Zeichens, nur im umgekehrten Sinn. Dort zieht einer den andern nach sich …	MYMEMORY WARNING: YOU USED ALL AVAILABLE FREE TRANSLATIONS FOR TODAY. NEXT AVAILABLE IN 03 HOURS 26 MINUTES 28 SECONDS VISIT HTTPS://MYMEMOR…	The text is almost the same as that of the first line of the preceding hexagram, but with a contrary meaning. In the latter a man is drawing…	Primera línea poco alineada (Jaccard 0%). | Solapamiento léxico bajo MT↔Baynes (0%).
13	L1_comentario	pair	2%	2%	divergent	Divergente	Der Beginn einer Vereinigung von Menschen soll vor der Tür stattfinden. Alle stehen einander gleich nahe. Irgendwelche Sonderbestrebungen be…	MYMEMORY WARNING: YOU USED ALL AVAILABLE FREE TRANSLATIONS FOR TODAY. NEXT AVAILABLE IN 03 HOURS 26 MINUTES 27 SECONDS VISIT HTTPS://MYMEMOR…	The beginning of union among people should take place before the door. All are equally close to one another. No divergent aims have yet aris…	Primera línea poco alineada (Jaccard 2%). | Solapamiento léxico bajo MT↔Baynes (2%).
14	L1_comentario	pair	5%	5%	divergent	Divergente	Großer Besitz, der noch im Anfangsstadium ist und noch keine Anfechtung erfahren hat, ist ohne Makel; denn es ist noch gar keine Gelegenheit…	MYMEMORY WARNING: YOU USED ALL AVAILABLE FREE TRANSLATIONS FOR TODAY. NEXT AVAILABLE IN 03 HOURS 26 MINUTES 27 SECONDS VISIT HTTPS://MYMEMOR…	Great possession that is still in its beginnings and that has not yet been challenged brings no blame, since there has been no opportunity t…	Primera línea poco alineada (Jaccard 5%). | Solapamiento léxico bajo MT↔Baynes (5%).
15	L1_comentario	pair	1%	1%	divergent	Divergente	Eine gefährliche Unternehmung, wie das Durchqueren eines großen Wassers, ist sehr erschwert, wenn viele Ansprüche und Rücksichten dabei in B…	MYMEMORY WARNING: YOU USED ALL AVAILABLE FREE TRANSLATIONS FOR TODAY. NEXT AVAILABLE IN 03 HOURS 26 MINUTES 27 SECONDS VISIT HTTPS://MYMEMOR…	A dangerous enterprise, such as the crossing of a great stream, is made much more difficult if many claims and considerations have to be tak…	Primera línea poco alineada (Jaccard 1%). | Solapamiento léxico bajo MT↔Baynes (1%).
16	L1_comentario	pair	0%	0%	divergent	Divergente	Jemand in untergeordneter Stellung hat vornehme Beziehungen, deren er sich begeistert rühmt. Durch diesen Übermut zieht er mit Notwendigkeit…	MYMEMORY WARNING: YOU USED ALL AVAILABLE FREE TRANSLATIONS FOR TODAY. NEXT AVAILABLE IN 03 HOURS 26 MINUTES 27 SECONDS VISIT HTTPS://MYMEMOR…	A man in an inferior position has aristocratic connections about which he boasts enthusiastically. This arrogance inevitably invites misfort…	Primera línea poco alineada (Jaccard 0%). | Solapamiento léxico bajo MT↔Baynes (0%).
17	L1_comentario	pair	1%	1%	divergent	Divergente	Es gibt Ausnahmezustände, da das Verhältnis von Leiter und Geleitetem sich ändert. In der Idee der Anpassung und Nachfolge liegt es, daß man…	MYMEMORY WARNING: YOU USED ALL AVAILABLE FREE TRANSLATIONS FOR TODAY. NEXT AVAILABLE IN 03 HOURS 26 MINUTES 26 SECONDS VISIT HTTPS://MYMEMOR…	There are exceptional conditions in which the relation between leader and followers changes. It is implicit in the idea of following and ada…	Primera línea poco alineada (Jaccard 1%). | Solapamiento léxico bajo MT↔Baynes (1%).
18	L1_comentario	pair	1%	1%	divergent	Divergente	Das starre Stehenbleiben beim Hergebrachten hat Verderben zur Folge gehabt. Aber das Verderben ist noch nicht tief eingewurzelt, darum kann …	MYMEMORY WARNING: YOU USED ALL AVAILABLE FREE TRANSLATIONS FOR TODAY. NEXT AVAILABLE IN 03 HOURS 26 MINUTES 26 SECONDS VISIT HTTPS://MYMEMOR…	Rigid adherence to tradition has resulted in decay. But the decay has not yet penetrated deeply and so can still be easily remedied. It is a…	Primera línea poco alineada (Jaccard 1%). | Solapamiento léxico bajo MT↔Baynes (1%).
19	L1_comentario	pair	0%	0%	divergent	Divergente	Das Gute beginnt sich durchzusetzen und findet an einflußreicher Stelle Entgegenkommen. Von dort geht die Anregung an den tüchtigen Menschen…	MYMEMORY WARNING: YOU USED ALL AVAILABLE FREE TRANSLATIONS FOR TODAY. NEXT AVAILABLE IN 03 HOURS 26 MINUTES 25 SECONDS VISIT HTTPS://MYMEMOR…	The good begins to prevail and to find response in influential circles. This in turn is an incentive to men of ability. It is well to join t…	Primera línea poco alineada (Jaccard 0%). | Solapamiento léxico bajo MT↔Baynes (0%).
20	L1_comentario	pair	2%	2%	divergent	Divergente	Ein verständnisloses Betrachten aus der Ferne ist hier gezeichnet. Es ist jemand da, der wirkt, aber dessen Wirkungen von den geringen Mensc…	MYMEMORY WARNING: YOU USED ALL AVAILABLE FREE TRANSLATIONS FOR TODAY. NEXT AVAILABLE IN 03 HOURS 26 MINUTES 25 SECONDS VISIT HTTPS://MYMEMOR…	This means contemplation from a distance, without comprehension. A man of influence is at hand, but his influence is not understood by the c…	Primera línea poco alineada (Jaccard 1%). | Solapamiento léxico bajo MT↔Baynes (1%).
21	L1_comentario	pair	4%	4%	divergent	Divergente	Wenn jemand sofort beim ersten Versuch, etwas Böses zu tun, der Strafe verfällt, so ist die Strafe nur leicht. Es werden nur die Zehen vom B…	MYMEMORY WARNING: YOU USED ALL AVAILABLE FREE TRANSLATIONS FOR TODAY. NEXT AVAILABLE IN 03 HOURS 26 MINUTES 25 SECONDS VISIT HTTPS://MYMEMOR…	If a sentence is imposed the first time a man attempts to do wrong, the penalty is a mild one. Only the toes are put in the stocks. This pre…	Primera línea poco alineada (Jaccard 4%). | Solapamiento léxico bajo MT↔Baynes (4%).
22	L1_comentario	pair	2%	2%	divergent	Divergente	Die Stellung zu Beginn und an untergeordnetem Platze bringt es mit sich, daß man die Mühe des Vorankommens selbst auf sich nehmen muß. Man h…	MYMEMORY WARNING: YOU USED ALL AVAILABLE FREE TRANSLATIONS FOR TODAY. NEXT AVAILABLE IN 03 HOURS 26 MINUTES 25 SECONDS VISIT HTTPS://MYMEMOR…	A beginner in a subordinate place must take upon himself the labor of advancing. There might be an opportunity of surreptitiously easing the…	Primera línea poco alineada (Jaccard 2%). | Solapamiento léxico bajo MT↔Baynes (2%).
23	L1_comentario	pair	0%	0%	divergent	Divergente	Die Gemeinen kommen heran und fangen heimlich von unten an mit ihrer zerstörenden Wühlarbeit, um auf diese Weise den Platz, auf dem der Edle…	MYMEMORY WARNING: YOU USED ALL AVAILABLE FREE TRANSLATIONS FOR TODAY. NEXT AVAILABLE IN 03 HOURS 26 MINUTES 24 SECONDS VISIT HTTPS://MYMEMOR…	Inferior people are on the rise and stealthily begin their destructive burrowing from below in order to undermine the place where the superi…	Primera línea poco alineada (Jaccard 0%). | Solapamiento léxico bajo MT↔Baynes (0%).
24	L1_comentario	pair	3%	3%	divergent	Divergente	Kleine Abweichungen vom Guten sind nicht zu vermeiden. Man muß nur rechtzeitig umkehren, ehe man zu weit gegangen. Das ist besonders bei der…	MYMEMORY WARNING: YOU USED ALL AVAILABLE FREE TRANSLATIONS FOR TODAY. NEXT AVAILABLE IN 03 HOURS 26 MINUTES 24 SECONDS VISIT HTTPS://MYMEMOR…	Slight digressions from the good cannot be avoided, but one must turn back in time, before going too far. This is especially important in th…	Primera línea poco alineada (Jaccard 3%). | Solapamiento léxico bajo MT↔Baynes (3%).
25	L1_comentario	pair	0%	0%	divergent	Divergente	Die ersten ursprünglichen Regungen des Herzens sind immer gut, so daß man ihnen getrost folgen kann und gewiß sein darf, daß man Glück hat u…	MYMEMORY WARNING: YOU USED ALL AVAILABLE FREE TRANSLATIONS FOR TODAY. NEXT AVAILABLE IN 03 HOURS 26 MINUTES 24 SECONDS VISIT HTTPS://MYMEMOR…	The original impulses of the heart are always good, so that we may follow them confidently, assured of good fortune and achievement of our a…	Primera línea poco alineada (Jaccard 0%). | Solapamiento léxico bajo MT↔Baynes (0%).
26	L1_comentario	pair	2%	2%	divergent	Divergente	Man wünschte wohl ein kräftiges Fortschreiten. Allein in den Verhältnissen liegt eine Behinderung. Man sieht sich festgehalten. Wollte man d…	MYMEMORY WARNING: YOU USED ALL AVAILABLE FREE TRANSLATIONS FOR TODAY. NEXT AVAILABLE IN 03 HOURS 26 MINUTES 24 SECONDS VISIT HTTPS://MYMEMOR…	A man wishes to make vigorous advance, but circumstances present an obstacle. He sees himself held back firmly. If he should attempt to forc…	Primera línea poco alineada (Jaccard 2%). | Solapamiento léxico bajo MT↔Baynes (2%).
27	L1_comentario	pair	0%	0%	divergent	Divergente	Die Zauberschildkröte ist ein Wesen, das keiner irdischen Nahrung bedarf, sondern solche Zauberkraft besitzt, daß es von der Luft leben kann…	MYMEMORY WARNING: YOU USED ALL AVAILABLE FREE TRANSLATIONS FOR TODAY. NEXT AVAILABLE IN 03 HOURS 26 MINUTES 24 SECONDS VISIT HTTPS://MYMEMOR…	The magic tortoise is a creature possessed of such supernatural powers that it lives on air and needs no earthly nourishment. The image mean…	Primera línea poco alineada (Jaccard 0%). | Solapamiento léxico bajo MT↔Baynes (0%).
28	L1_comentario	pair	0%	0%	divergent	Divergente	Wenn man in außerordentlichen Zeiten etwas beginnen will, so muß man außerordentliche Vorsicht walten lassen, wie man etwas Schweres, das au…	MYMEMORY WARNING: YOU USED ALL AVAILABLE FREE TRANSLATIONS FOR TODAY. NEXT AVAILABLE IN 03 HOURS 26 MINUTES 23 SECONDS VISIT HTTPS://MYMEMOR…	When a man wishes to undertake an enterprise in extraordinary times, he must be extraordinarily cautious, just as when setting a heavy thing…	Primera línea poco alineada (Jaccard 0%). | Solapamiento léxico bajo MT↔Baynes (0%).
29	L1_comentario	pair	2%	2%	divergent	Divergente	Gewohnheit des Gefährlichen bewirkt leicht, daß die Gefahr ins eigne Wesen eingeht. Man weiß Bescheid und gewöhnt sich ans Böse. Damit hat m…	MYMEMORY WARNING: YOU USED ALL AVAILABLE FREE TRANSLATIONS FOR TODAY. NEXT AVAILABLE IN 03 HOURS 26 MINUTES 23 SECONDS VISIT HTTPS://MYMEMOR…	By growing used to what is dangerous, a man can easily allow it to become part of him. He is familiar with it and grows used to evil. With t…	Primera línea poco alineada (Jaccard 2%). | Solapamiento léxico bajo MT↔Baynes (2%).
30	L1_comentario	pair	3%	3%	divergent	Divergente	Es ist früher Morgen. Die Arbeit beginnt. Nachdem im Schlaf die Seele von der Außenwelt abgeschlossen war, fangen nun die Beziehungen zur We…	MYMEMORY WARNING: YOU USED ALL AVAILABLE FREE TRANSLATIONS FOR TODAY. NEXT AVAILABLE IN 03 HOURS 26 MINUTES 23 SECONDS VISIT HTTPS://MYMEMOR…	It is early morning and work begins. The mind has been closed to the outside world in sleep; now its connections with the world begin again.…	Primera línea poco alineada (Jaccard 3%). | Solapamiento léxico bajo MT↔Baynes (3%).
31	L1_comentario	pair	0%	0%	divergent	Divergente	Eine Bewegung, ehe sie wirklich ausgeführt wird, äußert sich zunächst in den Zehen. Der Gedanke der Einwirkung ist schon da. Aber er tritt z…	MYMEMORY WARNING: YOU USED ALL AVAILABLE FREE TRANSLATIONS FOR TODAY. NEXT AVAILABLE IN 03 HOURS 26 MINUTES 23 SECONDS VISIT HTTPS://MYMEMOR…	A movement, before it is actually carried out, shows itself first in the toes. The idea of an influence is already present, but it is not im…	Primera línea poco alineada (Jaccard 0%). | Solapamiento léxico bajo MT↔Baynes (0%).
32	L1_comentario	pair	0%	0%	divergent	Divergente	Etwas Dauerndes läßt sich nur allmählich durch lange Arbeit und sorgfältiges Nachdenken schaffen. »Wenn man etwas zusammendrücken will, muß …	MYMEMORY WARNING: YOU USED ALL AVAILABLE FREE TRANSLATIONS FOR TODAY. NEXT AVAILABLE IN 03 HOURS 26 MINUTES 23 SECONDS VISIT HTTPS://MYMEMOR…	Whatever endures can be created only gradually by long-continued work and careful reflection. In the same sense Lao-tse says: ""If we wish to…	Primera línea poco alineada (Jaccard 0%). | Solapamiento léxico bajo MT↔Baynes (0%).
33	L1_comentario	pair	0%	0%	divergent	Divergente	Da das Zeichen das Abbild von etwas sich Zurückziehendem ist, so ist der erste Strich der Schwanz und der oberste der Kopf. Beim Rückzug ist…	MYMEMORY WARNING: YOU USED ALL AVAILABLE FREE TRANSLATIONS FOR TODAY. NEXT AVAILABLE IN 03 HOURS 26 MINUTES 22 SECONDS VISIT HTTPS://MYMEMOR…	Since the hexagram is the picture of something that is retreating, the lowest line represents the tail and the top line the head. In a retre…	Primera línea poco alineada (Jaccard 0%). | Solapamiento léxico bajo MT↔Baynes (0%).
34	L1_comentario	pair	2%	2%	divergent	Divergente	Die Zehen sind ganz unten und sind bereit voranzuschreiten. So ist große Macht an niederer Stelle geneigt, gewaltsam den Fortschritt zu erzw…	MYMEMORY WARNING: YOU USED ALL AVAILABLE FREE TRANSLATIONS FOR TODAY. NEXT AVAILABLE IN 03 HOURS 26 MINUTES 22 SECONDS VISIT HTTPS://MYMEMOR…	The toes are in the lowest place and are ready to advance. So likewise great power in lowly station is inclined to effect advance by force. …	Primera línea poco alineada (Jaccard 2%). | Solapamiento léxico bajo MT↔Baynes (2%).
35	L1_comentario	pair	4%	4%	divergent	Divergente	Wenn man kein Vertrauen findet, so bleibe man gelassen. Kein Fehler. Zu einer Zeit, da alles nach Fortschritt drängt, befindet man sich noch…	MYMEMORY WARNING: YOU USED ALL AVAILABLE FREE TRANSLATIONS FOR TODAY. NEXT AVAILABLE IN 03 HOURS 26 MINUTES 22 SECONDS VISIT HTTPS://MYMEMOR…	At a time when all elements are pressing for progress, we are still uncertain whether in the course of advance we may not meet with a rebuff…	Primera línea poco alineada (Jaccard 4%). | Solapamiento léxico bajo MT↔Baynes (4%).
36	L1_comentario	pair	3%	3%	divergent	Divergente	Der Edle auf seiner Wanderschaft ißt drei Tage nichts. Aber er hat, wohin er geht. Der Wirt hat über ihn zu reden. In großartigem Entschluß …	MYMEMORY WARNING: YOU USED ALL AVAILABLE FREE TRANSLATIONS FOR TODAY. NEXT AVAILABLE IN 03 HOURS 26 MINUTES 21 SECONDS VISIT HTTPS://MYMEMOR…	With grandiose resolve a man endeavors to soar above all obstacles, but thus encounters a hostile fate. He retreats and evades the issue. Th…	Primera línea poco alineada (Jaccard 3%). | Solapamiento léxico bajo MT↔Baynes (3%).
37	L1_comentario	pair	2%	2%	divergent	Divergente	Die Familie muß eine festbegrenzte Einheit bilden, innerhalb deren jedes Glied seinen Platz kennt. Von Anfang an müssen die Kinder an feste …	MYMEMORY WARNING: YOU USED ALL AVAILABLE FREE TRANSLATIONS FOR TODAY. NEXT AVAILABLE IN 03 HOURS 26 MINUTES 19 SECONDS VISIT HTTPS://MYMEMOR…	The family must form a well-defined unit within which each member knows his place. From the beginning each child must be accustomed to firml…	Primera línea poco alineada (Jaccard 2%). | Solapamiento léxico bajo MT↔Baynes (2%).
38	L1_comentario	pair	1%	1%	divergent	Divergente	Wenn du böse Menschen siehst, so hüte dich vor Fehlern. Auch in Zeiten des Gegensatzes kann man so handeln, daß man frei von Fehlern bleibt,…	MYMEMORY WARNING: YOU USED ALL AVAILABLE FREE TRANSLATIONS FOR TODAY. NEXT AVAILABLE IN 03 HOURS 26 MINUTES 18 SECONDS VISIT HTTPS://MYMEMOR…	Even in times when oppositions prevail, mistakes can be avoided, so that remorse disappears. When opposition begins to manifest itself, a ma…	Primera línea poco alineada (Jaccard 1%). | Solapamiento léxico bajo MT↔Baynes (1%).
39	L1_comentario	pair	2%	2%	divergent	Divergente	Wenn man sich einem Hemmnis gegenüber sieht, so handelt es sich darum, zu überlegen, wie man damit am besten fertig wird. Wenn eine Gefahr u…	MYMEMORY WARNING: YOU USED ALL AVAILABLE FREE TRANSLATIONS FOR TODAY. NEXT AVAILABLE IN 03 HOURS 26 MINUTES 17 SECONDS VISIT HTTPS://MYMEMOR…	When one encounters an obstruction, the important thing is to reflect on how best to deal with it. When threatened with danger, one should n…	Primera línea poco alineada (Jaccard 2%). | Solapamiento léxico bajo MT↔Baynes (2%).
40	L1_comentario	pair	0%	0%	divergent	Divergente	Es werden nicht viele Worte gemacht, entsprechend der Situation. Die Hemmung ist vorüber, die Befreiung ist da. Man erholt sich in Ruhe und …	MYMEMORY WARNING: YOU USED ALL AVAILABLE FREE TRANSLATIONS FOR TODAY. NEXT AVAILABLE IN 03 HOURS 26 MINUTES 17 SECONDS VISIT HTTPS://MYMEMOR…	In keeping with the situation, few words are needed. The hindrance is past, deliverance has come. One recuperates in peace and keeps still. …	Primera línea poco alineada (Jaccard 0%). | Solapamiento léxico bajo MT↔Baynes (0%).
41	L1_comentario	pair	0%	0%	divergent	Divergente	Es ist selbstlos und gut, wenn man nach Erledigung der unmittelbar wichtigen eigenen Aufgaben seine Kraft in den Dienst der anderen stellt u…	MYMEMORY WARNING: YOU USED ALL AVAILABLE FREE TRANSLATIONS FOR TODAY. NEXT AVAILABLE IN 03 HOURS 26 MINUTES 17 SECONDS VISIT HTTPS://MYMEMOR…	It is unselfish and good when a man, after completing his own urgent tasks, uses his strength in the service of others, and without bragging…	Primera línea poco alineada (Jaccard 0%). | Solapamiento léxico bajo MT↔Baynes (0%).
42	L1_comentario	pair	6%	6%	divergent	Divergente	Wenn man von oben her eine große Förderung erfährt, muß man den Kraftzuwachs, den man so erhält, dazu benützen, etwas Großes zu leisten, zu …	MYMEMORY WARNING: YOU USED ALL AVAILABLE FREE TRANSLATIONS FOR TODAY. NEXT AVAILABLE IN 03 HOURS 26 MINUTES 16 SECONDS VISIT HTTPS://MYMEMOR…	If great help comes to a man from on high, this increased strength must be used to achieve something great for which he might otherwise neve…	Primera línea poco alineada (Jaccard 6%). | Solapamiento léxico bajo MT↔Baynes (6%).
43	L1_comentario	pair	0%	0%	divergent	Divergente	In Zeiten entschlossenen Voranschreitens ist besonders der erste Anfang schwierig. Man fühlt sich zu entschlossenem Voranschreiten begeister…	MYMEMORY WARNING: YOU USED ALL AVAILABLE FREE TRANSLATIONS FOR TODAY. NEXT AVAILABLE IN 03 HOURS 26 MINUTES 16 SECONDS VISIT HTTPS://MYMEMOR…	In times of a resolute advance, the beginning is especially difficult. We feel inspired to press forward but resistance is still strong; the…	Primera línea poco alineada (Jaccard 0%). | Solapamiento léxico bajo MT↔Baynes (0%).
44	L1_comentario	pair	0%	0%	divergent	Divergente	Auch ein mageres Schwein hat die Anlage dazu, umherzutoben. Wenn ein minderwertiges Element sich eingeschlichen hat, so muß man es sofort en…	MYMEMORY WARNING: YOU USED ALL AVAILABLE FREE TRANSLATIONS FOR TODAY. NEXT AVAILABLE IN 03 HOURS 26 MINUTES 16 SECONDS VISIT HTTPS://MYMEMOR…	If an inferior element has wormed its way in, it must be energetically checked at once. By consistently checking it, bad effects can be avoi…	Primera línea poco alineada (Jaccard 0%). | Solapamiento léxico bajo MT↔Baynes (0%).
45	L1_comentario	pair	3%	3%	divergent	Divergente	Wenn du rufst, so kannst du nach einem Griff wieder lachen. Bedaure nichts. Hingehen ist ohne Makel. Die Lage ist hier, daß man sich sammeln…	MYMEMORY WARNING: YOU USED ALL AVAILABLE FREE TRANSLATIONS FOR TODAY. NEXT AVAILABLE IN 03 HOURS 26 MINUTES 15 SECONDS VISIT HTTPS://MYMEMOR…	The situation is this: people desire to gather around a leader to whom they look up. But they are in a large group, by which they allow them…	Primera línea poco alineada (Jaccard 3%). | Solapamiento léxico bajo MT↔Baynes (3%).
46	L1_comentario	pair	2%	2%	divergent	Divergente	Hier ist die Anfangslage des Aufstiegs. Wie das Holz für sein Empordringen die Kraft aus der Wurzel entnimmt, die an sich ganz unten ist, so…	MYMEMORY WARNING: YOU USED ALL AVAILABLE FREE TRANSLATIONS FOR TODAY. NEXT AVAILABLE IN 03 HOURS 26 MINUTES 13 SECONDS VISIT HTTPS://MYMEMOR…	This is the situation at the beginning of ascent. Just as wood draws strength for its upward push from the root, which in itself is in the l…	Primera línea poco alineada (Jaccard 2%). | Solapamiento léxico bajo MT↔Baynes (2%).
47	L1_comentario	pair	4%	4%	divergent	Divergente	Wenn man in Not kommt, ist es vor allem wichtig, stark zu sein und die Not innerlich zu überwinden. Wenn man aber schwach ist, dann übermann…	MYMEMORY WARNING: YOU USED ALL AVAILABLE FREE TRANSLATIONS FOR TODAY. NEXT AVAILABLE IN 03 HOURS 26 MINUTES 13 SECONDS VISIT HTTPS://MYMEMOR…	When adversity befalls a man, it is important above all things for him to be strong and to overcome the trouble inwardly. If he is weak, the…	Primera línea poco alineada (Jaccard 4%). | Solapamiento léxico bajo MT↔Baynes (4%).
48	L1_comentario	pair	6%	6%	divergent	Divergente	Wenn sich jemand in den sumpfigen Niederungen umhertreibt, so versinkt sein Leben im Schlamm. Ein solcher Mensch verliert seine Bedeutung fü…	MYMEMORY WARNING: YOU USED ALL AVAILABLE FREE TRANSLATIONS FOR TODAY. NEXT AVAILABLE IN 03 HOURS 26 MINUTES 13 SECONDS VISIT HTTPS://MYMEMOR…	If a man wanders around in swampy lowlands, his life is submerged in mud. Such a man loses all significance for mankind. He who throws himse…	Primera línea poco alineada (Jaccard 6%). | Solapamiento léxico bajo MT↔Baynes (6%).
49	L1_comentario	pair	2%	2%	divergent	Divergente	Änderungen darf man erst unternehmen, wenn es nicht mehr anders möglich ist. Darum ist zunächst äußerste Zurückhaltung nötig. Man muß innerl…	MYMEMORY WARNING: YOU USED ALL AVAILABLE FREE TRANSLATIONS FOR TODAY. NEXT AVAILABLE IN 03 HOURS 26 MINUTES 13 SECONDS VISIT HTTPS://MYMEMOR…	Changes ought to be undertaken only when there is nothing else to be done. Therefore at first the utmost restraint is necessary. One must be…	Primera línea poco alineada (Jaccard 2%). | Solapamiento léxico bajo MT↔Baynes (2%).
50	L1_comentario	pair	1%	2%	divergent	Divergente	Wenn man den Tiegel umkehrt, ehe man ihn in Gebrauch nimmt, so hat das nichts zu sagen; im Gegenteil, der Unrat kommt auf diese Weise heraus…	MYMEMORY WARNING: YOU USED ALL AVAILABLE FREE TRANSLATIONS FOR TODAY. NEXT AVAILABLE IN 03 HOURS 26 MINUTES 13 SECONDS VISIT HTTPS://MYMEMOR…	If a ting is turned upside down before being used, no harm is done—on the contrary, this clears it of refuse. A concubine's position is lowl…	Primera línea poco alineada (Jaccard 2%). | Solapamiento léxico bajo MT↔Baynes (1%).
51	L1_comentario	pair	0%	0%	divergent	Divergente	Furcht und Zittern der Erschütterung kommt zuerst an einen, so daß man den andern gegenüber sich in Nachteil gestellt sieht. Aber das ist nu…	MYMEMORY WARNING: YOU USED ALL AVAILABLE FREE TRANSLATIONS FOR TODAY. NEXT AVAILABLE IN 03 HOURS 26 MINUTES 12 SECONDS VISIT HTTPS://MYMEMOR…	The fear and trembling engendered by shock come to an individual at first in such a way that he sees himself placed at a disadvantage as aga…	Primera línea poco alineada (Jaccard 0%). | Solapamiento léxico bajo MT↔Baynes (0%).
52	L1_comentario	pair	0%	0%	divergent	Divergente	Das Ruhigbleiben der Zehen bedeutet ein Stehenbleiben, noch ehe man angefangen hat, sich zu bewegen. Der Anfang ist die Zeit, da man wenig F…	MYMEMORY WARNING: YOU USED ALL AVAILABLE FREE TRANSLATIONS FOR TODAY. NEXT AVAILABLE IN 03 HOURS 26 MINUTES 12 SECONDS VISIT HTTPS://MYMEMOR…	Keeping the toes still means halting before one has even begun to move. The beginning is the time of few mistakes. At that time one is still…	Primera línea poco alineada (Jaccard 0%). | Solapamiento léxico bajo MT↔Baynes (0%).
53	L1_comentario	pair	1%	2%	divergent	Divergente	Die einzelnen Linien haben alle den allmählichen Zug der Wildgans zum Bild. Die Wildgans ist das Symbol der ehelichen Treue. Es heißt von ih…	MYMEMORY WARNING: YOU USED ALL AVAILABLE FREE TRANSLATIONS FOR TODAY. NEXT AVAILABLE IN 03 HOURS 26 MINUTES 12 SECONDS VISIT HTTPS://MYMEMOR…	All the individual lines in this hexagram symbolize the gradual flight of the wild goose. The wild goose is the symbol of conjugal fidelity,…	Primera línea poco alineada (Jaccard 2%). | Solapamiento léxico bajo MT↔Baynes (1%).
54	L1_comentario	pair	0%	0%	divergent	Divergente	Die Fürsten des Altertums hatten eine feste Rangordnung unter den Palastdamen, die der Königin unterstellt waren wie die jüngeren Schwestern…	MYMEMORY WARNING: YOU USED ALL AVAILABLE FREE TRANSLATIONS FOR TODAY. NEXT AVAILABLE IN 03 HOURS 26 MINUTES 11 SECONDS VISIT HTTPS://MYMEMOR…	The princes of ancient China maintained a fixed order of rank among the court ladies, who were subordinated to the queen as are younger sist…	Primera línea poco alineada (Jaccard 0%). | Solapamiento léxico bajo MT↔Baynes (0%).
55	L1_comentario	pair	0%	0%	divergent	Divergente	Um eine Zeit der Fülle herbeizuführen, bedarf es der Vereinigung von Klarheit und energischer Bewegung. Wo diese beiden Eigenschaften in zwe…	MYMEMORY WARNING: YOU USED ALL AVAILABLE FREE TRANSLATIONS FOR TODAY. NEXT AVAILABLE IN 03 HOURS 26 MINUTES 10 SECONDS VISIT HTTPS://MYMEMOR…	To bring about a time of abundance, a union of clarity with energetic movement is needed. Two individuals possessed of these two attributes …	Primera línea poco alineada (Jaccard 0%). | Solapamiento léxico bajo MT↔Baynes (0%).
56	L1_comentario	pair	3%	3%	divergent	Divergente	Ein Wanderer darf sich nicht entwürdigen und sich mit gemeinen Dingen am Weg abgeben. Gerade je niedriger und wehrloser seine Stellung nach …	MYMEMORY WARNING: YOU USED ALL AVAILABLE FREE TRANSLATIONS FOR TODAY. NEXT AVAILABLE IN 03 HOURS 26 MINUTES 09 SECONDS VISIT HTTPS://MYMEMOR…	A wanderer should not demean himself or busy himself with inferior things he meets with along the way. The humbler and more defenseless his …	Primera línea poco alineada (Jaccard 3%). | Solapamiento léxico bajo MT↔Baynes (3%).
57	L1_comentario	pair	0%	0%	divergent	Divergente	Das sanfte Wesen geht oft bis zur Unentschlossenheit. Man fühlt nicht die Kraft, entschlossen fortzuschreiten. Tausend Bedenken erheben sich…	MYMEMORY WARNING: YOU USED ALL AVAILABLE FREE TRANSLATIONS FOR TODAY. NEXT AVAILABLE IN 03 HOURS 26 MINUTES 09 SECONDS VISIT HTTPS://MYMEMOR…	Inborn gentleness is often carried to the point of indecisiveness. One does not feel strong enough to advance resolutely. A thousand doubts …	Primera línea poco alineada (Jaccard 0%). | Solapamiento léxico bajo MT↔Baynes (0%).
58	L1_comentario	pair	4%	4%	divergent	Divergente	Eine stille, wortlose, in sich gesammelte Freude, die nichts von außen begehrt und mit allem zufrieden ist, bleibt frei von allen egoistisch…	MYMEMORY WARNING: YOU USED ALL AVAILABLE FREE TRANSLATIONS FOR TODAY. NEXT AVAILABLE IN 03 HOURS 26 MINUTES 09 SECONDS VISIT HTTPS://MYMEMOR…	A quiet, wordless, self-contained joy, desiring nothing from without and resting content with everything, remains free of all egotistic like…	Primera línea poco alineada (Jaccard 4%). | Solapamiento léxico bajo MT↔Baynes (4%).
59	L1_comentario	pair	0%	0%	divergent	Divergente	Hier handelt es sich darum, daß, noch ehe die Trennung vollzogen ist, die ersten Anfänge dazu überwunden werden; daß die Wolken zerstreut we…	MYMEMORY WARNING: YOU USED ALL AVAILABLE FREE TRANSLATIONS FOR TODAY. NEXT AVAILABLE IN 03 HOURS 26 MINUTES 09 SECONDS VISIT HTTPS://MYMEMOR…	It is important that disunion should be overcome at the outset, before it has become complete—that the clouds should be dispersed before the…	Primera línea poco alineada (Jaccard 0%). | Solapamiento léxico bajo MT↔Baynes (0%).
60	L1_comentario	pair	1%	1%	divergent	Divergente	Oft möchte man etwas unternehmen, sieht sich aber unübersteigbaren Schranken gegenüber. Da gilt es, die Einsicht zu haben, wo man innehalten…	MYMEMORY WARNING: YOU USED ALL AVAILABLE FREE TRANSLATIONS FOR TODAY. NEXT AVAILABLE IN 03 HOURS 26 MINUTES 09 SECONDS VISIT HTTPS://MYMEMOR…	Often a man who would like to undertake something finds himself confronted by insurmountable limitations. Then he must know where to stop. I…	Primera línea poco alineada (Jaccard 1%). | Solapamiento léxico bajo MT↔Baynes (1%).
61	L1_comentario	pair	1%	1%	divergent	Divergente	Die Hauptsache für die Kraft innerer Wahrheit ist, daß man in sich gefestigt und bereit ist. Aus dieser inneren Haltung entspringt das richt…	MYMEMORY WARNING: YOU USED ALL AVAILABLE FREE TRANSLATIONS FOR TODAY. NEXT AVAILABLE IN 03 HOURS 26 MINUTES 08 SECONDS VISIT HTTPS://MYMEMOR…	The force of inner truth depends chiefly on inner stability and preparedness. From this state of mind springs the correct attitude toward th…	Primera línea poco alineada (Jaccard 1%). | Solapamiento léxico bajo MT↔Baynes (1%).
62	L1_comentario	pair	2%	2%	divergent	Divergente	Der Vogel soll zunächst im Nest bleiben, bis er flügge ist. Will er vorher fliegen, so zieht er sich Unheil zu. Außerordentliche Maßnahmen d…	MYMEMORY WARNING: YOU USED ALL AVAILABLE FREE TRANSLATIONS FOR TODAY. NEXT AVAILABLE IN 03 HOURS 26 MINUTES 08 SECONDS VISIT HTTPS://MYMEMOR…	A bird ought to remain in the nest until it is fledged. If it tries to fly before this, it invites misfortune. Extraordinary measures should…	Primera línea poco alineada (Jaccard 2%). | Solapamiento léxico bajo MT↔Baynes (2%).
63	L1_comentario	pair	0%	0%	divergent	Divergente	In Zeiten nach einem großen Übergang ist alles auf Fortschritt und Entwicklung aus und drängt voran. Aber dieses Vorwärtsdrängen zu Beginn i…	MYMEMORY WARNING: YOU USED ALL AVAILABLE FREE TRANSLATIONS FOR TODAY. NEXT AVAILABLE IN 03 HOURS 26 MINUTES 08 SECONDS VISIT HTTPS://MYMEMOR…	In times following a great transition, everything is pressing forward, striving in the direction of development and progress. But this press…	Primera línea poco alineada (Jaccard 0%). | Solapamiento léxico bajo MT↔Baynes (0%).
64	L1_comentario	pair	2%	2%	divergent	Divergente	In Zeiten der Unordnung ist es verlockend, sich möglichst rasch vorzudrängen, um etwas Sichtbares zu leisten. Aber diese Begeisterung führt …	MYMEMORY WARNING: YOU USED ALL AVAILABLE FREE TRANSLATIONS FOR TODAY. NEXT AVAILABLE IN 03 HOURS 26 MINUTES 07 SECONDS VISIT HTTPS://MYMEMOR…	In times of disorder there is a temptation to advance oneself as rapidly as possible in order to accomplish something tangible. But this ent…	Primera línea poco alineada (Jaccard 2%). | Solapamiento léxico bajo MT↔Baynes (2%).
1	L2_etiqueta	pair	0%	0%	divergent	Divergente	Neun auf zweitem Platz bedeutet:	MYMEMORY WARNING: YOU USED ALL AVAILABLE FREE TRANSLATIONS FOR TODAY. NEXT AVAILABLE IN 03 HOURS 26 MINUTES 07 SECONDS VISIT HTTPS://MYMEMOR…	Nine in the second place means:	Primera línea poco alineada (Jaccard 0%). | Solapamiento léxico bajo MT↔Baynes (0%).
2	L2_etiqueta	pair	0%	0%	divergent	Divergente	Sechs auf zweitem Platz bedeutet:	MYMEMORY WARNING: YOU USED ALL AVAILABLE FREE TRANSLATIONS FOR TODAY. NEXT AVAILABLE IN 03 HOURS 26 MINUTES 07 SECONDS VISIT HTTPS://MYMEMOR…	Six in the second place means:	Primera línea poco alineada (Jaccard 0%). | Solapamiento léxico bajo MT↔Baynes (0%).
3	L2_etiqueta	pair	0%	0%	divergent	Divergente	Sechs auf zweitem Platz bedeutet:	MYMEMORY WARNING: YOU USED ALL AVAILABLE FREE TRANSLATIONS FOR TODAY. NEXT AVAILABLE IN 03 HOURS 26 MINUTES 07 SECONDS VISIT HTTPS://MYMEMOR…	Six in the second place means:	Primera línea poco alineada (Jaccard 0%). | Solapamiento léxico bajo MT↔Baynes (0%).
4	L2_etiqueta	pair	0%	0%	divergent	Divergente	Neun auf zweitem Platz bedeutet:	MYMEMORY WARNING: YOU USED ALL AVAILABLE FREE TRANSLATIONS FOR TODAY. NEXT AVAILABLE IN 03 HOURS 26 MINUTES 07 SECONDS VISIT HTTPS://MYMEMOR…	Nine in the second place means:	Primera línea poco alineada (Jaccard 0%). | Solapamiento léxico bajo MT↔Baynes (0%).
5	L2_etiqueta	pair	0%	0%	divergent	Divergente	Neun auf zweitem Platz bedeutet:	MYMEMORY WARNING: YOU USED ALL AVAILABLE FREE TRANSLATIONS FOR TODAY. NEXT AVAILABLE IN 03 HOURS 26 MINUTES 07 SECONDS VISIT HTTPS://MYMEMOR…	Nine in the second place means:	Primera línea poco alineada (Jaccard 0%). | Solapamiento léxico bajo MT↔Baynes (0%).
6	L2_etiqueta	pair	0%	0%	divergent	Divergente	Neun auf zweitem Platz bedeutet:	MYMEMORY WARNING: YOU USED ALL AVAILABLE FREE TRANSLATIONS FOR TODAY. NEXT AVAILABLE IN 03 HOURS 26 MINUTES 07 SECONDS VISIT HTTPS://MYMEMOR…	Nine in the second place means:	Primera línea poco alineada (Jaccard 0%). | Solapamiento léxico bajo MT↔Baynes (0%).
7	L2_etiqueta	pair	0%	0%	divergent	Divergente	Neun auf zweitem Platz bedeutet:	MYMEMORY WARNING: YOU USED ALL AVAILABLE FREE TRANSLATIONS FOR TODAY. NEXT AVAILABLE IN 03 HOURS 26 MINUTES 07 SECONDS VISIT HTTPS://MYMEMOR…	Nine in the second place means:	Primera línea poco alineada (Jaccard 0%). | Solapamiento léxico bajo MT↔Baynes (0%).
8	L2_etiqueta	pair	0%	0%	divergent	Divergente	Sechs auf zweitem Platz bedeutet:	MYMEMORY WARNING: YOU USED ALL AVAILABLE FREE TRANSLATIONS FOR TODAY. NEXT AVAILABLE IN 03 HOURS 26 MINUTES 07 SECONDS VISIT HTTPS://MYMEMOR…	Six in the second place means:	Primera línea poco alineada (Jaccard 0%). | Solapamiento léxico bajo MT↔Baynes (0%).
9	L2_etiqueta	pair	0%	0%	divergent	Divergente	Neun auf zweitem Platz bedeutet:	MYMEMORY WARNING: YOU USED ALL AVAILABLE FREE TRANSLATIONS FOR TODAY. NEXT AVAILABLE IN 03 HOURS 26 MINUTES 07 SECONDS VISIT HTTPS://MYMEMOR…	Nine in the second place means:	Primera línea poco alineada (Jaccard 0%). | Solapamiento léxico bajo MT↔Baynes (0%).
10	L2_etiqueta	pair	0%	0%	divergent	Divergente	Neun auf zweitem Platz bedeutet:	MYMEMORY WARNING: YOU USED ALL AVAILABLE FREE TRANSLATIONS FOR TODAY. NEXT AVAILABLE IN 03 HOURS 26 MINUTES 07 SECONDS VISIT HTTPS://MYMEMOR…	Nine in the second place means:	Primera línea poco alineada (Jaccard 0%). | Solapamiento léxico bajo MT↔Baynes (0%).
11	L2_etiqueta	pair	0%	0%	divergent	Divergente	Neun auf zweitem Platz bedeutet:	MYMEMORY WARNING: YOU USED ALL AVAILABLE FREE TRANSLATIONS FOR TODAY. NEXT AVAILABLE IN 03 HOURS 26 MINUTES 07 SECONDS VISIT HTTPS://MYMEMOR…	Nine in the second place means:	Primera línea poco alineada (Jaccard 0%). | Solapamiento léxico bajo MT↔Baynes (0%).
12	L2_etiqueta	pair	0%	0%	divergent	Divergente	Sechs auf zweitem Platz bedeutet:	MYMEMORY WARNING: YOU USED ALL AVAILABLE FREE TRANSLATIONS FOR TODAY. NEXT AVAILABLE IN 03 HOURS 26 MINUTES 07 SECONDS VISIT HTTPS://MYMEMOR…	Six in the second place means:	Primera línea poco alineada (Jaccard 0%). | Solapamiento léxico bajo MT↔Baynes (0%).
13	L2_etiqueta	pair	0%	0%	divergent	Divergente	Sechs auf zweitem Platz bedeutet:	MYMEMORY WARNING: YOU USED ALL AVAILABLE FREE TRANSLATIONS FOR TODAY. NEXT AVAILABLE IN 03 HOURS 26 MINUTES 07 SECONDS VISIT HTTPS://MYMEMOR…	Six in the second place means:	Primera línea poco alineada (Jaccard 0%). | Solapamiento léxico bajo MT↔Baynes (0%).
14	L2_etiqueta	pair	0%	0%	divergent	Divergente	Neun auf zweitem Platz bedeutet:	MYMEMORY WARNING: YOU USED ALL AVAILABLE FREE TRANSLATIONS FOR TODAY. NEXT AVAILABLE IN 03 HOURS 26 MINUTES 07 SECONDS VISIT HTTPS://MYMEMOR…	Nine in the second place means:	Primera línea poco alineada (Jaccard 0%). | Solapamiento léxico bajo MT↔Baynes (0%).
15	L2_etiqueta	pair	0%	0%	divergent	Divergente	Sechs auf zweitem Platz bedeutet:	MYMEMORY WARNING: YOU USED ALL AVAILABLE FREE TRANSLATIONS FOR TODAY. NEXT AVAILABLE IN 03 HOURS 26 MINUTES 07 SECONDS VISIT HTTPS://MYMEMOR…	Six in the second place means:	Primera línea poco alineada (Jaccard 0%). | Solapamiento léxico bajo MT↔Baynes (0%).
16	L2_etiqueta	pair	0%	0%	divergent	Divergente	Sechs auf zweitem Platz bedeutet:	MYMEMORY WARNING: YOU USED ALL AVAILABLE FREE TRANSLATIONS FOR TODAY. NEXT AVAILABLE IN 03 HOURS 26 MINUTES 07 SECONDS VISIT HTTPS://MYMEMOR…	Six in the second place means:	Primera línea poco alineada (Jaccard 0%). | Solapamiento léxico bajo MT↔Baynes (0%).
17	L2_etiqueta	pair	0%	0%	divergent	Divergente	Sechs auf zweitem Platz bedeutet:	MYMEMORY WARNING: YOU USED ALL AVAILABLE FREE TRANSLATIONS FOR TODAY. NEXT AVAILABLE IN 03 HOURS 26 MINUTES 07 SECONDS VISIT HTTPS://MYMEMOR…	Six in the second place means:	Primera línea poco alineada (Jaccard 0%). | Solapamiento léxico bajo MT↔Baynes (0%).
18	L2_etiqueta	pair	0%	0%	divergent	Divergente	Neun auf zweitem Platz bedeutet:	MYMEMORY WARNING: YOU USED ALL AVAILABLE FREE TRANSLATIONS FOR TODAY. NEXT AVAILABLE IN 03 HOURS 26 MINUTES 07 SECONDS VISIT HTTPS://MYMEMOR…	Nine in the second place means:	Primera línea poco alineada (Jaccard 0%). | Solapamiento léxico bajo MT↔Baynes (0%).
19	L2_etiqueta	pair	0%	0%	divergent	Divergente	Neun auf zweitem Platz bedeutet:	MYMEMORY WARNING: YOU USED ALL AVAILABLE FREE TRANSLATIONS FOR TODAY. NEXT AVAILABLE IN 03 HOURS 26 MINUTES 07 SECONDS VISIT HTTPS://MYMEMOR…	Nine in the second place means:	Primera línea poco alineada (Jaccard 0%). | Solapamiento léxico bajo MT↔Baynes (0%).
20	L2_etiqueta	pair	0%	0%	divergent	Divergente	Sechs auf zweitem Platz bedeutet:	MYMEMORY WARNING: YOU USED ALL AVAILABLE FREE TRANSLATIONS FOR TODAY. NEXT AVAILABLE IN 03 HOURS 26 MINUTES 07 SECONDS VISIT HTTPS://MYMEMOR…	Six in the second place means:	Primera línea poco alineada (Jaccard 0%). | Solapamiento léxico bajo MT↔Baynes (0%).
21	L2_etiqueta	pair	0%	0%	divergent	Divergente	Sechs auf zweitem Platz bedeutet:	MYMEMORY WARNING: YOU USED ALL AVAILABLE FREE TRANSLATIONS FOR TODAY. NEXT AVAILABLE IN 03 HOURS 26 MINUTES 07 SECONDS VISIT HTTPS://MYMEMOR…	Six in the second place means:	Primera línea poco alineada (Jaccard 0%). | Solapamiento léxico bajo MT↔Baynes (0%).
22	L2_etiqueta	pair	0%	0%	divergent	Divergente	Sechs auf zweitem Platz bedeutet:	MYMEMORY WARNING: YOU USED ALL AVAILABLE FREE TRANSLATIONS FOR TODAY. NEXT AVAILABLE IN 03 HOURS 26 MINUTES 07 SECONDS VISIT HTTPS://MYMEMOR…	Six in the second place means:	Primera línea poco alineada (Jaccard 0%). | Solapamiento léxico bajo MT↔Baynes (0%).
23	L2_etiqueta	pair	0%	0%	divergent	Divergente	Sechs auf zweitem Platz bedeutet:	MYMEMORY WARNING: YOU USED ALL AVAILABLE FREE TRANSLATIONS FOR TODAY. NEXT AVAILABLE IN 03 HOURS 26 MINUTES 07 SECONDS VISIT HTTPS://MYMEMOR…	Six in the second place means:	Primera línea poco alineada (Jaccard 0%). | Solapamiento léxico bajo MT↔Baynes (0%).
24	L2_etiqueta	pair	0%	0%	divergent	Divergente	Sechs auf zweitem Platz bedeutet:	MYMEMORY WARNING: YOU USED ALL AVAILABLE FREE TRANSLATIONS FOR TODAY. NEXT AVAILABLE IN 03 HOURS 26 MINUTES 07 SECONDS VISIT HTTPS://MYMEMOR…	Six in the second place means:	Primera línea poco alineada (Jaccard 0%). | Solapamiento léxico bajo MT↔Baynes (0%).
25	L2_etiqueta	pair	0%	0%	divergent	Divergente	Sechs auf zweitem Platz bedeutet:	MYMEMORY WARNING: YOU USED ALL AVAILABLE FREE TRANSLATIONS FOR TODAY. NEXT AVAILABLE IN 03 HOURS 26 MINUTES 07 SECONDS VISIT HTTPS://MYMEMOR…	Six in the second place means:	Primera línea poco alineada (Jaccard 0%). | Solapamiento léxico bajo MT↔Baynes (0%).
26	L2_etiqueta	pair	0%	0%	divergent	Divergente	Neun auf zweitem Platz bedeutet:	MYMEMORY WARNING: YOU USED ALL AVAILABLE FREE TRANSLATIONS FOR TODAY. NEXT AVAILABLE IN 03 HOURS 26 MINUTES 07 SECONDS VISIT HTTPS://MYMEMOR…	Nine in the second place means:	Primera línea poco alineada (Jaccard 0%). | Solapamiento léxico bajo MT↔Baynes (0%).
27	L2_etiqueta	pair	0%	0%	divergent	Divergente	Sechs auf zweitem Platz bedeutet:	MYMEMORY WARNING: YOU USED ALL AVAILABLE FREE TRANSLATIONS FOR TODAY. NEXT AVAILABLE IN 03 HOURS 26 MINUTES 07 SECONDS VISIT HTTPS://MYMEMOR…	Six in the second place means:	Primera línea poco alineada (Jaccard 0%). | Solapamiento léxico bajo MT↔Baynes (0%).
28	L2_etiqueta	pair	0%	0%	divergent	Divergente	Neun auf zweitem Platz bedeutet:	MYMEMORY WARNING: YOU USED ALL AVAILABLE FREE TRANSLATIONS FOR TODAY. NEXT AVAILABLE IN 03 HOURS 26 MINUTES 07 SECONDS VISIT HTTPS://MYMEMOR…	Nine in the second place means:	Primera línea poco alineada (Jaccard 0%). | Solapamiento léxico bajo MT↔Baynes (0%).
29	L2_etiqueta	pair	0%	0%	divergent	Divergente	Neun auf zweitem Platz bedeutet:	MYMEMORY WARNING: YOU USED ALL AVAILABLE FREE TRANSLATIONS FOR TODAY. NEXT AVAILABLE IN 03 HOURS 26 MINUTES 07 SECONDS VISIT HTTPS://MYMEMOR…	Nine in the second place means:	Primera línea poco alineada (Jaccard 0%). | Solapamiento léxico bajo MT↔Baynes (0%).
30	L2_etiqueta	pair	0%	0%	divergent	Divergente	Sechs auf zweitem Platz bedeutet:	MYMEMORY WARNING: YOU USED ALL AVAILABLE FREE TRANSLATIONS FOR TODAY. NEXT AVAILABLE IN 03 HOURS 26 MINUTES 07 SECONDS VISIT HTTPS://MYMEMOR…	Six in the second place means:	Primera línea poco alineada (Jaccard 0%). | Solapamiento léxico bajo MT↔Baynes (0%).
31	L2_etiqueta	pair	0%	0%	divergent	Divergente	Sechs auf zweitem Platz bedeutet:	MYMEMORY WARNING: YOU USED ALL AVAILABLE FREE TRANSLATIONS FOR TODAY. NEXT AVAILABLE IN 03 HOURS 26 MINUTES 07 SECONDS VISIT HTTPS://MYMEMOR…	Six in the second place means:	Primera línea poco alineada (Jaccard 0%). | Solapamiento léxico bajo MT↔Baynes (0%).
32	L2_etiqueta	pair	0%	0%	divergent	Divergente	Neun auf zweitem Platz bedeutet:	MYMEMORY WARNING: YOU USED ALL AVAILABLE FREE TRANSLATIONS FOR TODAY. NEXT AVAILABLE IN 03 HOURS 26 MINUTES 07 SECONDS VISIT HTTPS://MYMEMOR…	Nine in the second place means:	Primera línea poco alineada (Jaccard 0%). | Solapamiento léxico bajo MT↔Baynes (0%).
33	L2_etiqueta	pair	0%	0%	divergent	Divergente	Sechs auf zweitem Platz bedeutet:	MYMEMORY WARNING: YOU USED ALL AVAILABLE FREE TRANSLATIONS FOR TODAY. NEXT AVAILABLE IN 03 HOURS 26 MINUTES 07 SECONDS VISIT HTTPS://MYMEMOR…	Six in the second place means:	Primera línea poco alineada (Jaccard 0%). | Solapamiento léxico bajo MT↔Baynes (0%).
34	L2_etiqueta	pair	0%	0%	divergent	Divergente	Neun auf zweitem Platz bedeutet:	MYMEMORY WARNING: YOU USED ALL AVAILABLE FREE TRANSLATIONS FOR TODAY. NEXT AVAILABLE IN 03 HOURS 26 MINUTES 07 SECONDS VISIT HTTPS://MYMEMOR…	Nine in the second place means:	Primera línea poco alineada (Jaccard 0%). | Solapamiento léxico bajo MT↔Baynes (0%).
35	L2_etiqueta	pair	0%	0%	divergent	Divergente	Sechs auf zweitem Platz bedeutet:	MYMEMORY WARNING: YOU USED ALL AVAILABLE FREE TRANSLATIONS FOR TODAY. NEXT AVAILABLE IN 03 HOURS 26 MINUTES 07 SECONDS VISIT HTTPS://MYMEMOR…	Six in the second place means:	Primera línea poco alineada (Jaccard 0%). | Solapamiento léxico bajo MT↔Baynes (0%).
36	L2_etiqueta	pair	0%	0%	divergent	Divergente	Sechs auf zweitem Platz bedeutet:	MYMEMORY WARNING: YOU USED ALL AVAILABLE FREE TRANSLATIONS FOR TODAY. NEXT AVAILABLE IN 03 HOURS 26 MINUTES 07 SECONDS VISIT HTTPS://MYMEMOR…	Six in the second place means:	Primera línea poco alineada (Jaccard 0%). | Solapamiento léxico bajo MT↔Baynes (0%).
37	L2_etiqueta	pair	0%	0%	divergent	Divergente	Sechs auf zweitem Platz bedeutet:	MYMEMORY WARNING: YOU USED ALL AVAILABLE FREE TRANSLATIONS FOR TODAY. NEXT AVAILABLE IN 03 HOURS 26 MINUTES 07 SECONDS VISIT HTTPS://MYMEMOR…	Six in the second place means:	Primera línea poco alineada (Jaccard 0%). | Solapamiento léxico bajo MT↔Baynes (0%).
38	L2_etiqueta	pair	0%	0%	divergent	Divergente	Neun auf zweitem Platz bedeutet:	MYMEMORY WARNING: YOU USED ALL AVAILABLE FREE TRANSLATIONS FOR TODAY. NEXT AVAILABLE IN 03 HOURS 26 MINUTES 07 SECONDS VISIT HTTPS://MYMEMOR…	Nine in the second place means:	Primera línea poco alineada (Jaccard 0%). | Solapamiento léxico bajo MT↔Baynes (0%).
39	L2_etiqueta	pair	0%	0%	divergent	Divergente	Sechs auf zweitem Platz bedeutet:	MYMEMORY WARNING: YOU USED ALL AVAILABLE FREE TRANSLATIONS FOR TODAY. NEXT AVAILABLE IN 03 HOURS 26 MINUTES 07 SECONDS VISIT HTTPS://MYMEMOR…	Six in the second place means:	Primera línea poco alineada (Jaccard 0%). | Solapamiento léxico bajo MT↔Baynes (0%).
40	L2_etiqueta	pair	0%	0%	divergent	Divergente	Neun auf zweitem Platz bedeutet:	MYMEMORY WARNING: YOU USED ALL AVAILABLE FREE TRANSLATIONS FOR TODAY. NEXT AVAILABLE IN 03 HOURS 26 MINUTES 07 SECONDS VISIT HTTPS://MYMEMOR…	Nine in the second place means:	Primera línea poco alineada (Jaccard 0%). | Solapamiento léxico bajo MT↔Baynes (0%).
41	L2_etiqueta	pair	0%	0%	divergent	Divergente	Neun auf zweitem Platz bedeutet:	MYMEMORY WARNING: YOU USED ALL AVAILABLE FREE TRANSLATIONS FOR TODAY. NEXT AVAILABLE IN 03 HOURS 26 MINUTES 07 SECONDS VISIT HTTPS://MYMEMOR…	Nine in the second place means:	Primera línea poco alineada (Jaccard 0%). | Solapamiento léxico bajo MT↔Baynes (0%).
42	L2_etiqueta	pair	0%	0%	divergent	Divergente	Sechs auf zweitem Platz bedeutet:	MYMEMORY WARNING: YOU USED ALL AVAILABLE FREE TRANSLATIONS FOR TODAY. NEXT AVAILABLE IN 03 HOURS 26 MINUTES 07 SECONDS VISIT HTTPS://MYMEMOR…	Six in the second place means:	Primera línea poco alineada (Jaccard 0%). | Solapamiento léxico bajo MT↔Baynes (0%).
43	L2_etiqueta	pair	0%	0%	divergent	Divergente	Neun auf zweitem Platz bedeutet:	MYMEMORY WARNING: YOU USED ALL AVAILABLE FREE TRANSLATIONS FOR TODAY. NEXT AVAILABLE IN 03 HOURS 26 MINUTES 07 SECONDS VISIT HTTPS://MYMEMOR…	Nine in the second place means:	Primera línea poco alineada (Jaccard 0%). | Solapamiento léxico bajo MT↔Baynes (0%).
44	L2_etiqueta	pair	0%	0%	divergent	Divergente	Neun auf zweitem Platz bedeutet:	MYMEMORY WARNING: YOU USED ALL AVAILABLE FREE TRANSLATIONS FOR TODAY. NEXT AVAILABLE IN 03 HOURS 26 MINUTES 07 SECONDS VISIT HTTPS://MYMEMOR…	Nine in the second place means:	Primera línea poco alineada (Jaccard 0%). | Solapamiento léxico bajo MT↔Baynes (0%).
45	L2_etiqueta	pair	0%	0%	divergent	Divergente	Sechs auf zweitem Platz bedeutet:	MYMEMORY WARNING: YOU USED ALL AVAILABLE FREE TRANSLATIONS FOR TODAY. NEXT AVAILABLE IN 03 HOURS 26 MINUTES 07 SECONDS VISIT HTTPS://MYMEMOR…	Six in the second place means:	Primera línea poco alineada (Jaccard 0%). | Solapamiento léxico bajo MT↔Baynes (0%).
46	L2_etiqueta	pair	0%	0%	divergent	Divergente	Neun auf zweitem Platz bedeutet:	MYMEMORY WARNING: YOU USED ALL AVAILABLE FREE TRANSLATIONS FOR TODAY. NEXT AVAILABLE IN 03 HOURS 26 MINUTES 07 SECONDS VISIT HTTPS://MYMEMOR…	Nine in the second place means:	Primera línea poco alineada (Jaccard 0%). | Solapamiento léxico bajo MT↔Baynes (0%).
47	L2_etiqueta	pair	0%	0%	divergent	Divergente	Neun auf zweitem Platz bedeutet:	MYMEMORY WARNING: YOU USED ALL AVAILABLE FREE TRANSLATIONS FOR TODAY. NEXT AVAILABLE IN 03 HOURS 26 MINUTES 07 SECONDS VISIT HTTPS://MYMEMOR…	Nine in the second place means:	Primera línea poco alineada (Jaccard 0%). | Solapamiento léxico bajo MT↔Baynes (0%).
48	L2_etiqueta	pair	0%	0%	divergent	Divergente	Neun auf zweitem Platz bedeutet:	MYMEMORY WARNING: YOU USED ALL AVAILABLE FREE TRANSLATIONS FOR TODAY. NEXT AVAILABLE IN 03 HOURS 26 MINUTES 07 SECONDS VISIT HTTPS://MYMEMOR…	Nine in the second place means:	Primera línea poco alineada (Jaccard 0%). | Solapamiento léxico bajo MT↔Baynes (0%).
49	L2_etiqueta	pair	0%	0%	divergent	Divergente	Sechs auf zweitem Platz bedeutet:	MYMEMORY WARNING: YOU USED ALL AVAILABLE FREE TRANSLATIONS FOR TODAY. NEXT AVAILABLE IN 03 HOURS 26 MINUTES 07 SECONDS VISIT HTTPS://MYMEMOR…	Six in the second place means:	Primera línea poco alineada (Jaccard 0%). | Solapamiento léxico bajo MT↔Baynes (0%).
50	L2_etiqueta	pair	0%	0%	divergent	Divergente	Neun auf zweitem Platz bedeutet:	MYMEMORY WARNING: YOU USED ALL AVAILABLE FREE TRANSLATIONS FOR TODAY. NEXT AVAILABLE IN 03 HOURS 26 MINUTES 07 SECONDS VISIT HTTPS://MYMEMOR…	Nine in the second place means:	Primera línea poco alineada (Jaccard 0%). | Solapamiento léxico bajo MT↔Baynes (0%).
51	L2_etiqueta	pair	0%	0%	divergent	Divergente	Sechs auf zweitem Platz bedeutet:	MYMEMORY WARNING: YOU USED ALL AVAILABLE FREE TRANSLATIONS FOR TODAY. NEXT AVAILABLE IN 03 HOURS 26 MINUTES 07 SECONDS VISIT HTTPS://MYMEMOR…	Six in the second place means:	Primera línea poco alineada (Jaccard 0%). | Solapamiento léxico bajo MT↔Baynes (0%).
52	L2_etiqueta	pair	0%	0%	divergent	Divergente	Sechs auf zweitem Platz bedeutet:	MYMEMORY WARNING: YOU USED ALL AVAILABLE FREE TRANSLATIONS FOR TODAY. NEXT AVAILABLE IN 03 HOURS 26 MINUTES 07 SECONDS VISIT HTTPS://MYMEMOR…	Six in the second place means:	Primera línea poco alineada (Jaccard 0%). | Solapamiento léxico bajo MT↔Baynes (0%).
53	L2_etiqueta	pair	0%	0%	divergent	Divergente	Sechs auf zweitem Platz bedeutet:	MYMEMORY WARNING: YOU USED ALL AVAILABLE FREE TRANSLATIONS FOR TODAY. NEXT AVAILABLE IN 03 HOURS 26 MINUTES 07 SECONDS VISIT HTTPS://MYMEMOR…	Six in the second place means:	Primera línea poco alineada (Jaccard 0%). | Solapamiento léxico bajo MT↔Baynes (0%).
54	L2_etiqueta	pair	0%	0%	divergent	Divergente	Neun auf zweitem Platz bedeutet:	MYMEMORY WARNING: YOU USED ALL AVAILABLE FREE TRANSLATIONS FOR TODAY. NEXT AVAILABLE IN 03 HOURS 26 MINUTES 07 SECONDS VISIT HTTPS://MYMEMOR…	Nine in the second place means:	Primera línea poco alineada (Jaccard 0%). | Solapamiento léxico bajo MT↔Baynes (0%).
55	L2_etiqueta	pair	0%	0%	divergent	Divergente	Sechs auf zweitem Platz bedeutet:	MYMEMORY WARNING: YOU USED ALL AVAILABLE FREE TRANSLATIONS FOR TODAY. NEXT AVAILABLE IN 03 HOURS 26 MINUTES 07 SECONDS VISIT HTTPS://MYMEMOR…	Six in the second place means:	Primera línea poco alineada (Jaccard 0%). | Solapamiento léxico bajo MT↔Baynes (0%).
56	L2_etiqueta	pair	0%	0%	divergent	Divergente	Sechs auf zweitem Platz bedeutet:	MYMEMORY WARNING: YOU USED ALL AVAILABLE FREE TRANSLATIONS FOR TODAY. NEXT AVAILABLE IN 03 HOURS 26 MINUTES 07 SECONDS VISIT HTTPS://MYMEMOR…	Six in the second place means:	Primera línea poco alineada (Jaccard 0%). | Solapamiento léxico bajo MT↔Baynes (0%).
57	L2_etiqueta	pair	0%	0%	divergent	Divergente	Neun auf zweitem Platz bedeutet:	MYMEMORY WARNING: YOU USED ALL AVAILABLE FREE TRANSLATIONS FOR TODAY. NEXT AVAILABLE IN 03 HOURS 26 MINUTES 07 SECONDS VISIT HTTPS://MYMEMOR…	Nine in the second place means:	Primera línea poco alineada (Jaccard 0%). | Solapamiento léxico bajo MT↔Baynes (0%).
58	L2_etiqueta	pair	0%	0%	divergent	Divergente	Neun auf zweitem Platz bedeutet:	MYMEMORY WARNING: YOU USED ALL AVAILABLE FREE TRANSLATIONS FOR TODAY. NEXT AVAILABLE IN 03 HOURS 26 MINUTES 07 SECONDS VISIT HTTPS://MYMEMOR…	Nine in the second place means:	Primera línea poco alineada (Jaccard 0%). | Solapamiento léxico bajo MT↔Baynes (0%).
59	L2_etiqueta	pair	0%	0%	divergent	Divergente	Neun auf zweitem Platz bedeutet:	MYMEMORY WARNING: YOU USED ALL AVAILABLE FREE TRANSLATIONS FOR TODAY. NEXT AVAILABLE IN 03 HOURS 26 MINUTES 07 SECONDS VISIT HTTPS://MYMEMOR…	Nine in the second place means:	Primera línea poco alineada (Jaccard 0%). | Solapamiento léxico bajo MT↔Baynes (0%).
60	L2_etiqueta	pair	0%	0%	divergent	Divergente	Neun auf zweitem Platz bedeutet:	MYMEMORY WARNING: YOU USED ALL AVAILABLE FREE TRANSLATIONS FOR TODAY. NEXT AVAILABLE IN 03 HOURS 26 MINUTES 07 SECONDS VISIT HTTPS://MYMEMOR…	Nine in the second place means:	Primera línea poco alineada (Jaccard 0%). | Solapamiento léxico bajo MT↔Baynes (0%).
61	L2_etiqueta	pair	0%	0%	divergent	Divergente	Neun auf zweitem Platz bedeutet:	MYMEMORY WARNING: YOU USED ALL AVAILABLE FREE TRANSLATIONS FOR TODAY. NEXT AVAILABLE IN 03 HOURS 26 MINUTES 07 SECONDS VISIT HTTPS://MYMEMOR…	Nine in the second place means:	Primera línea poco alineada (Jaccard 0%). | Solapamiento léxico bajo MT↔Baynes (0%).
62	L2_etiqueta	pair	0%	0%	divergent	Divergente	Sechs auf zweitem Platz bedeutet:	MYMEMORY WARNING: YOU USED ALL AVAILABLE FREE TRANSLATIONS FOR TODAY. NEXT AVAILABLE IN 03 HOURS 26 MINUTES 07 SECONDS VISIT HTTPS://MYMEMOR…	Six in the second place means:	Primera línea poco alineada (Jaccard 0%). | Solapamiento léxico bajo MT↔Baynes (0%).
63	L2_etiqueta	pair	0%	0%	divergent	Divergente	Sechs auf zweitem Platz bedeutet:	MYMEMORY WARNING: YOU USED ALL AVAILABLE FREE TRANSLATIONS FOR TODAY. NEXT AVAILABLE IN 03 HOURS 26 MINUTES 07 SECONDS VISIT HTTPS://MYMEMOR…	Six in the second place means:	Primera línea poco alineada (Jaccard 0%). | Solapamiento léxico bajo MT↔Baynes (0%).
64	L2_etiqueta	pair	0%	0%	divergent	Divergente	Neun auf zweitem Platz bedeutet:	MYMEMORY WARNING: YOU USED ALL AVAILABLE FREE TRANSLATIONS FOR TODAY. NEXT AVAILABLE IN 03 HOURS 26 MINUTES 07 SECONDS VISIT HTTPS://MYMEMOR…	Nine in the second place means:	Primera línea poco alineada (Jaccard 0%). | Solapamiento léxico bajo MT↔Baynes (0%).
1	L2_oraculo	pair	0%	0%	divergent	Divergente	Erscheinender Drache auf dem Feld. Fördernd ist es, den großen Mann zu sehen.	MYMEMORY WARNING: YOU USED ALL AVAILABLE FREE TRANSLATIONS FOR TODAY. NEXT AVAILABLE IN 03 HOURS 26 MINUTES 07 SECONDS VISIT HTTPS://MYMEMOR…	Dragon appearing in the field. It furthers one to see the great man.	Primera línea poco alineada (Jaccard 0%). | Solapamiento léxico bajo MT↔Baynes (0%).
2	L2_oraculo	pair	0%	0%	divergent	Divergente	Gerade, rechtwinklig, groß. Ohne Absicht bleibt doch nichts ungefördert.	MYMEMORY WARNING: YOU USED ALL AVAILABLE FREE TRANSLATIONS FOR TODAY. NEXT AVAILABLE IN 03 HOURS 26 MINUTES 07 SECONDS VISIT HTTPS://MYMEMOR…	Straight, square, great. Without purpose, Yet nothing remains unfurthered.	Primera línea poco alineada (Jaccard 0%). | Solapamiento léxico bajo MT↔Baynes (0%).
3	L2_oraculo	pair	0%	0%	divergent	Divergente	Schwierigkeiten türmen sich. Pferd und Wagen trennen sich. Nicht Räuber er ist, Will freien zur Frist. Das Mädchen ist keusch, verspricht si…	MYMEMORY WARNING: YOU USED ALL AVAILABLE FREE TRANSLATIONS FOR TODAY. NEXT AVAILABLE IN 03 HOURS 26 MINUTES 07 SECONDS VISIT HTTPS://MYMEMOR…	Difficulties pile up. Horse and wagon part. He is not a robber; He wants to woo when the time comes. The maiden is chaste, She does not pled…	Primera línea poco alineada (Jaccard 0%). | Solapamiento léxico bajo MT↔Baynes (0%).
4	L2_oraculo	pair	0%	0%	divergent	Divergente	Die Toren ertragen in Milde, bringt Heil. Die Frauen zu nehmen wissen, bringt Heil. Der Sohn ist dem Hauswesen gewachsen.	MYMEMORY WARNING: YOU USED ALL AVAILABLE FREE TRANSLATIONS FOR TODAY. NEXT AVAILABLE IN 03 HOURS 26 MINUTES 07 SECONDS VISIT HTTPS://MYMEMOR…	To bear with fools in kindliness brings good fortune. To know how to take women Brings good fortune. The son is capable of taking charge of …	Primera línea poco alineada (Jaccard 0%). | Solapamiento léxico bajo MT↔Baynes (0%).
5	L2_oraculo	pair	0%	0%	divergent	Divergente	Warten auf dem Sand. Es gibt ein wenig Gerede. Das Ende bringt Heil.	MYMEMORY WARNING: YOU USED ALL AVAILABLE FREE TRANSLATIONS FOR TODAY. NEXT AVAILABLE IN 03 HOURS 26 MINUTES 06 SECONDS VISIT HTTPS://MYMEMOR…	Waiting on the sand. There is some gossip. The end brings good fortune.	Primera línea poco alineada (Jaccard 0%). | Solapamiento léxico bajo MT↔Baynes (0%).
6	L2_oraculo	pair	3%	0%	divergent	Divergente	Man kann nicht streiten, kehrt heim und weicht aus. Die Menschen seiner Stadt, dreihundert Häuser, bleiben frei von Schuld.	MYMEMORY WARNING: YOU USED ALL AVAILABLE FREE TRANSLATIONS FOR TODAY. NEXT AVAILABLE IN 03 HOURS 26 MINUTES 06 SECONDS VISIT HTTPS://MYMEMOR…	One cannot engage in conflict; One returns home, gives way. The people of his town, Three hundred households, Remain free of guilt.	Primera línea poco alineada (Jaccard 0%). | Solapamiento léxico bajo MT↔Baynes (3%).
7	L2_oraculo	pair	0%	0%	divergent	Divergente	Inmitten des Heeres! Heil! Kein Makel! Der König verleiht dreifache Auszeichnung.	MYMEMORY WARNING: YOU USED ALL AVAILABLE FREE TRANSLATIONS FOR TODAY. NEXT AVAILABLE IN 03 HOURS 26 MINUTES 06 SECONDS VISIT HTTPS://MYMEMOR…	In the midst of the army. Good fortune. No blame. The king bestows a triple decoration.	Primera línea poco alineada (Jaccard 0%). | Solapamiento léxico bajo MT↔Baynes (0%).
8	L2_oraculo	pair	0%	0%	divergent	Divergente	Halte zu ihm im Innern. Beharrlichkeit bringt Heil.	MYMEMORY WARNING: YOU USED ALL AVAILABLE FREE TRANSLATIONS FOR TODAY. NEXT AVAILABLE IN 03 HOURS 26 MINUTES 06 SECONDS VISIT HTTPS://MYMEMOR…	Hold to him inwardly. Perseverance brings good fortune.	Primera línea poco alineada (Jaccard 0%). | Solapamiento léxico bajo MT↔Baynes (0%).
9	L2_oraculo	pair	0%	0%	divergent	Divergente	Läßt sich mitziehen zur Wiederkehr. Heil!	MYMEMORY WARNING: YOU USED ALL AVAILABLE FREE TRANSLATIONS FOR TODAY. NEXT AVAILABLE IN 03 HOURS 26 MINUTES 06 SECONDS VISIT HTTPS://MYMEMOR…	He allows himself to be drawn into returning. Good fortune.	Primera línea poco alineada (Jaccard 0%). | Solapamiento léxico bajo MT↔Baynes (0%).
10	L2_oraculo	pair	0%	0%	divergent	Divergente	Auftreten auf schlichter, ebener Bahn. Eines dunkeln Mannes Beharrlichkeit bringt Heil.	MYMEMORY WARNING: YOU USED ALL AVAILABLE FREE TRANSLATIONS FOR TODAY. NEXT AVAILABLE IN 03 HOURS 26 MINUTES 06 SECONDS VISIT HTTPS://MYMEMOR…	Treading a smooth, level course. The perseverance of a dark man Brings good fortune.	Primera línea poco alineada (Jaccard 0%). | Solapamiento léxico bajo MT↔Baynes (0%).
11	L2_oraculo	pair	0%	0%	divergent	Divergente	Die Ungebildeten in Milde tragen, entschlossen den Fluß durchschreiten, das Ferne nicht vernachlässigen, die Genossen nicht berücksichtigen:	MYMEMORY WARNING: YOU USED ALL AVAILABLE FREE TRANSLATIONS FOR TODAY. NEXT AVAILABLE IN 03 HOURS 26 MINUTES 06 SECONDS VISIT HTTPS://MYMEMOR…	Bearing with the uncultured in gentleness, Fording the river with resolution, Not neglecting what is distant, Not regarding one's companions…	Primera línea poco alineada (Jaccard 0%). | Solapamiento léxico bajo MT↔Baynes (0%).
12	L2_oraculo	pair	2%	0%	divergent	Divergente	Sie tragen und dulden, das bedeutet für die Gemeinen Heil. Dem großen Mann dient die Stockung zum Gelingen.	MYMEMORY WARNING: YOU USED ALL AVAILABLE FREE TRANSLATIONS FOR TODAY. NEXT AVAILABLE IN 03 HOURS 26 MINUTES 06 SECONDS VISIT HTTPS://MYMEMOR…	They bear and endure; This means good fortune for inferior people. The standstill serves to help the great man to attain success.	Primera línea poco alineada (Jaccard 0%). | Solapamiento léxico bajo MT↔Baynes (2%).
13	L2_oraculo	pair	0%	0%	divergent	Divergente	Gemeinschaft mit Menschen im Klan: Beschämung.	MYMEMORY WARNING: YOU USED ALL AVAILABLE FREE TRANSLATIONS FOR TODAY. NEXT AVAILABLE IN 03 HOURS 26 MINUTES 06 SECONDS VISIT HTTPS://MYMEMOR…	Fellowship with men in the clan. Humiliation.	Primera línea poco alineada (Jaccard 0%). | Solapamiento léxico bajo MT↔Baynes (0%).
14	L2_oraculo	pair	3%	4%	divergent	Divergente	Ein großer Wagen zum Beladen. Man mag etwas unternehmen. Kein Makel.	MYMEMORY WARNING: YOU USED ALL AVAILABLE FREE TRANSLATIONS FOR TODAY. NEXT AVAILABLE IN 03 HOURS 26 MINUTES 06 SECONDS VISIT HTTPS://MYMEMOR…	A big wagon for loading. One may undertake something. No blame.	Primera línea poco alineada (Jaccard 4%). | Solapamiento léxico bajo MT↔Baynes (3%).
15	L2_oraculo	pair	0%	0%	divergent	Divergente	Sich äußernde Bescheidenheit. Beharrlichkeit bringt Heil.	MYMEMORY WARNING: YOU USED ALL AVAILABLE FREE TRANSLATIONS FOR TODAY. NEXT AVAILABLE IN 03 HOURS 26 MINUTES 05 SECONDS VISIT HTTPS://MYMEMOR…	Modesty that comes to expression. Perseverance brings good fortune.	Primera línea poco alineada (Jaccard 0%). | Solapamiento léxico bajo MT↔Baynes (0%).
16	L2_oraculo	pair	0%	0%	divergent	Divergente	Fest wie ein Stein. Kein ganzer Tag. Beharrlichkeit bringt Heil.	MYMEMORY WARNING: YOU USED ALL AVAILABLE FREE TRANSLATIONS FOR TODAY. NEXT AVAILABLE IN 03 HOURS 26 MINUTES 05 SECONDS VISIT HTTPS://MYMEMOR…	Firm as a rock. Not a whole day. Perseverance brings good fortune.	Primera línea poco alineada (Jaccard 0%). | Solapamiento léxico bajo MT↔Baynes (0%).
17	L2_oraculo	pair	0%	0%	divergent	Divergente	Hängt man sich an den kleinen Knaben, so verliert man den starken Mann.	MYMEMORY WARNING: YOU USED ALL AVAILABLE FREE TRANSLATIONS FOR TODAY. NEXT AVAILABLE IN 03 HOURS 26 MINUTES 05 SECONDS VISIT HTTPS://MYMEMOR…	If one clings to the little boy, One loses the strong man.	Primera línea poco alineada (Jaccard 0%). | Solapamiento léxico bajo MT↔Baynes (0%).
18	L2_oraculo	pair	0%	0%	divergent	Divergente	Zurechtbringen des von der Mutter Verdorbenen. Man darf nicht zu beharrlich sein.	MYMEMORY WARNING: YOU USED ALL AVAILABLE FREE TRANSLATIONS FOR TODAY. NEXT AVAILABLE IN 03 HOURS 26 MINUTES 05 SECONDS VISIT HTTPS://MYMEMOR…	Setting right what has been spoiled by the mother. One must not be too persevering.	Primera línea poco alineada (Jaccard 0%). | Solapamiento léxico bajo MT↔Baynes (0%).
19	L2_oraculo	pair	0%	0%	divergent	Divergente	Gemeinsame Annäherung. Heil! Alles ist fördernd.	MYMEMORY WARNING: YOU USED ALL AVAILABLE FREE TRANSLATIONS FOR TODAY. NEXT AVAILABLE IN 03 HOURS 26 MINUTES 05 SECONDS VISIT HTTPS://MYMEMOR…	Joint approach. Good fortune. Everything furthers.	Primera línea poco alineada (Jaccard 0%). | Solapamiento léxico bajo MT↔Baynes (0%).
20	L2_oraculo	pair	3%	0%	divergent	Divergente	Betrachtung durch die Türspalte. Fördernd für die Beharrlichkeit einer Frau.	MYMEMORY WARNING: YOU USED ALL AVAILABLE FREE TRANSLATIONS FOR TODAY. NEXT AVAILABLE IN 03 HOURS 26 MINUTES 05 SECONDS VISIT HTTPS://MYMEMOR…	Contemplation through the crack of the door. Furthering for the perseverance of a woman.	Primera línea poco alineada (Jaccard 0%). | Solapamiento léxico bajo MT↔Baynes (3%).
21	L2_oraculo	pair	0%	0%	divergent	Divergente	Beißt durch weiches Fleisch, daß die Nase verschwindet. Kein Makel.	MYMEMORY WARNING: YOU USED ALL AVAILABLE FREE TRANSLATIONS FOR TODAY. NEXT AVAILABLE IN 03 HOURS 26 MINUTES 05 SECONDS VISIT HTTPS://MYMEMOR…	Bites through tender meat, So that his nose disappears. No blame.	Primera línea poco alineada (Jaccard 0%). | Solapamiento léxico bajo MT↔Baynes (0%).
22	L2_oraculo	pair	0%	0%	divergent	Divergente	Macht seinen Kinnbart anmutig.	MYMEMORY WARNING: YOU USED ALL AVAILABLE FREE TRANSLATIONS FOR TODAY. NEXT AVAILABLE IN 03 HOURS 26 MINUTES 05 SECONDS VISIT HTTPS://MYMEMOR…	Lends grace to the beard on his chin.	Primera línea poco alineada (Jaccard 0%). | Solapamiento léxico bajo MT↔Baynes (0%).
23	L2_oraculo	pair	0%	0%	divergent	Divergente	Das Bett wird zersplittert am Rand. Die Beharrlichen werden vernichtet. Unheil.	MYMEMORY WARNING: YOU USED ALL AVAILABLE FREE TRANSLATIONS FOR TODAY. NEXT AVAILABLE IN 03 HOURS 26 MINUTES 05 SECONDS VISIT HTTPS://MYMEMOR…	The bed is split at the edge. Those who persevere are destroyed. Misfortune.	Primera línea poco alineada (Jaccard 0%). | Solapamiento léxico bajo MT↔Baynes (0%).
24	L2_oraculo	pair	0%	0%	divergent	Divergente	Ruhige Wiederkehr. Heil!	MYMEMORY WARNING: YOU USED ALL AVAILABLE FREE TRANSLATIONS FOR TODAY. NEXT AVAILABLE IN 03 HOURS 26 MINUTES 04 SECONDS VISIT HTTPS://MYMEMOR…	Quiet return. Good fortune.	Primera línea poco alineada (Jaccard 0%). | Solapamiento léxico bajo MT↔Baynes (0%).
25	L2_oraculo	pair	0%	0%	divergent	Divergente	Wenn man beim Pflügen nicht ans Ernten denkt und beim Roden nicht an das Benützen des Feldes: dann ist es fördernd, etwas zu unternehmen.	MYMEMORY WARNING: YOU USED ALL AVAILABLE FREE TRANSLATIONS FOR TODAY. NEXT AVAILABLE IN 03 HOURS 26 MINUTES 04 SECONDS VISIT HTTPS://MYMEMOR…	If one does not count on the harvest while plowing, Nor on the use of the ground while clearing it, It furthers one to undertake something.	Primera línea poco alineada (Jaccard 0%). | Solapamiento léxico bajo MT↔Baynes (0%).
26	L2_oraculo	pair	0%	0%	divergent	Divergente	Dem Wagen werden die Achsenlager abgenommen.	MYMEMORY WARNING: YOU USED ALL AVAILABLE FREE TRANSLATIONS FOR TODAY. NEXT AVAILABLE IN 03 HOURS 26 MINUTES 04 SECONDS VISIT HTTPS://MYMEMOR…	The axletrees are taken from the wagon.	Primera línea poco alineada (Jaccard 0%). | Solapamiento léxico bajo MT↔Baynes (0%).
27	L2_oraculo	pair	3%	4%	divergent	Divergente	Nach dem Gipfel sich wenden um Ernährung. Vom Wege abweichen, um von dem Hügel Ernährung zu suchen: Wenn man so fortmacht, bringt es Unheil.	MYMEMORY WARNING: YOU USED ALL AVAILABLE FREE TRANSLATIONS FOR TODAY. NEXT AVAILABLE IN 03 HOURS 26 MINUTES 04 SECONDS VISIT HTTPS://MYMEMOR…	Turning to the summit for nourishment, Deviating from the path To seek nourishment from the hill. Continuing to do this brings misfortune.	Primera línea poco alineada (Jaccard 4%). | Solapamiento léxico bajo MT↔Baynes (3%).
28	L2_oraculo	pair	0%	0%	divergent	Divergente	Ein trockener Pappelbaum treibt einen Wurzelsproß. Ein älterer Mann bekommt eine junge Frau. Alles ist fördernd.	MYMEMORY WARNING: YOU USED ALL AVAILABLE FREE TRANSLATIONS FOR TODAY. NEXT AVAILABLE IN 03 HOURS 26 MINUTES 04 SECONDS VISIT HTTPS://MYMEMOR…	A dry poplar sprouts at the root. An older man takes a young wife. Everything furthers.	Primera línea poco alineada (Jaccard 0%). | Solapamiento léxico bajo MT↔Baynes (0%).
29	L2_oraculo	pair	0%	0%	divergent	Divergente	Der Abgrund hat Gefahr. Man soll nur Kleines zu erreichen streben.	MYMEMORY WARNING: YOU USED ALL AVAILABLE FREE TRANSLATIONS FOR TODAY. NEXT AVAILABLE IN 03 HOURS 26 MINUTES 04 SECONDS VISIT HTTPS://MYMEMOR…	The abyss is dangerous. One should strive to attain small things only.	Primera línea poco alineada (Jaccard 0%). | Solapamiento léxico bajo MT↔Baynes (0%).
30	L2_oraculo	pair	0%	0%	divergent	Divergente	Gelber Schein. Erhabenes Heil.	MYMEMORY WARNING: YOU USED ALL AVAILABLE FREE TRANSLATIONS FOR TODAY. NEXT AVAILABLE IN 03 HOURS 26 MINUTES 04 SECONDS VISIT HTTPS://MYMEMOR…	Yellow light. Supreme good fortune.	Primera línea poco alineada (Jaccard 0%). | Solapamiento léxico bajo MT↔Baynes (0%).
31	L2_oraculo	pair	0%	0%	divergent	Divergente	Die Einwirkung äußert sich in den Waden. Unheil! Verweilen bringt Heil.	MYMEMORY WARNING: YOU USED ALL AVAILABLE FREE TRANSLATIONS FOR TODAY. NEXT AVAILABLE IN 03 HOURS 26 MINUTES 04 SECONDS VISIT HTTPS://MYMEMOR…	The influence shows itself in the calves of the legs. Misfortune. Tarrying brings good fortune.	Primera línea poco alineada (Jaccard 0%). | Solapamiento léxico bajo MT↔Baynes (0%).
32	L2_oraculo	pair	0%	0%	divergent	Divergente	Reue schwindet.	MYMEMORY WARNING: YOU USED ALL AVAILABLE FREE TRANSLATIONS FOR TODAY. NEXT AVAILABLE IN 03 HOURS 26 MINUTES 04 SECONDS VISIT HTTPS://MYMEMOR…	Remorse disappears.	Primera línea poco alineada (Jaccard 0%). | Solapamiento léxico bajo MT↔Baynes (0%).
33	L2_oraculo	pair	0%	0%	divergent	Divergente	Er hält ihn fest mit gelbem Ochsenleder. Niemand vermag ihn loszureißen.	MYMEMORY WARNING: YOU USED ALL AVAILABLE FREE TRANSLATIONS FOR TODAY. NEXT AVAILABLE IN 03 HOURS 26 MINUTES 04 SECONDS VISIT HTTPS://MYMEMOR…	He holds him fast with yellow oxhide. No one can tear him loose.	Primera línea poco alineada (Jaccard 0%). | Solapamiento léxico bajo MT↔Baynes (0%).
34	L2_oraculo	pair	0%	0%	divergent	Divergente	Beharrlichkeit bringt Heil.	MYMEMORY WARNING: YOU USED ALL AVAILABLE FREE TRANSLATIONS FOR TODAY. NEXT AVAILABLE IN 03 HOURS 26 MINUTES 03 SECONDS VISIT HTTPS://MYMEMOR…	Perseverance brings good fortune.	Primera línea poco alineada (Jaccard 0%). | Solapamiento léxico bajo MT↔Baynes (0%).
35	L2_oraculo	pair	0%	0%	divergent	Divergente	Fortschreitend, aber in Trauer. Beharrlichkeit bringt Heil. Man bekommt dann großes Glück von seiner Ahnfrau.	MYMEMORY WARNING: YOU USED ALL AVAILABLE FREE TRANSLATIONS FOR TODAY. NEXT AVAILABLE IN 03 HOURS 26 MINUTES 03 SECONDS VISIT HTTPS://MYMEMOR…	Progressing, but in sorrow. Perseverance brings good fortune. Then one obtains great happiness from one's ancestress.	Primera línea poco alineada (Jaccard 0%). | Solapamiento léxico bajo MT↔Baynes (0%).
36	L2_oraculo	pair	0%	0%	divergent	Divergente	Die Verfinsterung des Lichts verletzt ihn am linken Schenkel. Er wirkt Hilfe mit der Macht eines Pferdes. Heil.	MYMEMORY WARNING: YOU USED ALL AVAILABLE FREE TRANSLATIONS FOR TODAY. NEXT AVAILABLE IN 03 HOURS 26 MINUTES 03 SECONDS VISIT HTTPS://MYMEMOR…	Darkening of the light injures him in the left thigh. He gives aid with the strength of a horse. Good fortune.	Primera línea poco alineada (Jaccard 0%). | Solapamiento léxico bajo MT↔Baynes (0%).
37	L2_oraculo	pair	0%	0%	divergent	Divergente	Sie soll nicht ihrer Laune folgen. Sie soll im Innern für Speise sorgen. Beharrlichkeit bringt Heil.	MYMEMORY WARNING: YOU USED ALL AVAILABLE FREE TRANSLATIONS FOR TODAY. NEXT AVAILABLE IN 03 HOURS 26 MINUTES 03 SECONDS VISIT HTTPS://MYMEMOR…	She should not follow her whims. She must attend within to the food. Perseverance brings good fortune.	Primera línea poco alineada (Jaccard 0%). | Solapamiento léxico bajo MT↔Baynes (0%).
38	L2_oraculo	pair	0%	0%	divergent	Divergente	Man begegnet seinem Herrn in enger Gasse. Kein Makel.	MYMEMORY WARNING: YOU USED ALL AVAILABLE FREE TRANSLATIONS FOR TODAY. NEXT AVAILABLE IN 03 HOURS 26 MINUTES 03 SECONDS VISIT HTTPS://MYMEMOR…	One meets his lord in a narrow street. No blame.	Primera línea poco alineada (Jaccard 0%). | Solapamiento léxico bajo MT↔Baynes (0%).
39	L2_oraculo	pair	0%	0%	divergent	Divergente	Des Königs Diener ist in Hemmnis über Hemmnis. Aber es ist nicht seine eigene Schuld.	MYMEMORY WARNING: YOU USED ALL AVAILABLE FREE TRANSLATIONS FOR TODAY. NEXT AVAILABLE IN 03 HOURS 26 MINUTES 03 SECONDS VISIT HTTPS://MYMEMOR…	The king's servant is beset by obstruction upon obstruction, But it is not his own fault.	Primera línea poco alineada (Jaccard 0%). | Solapamiento léxico bajo MT↔Baynes (0%).
40	L2_oraculo	pair	0%	0%	divergent	Divergente	Auf dem Feld erlegt man drei Füchse und bekommt einen gelben Pfeil. Beharrlichkeit ist von Heil.	MYMEMORY WARNING: YOU USED ALL AVAILABLE FREE TRANSLATIONS FOR TODAY. NEXT AVAILABLE IN 03 HOURS 26 MINUTES 03 SECONDS VISIT HTTPS://MYMEMOR…	One kills three foxes in the field And receives a yellow arrow. Perseverance brings good fortune.	Primera línea poco alineada (Jaccard 0%). | Solapamiento léxico bajo MT↔Baynes (0%).
41	L2_oraculo	pair	0%	0%	divergent	Divergente	Fördernd ist Beharrlichkeit. Etwas zu unternehmen, ist von Unheil. Ohne sich selbst zu mindern, vermag man die andern zu mehren.	MYMEMORY WARNING: YOU USED ALL AVAILABLE FREE TRANSLATIONS FOR TODAY. NEXT AVAILABLE IN 03 HOURS 26 MINUTES 03 SECONDS VISIT HTTPS://MYMEMOR…	Perseverance furthers. To undertake something brings misfortune. Without decreasing oneself, One is able to bring increase to others.	Primera línea poco alineada (Jaccard 0%). | Solapamiento léxico bajo MT↔Baynes (0%).
42	L2_oraculo	pair	0%	0%	divergent	Divergente	Es mehrt ihn wohl jemand. Zehn Paar Schildkröten können dem nicht widerstreben. Dauernde Beharrlichkeit bringt Heil. Der König stellt ihn da…	MYMEMORY WARNING: YOU USED ALL AVAILABLE FREE TRANSLATIONS FOR TODAY. NEXT AVAILABLE IN 03 HOURS 26 MINUTES 03 SECONDS VISIT HTTPS://MYMEMOR…	Someone does indeed increase him; Ten pairs of tortoises cannot oppose it. Constant perseverance brings good fortune. The king presents him …	Primera línea poco alineada (Jaccard 0%). | Solapamiento léxico bajo MT↔Baynes (0%).
43	L2_oraculo	pair	0%	0%	divergent	Divergente	Alarmruf. Abends und nachts Waffen. Fürchte nichts.	MYMEMORY WARNING: YOU USED ALL AVAILABLE FREE TRANSLATIONS FOR TODAY. NEXT AVAILABLE IN 03 HOURS 26 MINUTES 02 SECONDS VISIT HTTPS://MYMEMOR…	A cry of alarm. Arms at evening and at night. Fear nothing.	Primera línea poco alineada (Jaccard 0%). | Solapamiento léxico bajo MT↔Baynes (0%).
44	L2_oraculo	pair	0%	0%	divergent	Divergente	Im Behälter ist ein Fisch. Kein Makel! Nicht fördernd für Gäste.	MYMEMORY WARNING: YOU USED ALL AVAILABLE FREE TRANSLATIONS FOR TODAY. NEXT AVAILABLE IN 03 HOURS 26 MINUTES 02 SECONDS VISIT HTTPS://MYMEMOR…	There is a fish in the tank. No blame. Does not further guests.	Primera línea poco alineada (Jaccard 0%). | Solapamiento léxico bajo MT↔Baynes (0%).
45	L2_oraculo	pair	0%	0%	divergent	Divergente	Sich ziehen lassen bringt Heil und bleibt ohne Makel. Wenn man wahrhaftig ist,	MYMEMORY WARNING: YOU USED ALL AVAILABLE FREE TRANSLATIONS FOR TODAY. NEXT AVAILABLE IN 03 HOURS 26 MINUTES 02 SECONDS VISIT HTTPS://MYMEMOR…	Letting oneself be drawn Brings good fortune and remains blameless. If one is sincere, It furthers one to bring even a small offering.	Primera línea poco alineada (Jaccard 0%). | Solapamiento léxico bajo MT↔Baynes (0%).
46	L2_oraculo	pair	0%	0%	divergent	Divergente	Wenn man wahrhaftig ist, so ist es auch fördernd, ein kleines Opfer zu bringen. Kein Makel.	MYMEMORY WARNING: YOU USED ALL AVAILABLE FREE TRANSLATIONS FOR TODAY. NEXT AVAILABLE IN 03 HOURS 26 MINUTES 02 SECONDS VISIT HTTPS://MYMEMOR…	If one is sincere, It furthers one to bring even a small offering. No blame.	Primera línea poco alineada (Jaccard 0%). | Solapamiento léxico bajo MT↔Baynes (0%).
47	L2_oraculo	pair	0%	0%	divergent	Divergente	Man ist bedrängt bei Wein und Speisen. Der Mann mit den scharlachroten Kniebinden kommt eben. Fördernd ist es, Opfer darzubringen. Aufbreche…	MYMEMORY WARNING: YOU USED ALL AVAILABLE FREE TRANSLATIONS FOR TODAY. NEXT AVAILABLE IN 03 HOURS 26 MINUTES 02 SECONDS VISIT HTTPS://MYMEMOR…	One is oppressed while at meat and drink. The man with the scarlet knee bands is just coming. It furthers one to offer sacrifice. To set for…	Primera línea poco alineada (Jaccard 0%). | Solapamiento léxico bajo MT↔Baynes (0%).
48	L2_oraculo	pair	0%	0%	divergent	Divergente	Am Brunnenloch schießt man Fische. Der Krug ist zerbrochen und rinnt.	MYMEMORY WARNING: YOU USED ALL AVAILABLE FREE TRANSLATIONS FOR TODAY. NEXT AVAILABLE IN 03 HOURS 26 MINUTES 02 SECONDS VISIT HTTPS://MYMEMOR…	At the wellhole one shoots fishes. The jug is broken and leaks.	Primera línea poco alineada (Jaccard 0%). | Solapamiento léxico bajo MT↔Baynes (0%).
49	L2_oraculo	pair	0%	0%	divergent	Divergente	Am eigenen Tage, da mag man umwälzen. Aufbruch bringt Heil. Kein Makel.	MYMEMORY WARNING: YOU USED ALL AVAILABLE FREE TRANSLATIONS FOR TODAY. NEXT AVAILABLE IN 03 HOURS 26 MINUTES 02 SECONDS VISIT HTTPS://MYMEMOR…	When one's own day comes, one may create revolution. Starting brings good fortune. No blame.	Primera línea poco alineada (Jaccard 0%). | Solapamiento léxico bajo MT↔Baynes (0%).
50	L2_oraculo	pair	0%	0%	divergent	Divergente	Im Tiegel ist Nahrung. Meine Genossen haben Neid, aber sie können mir nichts anhaben. Heil!	MYMEMORY WARNING: YOU USED ALL AVAILABLE FREE TRANSLATIONS FOR TODAY. NEXT AVAILABLE IN 03 HOURS 26 MINUTES 02 SECONDS VISIT HTTPS://MYMEMOR…	There is food in the ting. My comrades are envious, But they cannot harm me. Good fortune.	Primera línea poco alineada (Jaccard 0%). | Solapamiento léxico bajo MT↔Baynes (0%).
51	L2_oraculo	pair	2%	0%	divergent	Divergente	Das Erschüttern kommt mit Gefahr. Hunderttausendfach verlierst du deine Schätze und mußt auf die neun Hügel steigen. Jage ihnen nicht nach. …	MYMEMORY WARNING: YOU USED ALL AVAILABLE FREE TRANSLATIONS FOR TODAY. NEXT AVAILABLE IN 03 HOURS 26 MINUTES 02 SECONDS VISIT HTTPS://MYMEMOR…	Shock comes bringing danger. A hundred thousand times You lose your treasures And must climb the nine hills. Do not go in pursuit of them. A…	Primera línea poco alineada (Jaccard 0%). | Solapamiento léxico bajo MT↔Baynes (2%).
52	L2_oraculo	pair	0%	0%	divergent	Divergente	Stillehalten seiner Waden. Er kann den nicht retten, dem er folgt. Sein Herz ist nicht froh.	MYMEMORY WARNING: YOU USED ALL AVAILABLE FREE TRANSLATIONS FOR TODAY. NEXT AVAILABLE IN 03 HOURS 26 MINUTES 02 SECONDS VISIT HTTPS://MYMEMOR…	Keeping his calves still. He cannot rescue him whom he follows. His heart is not glad.	Primera línea poco alineada (Jaccard 0%). | Solapamiento léxico bajo MT↔Baynes (0%).
53	L2_oraculo	pair	0%	0%	divergent	Divergente	Die Wildgans zieht allmählich dem Felsen zu. Essen und Trinken in Frieden und Eintracht. Heil!	MYMEMORY WARNING: YOU USED ALL AVAILABLE FREE TRANSLATIONS FOR TODAY. NEXT AVAILABLE IN 03 HOURS 26 MINUTES 01 SECONDS VISIT HTTPS://MYMEMOR…	The wild goose gradually draws near the cliff. Eating and drinking in peace and concord. Good fortune.	Primera línea poco alineada (Jaccard 0%). | Solapamiento léxico bajo MT↔Baynes (0%).
54	L2_oraculo	pair	0%	0%	divergent	Divergente	Ein Einäugiger, der sehen kann. Fördernd ist die Beharrlichkeit eines einsamen Menschen.	MYMEMORY WARNING: YOU USED ALL AVAILABLE FREE TRANSLATIONS FOR TODAY. NEXT AVAILABLE IN 03 HOURS 26 MINUTES 01 SECONDS VISIT HTTPS://MYMEMOR…	A one-eyed man who is able to see. The perseverance of a solitary man furthers.	Primera línea poco alineada (Jaccard 0%). | Solapamiento léxico bajo MT↔Baynes (0%).
55	L2_oraculo	pair	0%	0%	divergent	Divergente	Der Vorhang ist von solcher Fülle, daß man am Mittag die Polsterne sieht. Durch Hingehen erreicht man Mißtrauen und Haß. Wenn man durch Wahr…	MYMEMORY WARNING: YOU USED ALL AVAILABLE FREE TRANSLATIONS FOR TODAY. NEXT AVAILABLE IN 03 HOURS 26 MINUTES 01 SECONDS VISIT HTTPS://MYMEMOR…	The curtain is of such fullness That the polestars can be seen at noon. Through going one meets with mistrust and hate. If one rouses him th…	Primera línea poco alineada (Jaccard 0%). | Solapamiento léxico bajo MT↔Baynes (0%).
56	L2_oraculo	pair	0%	0%	divergent	Divergente	Der Wanderer kommt zur Herberge. Er hat seinen Besitz bei sich. Er erlangt eines jungen Dieners Beharrlichkeit.	MYMEMORY WARNING: YOU USED ALL AVAILABLE FREE TRANSLATIONS FOR TODAY. NEXT AVAILABLE IN 03 HOURS 26 MINUTES 01 SECONDS VISIT HTTPS://MYMEMOR…	The wanderer comes to an inn. He has his property with him. He wins the steadfastness of a young servant.	Primera línea poco alineada (Jaccard 0%). | Solapamiento léxico bajo MT↔Baynes (0%).
57	L2_oraculo	pair	3%	0%	divergent	Divergente	Eindringen unter das Bett. Man benützt Priester und Magier in großer Zahl. Heil! Kein Makel.	MYMEMORY WARNING: YOU USED ALL AVAILABLE FREE TRANSLATIONS FOR TODAY. NEXT AVAILABLE IN 03 HOURS 26 MINUTES 01 SECONDS VISIT HTTPS://MYMEMOR…	Penetration under the bed. Priests and magicians are used in great number. Good fortune. No blame.	Primera línea poco alineada (Jaccard 0%). | Solapamiento léxico bajo MT↔Baynes (3%).
58	L2_oraculo	pair	0%	0%	divergent	Divergente	Wahrhaftige Heiterkeit. Heil! Die Reue schwindet.	MYMEMORY WARNING: YOU USED ALL AVAILABLE FREE TRANSLATIONS FOR TODAY. NEXT AVAILABLE IN 03 HOURS 26 MINUTES 01 SECONDS VISIT HTTPS://MYMEMOR…	Sincere joyousness. Good fortune. Remorse disappears.	Primera línea poco alineada (Jaccard 0%). | Solapamiento léxico bajo MT↔Baynes (0%).
59	L2_oraculo	pair	0%	0%	divergent	Divergente	Bei der Auflösung läuft er seiner Stütze zu. Die Reue schwindet.	MYMEMORY WARNING: YOU USED ALL AVAILABLE FREE TRANSLATIONS FOR TODAY. NEXT AVAILABLE IN 03 HOURS 26 MINUTES 01 SECONDS VISIT HTTPS://MYMEMOR…	At the dissolution He hurries to that which supports him. Remorse disappears.	Primera línea poco alineada (Jaccard 0%). | Solapamiento léxico bajo MT↔Baynes (0%).
60	L2_oraculo	pair	0%	0%	divergent	Divergente	Nicht zu Tor und Hof hinausgehen bringt Unheil.	MYMEMORY WARNING: YOU USED ALL AVAILABLE FREE TRANSLATIONS FOR TODAY. NEXT AVAILABLE IN 03 HOURS 26 MINUTES 01 SECONDS VISIT HTTPS://MYMEMOR…	Not going out of the gate and the courtyard Brings misfortune.	Primera línea poco alineada (Jaccard 0%). | Solapamiento léxico bajo MT↔Baynes (0%).
61	L2_oraculo	pair	3%	0%	divergent	Divergente	Ein rufender Kranich im Schatten. Sein Junges antwortet ihm.	MYMEMORY WARNING: YOU USED ALL AVAILABLE FREE TRANSLATIONS FOR TODAY. NEXT AVAILABLE IN 03 HOURS 26 MINUTES 01 SECONDS VISIT HTTPS://MYMEMOR…	A crane calling in the shade. Its young answers it. I have a good goblet. I will share it with you.	Primera línea poco alineada (Jaccard 0%). | Solapamiento léxico bajo MT↔Baynes (3%).
62	L2_oraculo	pair	0%	0%	divergent	Divergente	Sie geht an ihrem Ahnherrn vorbei und trifft die Ahnfrau. Er erreicht nicht seinen Fürsten und trifft den Beamten. Kein Makel.	MYMEMORY WARNING: YOU USED ALL AVAILABLE FREE TRANSLATIONS FOR TODAY. NEXT AVAILABLE IN 03 HOURS 26 MINUTES 01 SECONDS VISIT HTTPS://MYMEMOR…	She passes by her ancestor And meets her ancestress. He does not reach his prince And meets the official. No blame.	Primera línea poco alineada (Jaccard 0%). | Solapamiento léxico bajo MT↔Baynes (0%).
63	L2_oraculo	pair	3%	0%	divergent	Divergente	Die Frau verliert ihren Wagenvorhang. Lauf ihm nicht nach, am siebten Tage bekommst du es.	MYMEMORY WARNING: YOU USED ALL AVAILABLE FREE TRANSLATIONS FOR TODAY. NEXT AVAILABLE IN 03 HOURS 26 MINUTES 00 SECONDS VISIT HTTPS://MYMEMOR…	The woman loses the curtain of her carriage. Do not run after it; On the seventh day you will get it.	Primera línea poco alineada (Jaccard 0%). | Solapamiento léxico bajo MT↔Baynes (3%).
64	L2_oraculo	pair	0%	0%	divergent	Divergente	Er hemmt seine Räder. Beharrlichkeit bringt Heil.	MYMEMORY WARNING: YOU USED ALL AVAILABLE FREE TRANSLATIONS FOR TODAY. NEXT AVAILABLE IN 03 HOURS 26 MINUTES 00 SECONDS VISIT HTTPS://MYMEMOR…	He brakes his wheels. Perseverance brings good fortune.	Primera línea poco alineada (Jaccard 0%). | Solapamiento léxico bajo MT↔Baynes (0%).
1	L2_comentario	pair	0%	0%	divergent	Divergente	Hier beginnen die Wirkungen der lichten Kraft sich zu zeigen. Auf menschliche Verhältnisse übertragen bedeutet das, daß der große Mann auf d…	MYMEMORY WARNING: YOU USED ALL AVAILABLE FREE TRANSLATIONS FOR TODAY. NEXT AVAILABLE IN 03 HOURS 26 MINUTES 00 SECONDS VISIT HTTPS://MYMEMOR…	Here the effects of the light-giving power begin to manifest themselves. In terms of human affairs, this means that the great man makes his …	Primera línea poco alineada (Jaccard 0%). | Solapamiento léxico bajo MT↔Baynes (0%).
2	L2_comentario	pair	2%	1%	divergent	Divergente	Der Himmel hat als Symbol den Kreis, die Erde das rechtwinklige Quadrat. Somit ist das Rechtwinklige eine ursprüngliche Eigenschaft der Erde…	MYMEMORY WARNING: YOU USED ALL AVAILABLE FREE TRANSLATIONS FOR TODAY. NEXT AVAILABLE IN 03 HOURS 26 MINUTES 00 SECONDS VISIT HTTPS://MYMEMOR…	The symbol of heaven is the circle, and that of earth is the square. Thus squareness is a primary quality of the earth. On the other hand, m…	Primera línea poco alineada (Jaccard 1%). | Solapamiento léxico bajo MT↔Baynes (2%).
3	L2_comentario	pair	1%	1%	divergent	Divergente	Man befindet sich in Schwierigkeit und Hemmung. Da zeigt sich plötzlich eine Wendung, wie wenn jemand mit Wagen und Pferden herankäme und au…	MYMEMORY WARNING: YOU USED ALL AVAILABLE FREE TRANSLATIONS FOR TODAY. NEXT AVAILABLE IN 03 HOURS 25 MINUTES 58 SECONDS VISIT HTTPS://MYMEMOR…	We find ourselves beset by difficulties and hindrances. Suddenly there is a turn of affairs, as if someone were coming up with a horse and w…	Primera línea poco alineada (Jaccard 1%). | Solapamiento léxico bajo MT↔Baynes (1%).
4	L2_comentario	pair	0%	0%	divergent	Divergente	Hier ist ein Mann gezeichnet, der keine äußere Macht hat, aber die nötige Geisteskraft, um die auf ihm lastende Verantwortung zu tragen. Er …	MYMEMORY WARNING: YOU USED ALL AVAILABLE FREE TRANSLATIONS FOR TODAY. NEXT AVAILABLE IN 03 HOURS 25 MINUTES 57 SECONDS VISIT HTTPS://MYMEMOR…	These lines picture a man who has no external power, but who has enough strength of mind to bear his burden of responsibility. He has the in…	Primera línea poco alineada (Jaccard 0%). | Solapamiento léxico bajo MT↔Baynes (0%).
5	L2_comentario	pair	0%	0%	divergent	Divergente	Die Gefahr rückt allmählich näher. Der Sand ist dem Ufer des Stromes, der die Gefahr bedeutet, nahe. Es beginnen sich Unzuträglichkeiten zu …	MYMEMORY WARNING: YOU USED ALL AVAILABLE FREE TRANSLATIONS FOR TODAY. NEXT AVAILABLE IN 03 HOURS 25 MINUTES 56 SECONDS VISIT HTTPS://MYMEMOR…	The danger gradually comes closer. Sand is near the bank of the river, and the water means danger. Disagreements crop up. General unrest can…	Primera línea poco alineada (Jaccard 0%). | Solapamiento léxico bajo MT↔Baynes (0%).
6	L2_comentario	pair	0%	0%	divergent	Divergente	Im Kampf mit einem überlegenen Gegner ist Rückzug keine Schande. Wenn man sich rechtzeitig zurückzieht, vermeidet man üble Folgen. Wollte ma…	MYMEMORY WARNING: YOU USED ALL AVAILABLE FREE TRANSLATIONS FOR TODAY. NEXT AVAILABLE IN 03 HOURS 25 MINUTES 56 SECONDS VISIT HTTPS://MYMEMOR…	In a struggle with an enemy of superior strength, retreat is no disgrace. Timely withdrawal prevents bad consequences. If, out of a false se…	Primera línea poco alineada (Jaccard 0%). | Solapamiento léxico bajo MT↔Baynes (0%).
7	L2_comentario	pair	0%	0%	divergent	Divergente	Der Führer muß inmitten seines Heeres sein. Er muß Fühlung mit ihm haben und Gutes und Böses mit den Massen teilen, die er führt. Nur auf di…	MYMEMORY WARNING: YOU USED ALL AVAILABLE FREE TRANSLATIONS FOR TODAY. NEXT AVAILABLE IN 03 HOURS 25 MINUTES 56 SECONDS VISIT HTTPS://MYMEMOR…	The leader should be in the midst of his army, in touch with it, sharing good and bad with the masses he leads. This alone makes him equal t…	Primera línea poco alineada (Jaccard 0%). | Solapamiento léxico bajo MT↔Baynes (0%).
8	L2_comentario	pair	0%	0%	divergent	Divergente	Wenn man auf rechte und beharrliche Weise den Bitten, die von oben her zum Wirken uns auffordern, entgegenkommt, so sind die Beziehungen zum…	MYMEMORY WARNING: YOU USED ALL AVAILABLE FREE TRANSLATIONS FOR TODAY. NEXT AVAILABLE IN 03 HOURS 25 MINUTES 56 SECONDS VISIT HTTPS://MYMEMOR…	If a person responds perseveringly and in the right way to the behests from above that summon him to action, his relations with others are i…	Primera línea poco alineada (Jaccard 0%). | Solapamiento léxico bajo MT↔Baynes (0%).
9	L2_comentario	pair	0%	0%	divergent	Divergente	Man möchte an sich voran. Aber ehe man noch weiterkommt, sieht man an dem Beispiel anderer gleichgearteter Menschen, daß dieser Weg behinder…	MYMEMORY WARNING: YOU USED ALL AVAILABLE FREE TRANSLATIONS FOR TODAY. NEXT AVAILABLE IN 03 HOURS 25 MINUTES 56 SECONDS VISIT HTTPS://MYMEMOR…	One would like to press forward, but before going farther one sees from the example of others like oneself that this way is blocked. In such…	Primera línea poco alineada (Jaccard 0%). | Solapamiento léxico bajo MT↔Baynes (0%).
10	L2_comentario	pair	2%	2%	divergent	Divergente	Es ist hier die Lage eines einsamen Weisen gezeichnet. Er hält sich von dem Weltgetriebe fern, sucht nichts, will von niemandem etwas und lä…	MYMEMORY WARNING: YOU USED ALL AVAILABLE FREE TRANSLATIONS FOR TODAY. NEXT AVAILABLE IN 03 HOURS 25 MINUTES 55 SECONDS VISIT HTTPS://MYMEMOR…	The situation of a lonely sage is indicated here. He remains withdrawn from the bustle of life, seeks nothing, asks nothing of anyone, and i…	Primera línea poco alineada (Jaccard 2%). | Solapamiento léxico bajo MT↔Baynes (2%).
11	L2_comentario	pair	2%	2%	divergent	Divergente	so mag man es fertigbringen, in der Mitte zu wandeln. In Zeiten der Blüte ist es vor allem wichtig, daß man die innere Größe besitzt, auch d…	MYMEMORY WARNING: YOU USED ALL AVAILABLE FREE TRANSLATIONS FOR TODAY. NEXT AVAILABLE IN 03 HOURS 25 MINUTES 55 SECONDS VISIT HTTPS://MYMEMOR…	In times of prosperity it is important above all to possess enough greatness of soul to bear with imperfect people. For in the hands of a gr…	Primera línea poco alineada (Jaccard 2%). | Solapamiento léxico bajo MT↔Baynes (2%).
12	L2_comentario	pair	2%	2%	divergent	Divergente	Die Gemeinen sind bereit, in kriecherischer Weise ihren Vorgesetzten zu schmeicheln. Sie würden auch den Edlen dulden, wenn er ihnen behilfl…	MYMEMORY WARNING: YOU USED ALL AVAILABLE FREE TRANSLATIONS FOR TODAY. NEXT AVAILABLE IN 03 HOURS 25 MINUTES 54 SECONDS VISIT HTTPS://MYMEMOR…	Inferior people are ready to flatter their superiors in a servile way. They would also endure the superior man if he would put an end to the…	Primera línea poco alineada (Jaccard 2%). | Solapamiento léxico bajo MT↔Baynes (2%).
13	L2_comentario	pair	2%	2%	divergent	Divergente	Hier ist die Gefahr einer Sonderpartei auf Grund von persönlichen und selbstsüchtigen Interessen. Solche Parteiungen, die ausschließend sind…	MYMEMORY WARNING: YOU USED ALL AVAILABLE FREE TRANSLATIONS FOR TODAY. NEXT AVAILABLE IN 03 HOURS 25 MINUTES 53 SECONDS VISIT HTTPS://MYMEMOR…	There is danger here of formation of a separate faction on the basis of personal and egotistic interests. Such factions, which are exclusive…	Primera línea poco alineada (Jaccard 2%). | Solapamiento léxico bajo MT↔Baynes (2%).
14	L2_comentario	pair	4%	4%	divergent	Divergente	Großer Besitz besteht nicht allein in der Menge der Güter, die einem zur Verfügung stehen, sondern vor allem in ihrer Beweglichkeit und Verw…	MYMEMORY WARNING: YOU USED ALL AVAILABLE FREE TRANSLATIONS FOR TODAY. NEXT AVAILABLE IN 03 HOURS 25 MINUTES 53 SECONDS VISIT HTTPS://MYMEMOR…	Great possession consists not only in the quantity of goods at one's disposal, but, first and foremost, in their mobility and utility, for t…	Primera línea poco alineada (Jaccard 4%). | Solapamiento léxico bajo MT↔Baynes (4%).
15	L2_comentario	pair	2%	2%	divergent	Divergente	Wes das Herz voll ist, des geht der Mund über. Wenn jemand innerlich so bescheiden ist, daß sich diese Gesinnung in seinem äußeren Benehmen …	MYMEMORY WARNING: YOU USED ALL AVAILABLE FREE TRANSLATIONS FOR TODAY. NEXT AVAILABLE IN 03 HOURS 25 MINUTES 53 SECONDS VISIT HTTPS://MYMEMOR…	""Out of the fullness of the heart the mouth speaketh."" When a man's attitude of mind is so modest that this expresses itself in his outward …	Primera línea poco alineada (Jaccard 2%). | Solapamiento léxico bajo MT↔Baynes (2%).
16	L2_comentario	pair	1%	1%	divergent	Divergente	Es wird hier jemand gezeichnet, der sich von keinen Illusionen betören läßt. Während andere durch Begeisterung sich blenden lassen, erkennt …	MYMEMORY WARNING: YOU USED ALL AVAILABLE FREE TRANSLATIONS FOR TODAY. NEXT AVAILABLE IN 03 HOURS 25 MINUTES 53 SECONDS VISIT HTTPS://MYMEMOR…	This describes a person who does not allow himself to be misled by any illusions. While others are letting themselves be dazzled by enthusia…	Primera línea poco alineada (Jaccard 1%). | Solapamiento léxico bajo MT↔Baynes (1%).
17	L2_comentario	pair	0%	0%	divergent	Divergente	Bei Freundschaft und engen Beziehungen muß man in der Auswahl vorsichtig sein. Man macht sich entweder eine gute oder eine schlechte Gesells…	MYMEMORY WARNING: YOU USED ALL AVAILABLE FREE TRANSLATIONS FOR TODAY. NEXT AVAILABLE IN 03 HOURS 25 MINUTES 49 SECONDS VISIT HTTPS://MYMEMOR…	In friendships and close relationships an individual must make a careful choice. He surrounds himself either with good or with bad company; …	Primera línea poco alineada (Jaccard 0%). | Solapamiento léxico bajo MT↔Baynes (0%).
18	L2_comentario	pair	2%	2%	divergent	Divergente	Es handelt sich um Fehler, die aus Schwachheit das Verderben veranlaßt haben. Daher das Symbol des von der Mutter Verdorbenen. Da ist beim A…	MYMEMORY WARNING: YOU USED ALL AVAILABLE FREE TRANSLATIONS FOR TODAY. NEXT AVAILABLE IN 03 HOURS 25 MINUTES 49 SECONDS VISIT HTTPS://MYMEMOR…	This refers to mistakes that as a result of weakness have brought about decay—hence the symbol, ""what has been spoiled by the mother."" In se…	Primera línea poco alineada (Jaccard 2%). | Solapamiento léxico bajo MT↔Baynes (2%).
19	L2_comentario	pair	0%	0%	divergent	Divergente	Da man sich in der Lage befindet, von oben her zum Herbeikommen angeregt zu sein, und da man in sich selbst die Stärke und Konsequenz besitz…	MYMEMORY WARNING: YOU USED ALL AVAILABLE FREE TRANSLATIONS FOR TODAY. NEXT AVAILABLE IN 03 HOURS 25 MINUTES 49 SECONDS VISIT HTTPS://MYMEMOR…	When the stimulus to approach comes from a high place, and when a man has the inner strength and consistency that need no admonition, good f…	Primera línea poco alineada (Jaccard 0%). | Solapamiento léxico bajo MT↔Baynes (0%).
20	L2_comentario	pair	1%	1%	divergent	Divergente	Durch die Türspalte hat man einen beschränkten Ausblick. Man sieht von innen nach außen. Die Betrachtungsweise ist subjektiv beschränkt. Man…	MYMEMORY WARNING: YOU USED ALL AVAILABLE FREE TRANSLATIONS FOR TODAY. NEXT AVAILABLE IN 03 HOURS 25 MINUTES 48 SECONDS VISIT HTTPS://MYMEMOR…	Through the crack of the door one has a limited outlook; one looks outward from within. Contemplation is subjectively limited. One tends to …	Primera línea poco alineada (Jaccard 1%). | Solapamiento léxico bajo MT↔Baynes (1%).
21	L2_comentario	pair	0%	0%	divergent	Divergente	Recht und Unrecht lassen sich im vorliegenden Fall leicht unterscheiden. Es ist, wie wenn man durch weiches Fleisch beißt. Aber man trifft a…	MYMEMORY WARNING: YOU USED ALL AVAILABLE FREE TRANSLATIONS FOR TODAY. NEXT AVAILABLE IN 03 HOURS 25 MINUTES 47 SECONDS VISIT HTTPS://MYMEMOR…	It is easy to discriminate between right and wrong in this case; it is like biting through tender meat. But one encounters a hardened sinner…	Primera línea poco alineada (Jaccard 0%). | Solapamiento léxico bajo MT↔Baynes (0%).
22	L2_comentario	pair	2%	2%	divergent	Divergente	Der Bart ist nichts Selbständiges. Er kann nur mit dem Kinn zusammen bewegt werden. Das Bild bedeutet daher, daß die Form nur im Gefolge und…	MYMEMORY WARNING: YOU USED ALL AVAILABLE FREE TRANSLATIONS FOR TODAY. NEXT AVAILABLE IN 03 HOURS 25 MINUTES 47 SECONDS VISIT HTTPS://MYMEMOR…	The beard is not an independent thing; it moves only with the chin. The image therefore means that form is to be considered only as a result…	Primera línea poco alineada (Jaccard 2%). | Solapamiento léxico bajo MT↔Baynes (2%).
23	L2_comentario	pair	0%	0%	divergent	Divergente	Die Macht der Gemeinen wächst. Schon naht sich die Gefahr der eigenen Person. Es kommen schon deutliche Anzeichen. Die Ruhe wird gestört. Wä…	MYMEMORY WARNING: YOU USED ALL AVAILABLE FREE TRANSLATIONS FOR TODAY. NEXT AVAILABLE IN 03 HOURS 25 MINUTES 47 SECONDS VISIT HTTPS://MYMEMOR…	The power of the inferior people is growing. The danger draws close to one's person; already there are dear indications, and rest is disturb…	Primera línea poco alineada (Jaccard 0%). | Solapamiento léxico bajo MT↔Baynes (0%).
24	L2_comentario	pair	2%	2%	divergent	Divergente	Die Umkehr bedarf immer eines Entschlusses und ist ein Akt der Selbstbezwingung. Sie wird erleichtert, wenn man in guter Gesellschaft ist. W…	MYMEMORY WARNING: YOU USED ALL AVAILABLE FREE TRANSLATIONS FOR TODAY. NEXT AVAILABLE IN 03 HOURS 25 MINUTES 47 SECONDS VISIT HTTPS://MYMEMOR…	Return always calls for a decision and is an act of self-mastery. It is made easier if a man is in good company. If he can bring himself to …	Primera línea poco alineada (Jaccard 2%). | Solapamiento léxico bajo MT↔Baynes (2%).
25	L2_comentario	pair	2%	2%	divergent	Divergente	Man soll jede Arbeit um ihrer selbst willen tun, wie Zeit und Ort sie verlangen, und nicht nach dem Erfolg schielen, dann gerät sie, und was…	MYMEMORY WARNING: YOU USED ALL AVAILABLE FREE TRANSLATIONS FOR TODAY. NEXT AVAILABLE IN 03 HOURS 25 MINUTES 47 SECONDS VISIT HTTPS://MYMEMOR…	We should do every task for its own sake as time and place demand and not with an eye to the result. Then each task turns out well, and anyt…	Primera línea poco alineada (Jaccard 2%). | Solapamiento léxico bajo MT↔Baynes (2%).
26	L2_comentario	pair	1%	1%	divergent	Divergente	Hier ist das Fortschreiten gehemmt, ähnlich wie bei des Kleinen Zähmungskraft (Nr. 9, Neun auf drittem Platz). Aber während dort die hemmend…	MYMEMORY WARNING: YOU USED ALL AVAILABLE FREE TRANSLATIONS FOR TODAY. NEXT AVAILABLE IN 03 HOURS 25 MINUTES 46 SECONDS VISIT HTTPS://MYMEMOR…	Here advance is checked just as in the third line of THE TAMING POWER OF THE SMALL (9). However, in the latter the restraining force is slig…	Primera línea poco alineada (Jaccard 1%). | Solapamiento léxico bajo MT↔Baynes (1%).
27	L2_comentario	pair	1%	1%	divergent	Divergente	Das Normale ist, daß man für seine Nahrung selbst sorgt oder sich von denen, die Pflicht und Recht dazu haben, auf rechtmäßige Weise ernähre…	MYMEMORY WARNING: YOU USED ALL AVAILABLE FREE TRANSLATIONS FOR TODAY. NEXT AVAILABLE IN 03 HOURS 25 MINUTES 46 SECONDS VISIT HTTPS://MYMEMOR…	Normally a person either provides his own means of nourishment or is supported in a proper way by those whose duty and privilege it is to pr…	Primera línea poco alineada (Jaccard 1%). | Solapamiento léxico bajo MT↔Baynes (1%).
28	L2_comentario	pair	3%	2%	divergent	Divergente	Das Holz steht am Wasser, daher das Bild einer alten Pappel, die einen Wurzelsproß treibt. Das ist eine außerordentliche Wiederbelebung des …	MYMEMORY WARNING: YOU USED ALL AVAILABLE FREE TRANSLATIONS FOR TODAY. NEXT AVAILABLE IN 03 HOURS 25 MINUTES 45 SECONDS VISIT HTTPS://MYMEMOR…	Wood is near water; hence the image of an old poplar sprouting at the root. This means an extraordinary reanimation of the processes of grow…	Primera línea poco alineada (Jaccard 2%). | Solapamiento léxico bajo MT↔Baynes (3%).
29	L2_comentario	pair	2%	2%	divergent	Divergente	Innerhalb der Gefahr darf man nicht ohne weiteres danach trachten, unter allen Umständen herauszukommen, sondern muß sich zunächst zufrieden…	MYMEMORY WARNING: YOU USED ALL AVAILABLE FREE TRANSLATIONS FOR TODAY. NEXT AVAILABLE IN 03 HOURS 25 MINUTES 45 SECONDS VISIT HTTPS://MYMEMOR…	When we are in danger we ought not to attempt to get out of it immediately, regardless of circumstances; at first we must content ourselves …	Primera línea poco alineada (Jaccard 1%). | Solapamiento léxico bajo MT↔Baynes (1%).
30	L2_comentario	pair	0%	0%	divergent	Divergente	Der Mittag des Tages ist erreicht. Die Sonne strahlt in gelbem Schein. Gelb ist die Farbe der Mitte und des Maßes. Gelber Schein ist daher d…	MYMEMORY WARNING: YOU USED ALL AVAILABLE FREE TRANSLATIONS FOR TODAY. NEXT AVAILABLE IN 03 HOURS 25 MINUTES 45 SECONDS VISIT HTTPS://MYMEMOR…	Midday has come; the sun shines with a yellow light. Yellow is the color of measure and mean. Yellow light is therefore a symbol of the high…	Primera línea poco alineada (Jaccard 0%). | Solapamiento léxico bajo MT↔Baynes (0%).
31	L2_comentario	pair	0%	0%	divergent	Divergente	Die Wade folgt dem Fuß in der Bewegung. Sie kann nicht von selbst vorwärts und nicht allein stehenbleiben. Es ist eine Bewegung, die unselbs…	MYMEMORY WARNING: YOU USED ALL AVAILABLE FREE TRANSLATIONS FOR TODAY. NEXT AVAILABLE IN 03 HOURS 25 MINUTES 45 SECONDS VISIT HTTPS://MYMEMOR…	In movement, the calf of the leg follows the foot; by itself it can neither go forward nor stand still. Since the movement is not self-gover…	Primera línea poco alineada (Jaccard 0%). | Solapamiento léxico bajo MT↔Baynes (0%).
32	L2_comentario	pair	3%	3%	divergent	Divergente	Die Situation ist abnorm. Die Kraft des Charakters ist stärker als die zu Gebote stehende materielle Macht. Da könnte man vielleicht fürchte…	MYMEMORY WARNING: YOU USED ALL AVAILABLE FREE TRANSLATIONS FOR TODAY. NEXT AVAILABLE IN 03 HOURS 25 MINUTES 44 SECONDS VISIT HTTPS://MYMEMOR…	The situation is abnormal. A man's force of character is greater than the available material power. Thus he might be afraid of allowing hims…	Primera línea poco alineada (Jaccard 3%). | Solapamiento léxico bajo MT↔Baynes (3%).
33	L2_comentario	pair	0%	0%	divergent	Divergente	Gelb ist die Farbe der Mitte. Sie deutet auf das Korrekte, Pflichtgemäße. Das Leder eines Ochsen ist fest und unzerreißbar. Während die Edle…	MYMEMORY WARNING: YOU USED ALL AVAILABLE FREE TRANSLATIONS FOR TODAY. NEXT AVAILABLE IN 03 HOURS 25 MINUTES 44 SECONDS VISIT HTTPS://MYMEMOR…	Yellow is the color of the middle. It indicates that which is correct and in line with duty. Oxhide is strong and not to be torn. While the …	Primera línea poco alineada (Jaccard 0%). | Solapamiento léxico bajo MT↔Baynes (0%).
34	L2_comentario	pair	0%	0%	divergent	Divergente	Die vorausgesetzte Lage ist, daß die Pforten des Erfolgs sich zu öffnen beginnen. Der Widerstand beginnt zu weichen. Man kommt machtvoll vor…	MYMEMORY WARNING: YOU USED ALL AVAILABLE FREE TRANSLATIONS FOR TODAY. NEXT AVAILABLE IN 03 HOURS 25 MINUTES 44 SECONDS VISIT HTTPS://MYMEMOR…	The premise here is that the gates to success are beginning to open. Resistance gives way and we forge ahead. This is the point at which, on…	Primera línea poco alineada (Jaccard 0%). | Solapamiento léxico bajo MT↔Baynes (0%).
35	L2_comentario	pair	0%	0%	divergent	Divergente	Der Fortschritt wird aufgehalten, man sieht sich gehindert, mit dem Menschen an leitender Stelle, zu dem man in Beziehung steht, in Verbindu…	MYMEMORY WARNING: YOU USED ALL AVAILABLE FREE TRANSLATIONS FOR TODAY. NEXT AVAILABLE IN 03 HOURS 25 MINUTES 44 SECONDS VISIT HTTPS://MYMEMOR…	Progress is halted; an individual is kept from getting in touch with the man in authority with whom he has a connection. When this happens, …	Primera línea poco alineada (Jaccard 0%). | Solapamiento léxico bajo MT↔Baynes (0%).
36	L2_comentario	pair	2%	2%	divergent	Divergente	Hier ist der Herr des Lichts an untergeordnetem Platz. Er wird verletzt vom Herrn der Finsternis. Aber die Verwundung ist nicht lebensgefähr…	MYMEMORY WARNING: YOU USED ALL AVAILABLE FREE TRANSLATIONS FOR TODAY. NEXT AVAILABLE IN 03 HOURS 25 MINUTES 43 SECONDS VISIT HTTPS://MYMEMOR…	Here the Lord of Light is in a subordinate place and is wounded by the Lord of Darkness. But the injury is not fatal; it is only a hindrance…	Primera línea poco alineada (Jaccard 1%). | Solapamiento léxico bajo MT↔Baynes (1%).
37	L2_comentario	pair	1%	2%	divergent	Divergente	Die Frau soll sich immer nach dem Willen des Hausherrn richten, sei es des Vaters, des Gatten oder des erwachsenen Sohnes. Ihre Stellung ist…	MYMEMORY WARNING: YOU USED ALL AVAILABLE FREE TRANSLATIONS FOR TODAY. NEXT AVAILABLE IN 03 HOURS 25 MINUTES 43 SECONDS VISIT HTTPS://MYMEMOR…	The wife must always be guided by the will of the master of the house, be he father, husband, or grown son. Her place is within the house. T…	Primera línea poco alineada (Jaccard 1%). | Solapamiento léxico bajo MT↔Baynes (1%).
38	L2_comentario	pair	2%	2%	divergent	Divergente	Infolge der Mißverständnisse ist es nicht möglich, daß Menschen, die ihrer Art nach zusammengehören, auf ganz korrekte Weise zusammenkommen.…	MYMEMORY WARNING: YOU USED ALL AVAILABLE FREE TRANSLATIONS FOR TODAY. NEXT AVAILABLE IN 03 HOURS 25 MINUTES 42 SECONDS VISIT HTTPS://MYMEMOR…	As a result of misunderstandings, it has become impossible for people who by nature belong together to meet in the correct way. This being s…	Primera línea poco alineada (Jaccard 2%). | Solapamiento léxico bajo MT↔Baynes (2%).
39	L2_comentario	pair	0%	0%	divergent	Divergente	Während man normalerweise das Hemmnis am besten umgeht und auf der Linie des geringsten Widerstands zu überwinden sucht, gibt es doch einen …	MYMEMORY WARNING: YOU USED ALL AVAILABLE FREE TRANSLATIONS FOR TODAY. NEXT AVAILABLE IN 03 HOURS 25 MINUTES 42 SECONDS VISIT HTTPS://MYMEMOR…	Ordinarily it is best to go around an obstacle and try to overcome it along the line of least resistance. But there is one instance in which…	Primera línea poco alineada (Jaccard 0%). | Solapamiento léxico bajo MT↔Baynes (0%).
40	L2_comentario	pair	1%	1%	divergent	Divergente	Das Bild ist von der Jagd genommen. Der Jäger fängt drei listige Füchse und erhält zur Belohnung einen gelben Pfeil. Die Hemmnisse des öffen…	MYMEMORY WARNING: YOU USED ALL AVAILABLE FREE TRANSLATIONS FOR TODAY. NEXT AVAILABLE IN 03 HOURS 25 MINUTES 41 SECONDS VISIT HTTPS://MYMEMOR…	The image is taken from the hunt. The hunter catches three cunning foxes and receives a yellow arrow as a reward. The obstacles in public li…	Primera línea poco alineada (Jaccard 1%). | Solapamiento léxico bajo MT↔Baynes (1%).
41	L2_comentario	pair	0%	0%	divergent	Divergente	Ein edles Selbstbewußtsein und konsequenter Ernst, der sich nichts vergibt, ist die Gesinnung, die notwendig ist, wenn man andern dienen wil…	MYMEMORY WARNING: YOU USED ALL AVAILABLE FREE TRANSLATIONS FOR TODAY. NEXT AVAILABLE IN 03 HOURS 25 MINUTES 41 SECONDS VISIT HTTPS://MYMEMOR…	A high-minded self-awareness and a consistent seriousness with no forfeit of dignity are necessary if a man wants to be of service to others…	Primera línea poco alineada (Jaccard 0%). | Solapamiento léxico bajo MT↔Baynes (0%).
42	L2_comentario	pair	1%	1%	divergent	Divergente	Die wirkliche Mehrung kommt dadurch, daß man in sich die Bedingungen dafür schafft: Aufnahmebereitschaft und Liebe zum Guten. Dadurch kommt …	MYMEMORY WARNING: YOU USED ALL AVAILABLE FREE TRANSLATIONS FOR TODAY. NEXT AVAILABLE IN 03 HOURS 25 MINUTES 41 SECONDS VISIT HTTPS://MYMEMOR…	A man brings about real increase by producing in himself the conditions for it, that is, through receptivity to and love of the good. Thus t…	Primera línea poco alineada (Jaccard 1%). | Solapamiento léxico bajo MT↔Baynes (1%).
43	L2_comentario	pair	2%	2%	divergent	Divergente	Bereit sein ist alles. Entschlossenheit ist mit Vorsicht untrennbar verbunden. Wenn man sorgfältig und besonnen ist, so braucht man nicht zu…	MYMEMORY WARNING: YOU USED ALL AVAILABLE FREE TRANSLATIONS FOR TODAY. NEXT AVAILABLE IN 03 HOURS 25 MINUTES 40 SECONDS VISIT HTTPS://MYMEMOR…	Readiness is everything. Resolution is indissolubly bound up with caution. If an individual is careful and keeps his wits about him, he need…	Primera línea poco alineada (Jaccard 2%). | Solapamiento léxico bajo MT↔Baynes (2%).
44	L2_comentario	pair	2%	2%	divergent	Divergente	Das niedere Element wird nicht vergewaltigt, aber unter sanfter Kontrolle gehalten. Dann ist nichts Schlimmes zu befürchten. Nur muß man daf…	MYMEMORY WARNING: YOU USED ALL AVAILABLE FREE TRANSLATIONS FOR TODAY. NEXT AVAILABLE IN 03 HOURS 25 MINUTES 39 SECONDS VISIT HTTPS://MYMEMOR…	The inferior element is not overcome by violence but is kept under gentle control. Then nothing evil is to be feared. But care must be taken…	Primera línea poco alineada (Jaccard 2%). | Solapamiento léxico bajo MT↔Baynes (2%).
45	L2_comentario	pair	0%	0%	divergent	Divergente	ist es auch fördernd, ein kleines Opfer zu bringen. Man soll in Zeiten der Sammlung seinen Weg nicht willkürlich wählen. Es sind geheime Krä…	MYMEMORY WARNING: YOU USED ALL AVAILABLE FREE TRANSLATIONS FOR TODAY. NEXT AVAILABLE IN 03 HOURS 25 MINUTES 39 SECONDS VISIT HTTPS://MYMEMOR…	In the time of GATHERING TOGETHER, we should make no arbitrary choice of the way. There are secret forces at work, leading together those wh…	Primera línea poco alineada (Jaccard 0%). | Solapamiento léxico bajo MT↔Baynes (0%).
46	L2_comentario	pair	0%	0%	divergent	Divergente	Es ist hier ein starker Mann vorausgesetzt. Er paßt zwar insofern nicht in seine Umgebung, als er zu rauh ist und zu wenig auf Formen gibt. …	MYMEMORY WARNING: YOU USED ALL AVAILABLE FREE TRANSLATIONS FOR TODAY. NEXT AVAILABLE IN 03 HOURS 25 MINUTES 39 SECONDS VISIT HTTPS://MYMEMOR…	Here a strong man is presupposed. It is true that he does not fit in with his environment, inasmuch as he is too brusque and pays too little…	Primera línea poco alineada (Jaccard 0%). | Solapamiento léxico bajo MT↔Baynes (0%).
47	L2_comentario	pair	1%	1%	divergent	Divergente	Hier ist es eine innere Bedrängnis, in der man sich befindet. Äußerlich geht alles gut; man hat zu essen und zu trinken. Aber man ist erschö…	MYMEMORY WARNING: YOU USED ALL AVAILABLE FREE TRANSLATIONS FOR TODAY. NEXT AVAILABLE IN 03 HOURS 25 MINUTES 39 SECONDS VISIT HTTPS://MYMEMOR…	This pictures a state of inner oppression. Externally, all is well, one has meat and drink. But one is exhausted by the commonplaces of life…	Primera línea poco alineada (Jaccard 1%). | Solapamiento léxico bajo MT↔Baynes (1%).
48	L2_comentario	pair	1%	2%	divergent	Divergente	Das Wasser ist an sich klar. Aber man gebraucht es nicht. So halten sich nur Fische im Brunnen auf, und wer kommt, kommt nur, um Fische zu f…	MYMEMORY WARNING: YOU USED ALL AVAILABLE FREE TRANSLATIONS FOR TODAY. NEXT AVAILABLE IN 03 HOURS 25 MINUTES 38 SECONDS VISIT HTTPS://MYMEMOR…	The water itself is clear, but it is not being used. Thus the well is a place where only fish will stay, and whoever comes to it, comes only…	Primera línea poco alineada (Jaccard 2%). | Solapamiento léxico bajo MT↔Baynes (1%).
49	L2_comentario	pair	3%	3%	divergent	Divergente	Wenn man alles versucht hat, um die Verhältnisse zu reformieren, ohne daß es einen Erfolg hatte, dann ergibt sich die Notwendigkeit einer Re…	MYMEMORY WARNING: YOU USED ALL AVAILABLE FREE TRANSLATIONS FOR TODAY. NEXT AVAILABLE IN 03 HOURS 25 MINUTES 38 SECONDS VISIT HTTPS://MYMEMOR…	When we have tried in every way to bring about reforms, but without success, revolution becomes necessary. But such a thoroughgoing upheaval…	Primera línea poco alineada (Jaccard 2%). | Solapamiento léxico bajo MT↔Baynes (2%).
50	L2_comentario	pair	2%	2%	divergent	Divergente	In Zeiten hoher Kultur kommt alles darauf an, daß man wirklich etwas leistet. Wenn man sich nur auf diese wirklichen Leistungen verläßt, so …	MYMEMORY WARNING: YOU USED ALL AVAILABLE FREE TRANSLATIONS FOR TODAY. NEXT AVAILABLE IN 03 HOURS 25 MINUTES 37 SECONDS VISIT HTTPS://MYMEMOR…	In a period of advanced culture, it is of the greatest importance that one should achieve something significant. If a man concentrates on su…	Primera línea poco alineada (Jaccard 2%). | Solapamiento léxico bajo MT↔Baynes (2%).
51	L2_comentario	pair	1%	1%	divergent	Divergente	Es ist eine Lage gezeichnet, da man durch eine Erschütterung in Gefahr gerät und große Verluste erleidet. Die Verhältnisse sind so, daß Wide…	MYMEMORY WARNING: YOU USED ALL AVAILABLE FREE TRANSLATIONS FOR TODAY. NEXT AVAILABLE IN 03 HOURS 25 MINUTES 37 SECONDS VISIT HTTPS://MYMEMOR…	This pictures a situation in which a shock endangers a man and he suffers great losses. Resistance would be contrary to the movement of the …	Primera línea poco alineada (Jaccard 1%). | Solapamiento léxico bajo MT↔Baynes (1%).
52	L2_comentario	pair	0%	0%	divergent	Divergente	Das Bein kann sich nicht selbständig bewegen, sondern ist in seiner Bewegung abhängig von der Bewegung des Leibes. Wenn der Leib in starker …	MYMEMORY WARNING: YOU USED ALL AVAILABLE FREE TRANSLATIONS FOR TODAY. NEXT AVAILABLE IN 03 HOURS 25 MINUTES 36 SECONDS VISIT HTTPS://MYMEMOR…	The leg cannot move independently; it depends on the movement of the body. If a leg is suddenly stopped while the whole body is in vigorous …	Primera línea poco alineada (Jaccard 0%). | Solapamiento léxico bajo MT↔Baynes (0%).
53	L2_comentario	pair	1%	0%	divergent	Divergente	Der Fels ist ein sicherer Platz am Ufer. Die Entwicklung ist einen Schritt weiter. Man ist über die anfängliche Unsicherheit hinaus und hat …	MYMEMORY WARNING: YOU USED ALL AVAILABLE FREE TRANSLATIONS FOR TODAY. NEXT AVAILABLE IN 03 HOURS 25 MINUTES 36 SECONDS VISIT HTTPS://MYMEMOR…	The cliff is a safe place on shore. The development has gone a step further. The initial insecurity has been overcome, and a safe position i…	Primera línea poco alineada (Jaccard 0%). | Solapamiento léxico bajo MT↔Baynes (1%).
54	L2_comentario	pair	0%	0%	divergent	Divergente	Die Lage ist hier so, daß das Mädchen sich mit einem Manne verbunden hat, der sie enttäuscht. Mann und Frau sollen zusammenwirken wie die be…	MYMEMORY WARNING: YOU USED ALL AVAILABLE FREE TRANSLATIONS FOR TODAY. NEXT AVAILABLE IN 03 HOURS 25 MINUTES 35 SECONDS VISIT HTTPS://MYMEMOR…	Here the situation is that of a girl married to a man who has disappointed her. Man and wife ought to work together like a pair of eyes. Her…	Primera línea poco alineada (Jaccard 0%). | Solapamiento léxico bajo MT↔Baynes (0%).
55	L2_comentario	pair	1%	1%	divergent	Divergente	Oft kommt es vor, daß sich zwischen den Herrscher, der das Große will, und den Mann, der das Große ausführen könnte, Intrigen und Parteiränk…	MYMEMORY WARNING: YOU USED ALL AVAILABLE FREE TRANSLATIONS FOR TODAY. NEXT AVAILABLE IN 03 HOURS 25 MINUTES 35 SECONDS VISIT HTTPS://MYMEMOR…	It often happens that plots and party intrigues, which have the darkening effect of an eclipse of the sun, come between a ruler intent on gr…	Primera línea poco alineada (Jaccard 1%). | Solapamiento léxico bajo MT↔Baynes (1%).
56	L2_comentario	pair	2%	2%	divergent	Divergente	Der Wanderer, der hier gezeichnet wird, ist bescheiden und zurückhaltend. Innerlich verliert er sich nicht selbst, darum findet er einen Ruh…	MYMEMORY WARNING: YOU USED ALL AVAILABLE FREE TRANSLATIONS FOR TODAY. NEXT AVAILABLE IN 03 HOURS 25 MINUTES 35 SECONDS VISIT HTTPS://MYMEMOR…	The wanderer here described is modest and reserved. He does not lose touch with his inner being, hence he finds a resting place. In the outs…	Primera línea poco alineada (Jaccard 2%). | Solapamiento léxico bajo MT↔Baynes (2%).
57	L2_comentario	pair	1%	1%	divergent	Divergente	Zuweilen hat man es mit verborgenen Feinden zu tun, ungreifbaren Einflüssen, die sich in die dunkelsten Winkel verkriechen und von dort aus …	MYMEMORY WARNING: YOU USED ALL AVAILABLE FREE TRANSLATIONS FOR TODAY. NEXT AVAILABLE IN 03 HOURS 25 MINUTES 34 SECONDS VISIT HTTPS://MYMEMOR…	At times one has to deal with hidden enemies, intangible influences that slink into dark corners and from this hiding affect people by sugge…	Primera línea poco alineada (Jaccard 1%). | Solapamiento léxico bajo MT↔Baynes (1%).
58	L2_comentario	pair	1%	1%	divergent	Divergente	Oft befindet man sich in Beziehung zu minderwertigen Menschen, aus deren Mitte andere Freuden winken, als sie dem höheren Menschen gemäß sin…	MYMEMORY WARNING: YOU USED ALL AVAILABLE FREE TRANSLATIONS FOR TODAY. NEXT AVAILABLE IN 03 HOURS 25 MINUTES 34 SECONDS VISIT HTTPS://MYMEMOR…	We often find ourselves associating with inferior people in whose company we are tempted by pleasures that are inappropriate for the superio…	Primera línea poco alineada (Jaccard 1%). | Solapamiento léxico bajo MT↔Baynes (1%).
59	L2_comentario	pair	3%	3%	divergent	Divergente	Wenn man in sich selbst die Anfänge der Entfremdung von andern, des Menschenhasses und der Mißstimmung entdeckt, dann gilt es, diese Stockun…	MYMEMORY WARNING: YOU USED ALL AVAILABLE FREE TRANSLATIONS FOR TODAY. NEXT AVAILABLE IN 03 HOURS 25 MINUTES 33 SECONDS VISIT HTTPS://MYMEMOR…	When an individual discovers within himself the beginnings of alienation from others, of misanthropy and ill humor, he must set about dissol…	Primera línea poco alineada (Jaccard 3%). | Solapamiento léxico bajo MT↔Baynes (3%).
60	L2_comentario	pair	1%	1%	divergent	Divergente	Wenn die Zeit des Handelns gekommen ist, gilt es rasches Zugreifen. Wie das Wasser anfangs in einem See sich sammelt, ohne hinauszufließen, …	MYMEMORY WARNING: YOU USED ALL AVAILABLE FREE TRANSLATIONS FOR TODAY. NEXT AVAILABLE IN 03 HOURS 25 MINUTES 33 SECONDS VISIT HTTPS://MYMEMOR…	When the time for action has come, the moment must be quickly seized. Just as water first collects in a lake without flowing out, yet is cer…	Primera línea poco alineada (Jaccard 1%). | Solapamiento léxico bajo MT↔Baynes (1%).
61	L2_comentario	pair	1%	0%	divergent	Divergente	Ich habe einen guten Becher. Ich will ihn mit dir teilen. Hier ist von unwillkürlichem Einfluß des inneren Wesens auf gleichgestimmte Mensch…	MYMEMORY WARNING: YOU USED ALL AVAILABLE FREE TRANSLATIONS FOR TODAY. NEXT AVAILABLE IN 03 HOURS 25 MINUTES 32 SECONDS VISIT HTTPS://MYMEMOR…	This refers to the involuntary influence of a man's inner being upon persons of kindred spirit. The crane need not show itself on a high hil…	Primera línea poco alineada (Jaccard 0%). | Solapamiento léxico bajo MT↔Baynes (1%).
62	L2_comentario	pair	1%	1%	divergent	Divergente	Zwei Ausnahmefälle sind hier genannt: Im Ahnentempel, wo Generationenwechsel stattfindet, steht der Enkel auf derselben Seite wie der Großva…	MYMEMORY WARNING: YOU USED ALL AVAILABLE FREE TRANSLATIONS FOR TODAY. NEXT AVAILABLE IN 03 HOURS 25 MINUTES 30 SECONDS VISIT HTTPS://MYMEMOR…	Two exceptional situations are instanced here. In the temple of ancestors, where alternation of generations prevails, the grandson stands on…	Primera línea poco alineada (Jaccard 1%). | Solapamiento léxico bajo MT↔Baynes (1%).
63	L2_comentario	pair	1%	1%	divergent	Divergente	Wenn eine Frau im Wagen fuhr, hatte sie einen Vorhang, der sie den Blicken der Neugierigen verbarg. Kam dieser Vorhang abhanden, so wäre es …	MYMEMORY WARNING: YOU USED ALL AVAILABLE FREE TRANSLATIONS FOR TODAY. NEXT AVAILABLE IN 03 HOURS 25 MINUTES 28 SECONDS VISIT HTTPS://MYMEMOR…	When a woman drove out in her carriage, she had a curtain that hid her from the glances of the curious. It was regarded as a breach of propr…	Primera línea poco alineada (Jaccard 1%). | Solapamiento léxico bajo MT↔Baynes (1%).
64	L2_comentario	pair	2%	2%	divergent	Divergente	Auch hier ist die Zeit zum Handeln noch nicht gekommen. Aber die Geduld, die vonnöten ist, darf nicht ein träges Warten sein, das in den Tag…	MYMEMORY WARNING: YOU USED ALL AVAILABLE FREE TRANSLATIONS FOR TODAY. NEXT AVAILABLE IN 03 HOURS 25 MINUTES 27 SECONDS VISIT HTTPS://MYMEMOR…	Here again the time to act has not yet come. But the patience needed is not that of idle waiting without thought of the morrow. Kept up inde…	Primera línea poco alineada (Jaccard 2%). | Solapamiento léxico bajo MT↔Baynes (2%).
1	L3_etiqueta	pair	0%	0%	divergent	Divergente	Neun auf drittem Platz bedeutet:	MYMEMORY WARNING: YOU USED ALL AVAILABLE FREE TRANSLATIONS FOR TODAY. NEXT AVAILABLE IN 03 HOURS 25 MINUTES 26 SECONDS VISIT HTTPS://MYMEMOR…	Nine in the third place means:	Primera línea poco alineada (Jaccard 0%). | Solapamiento léxico bajo MT↔Baynes (0%).
2	L3_etiqueta	pair	0%	0%	divergent	Divergente	Sechs auf drittem Platz bedeutet:	MYMEMORY WARNING: YOU USED ALL AVAILABLE FREE TRANSLATIONS FOR TODAY. NEXT AVAILABLE IN 03 HOURS 25 MINUTES 26 SECONDS VISIT HTTPS://MYMEMOR…	Six in the third place means:	Primera línea poco alineada (Jaccard 0%). | Solapamiento léxico bajo MT↔Baynes (0%).
3	L3_etiqueta	pair	0%	0%	divergent	Divergente	Sechs auf drittem Platz bedeutet:	MYMEMORY WARNING: YOU USED ALL AVAILABLE FREE TRANSLATIONS FOR TODAY. NEXT AVAILABLE IN 03 HOURS 25 MINUTES 26 SECONDS VISIT HTTPS://MYMEMOR…	Six in the third place means:	Primera línea poco alineada (Jaccard 0%). | Solapamiento léxico bajo MT↔Baynes (0%).
4	L3_etiqueta	pair	0%	0%	divergent	Divergente	Sechs auf drittem Platz bedeutet:	MYMEMORY WARNING: YOU USED ALL AVAILABLE FREE TRANSLATIONS FOR TODAY. NEXT AVAILABLE IN 03 HOURS 25 MINUTES 26 SECONDS VISIT HTTPS://MYMEMOR…	Six in the third place means:	Primera línea poco alineada (Jaccard 0%). | Solapamiento léxico bajo MT↔Baynes (0%).
5	L3_etiqueta	pair	0%	0%	divergent	Divergente	Neun auf drittem Platz bedeutet:	MYMEMORY WARNING: YOU USED ALL AVAILABLE FREE TRANSLATIONS FOR TODAY. NEXT AVAILABLE IN 03 HOURS 25 MINUTES 26 SECONDS VISIT HTTPS://MYMEMOR…	Nine in the third place means:	Primera línea poco alineada (Jaccard 0%). | Solapamiento léxico bajo MT↔Baynes (0%).
6	L3_etiqueta	pair	0%	0%	divergent	Divergente	Sechs auf drittem Platz bedeutet:	MYMEMORY WARNING: YOU USED ALL AVAILABLE FREE TRANSLATIONS FOR TODAY. NEXT AVAILABLE IN 03 HOURS 25 MINUTES 26 SECONDS VISIT HTTPS://MYMEMOR…	Six in the third place means:	Primera línea poco alineada (Jaccard 0%). | Solapamiento léxico bajo MT↔Baynes (0%).
7	L3_etiqueta	pair	0%	0%	divergent	Divergente	Sechs auf drittem Platz bedeutet:	MYMEMORY WARNING: YOU USED ALL AVAILABLE FREE TRANSLATIONS FOR TODAY. NEXT AVAILABLE IN 03 HOURS 25 MINUTES 26 SECONDS VISIT HTTPS://MYMEMOR…	Six in the third place means:	Primera línea poco alineada (Jaccard 0%). | Solapamiento léxico bajo MT↔Baynes (0%).
8	L3_etiqueta	pair	0%	0%	divergent	Divergente	Sechs auf drittem Platz bedeutet:	MYMEMORY WARNING: YOU USED ALL AVAILABLE FREE TRANSLATIONS FOR TODAY. NEXT AVAILABLE IN 03 HOURS 25 MINUTES 26 SECONDS VISIT HTTPS://MYMEMOR…	Six in the third place means:	Primera línea poco alineada (Jaccard 0%). | Solapamiento léxico bajo MT↔Baynes (0%).
9	L3_etiqueta	pair	0%	0%	divergent	Divergente	Neun auf drittem Platz bedeutet:	MYMEMORY WARNING: YOU USED ALL AVAILABLE FREE TRANSLATIONS FOR TODAY. NEXT AVAILABLE IN 03 HOURS 25 MINUTES 26 SECONDS VISIT HTTPS://MYMEMOR…	Nine in the third place means:	Primera línea poco alineada (Jaccard 0%). | Solapamiento léxico bajo MT↔Baynes (0%).
10	L3_etiqueta	pair	0%	0%	divergent	Divergente	Sechs auf drittem Platz bedeutet:	MYMEMORY WARNING: YOU USED ALL AVAILABLE FREE TRANSLATIONS FOR TODAY. NEXT AVAILABLE IN 03 HOURS 25 MINUTES 26 SECONDS VISIT HTTPS://MYMEMOR…	Six in the third place means:	Primera línea poco alineada (Jaccard 0%). | Solapamiento léxico bajo MT↔Baynes (0%).
11	L3_etiqueta	pair	0%	0%	divergent	Divergente	Neun auf drittem Platz bedeutet:	MYMEMORY WARNING: YOU USED ALL AVAILABLE FREE TRANSLATIONS FOR TODAY. NEXT AVAILABLE IN 03 HOURS 25 MINUTES 26 SECONDS VISIT HTTPS://MYMEMOR…	Nine in the third place means:	Primera línea poco alineada (Jaccard 0%). | Solapamiento léxico bajo MT↔Baynes (0%).
12	L3_etiqueta	pair	0%	0%	divergent	Divergente	Sechs auf drittem Platz bedeutet:	MYMEMORY WARNING: YOU USED ALL AVAILABLE FREE TRANSLATIONS FOR TODAY. NEXT AVAILABLE IN 03 HOURS 25 MINUTES 26 SECONDS VISIT HTTPS://MYMEMOR…	Six in the third place means:	Primera línea poco alineada (Jaccard 0%). | Solapamiento léxico bajo MT↔Baynes (0%).
13	L3_etiqueta	pair	0%	0%	divergent	Divergente	Neun auf drittem Platz bedeutet:	MYMEMORY WARNING: YOU USED ALL AVAILABLE FREE TRANSLATIONS FOR TODAY. NEXT AVAILABLE IN 03 HOURS 25 MINUTES 26 SECONDS VISIT HTTPS://MYMEMOR…	Nine in the third place means:	Primera línea poco alineada (Jaccard 0%). | Solapamiento léxico bajo MT↔Baynes (0%).
14	L3_etiqueta	pair	0%	0%	divergent	Divergente	Neun auf drittem Platz bedeutet:	MYMEMORY WARNING: YOU USED ALL AVAILABLE FREE TRANSLATIONS FOR TODAY. NEXT AVAILABLE IN 03 HOURS 25 MINUTES 26 SECONDS VISIT HTTPS://MYMEMOR…	Nine in the third place means:	Primera línea poco alineada (Jaccard 0%). | Solapamiento léxico bajo MT↔Baynes (0%).
15	L3_etiqueta	pair	0%	0%	divergent	Divergente	Neun auf drittem Platz bedeutet:	MYMEMORY WARNING: YOU USED ALL AVAILABLE FREE TRANSLATIONS FOR TODAY. NEXT AVAILABLE IN 03 HOURS 25 MINUTES 26 SECONDS VISIT HTTPS://MYMEMOR…	Nine in the third place means:	Primera línea poco alineada (Jaccard 0%). | Solapamiento léxico bajo MT↔Baynes (0%).
16	L3_etiqueta	pair	0%	0%	divergent	Divergente	Sechs auf drittem Platz bedeutet:	MYMEMORY WARNING: YOU USED ALL AVAILABLE FREE TRANSLATIONS FOR TODAY. NEXT AVAILABLE IN 03 HOURS 25 MINUTES 26 SECONDS VISIT HTTPS://MYMEMOR…	Six in the third place means:	Primera línea poco alineada (Jaccard 0%). | Solapamiento léxico bajo MT↔Baynes (0%).
17	L3_etiqueta	pair	0%	0%	divergent	Divergente	Sechs auf drittem Platz bedeutet:	MYMEMORY WARNING: YOU USED ALL AVAILABLE FREE TRANSLATIONS FOR TODAY. NEXT AVAILABLE IN 03 HOURS 25 MINUTES 26 SECONDS VISIT HTTPS://MYMEMOR…	Six in the third place means:	Primera línea poco alineada (Jaccard 0%). | Solapamiento léxico bajo MT↔Baynes (0%).
18	L3_etiqueta	pair	0%	0%	divergent	Divergente	Neun auf drittem Platz bedeutet:	MYMEMORY WARNING: YOU USED ALL AVAILABLE FREE TRANSLATIONS FOR TODAY. NEXT AVAILABLE IN 03 HOURS 25 MINUTES 26 SECONDS VISIT HTTPS://MYMEMOR…	Nine in the third place means:	Primera línea poco alineada (Jaccard 0%). | Solapamiento léxico bajo MT↔Baynes (0%).
19	L3_etiqueta	pair	0%	0%	divergent	Divergente	Sechs auf drittem Platz bedeutet:	MYMEMORY WARNING: YOU USED ALL AVAILABLE FREE TRANSLATIONS FOR TODAY. NEXT AVAILABLE IN 03 HOURS 25 MINUTES 26 SECONDS VISIT HTTPS://MYMEMOR…	Six in the third place means:	Primera línea poco alineada (Jaccard 0%). | Solapamiento léxico bajo MT↔Baynes (0%).
20	L3_etiqueta	pair	0%	0%	divergent	Divergente	Sechs auf drittem Platz bedeutet:	MYMEMORY WARNING: YOU USED ALL AVAILABLE FREE TRANSLATIONS FOR TODAY. NEXT AVAILABLE IN 03 HOURS 25 MINUTES 26 SECONDS VISIT HTTPS://MYMEMOR…	Six in the third place means:	Primera línea poco alineada (Jaccard 0%). | Solapamiento léxico bajo MT↔Baynes (0%).
21	L3_etiqueta	pair	0%	0%	divergent	Divergente	Sechs auf drittem Platz bedeutet:	MYMEMORY WARNING: YOU USED ALL AVAILABLE FREE TRANSLATIONS FOR TODAY. NEXT AVAILABLE IN 03 HOURS 25 MINUTES 26 SECONDS VISIT HTTPS://MYMEMOR…	Six in the third place means:	Primera línea poco alineada (Jaccard 0%). | Solapamiento léxico bajo MT↔Baynes (0%).
22	L3_etiqueta	pair	0%	0%	divergent	Divergente	Neun auf drittem Platz bedeutet:	MYMEMORY WARNING: YOU USED ALL AVAILABLE FREE TRANSLATIONS FOR TODAY. NEXT AVAILABLE IN 03 HOURS 25 MINUTES 26 SECONDS VISIT HTTPS://MYMEMOR…	Nine in the third place means:	Primera línea poco alineada (Jaccard 0%). | Solapamiento léxico bajo MT↔Baynes (0%).
23	L3_etiqueta	pair	0%	0%	divergent	Divergente	Sechs auf drittem Platz bedeutet:	MYMEMORY WARNING: YOU USED ALL AVAILABLE FREE TRANSLATIONS FOR TODAY. NEXT AVAILABLE IN 03 HOURS 25 MINUTES 26 SECONDS VISIT HTTPS://MYMEMOR…	Six in the third place means:	Primera línea poco alineada (Jaccard 0%). | Solapamiento léxico bajo MT↔Baynes (0%).
24	L3_etiqueta	pair	0%	0%	divergent	Divergente	Sechs auf drittem Platz bedeutet:	MYMEMORY WARNING: YOU USED ALL AVAILABLE FREE TRANSLATIONS FOR TODAY. NEXT AVAILABLE IN 03 HOURS 25 MINUTES 26 SECONDS VISIT HTTPS://MYMEMOR…	Six in the third place means:	Primera línea poco alineada (Jaccard 0%). | Solapamiento léxico bajo MT↔Baynes (0%).
25	L3_etiqueta	pair	0%	0%	divergent	Divergente	Sechs auf drittem Platz bedeutet:	MYMEMORY WARNING: YOU USED ALL AVAILABLE FREE TRANSLATIONS FOR TODAY. NEXT AVAILABLE IN 03 HOURS 25 MINUTES 26 SECONDS VISIT HTTPS://MYMEMOR…	Six in the third place means:	Primera línea poco alineada (Jaccard 0%). | Solapamiento léxico bajo MT↔Baynes (0%).
26	L3_etiqueta	pair	0%	0%	divergent	Divergente	Neun auf drittem Platz bedeutet:	MYMEMORY WARNING: YOU USED ALL AVAILABLE FREE TRANSLATIONS FOR TODAY. NEXT AVAILABLE IN 03 HOURS 25 MINUTES 26 SECONDS VISIT HTTPS://MYMEMOR…	Nine in the third place means:	Primera línea poco alineada (Jaccard 0%). | Solapamiento léxico bajo MT↔Baynes (0%).
27	L3_etiqueta	pair	0%	0%	divergent	Divergente	Sechs auf drittem Platz bedeutet:	MYMEMORY WARNING: YOU USED ALL AVAILABLE FREE TRANSLATIONS FOR TODAY. NEXT AVAILABLE IN 03 HOURS 25 MINUTES 26 SECONDS VISIT HTTPS://MYMEMOR…	Six in the third place means:	Primera línea poco alineada (Jaccard 0%). | Solapamiento léxico bajo MT↔Baynes (0%).
28	L3_etiqueta	pair	0%	0%	divergent	Divergente	Neun auf drittem Platz bedeutet:	MYMEMORY WARNING: YOU USED ALL AVAILABLE FREE TRANSLATIONS FOR TODAY. NEXT AVAILABLE IN 03 HOURS 25 MINUTES 26 SECONDS VISIT HTTPS://MYMEMOR…	Nine in the third place means:	Primera línea poco alineada (Jaccard 0%). | Solapamiento léxico bajo MT↔Baynes (0%).
29	L3_etiqueta	pair	0%	0%	divergent	Divergente	Sechs auf drittem Platz bedeutet:	MYMEMORY WARNING: YOU USED ALL AVAILABLE FREE TRANSLATIONS FOR TODAY. NEXT AVAILABLE IN 03 HOURS 25 MINUTES 26 SECONDS VISIT HTTPS://MYMEMOR…	Six in the third place means:	Primera línea poco alineada (Jaccard 0%). | Solapamiento léxico bajo MT↔Baynes (0%).
30	L3_etiqueta	pair	0%	0%	divergent	Divergente	Neun auf drittem Platz bedeutet:	MYMEMORY WARNING: YOU USED ALL AVAILABLE FREE TRANSLATIONS FOR TODAY. NEXT AVAILABLE IN 03 HOURS 25 MINUTES 26 SECONDS VISIT HTTPS://MYMEMOR…	Nine in the third place means:	Primera línea poco alineada (Jaccard 0%). | Solapamiento léxico bajo MT↔Baynes (0%).
31	L3_etiqueta	pair	0%	0%	divergent	Divergente	Neun auf drittem Platz bedeutet:	MYMEMORY WARNING: YOU USED ALL AVAILABLE FREE TRANSLATIONS FOR TODAY. NEXT AVAILABLE IN 03 HOURS 25 MINUTES 26 SECONDS VISIT HTTPS://MYMEMOR…	Nine in the third place means:	Primera línea poco alineada (Jaccard 0%). | Solapamiento léxico bajo MT↔Baynes (0%).
32	L3_etiqueta	pair	0%	0%	divergent	Divergente	Neun auf drittem Platz bedeutet:	MYMEMORY WARNING: YOU USED ALL AVAILABLE FREE TRANSLATIONS FOR TODAY. NEXT AVAILABLE IN 03 HOURS 25 MINUTES 26 SECONDS VISIT HTTPS://MYMEMOR…	Nine in the third place means:	Primera línea poco alineada (Jaccard 0%). | Solapamiento léxico bajo MT↔Baynes (0%).
33	L3_etiqueta	pair	0%	0%	divergent	Divergente	Neun auf drittem Platz bedeutet:	MYMEMORY WARNING: YOU USED ALL AVAILABLE FREE TRANSLATIONS FOR TODAY. NEXT AVAILABLE IN 03 HOURS 25 MINUTES 26 SECONDS VISIT HTTPS://MYMEMOR…	Nine in the third place means:	Primera línea poco alineada (Jaccard 0%). | Solapamiento léxico bajo MT↔Baynes (0%).
34	L3_etiqueta	pair	0%	0%	divergent	Divergente	Neun auf drittem Platz bedeutet:	MYMEMORY WARNING: YOU USED ALL AVAILABLE FREE TRANSLATIONS FOR TODAY. NEXT AVAILABLE IN 03 HOURS 25 MINUTES 26 SECONDS VISIT HTTPS://MYMEMOR…	Nine in the third place means:	Primera línea poco alineada (Jaccard 0%). | Solapamiento léxico bajo MT↔Baynes (0%).
35	L3_etiqueta	pair	0%	0%	divergent	Divergente	Sechs auf drittem Platz bedeutet:	MYMEMORY WARNING: YOU USED ALL AVAILABLE FREE TRANSLATIONS FOR TODAY. NEXT AVAILABLE IN 03 HOURS 25 MINUTES 26 SECONDS VISIT HTTPS://MYMEMOR…	Six in the third place means:	Primera línea poco alineada (Jaccard 0%). | Solapamiento léxico bajo MT↔Baynes (0%).
36	L3_etiqueta	pair	0%	0%	divergent	Divergente	Neun auf drittem Platz bedeutet:	MYMEMORY WARNING: YOU USED ALL AVAILABLE FREE TRANSLATIONS FOR TODAY. NEXT AVAILABLE IN 03 HOURS 25 MINUTES 26 SECONDS VISIT HTTPS://MYMEMOR…	Nine in the third place means:	Primera línea poco alineada (Jaccard 0%). | Solapamiento léxico bajo MT↔Baynes (0%).
37	L3_etiqueta	pair	0%	0%	divergent	Divergente	Neun auf drittem Platz bedeutet:	MYMEMORY WARNING: YOU USED ALL AVAILABLE FREE TRANSLATIONS FOR TODAY. NEXT AVAILABLE IN 03 HOURS 25 MINUTES 26 SECONDS VISIT HTTPS://MYMEMOR…	Nine in the third place means:	Primera línea poco alineada (Jaccard 0%). | Solapamiento léxico bajo MT↔Baynes (0%).
38	L3_etiqueta	pair	0%	0%	divergent	Divergente	Sechs auf drittem Platz bedeutet:	MYMEMORY WARNING: YOU USED ALL AVAILABLE FREE TRANSLATIONS FOR TODAY. NEXT AVAILABLE IN 03 HOURS 25 MINUTES 26 SECONDS VISIT HTTPS://MYMEMOR…	Six in the third place means:	Primera línea poco alineada (Jaccard 0%). | Solapamiento léxico bajo MT↔Baynes (0%).
39	L3_etiqueta	pair	0%	0%	divergent	Divergente	Neun auf drittem Platz bedeutet:	MYMEMORY WARNING: YOU USED ALL AVAILABLE FREE TRANSLATIONS FOR TODAY. NEXT AVAILABLE IN 03 HOURS 25 MINUTES 26 SECONDS VISIT HTTPS://MYMEMOR…	Nine in the third place means:	Primera línea poco alineada (Jaccard 0%). | Solapamiento léxico bajo MT↔Baynes (0%).
40	L3_etiqueta	pair	0%	0%	divergent	Divergente	Sechs auf drittem Platz bedeutet:	MYMEMORY WARNING: YOU USED ALL AVAILABLE FREE TRANSLATIONS FOR TODAY. NEXT AVAILABLE IN 03 HOURS 25 MINUTES 26 SECONDS VISIT HTTPS://MYMEMOR…	Six in the third place means:	Primera línea poco alineada (Jaccard 0%). | Solapamiento léxico bajo MT↔Baynes (0%).
41	L3_etiqueta	pair	0%	0%	divergent	Divergente	Sechs auf drittem Platz bedeutet:	MYMEMORY WARNING: YOU USED ALL AVAILABLE FREE TRANSLATIONS FOR TODAY. NEXT AVAILABLE IN 03 HOURS 25 MINUTES 26 SECONDS VISIT HTTPS://MYMEMOR…	Six in the third place means:	Primera línea poco alineada (Jaccard 0%). | Solapamiento léxico bajo MT↔Baynes (0%).
42	L3_etiqueta	pair	0%	0%	divergent	Divergente	Sechs auf drittem Platz bedeutet:	MYMEMORY WARNING: YOU USED ALL AVAILABLE FREE TRANSLATIONS FOR TODAY. NEXT AVAILABLE IN 03 HOURS 25 MINUTES 26 SECONDS VISIT HTTPS://MYMEMOR…	Six in the third place means:	Primera línea poco alineada (Jaccard 0%). | Solapamiento léxico bajo MT↔Baynes (0%).
43	L3_etiqueta	pair	0%	0%	divergent	Divergente	Neun auf drittem Platz bedeutet:	MYMEMORY WARNING: YOU USED ALL AVAILABLE FREE TRANSLATIONS FOR TODAY. NEXT AVAILABLE IN 03 HOURS 25 MINUTES 26 SECONDS VISIT HTTPS://MYMEMOR…	Nine in the third place means:	Primera línea poco alineada (Jaccard 0%). | Solapamiento léxico bajo MT↔Baynes (0%).
44	L3_etiqueta	pair	0%	0%	divergent	Divergente	Neun auf drittem Platz bedeutet:	MYMEMORY WARNING: YOU USED ALL AVAILABLE FREE TRANSLATIONS FOR TODAY. NEXT AVAILABLE IN 03 HOURS 25 MINUTES 26 SECONDS VISIT HTTPS://MYMEMOR…	Nine in the third place means:	Primera línea poco alineada (Jaccard 0%). | Solapamiento léxico bajo MT↔Baynes (0%).
45	L3_etiqueta	pair	0%	0%	divergent	Divergente	Sechs auf drittem Platz bedeutet:	MYMEMORY WARNING: YOU USED ALL AVAILABLE FREE TRANSLATIONS FOR TODAY. NEXT AVAILABLE IN 03 HOURS 25 MINUTES 26 SECONDS VISIT HTTPS://MYMEMOR…	Six in the third place means:	Primera línea poco alineada (Jaccard 0%). | Solapamiento léxico bajo MT↔Baynes (0%).
46	L3_etiqueta	pair	0%	0%	divergent	Divergente	Neun auf drittem Platz bedeutet:	MYMEMORY WARNING: YOU USED ALL AVAILABLE FREE TRANSLATIONS FOR TODAY. NEXT AVAILABLE IN 03 HOURS 25 MINUTES 26 SECONDS VISIT HTTPS://MYMEMOR…	Nine in the third place means:	Primera línea poco alineada (Jaccard 0%). | Solapamiento léxico bajo MT↔Baynes (0%).
47	L3_etiqueta	pair	0%	0%	divergent	Divergente	Sechs auf drittem Platz bedeutet:	MYMEMORY WARNING: YOU USED ALL AVAILABLE FREE TRANSLATIONS FOR TODAY. NEXT AVAILABLE IN 03 HOURS 25 MINUTES 26 SECONDS VISIT HTTPS://MYMEMOR…	Six in the third place means:	Primera línea poco alineada (Jaccard 0%). | Solapamiento léxico bajo MT↔Baynes (0%).
48	L3_etiqueta	pair	0%	0%	divergent	Divergente	Neun auf drittem Platz bedeutet:	MYMEMORY WARNING: YOU USED ALL AVAILABLE FREE TRANSLATIONS FOR TODAY. NEXT AVAILABLE IN 03 HOURS 25 MINUTES 26 SECONDS VISIT HTTPS://MYMEMOR…	Nine in the third place means:	Primera línea poco alineada (Jaccard 0%). | Solapamiento léxico bajo MT↔Baynes (0%).
49	L3_etiqueta	pair	0%	0%	divergent	Divergente	Neun auf drittem Platz bedeutet:	MYMEMORY WARNING: YOU USED ALL AVAILABLE FREE TRANSLATIONS FOR TODAY. NEXT AVAILABLE IN 03 HOURS 25 MINUTES 26 SECONDS VISIT HTTPS://MYMEMOR…	Nine in the third place means:	Primera línea poco alineada (Jaccard 0%). | Solapamiento léxico bajo MT↔Baynes (0%).
50	L3_etiqueta	pair	0%	0%	divergent	Divergente	Neun auf drittem Platz bedeutet:	MYMEMORY WARNING: YOU USED ALL AVAILABLE FREE TRANSLATIONS FOR TODAY. NEXT AVAILABLE IN 03 HOURS 25 MINUTES 26 SECONDS VISIT HTTPS://MYMEMOR…	Nine in the third place means:	Primera línea poco alineada (Jaccard 0%). | Solapamiento léxico bajo MT↔Baynes (0%).
51	L3_etiqueta	pair	0%	0%	divergent	Divergente	Sechs auf drittem Platz bedeutet:	MYMEMORY WARNING: YOU USED ALL AVAILABLE FREE TRANSLATIONS FOR TODAY. NEXT AVAILABLE IN 03 HOURS 25 MINUTES 26 SECONDS VISIT HTTPS://MYMEMOR…	Six in the third place means:	Primera línea poco alineada (Jaccard 0%). | Solapamiento léxico bajo MT↔Baynes (0%).
52	L3_etiqueta	pair	0%	0%	divergent	Divergente	Neun auf drittem Platz bedeutet:	MYMEMORY WARNING: YOU USED ALL AVAILABLE FREE TRANSLATIONS FOR TODAY. NEXT AVAILABLE IN 03 HOURS 25 MINUTES 26 SECONDS VISIT HTTPS://MYMEMOR…	Nine in the third place means:	Primera línea poco alineada (Jaccard 0%). | Solapamiento léxico bajo MT↔Baynes (0%).
53	L3_etiqueta	pair	0%	0%	divergent	Divergente	Neun auf drittem Platz bedeutet:	MYMEMORY WARNING: YOU USED ALL AVAILABLE FREE TRANSLATIONS FOR TODAY. NEXT AVAILABLE IN 03 HOURS 25 MINUTES 26 SECONDS VISIT HTTPS://MYMEMOR…	Nine in the third place means:	Primera línea poco alineada (Jaccard 0%). | Solapamiento léxico bajo MT↔Baynes (0%).
54	L3_etiqueta	pair	0%	0%	divergent	Divergente	Sechs auf drittem Platz bedeutet:	MYMEMORY WARNING: YOU USED ALL AVAILABLE FREE TRANSLATIONS FOR TODAY. NEXT AVAILABLE IN 03 HOURS 25 MINUTES 26 SECONDS VISIT HTTPS://MYMEMOR…	Six in the third place means:	Primera línea poco alineada (Jaccard 0%). | Solapamiento léxico bajo MT↔Baynes (0%).
55	L3_etiqueta	pair	0%	0%	divergent	Divergente	Neun auf drittem Platz bedeutet:	MYMEMORY WARNING: YOU USED ALL AVAILABLE FREE TRANSLATIONS FOR TODAY. NEXT AVAILABLE IN 03 HOURS 25 MINUTES 26 SECONDS VISIT HTTPS://MYMEMOR…	Nine in the third place means:	Primera línea poco alineada (Jaccard 0%). | Solapamiento léxico bajo MT↔Baynes (0%).
56	L3_etiqueta	pair	0%	0%	divergent	Divergente	Neun auf drittem Platz bedeutet:	MYMEMORY WARNING: YOU USED ALL AVAILABLE FREE TRANSLATIONS FOR TODAY. NEXT AVAILABLE IN 03 HOURS 25 MINUTES 26 SECONDS VISIT HTTPS://MYMEMOR…	Nine in the third place means:	Primera línea poco alineada (Jaccard 0%). | Solapamiento léxico bajo MT↔Baynes (0%).
57	L3_etiqueta	pair	0%	0%	divergent	Divergente	Neun auf drittem Platz bedeutet:	MYMEMORY WARNING: YOU USED ALL AVAILABLE FREE TRANSLATIONS FOR TODAY. NEXT AVAILABLE IN 03 HOURS 25 MINUTES 26 SECONDS VISIT HTTPS://MYMEMOR…	Nine in the third place means:	Primera línea poco alineada (Jaccard 0%). | Solapamiento léxico bajo MT↔Baynes (0%).
58	L3_etiqueta	pair	0%	0%	divergent	Divergente	Sechs auf drittem Platz bedeutet:	MYMEMORY WARNING: YOU USED ALL AVAILABLE FREE TRANSLATIONS FOR TODAY. NEXT AVAILABLE IN 03 HOURS 25 MINUTES 26 SECONDS VISIT HTTPS://MYMEMOR…	Six in the third place means:	Primera línea poco alineada (Jaccard 0%). | Solapamiento léxico bajo MT↔Baynes (0%).
59	L3_etiqueta	pair	0%	0%	divergent	Divergente	Sechs auf drittem Platz bedeutet:	MYMEMORY WARNING: YOU USED ALL AVAILABLE FREE TRANSLATIONS FOR TODAY. NEXT AVAILABLE IN 03 HOURS 25 MINUTES 26 SECONDS VISIT HTTPS://MYMEMOR…	Six in the third place means:	Primera línea poco alineada (Jaccard 0%). | Solapamiento léxico bajo MT↔Baynes (0%).
60	L3_etiqueta	pair	0%	0%	divergent	Divergente	Sechs auf drittem Platz bedeutet:	MYMEMORY WARNING: YOU USED ALL AVAILABLE FREE TRANSLATIONS FOR TODAY. NEXT AVAILABLE IN 03 HOURS 25 MINUTES 26 SECONDS VISIT HTTPS://MYMEMOR…	Six in the third place means:	Primera línea poco alineada (Jaccard 0%). | Solapamiento léxico bajo MT↔Baynes (0%).
61	L3_etiqueta	pair	0%	0%	divergent	Divergente	Sechs auf drittem Platz bedeutet:	MYMEMORY WARNING: YOU USED ALL AVAILABLE FREE TRANSLATIONS FOR TODAY. NEXT AVAILABLE IN 03 HOURS 25 MINUTES 26 SECONDS VISIT HTTPS://MYMEMOR…	Six in the third place means:	Primera línea poco alineada (Jaccard 0%). | Solapamiento léxico bajo MT↔Baynes (0%).
62	L3_etiqueta	pair	0%	0%	divergent	Divergente	Neun auf drittem Platz bedeutet:	MYMEMORY WARNING: YOU USED ALL AVAILABLE FREE TRANSLATIONS FOR TODAY. NEXT AVAILABLE IN 03 HOURS 25 MINUTES 26 SECONDS VISIT HTTPS://MYMEMOR…	Nine in the third place means:	Primera línea poco alineada (Jaccard 0%). | Solapamiento léxico bajo MT↔Baynes (0%).
63	L3_etiqueta	pair	0%	0%	divergent	Divergente	Neun auf drittem Platz bedeutet:	MYMEMORY WARNING: YOU USED ALL AVAILABLE FREE TRANSLATIONS FOR TODAY. NEXT AVAILABLE IN 03 HOURS 25 MINUTES 26 SECONDS VISIT HTTPS://MYMEMOR…	Nine in the third place means:	Primera línea poco alineada (Jaccard 0%). | Solapamiento léxico bajo MT↔Baynes (0%).
64	L3_etiqueta	pair	0%	0%	divergent	Divergente	Sechs auf drittem Platz bedeutet:	MYMEMORY WARNING: YOU USED ALL AVAILABLE FREE TRANSLATIONS FOR TODAY. NEXT AVAILABLE IN 03 HOURS 25 MINUTES 26 SECONDS VISIT HTTPS://MYMEMOR…	Six in the third place means:	Primera línea poco alineada (Jaccard 0%). | Solapamiento léxico bajo MT↔Baynes (0%).
1	L3_oraculo	pair	3%	3%	divergent	Divergente	Der Edle ist den ganzen Tag schöpferisch tätig. Des Abends noch ist er voll innerer Sorge. Gefahr. Kein Makel.	MYMEMORY WARNING: YOU USED ALL AVAILABLE FREE TRANSLATIONS FOR TODAY. NEXT AVAILABLE IN 03 HOURS 25 MINUTES 26 SECONDS VISIT HTTPS://MYMEMOR…	All day long the superior man is creatively active. At nightfall his mind is still beset with cares. Danger. No blame.	Primera línea poco alineada (Jaccard 3%). | Solapamiento léxico bajo MT↔Baynes (3%).
2	L3_oraculo	pair	3%	0%	divergent	Divergente	Verborgene Linien; man vermag beharrlich zu bleiben. Folgst du etwa eines Königs Diensten, so suche nicht Werke, aber vollende!	MYMEMORY WARNING: YOU USED ALL AVAILABLE FREE TRANSLATIONS FOR TODAY. NEXT AVAILABLE IN 03 HOURS 25 MINUTES 26 SECONDS VISIT HTTPS://MYMEMOR…	Hidden lines. One is able to remain persevering. If by chance you are in the service of a king, Seek not works, but bring to completion.	Primera línea poco alineada (Jaccard 0%). | Solapamiento léxico bajo MT↔Baynes (3%).
3	L3_oraculo	pair	0%	0%	divergent	Divergente	Wer den Hirsch jagt ohne Förster, der verirrt sich nur im Wald. Der Edle versteht die Zeichen der Zeit und steht lieber ab. Weitermachen bri…	MYMEMORY WARNING: YOU USED ALL AVAILABLE FREE TRANSLATIONS FOR TODAY. NEXT AVAILABLE IN 03 HOURS 25 MINUTES 26 SECONDS VISIT HTTPS://MYMEMOR…	Whoever hunts deer without the forester Only loses his way in the forest. The superior man understands the signs of the time And prefers to …	Primera línea poco alineada (Jaccard 0%). | Solapamiento léxico bajo MT↔Baynes (0%).
4	L3_oraculo	pair	0%	0%	divergent	Divergente	Nicht sollst du ein Mädchen nehmen, das einen ehernen Mann sieht und sich nicht im Besitz behält. Nichts ist fördernd.	MYMEMORY WARNING: YOU USED ALL AVAILABLE FREE TRANSLATIONS FOR TODAY. NEXT AVAILABLE IN 03 HOURS 25 MINUTES 26 SECONDS VISIT HTTPS://MYMEMOR…	Take not a maiden who, when she sees a man of bronze, Loses possession of herself. Nothing furthers.	Primera línea poco alineada (Jaccard 0%). | Solapamiento léxico bajo MT↔Baynes (0%).
5	L3_oraculo	pair	0%	0%	divergent	Divergente	Warten im Schlamm bewirkt das Kommen des Feindes.	MYMEMORY WARNING: YOU USED ALL AVAILABLE FREE TRANSLATIONS FOR TODAY. NEXT AVAILABLE IN 03 HOURS 25 MINUTES 26 SECONDS VISIT HTTPS://MYMEMOR…	Waiting in the mud Brings about the arrival of the enemy.	Primera línea poco alineada (Jaccard 0%). | Solapamiento léxico bajo MT↔Baynes (0%).
6	L3_oraculo	pair	2%	0%	divergent	Divergente	Von alter Tugend sich nähren, gibt Beharrlichkeit. Gefahr, am Ende kommt Heil. Folgst du etwa eines Königs Diensten, so suche nicht Werke.	MYMEMORY WARNING: YOU USED ALL AVAILABLE FREE TRANSLATIONS FOR TODAY. NEXT AVAILABLE IN 03 HOURS 25 MINUTES 25 SECONDS VISIT HTTPS://MYMEMOR…	To nourish oneself on ancient virtue induces perseverance. Danger. In the end, good fortune comes. If by chance you are in the service of a …	Primera línea poco alineada (Jaccard 0%). | Solapamiento léxico bajo MT↔Baynes (2%).
7	L3_oraculo	pair	0%	0%	divergent	Divergente	Das Heer führt etwa im Wagen Leichen. Unheil!	MYMEMORY WARNING: YOU USED ALL AVAILABLE FREE TRANSLATIONS FOR TODAY. NEXT AVAILABLE IN 03 HOURS 25 MINUTES 25 SECONDS VISIT HTTPS://MYMEMOR…	Perchance the army carries corpses in the wagon. Misfortune.	Primera línea poco alineada (Jaccard 0%). | Solapamiento léxico bajo MT↔Baynes (0%).
8	L3_oraculo	pair	3%	3%	divergent	Divergente	Du hältst zusammen mit Menschen, die nicht die rechten sind.	MYMEMORY WARNING: YOU USED ALL AVAILABLE FREE TRANSLATIONS FOR TODAY. NEXT AVAILABLE IN 03 HOURS 25 MINUTES 25 SECONDS VISIT HTTPS://MYMEMOR…	You hold together with the wrong people.	Primera línea poco alineada (Jaccard 3%). | Solapamiento léxico bajo MT↔Baynes (3%).
9	L3_oraculo	pair	0%	0%	divergent	Divergente	Dem Wagen springen die Speichen ab. Mann und Frau verdrehen die Augen.	MYMEMORY WARNING: YOU USED ALL AVAILABLE FREE TRANSLATIONS FOR TODAY. NEXT AVAILABLE IN 03 HOURS 25 MINUTES 25 SECONDS VISIT HTTPS://MYMEMOR…	The spokes burst out of the wagon wheels. Man and wife roll their eyes.	Primera línea poco alineada (Jaccard 0%). | Solapamiento léxico bajo MT↔Baynes (0%).
10	L3_oraculo	pair	0%	0%	divergent	Divergente	Ein Einäugiger kann sehen, ein Lahmer kann auftreten. Er tritt auf des Tigers Schwanz. Der beißt den Menschen. Unheil! Ein Krieger handelt s…	MYMEMORY WARNING: YOU USED ALL AVAILABLE FREE TRANSLATIONS FOR TODAY. NEXT AVAILABLE IN 03 HOURS 25 MINUTES 25 SECONDS VISIT HTTPS://MYMEMOR…	A one-eyed man is able to see, A lame man is able to tread. He treads on the tail of the tiger. The tiger bites the man. Misfortune. Thus do…	Primera línea poco alineada (Jaccard 0%). | Solapamiento léxico bajo MT↔Baynes (0%).
11	L3_oraculo	pair	2%	0%	divergent	Divergente	Keine Ebene, auf die nicht ein Abhang folgt, kein Hingang, auf den nicht die Wiederkehr folgt. Ohne Makel ist, wer beharrlich bleibt in Gefa…	MYMEMORY WARNING: YOU USED ALL AVAILABLE FREE TRANSLATIONS FOR TODAY. NEXT AVAILABLE IN 03 HOURS 25 MINUTES 25 SECONDS VISIT HTTPS://MYMEMOR…	No plain not followed by a slope. No going not followed by a return. He who remains persevering in danger Is without blame. Do not complain …	Primera línea poco alineada (Jaccard 0%). | Solapamiento léxico bajo MT↔Baynes (2%).
12	L3_oraculo	pair	0%	0%	divergent	Divergente	Sie tragen Scham.	MYMEMORY WARNING: YOU USED ALL AVAILABLE FREE TRANSLATIONS FOR TODAY. NEXT AVAILABLE IN 03 HOURS 25 MINUTES 25 SECONDS VISIT HTTPS://MYMEMOR…	They bear shame.	Primera línea poco alineada (Jaccard 0%). | Solapamiento léxico bajo MT↔Baynes (0%).
13	L3_oraculo	pair	3%	0%	divergent	Divergente	Versteckt Waffen im Dickicht, steigt auf den hohen Hügel davor. Drei Jahre lang erhebt er sich nicht.	MYMEMORY WARNING: YOU USED ALL AVAILABLE FREE TRANSLATIONS FOR TODAY. NEXT AVAILABLE IN 03 HOURS 25 MINUTES 25 SECONDS VISIT HTTPS://MYMEMOR…	He hides weapons in the thicket; He climbs the high hill in front of it. For three years he does not rise up.	Primera línea poco alineada (Jaccard 0%). | Solapamiento léxico bajo MT↔Baynes (3%).
14	L3_oraculo	pair	0%	0%	divergent	Divergente	Ein Fürst bringt ihn dem Sohn des Himmels dar. Ein kleiner Mensch kann das nicht.	MYMEMORY WARNING: YOU USED ALL AVAILABLE FREE TRANSLATIONS FOR TODAY. NEXT AVAILABLE IN 03 HOURS 25 MINUTES 25 SECONDS VISIT HTTPS://MYMEMOR…	A prince offers it to the Son of Heaven. A petty man cannot do this.	Primera línea poco alineada (Jaccard 0%). | Solapamiento léxico bajo MT↔Baynes (0%).
15	L3_oraculo	pair	0%	0%	divergent	Divergente	Ein verdienstvoll-bescheidener Edler bringt zu Ende. Heil!	MYMEMORY WARNING: YOU USED ALL AVAILABLE FREE TRANSLATIONS FOR TODAY. NEXT AVAILABLE IN 03 HOURS 25 MINUTES 25 SECONDS VISIT HTTPS://MYMEMOR…	A superior man of modesty and merit Carries things to conclusion. Good fortune.	Primera línea poco alineada (Jaccard 0%). | Solapamiento léxico bajo MT↔Baynes (0%).
16	L3_oraculo	pair	0%	0%	divergent	Divergente	Nach oben blickende Begeisterung schafft Reue. Zögern bringt Reue.	MYMEMORY WARNING: YOU USED ALL AVAILABLE FREE TRANSLATIONS FOR TODAY. NEXT AVAILABLE IN 03 HOURS 25 MINUTES 24 SECONDS VISIT HTTPS://MYMEMOR…	Enthusiasm that looks upward creates remorse. Hesitation brings remorse.	Primera línea poco alineada (Jaccard 0%). | Solapamiento léxico bajo MT↔Baynes (0%).
17	L3_oraculo	pair	0%	0%	divergent	Divergente	Hängt man dem starken Mann an, so verliert man den kleinen Knaben. Durch Nachfolge findet man, was man sucht. Fördernd ist es, beharrlich zu…	MYMEMORY WARNING: YOU USED ALL AVAILABLE FREE TRANSLATIONS FOR TODAY. NEXT AVAILABLE IN 03 HOURS 25 MINUTES 24 SECONDS VISIT HTTPS://MYMEMOR…	If one clings to the strong man, One loses the little boy. Through following one finds what one seeks. It furthers one to remain persevering…	Primera línea poco alineada (Jaccard 0%). | Solapamiento léxico bajo MT↔Baynes (0%).
18	L3_oraculo	pair	0%	0%	divergent	Divergente	Zurechtbringen des vom Vater Verdorbenen. Ein wenig wird es Reue geben. Kein großer Makel.	MYMEMORY WARNING: YOU USED ALL AVAILABLE FREE TRANSLATIONS FOR TODAY. NEXT AVAILABLE IN 03 HOURS 25 MINUTES 24 SECONDS VISIT HTTPS://MYMEMOR…	Setting right what has been spoiled by the father. There will be a little remorse. No great blame.	Primera línea poco alineada (Jaccard 0%). | Solapamiento léxico bajo MT↔Baynes (0%).
19	L3_oraculo	pair	3%	0%	divergent	Divergente	Behagliche Annäherung. Nichts, das fördernd wäre. Erreicht man Trauer darüber, so wird man ohne Makel.	MYMEMORY WARNING: YOU USED ALL AVAILABLE FREE TRANSLATIONS FOR TODAY. NEXT AVAILABLE IN 03 HOURS 25 MINUTES 24 SECONDS VISIT HTTPS://MYMEMOR…	Comfortable approach. Nothing that would further. If one is induced to grieve over it, One becomes free of blame.	Primera línea poco alineada (Jaccard 0%). | Solapamiento léxico bajo MT↔Baynes (3%).
20	L3_oraculo	pair	0%	0%	divergent	Divergente	Betrachtung meines Lebens entscheidet über Fortschritt oder Rückzug.	MYMEMORY WARNING: YOU USED ALL AVAILABLE FREE TRANSLATIONS FOR TODAY. NEXT AVAILABLE IN 03 HOURS 25 MINUTES 24 SECONDS VISIT HTTPS://MYMEMOR…	Contemplation of my life Decides the choice Between advance and retreat.	Primera línea poco alineada (Jaccard 0%). | Solapamiento léxico bajo MT↔Baynes (0%).
21	L3_oraculo	pair	0%	0%	divergent	Divergente	Beißt auf altes Dörrfleisch und trifft auf Giftiges. Kleine Beschämung. Kein Makel.	MYMEMORY WARNING: YOU USED ALL AVAILABLE FREE TRANSLATIONS FOR TODAY. NEXT AVAILABLE IN 03 HOURS 25 MINUTES 24 SECONDS VISIT HTTPS://MYMEMOR…	Bites on old dried meat And strikes on something poisonous. Slight humiliation. No blame.	Primera línea poco alineada (Jaccard 0%). | Solapamiento léxico bajo MT↔Baynes (0%).
22	L3_oraculo	pair	0%	0%	divergent	Divergente	Anmutig und feucht. Dauernde Beharrlichkeit bringt Heil.	MYMEMORY WARNING: YOU USED ALL AVAILABLE FREE TRANSLATIONS FOR TODAY. NEXT AVAILABLE IN 03 HOURS 25 MINUTES 24 SECONDS VISIT HTTPS://MYMEMOR…	Graceful and moist. Constant perseverance brings good fortune.	Primera línea poco alineada (Jaccard 0%). | Solapamiento léxico bajo MT↔Baynes (0%).
23	L3_oraculo	pair	0%	0%	divergent	Divergente	Er zersplittert sich mit ihnen. Kein Makel.	MYMEMORY WARNING: YOU USED ALL AVAILABLE FREE TRANSLATIONS FOR TODAY. NEXT AVAILABLE IN 03 HOURS 25 MINUTES 24 SECONDS VISIT HTTPS://MYMEMOR…	He splits with them. No blame.	Primera línea poco alineada (Jaccard 0%). | Solapamiento léxico bajo MT↔Baynes (0%).
24	L3_oraculo	pair	0%	0%	divergent	Divergente	Mehrfache Wiederkehr. Gefahr. Kein Makel.	MYMEMORY WARNING: YOU USED ALL AVAILABLE FREE TRANSLATIONS FOR TODAY. NEXT AVAILABLE IN 03 HOURS 25 MINUTES 24 SECONDS VISIT HTTPS://MYMEMOR…	Repeated return. Danger. No blame.	Primera línea poco alineada (Jaccard 0%). | Solapamiento léxico bajo MT↔Baynes (0%).
25	L3_oraculo	pair	0%	0%	divergent	Divergente	Unverschuldetes Unglück: Die Kuh, die von jemand angebunden war, ist des Wanderers Gewinn, des Bürgers Verlust.	MYMEMORY WARNING: YOU USED ALL AVAILABLE FREE TRANSLATIONS FOR TODAY. NEXT AVAILABLE IN 03 HOURS 25 MINUTES 23 SECONDS VISIT HTTPS://MYMEMOR…	Undeserved misfortune. The cow that was tethered by someone Is the wanderer's gain, the citizen's loss.	Primera línea poco alineada (Jaccard 0%). | Solapamiento léxico bajo MT↔Baynes (0%).
26	L3_oraculo	pair	0%	0%	divergent	Divergente	Ein gutes Pferd, das andern folgt. Fördernd ist Bewußtsein der Gefahr und Beharrlichkeit. Täglich übe dich im Wagenfahren und Waffenschutz. …	MYMEMORY WARNING: YOU USED ALL AVAILABLE FREE TRANSLATIONS FOR TODAY. NEXT AVAILABLE IN 03 HOURS 25 MINUTES 23 SECONDS VISIT HTTPS://MYMEMOR…	A good horse that follows others. Awareness of danger, With perseverance, furthers. Practice chariot driving and armed defense daily. It fur…	Primera línea poco alineada (Jaccard 0%). | Solapamiento léxico bajo MT↔Baynes (0%).
27	L3_oraculo	pair	3%	0%	divergent	Divergente	Abweichen von der Ernährung. Beharrlichkeit bringt Unheil.	MYMEMORY WARNING: YOU USED ALL AVAILABLE FREE TRANSLATIONS FOR TODAY. NEXT AVAILABLE IN 03 HOURS 25 MINUTES 23 SECONDS VISIT HTTPS://MYMEMOR…	Turning away from nourishment. Perseverance brings misfortune. Do not act thus for ten years. Nothing serves to further.	Primera línea poco alineada (Jaccard 0%). | Solapamiento léxico bajo MT↔Baynes (3%).
28	L3_oraculo	pair	0%	0%	divergent	Divergente	Der Firstbalken biegt sich durch. Unheil.	MYMEMORY WARNING: YOU USED ALL AVAILABLE FREE TRANSLATIONS FOR TODAY. NEXT AVAILABLE IN 03 HOURS 25 MINUTES 23 SECONDS VISIT HTTPS://MYMEMOR…	The ridgepole sags to the breaking point. Misfortune.	Primera línea poco alineada (Jaccard 0%). | Solapamiento léxico bajo MT↔Baynes (0%).
29	L3_oraculo	pair	2%	0%	divergent	Divergente	Vorwärts und rückwärts, Abgrund über Abgrund. In solcher Gefahr halte zunächst inne, sonst kommst du im Abgrund in ein Loch. Handle nicht so…	MYMEMORY WARNING: YOU USED ALL AVAILABLE FREE TRANSLATIONS FOR TODAY. NEXT AVAILABLE IN 03 HOURS 25 MINUTES 23 SECONDS VISIT HTTPS://MYMEMOR…	Forward and backward, abyss on abyss. In danger like this, pause at first and wait, Otherwise you will fall into a pit in the abyss. Do not …	Primera línea poco alineada (Jaccard 0%). | Solapamiento léxico bajo MT↔Baynes (2%).
30	L3_oraculo	pair	0%	0%	divergent	Divergente	Beim Schein der untergehenden Sonne schlagen die Menschen entweder auf den Topf und singen,	MYMEMORY WARNING: YOU USED ALL AVAILABLE FREE TRANSLATIONS FOR TODAY. NEXT AVAILABLE IN 03 HOURS 25 MINUTES 23 SECONDS VISIT HTTPS://MYMEMOR…	In the light of the setting sun, Men either beat the pot and sing Or loudly bewail the approach of old age. Misfortune.	Primera línea poco alineada (Jaccard 0%). | Solapamiento léxico bajo MT↔Baynes (0%).
31	L3_oraculo	pair	0%	0%	divergent	Divergente	Die Einwirkung äußert sich in den Schenkeln. Hält sich an das, was ihm folgt. Weitermachen ist beschämend.	MYMEMORY WARNING: YOU USED ALL AVAILABLE FREE TRANSLATIONS FOR TODAY. NEXT AVAILABLE IN 03 HOURS 25 MINUTES 23 SECONDS VISIT HTTPS://MYMEMOR…	The influence shows itself in the thighs. Holds to that which follows it. To continue is humiliating.	Primera línea poco alineada (Jaccard 0%). | Solapamiento léxico bajo MT↔Baynes (0%).
32	L3_oraculo	pair	0%	0%	divergent	Divergente	Wer seinem Charakter nicht Dauer gibt, dem bietet man Schande. Beharrliche Beschämung.	MYMEMORY WARNING: YOU USED ALL AVAILABLE FREE TRANSLATIONS FOR TODAY. NEXT AVAILABLE IN 03 HOURS 25 MINUTES 23 SECONDS VISIT HTTPS://MYMEMOR…	He who does not give duration to his character Meets with disgrace. Persistent humiliation.	Primera línea poco alineada (Jaccard 0%). | Solapamiento léxico bajo MT↔Baynes (0%).
33	L3_oraculo	pair	0%	0%	divergent	Divergente	Aufgehaltener Rückzug ist peinlich und gefahrvoll. Die Menschen als Knechte und Mägde zu halten, bringt Heil.	MYMEMORY WARNING: YOU USED ALL AVAILABLE FREE TRANSLATIONS FOR TODAY. NEXT AVAILABLE IN 03 HOURS 25 MINUTES 23 SECONDS VISIT HTTPS://MYMEMOR…	A halted retreat Is nerve-wracking and dangerous. To retain people as men- and maidservants Brings good fortune.	Primera línea poco alineada (Jaccard 0%). | Solapamiento léxico bajo MT↔Baynes (0%).
34	L3_oraculo	pair	0%	0%	divergent	Divergente	Der Gemeine wirkt durch Macht, der Edle wirkt nicht so. Fortmachen ist gefährlich. Ein Ziegenbock stößt gegen eine Hecke und verwickelt sein…	MYMEMORY WARNING: YOU USED ALL AVAILABLE FREE TRANSLATIONS FOR TODAY. NEXT AVAILABLE IN 03 HOURS 25 MINUTES 23 SECONDS VISIT HTTPS://MYMEMOR…	The inferior man works through power. The superior man does not act thus. To continue is dangerous. A goat butts against a hedge And gets it…	Primera línea poco alineada (Jaccard 0%). | Solapamiento léxico bajo MT↔Baynes (0%).
35	L3_oraculo	pair	4%	4%	divergent	Divergente	Alle sind einverstanden. Die Reue schwindet.	MYMEMORY WARNING: YOU USED ALL AVAILABLE FREE TRANSLATIONS FOR TODAY. NEXT AVAILABLE IN 03 HOURS 25 MINUTES 22 SECONDS VISIT HTTPS://MYMEMOR…	All are in accord. Remorse disappears.	Primera línea poco alineada (Jaccard 4%). | Solapamiento léxico bajo MT↔Baynes (4%).
36	L3_oraculo	pair	0%	0%	divergent	Divergente	Die Verfinsterung des Lichts auf der Jagd im Süden. Man bekommt ihr großes Haupt. Man darf nicht zu eilig Beharrlichkeit erwarten.	MYMEMORY WARNING: YOU USED ALL AVAILABLE FREE TRANSLATIONS FOR TODAY. NEXT AVAILABLE IN 03 HOURS 25 MINUTES 22 SECONDS VISIT HTTPS://MYMEMOR…	Darkening of the light during the hunt in the south. Their great leader is captured. One must not expect perseverance too soon.	Primera línea poco alineada (Jaccard 0%). | Solapamiento léxico bajo MT↔Baynes (0%).
37	L3_oraculo	pair	0%	0%	divergent	Divergente	Wenn es in der Sippe hitzig zugeht, so entsteht Reue über zu große Strenge. Doch Heil! Wenn Weib und Kind tändeln und lachen, so führt das s…	MYMEMORY WARNING: YOU USED ALL AVAILABLE FREE TRANSLATIONS FOR TODAY. NEXT AVAILABLE IN 03 HOURS 25 MINUTES 22 SECONDS VISIT HTTPS://MYMEMOR…	When tempers flare up in the family, Too great severity brings remorse. Good fortune nonetheless. When woman and child dally and laugh, It l…	Primera línea poco alineada (Jaccard 0%). | Solapamiento léxico bajo MT↔Baynes (0%).
38	L3_oraculo	pair	0%	0%	divergent	Divergente	Man sieht den Wagen nach hinten gezerrt, die Rinder festgehalten, dem Menschen Haare und Nase abgeschnitten. Kein guter Anfang, aber ein gut…	MYMEMORY WARNING: YOU USED ALL AVAILABLE FREE TRANSLATIONS FOR TODAY. NEXT AVAILABLE IN 03 HOURS 25 MINUTES 22 SECONDS VISIT HTTPS://MYMEMOR…	One sees the wagon dragged back, The oxen halted, A man's hair and nose cut off. Not a good beginning, but a good end.	Primera línea poco alineada (Jaccard 0%). | Solapamiento léxico bajo MT↔Baynes (0%).
39	L3_oraculo	pair	0%	0%	divergent	Divergente	Gehen führt in Hemmnisse; da kommt er zurück.	MYMEMORY WARNING: YOU USED ALL AVAILABLE FREE TRANSLATIONS FOR TODAY. NEXT AVAILABLE IN 03 HOURS 25 MINUTES 22 SECONDS VISIT HTTPS://MYMEMOR…	Going leads to obstructions; Hence he comes back.	Primera línea poco alineada (Jaccard 0%). | Solapamiento léxico bajo MT↔Baynes (0%).
40	L3_oraculo	pair	0%	0%	divergent	Divergente	Wenn einer eine Last auf dem Rücken trägt und trotzdem auf dem Wagen fährt, veranlaßt er dadurch die Räuber, herbeizukommen. Beharrlichkeit …	MYMEMORY WARNING: YOU USED ALL AVAILABLE FREE TRANSLATIONS FOR TODAY. NEXT AVAILABLE IN 03 HOURS 25 MINUTES 22 SECONDS VISIT HTTPS://MYMEMOR…	If a man carries a burden on his back And nonetheless rides in a carriage, He thereby encourages robbers to draw near. Perseverance leads to…	Primera línea poco alineada (Jaccard 0%). | Solapamiento léxico bajo MT↔Baynes (0%).
41	L3_oraculo	pair	0%	0%	divergent	Divergente	Wenn drei Menschen miteinander wandern, so vermindern sie sich um einen Menschen. Wenn ein Mensch wandert, so findet er seinen Gefährten.	MYMEMORY WARNING: YOU USED ALL AVAILABLE FREE TRANSLATIONS FOR TODAY. NEXT AVAILABLE IN 03 HOURS 25 MINUTES 22 SECONDS VISIT HTTPS://MYMEMOR…	When three people journey together, Their number decreases by one. When one man journeys alone, He finds a companion.	Primera línea poco alineada (Jaccard 0%). | Solapamiento léxico bajo MT↔Baynes (0%).
42	L3_oraculo	pair	3%	0%	divergent	Divergente	Man wird gemehrt durch unheilvolle Ereignisse. Kein Makel, wenn du wahrhaftig bist und in der Mitte wandelst und dem Fürsten berichtest mit …	MYMEMORY WARNING: YOU USED ALL AVAILABLE FREE TRANSLATIONS FOR TODAY. NEXT AVAILABLE IN 03 HOURS 25 MINUTES 22 SECONDS VISIT HTTPS://MYMEMOR…	One is enriched through unfortunate events. No blame, if you are sincere And walk in the middle, And report with a seal to the prince.	Primera línea poco alineada (Jaccard 0%). | Solapamiento léxico bajo MT↔Baynes (3%).
43	L3_oraculo	pair	0%	0%	divergent	Divergente	Mächtig in den Backenknochen zu sein bringt Unheil. Der Edle ist fest entschlossen. Er wandelt einsam und kommt in den Regen. Er wird bespri…	MYMEMORY WARNING: YOU USED ALL AVAILABLE FREE TRANSLATIONS FOR TODAY. NEXT AVAILABLE IN 03 HOURS 25 MINUTES 22 SECONDS VISIT HTTPS://MYMEMOR…	To be powerful in the cheekbones Brings misfortune. The superior man is firmly resolved. He walks alone and is caught in the rain. He is bes…	Primera línea poco alineada (Jaccard 0%). | Solapamiento léxico bajo MT↔Baynes (0%).
44	L3_oraculo	pair	0%	0%	divergent	Divergente	An den Oberschenkeln ist keine Haut, und das Gehen fällt schwer. Wenn man der Gefahr eingedenk ist, macht man keinen großen Fehler.	MYMEMORY WARNING: YOU USED ALL AVAILABLE FREE TRANSLATIONS FOR TODAY. NEXT AVAILABLE IN 03 HOURS 25 MINUTES 22 SECONDS VISIT HTTPS://MYMEMOR…	There is no skin on his thighs, And walking comes hard. If one is mindful of the danger, No great mistake is made.	Primera línea poco alineada (Jaccard 0%). | Solapamiento léxico bajo MT↔Baynes (0%).
45	L3_oraculo	pair	0%	0%	divergent	Divergente	Sammlung unter Seufzen. Nichts, das fördernd wäre. Hingehen ist ohne Makel. Kleine Beschämung.	MYMEMORY WARNING: YOU USED ALL AVAILABLE FREE TRANSLATIONS FOR TODAY. NEXT AVAILABLE IN 03 HOURS 25 MINUTES 21 SECONDS VISIT HTTPS://MYMEMOR…	Gathering together amid sighs. Nothing that would further. Going is without blame. Slight humiliation.	Primera línea poco alineada (Jaccard 0%). | Solapamiento léxico bajo MT↔Baynes (0%).
46	L3_oraculo	pair	0%	0%	divergent	Divergente	Man dringt empor in eine leere Stadt.	MYMEMORY WARNING: YOU USED ALL AVAILABLE FREE TRANSLATIONS FOR TODAY. NEXT AVAILABLE IN 03 HOURS 25 MINUTES 21 SECONDS VISIT HTTPS://MYMEMOR…	One pushes upward into an empty city.	Primera línea poco alineada (Jaccard 0%). | Solapamiento léxico bajo MT↔Baynes (0%).
47	L3_oraculo	pair	0%	0%	divergent	Divergente	Man läßt sich bedrängen durch Stein und stützt sich auf Dornen und Disteln.	MYMEMORY WARNING: YOU USED ALL AVAILABLE FREE TRANSLATIONS FOR TODAY. NEXT AVAILABLE IN 03 HOURS 25 MINUTES 21 SECONDS VISIT HTTPS://MYMEMOR…	A man permits himself to be oppressed by stone, And leans on thorns and thistles. He enters his house and does not see his wife. Misfortune.	Primera línea poco alineada (Jaccard 0%). | Solapamiento léxico bajo MT↔Baynes (0%).
48	L3_oraculo	pair	2%	0%	divergent	Divergente	Der Brunnen ist gereinigt, aber man trinkt nicht daraus. Das ist meines Herzens Leid; denn man könnte daraus schöpfen. Wäre der König klar, …	MYMEMORY WARNING: YOU USED ALL AVAILABLE FREE TRANSLATIONS FOR TODAY. NEXT AVAILABLE IN 03 HOURS 25 MINUTES 21 SECONDS VISIT HTTPS://MYMEMOR…	The well is cleaned, but no one drinks from it. This is my heart's sorrow, For one might draw from it. If the king were clear-minded, Good f…	Primera línea poco alineada (Jaccard 0%). | Solapamiento léxico bajo MT↔Baynes (2%).
49	L3_oraculo	pair	0%	0%	divergent	Divergente	Aufbruch bringt Unheil. Beharrlichkeit bringt Gefahr. Wenn die Rede von der Umwälzung dreimal ergangen ist,	MYMEMORY WARNING: YOU USED ALL AVAILABLE FREE TRANSLATIONS FOR TODAY. NEXT AVAILABLE IN 03 HOURS 25 MINUTES 21 SECONDS VISIT HTTPS://MYMEMOR…	Starting brings misfortune. Perseverance brings danger. When talk of revolution has gone the rounds three times, One may commit himself, And…	Primera línea poco alineada (Jaccard 0%). | Solapamiento léxico bajo MT↔Baynes (0%).
50	L3_oraculo	pair	0%	0%	divergent	Divergente	Der Henkel des Tiegels ist verändert. Man ist behindert in seinem Wandel. Das Fett des Fasans wird nicht gegessen.	MYMEMORY WARNING: YOU USED ALL AVAILABLE FREE TRANSLATIONS FOR TODAY. NEXT AVAILABLE IN 03 HOURS 25 MINUTES 21 SECONDS VISIT HTTPS://MYMEMOR…	The handle of the ting is altered. One is impeded in his way of life. The fat of the pheasant is not eaten. Once rain falls, remorse is spen…	Primera línea poco alineada (Jaccard 0%). | Solapamiento léxico bajo MT↔Baynes (0%).
51	L3_oraculo	pair	3%	0%	divergent	Divergente	Das Erschüttern kommt und macht fassungslos. Wenn man infolge des Erschütterns handelt, so bleibt man frei von Unglück.	MYMEMORY WARNING: YOU USED ALL AVAILABLE FREE TRANSLATIONS FOR TODAY. NEXT AVAILABLE IN 03 HOURS 25 MINUTES 21 SECONDS VISIT HTTPS://MYMEMOR…	Shock comes and makes one distraught. If shock spurs to action One remains free of misfortune.	Primera línea poco alineada (Jaccard 0%). | Solapamiento léxico bajo MT↔Baynes (3%).
52	L3_oraculo	pair	0%	0%	divergent	Divergente	Stillehalten seiner Hüften. Steifmachen seines Kreuzbeins. Gefährlich. Das Herz erstickt.	MYMEMORY WARNING: YOU USED ALL AVAILABLE FREE TRANSLATIONS FOR TODAY. NEXT AVAILABLE IN 03 HOURS 25 MINUTES 21 SECONDS VISIT HTTPS://MYMEMOR…	Keeping his hips still. Making his sacrum stiff. Dangerous. The heart suffocates.	Primera línea poco alineada (Jaccard 0%). | Solapamiento léxico bajo MT↔Baynes (0%).
53	L3_oraculo	pair	0%	0%	divergent	Divergente	Die Wildgans zieht allmählich der Hochebene zu. Der Mann zieht aus und kehrt nicht wieder.	MYMEMORY WARNING: YOU USED ALL AVAILABLE FREE TRANSLATIONS FOR TODAY. NEXT AVAILABLE IN 03 HOURS 25 MINUTES 21 SECONDS VISIT HTTPS://MYMEMOR…	The wild goose gradually draws near the plateau. The man goes forth and does not return. The woman carries a child but does not bring it for…	Primera línea poco alineada (Jaccard 0%). | Solapamiento léxico bajo MT↔Baynes (0%).
54	L3_oraculo	pair	0%	0%	divergent	Divergente	Das heiratende Mädchen als Sklavin. Sie heiratet als Nebenfrau.	MYMEMORY WARNING: YOU USED ALL AVAILABLE FREE TRANSLATIONS FOR TODAY. NEXT AVAILABLE IN 03 HOURS 25 MINUTES 20 SECONDS VISIT HTTPS://MYMEMOR…	The marrying maiden as a slave. She marries as a concubine.	Primera línea poco alineada (Jaccard 0%). | Solapamiento léxico bajo MT↔Baynes (0%).
55	L3_oraculo	pair	0%	0%	divergent	Divergente	Das Gestrüpp ist von solcher Fülle, daß man am Mittag die kleinen Sterne sieht. Er bricht seinen rechten Arm. Kein Makel.	MYMEMORY WARNING: YOU USED ALL AVAILABLE FREE TRANSLATIONS FOR TODAY. NEXT AVAILABLE IN 03 HOURS 25 MINUTES 20 SECONDS VISIT HTTPS://MYMEMOR…	The underbrush is of such abundance That the small stars can be seen at noon. He breaks his right arm. No blame.	Primera línea poco alineada (Jaccard 0%). | Solapamiento léxico bajo MT↔Baynes (0%).
56	L3_oraculo	pair	0%	0%	divergent	Divergente	Dem Wanderer verbrennt seine Herberge. Er verliert die Beharrlichkeit seines jungen Dieners. Gefahr.	MYMEMORY WARNING: YOU USED ALL AVAILABLE FREE TRANSLATIONS FOR TODAY. NEXT AVAILABLE IN 03 HOURS 25 MINUTES 20 SECONDS VISIT HTTPS://MYMEMOR…	The wanderer's inn burns down. He loses the steadfastness of his young servant. Danger.	Primera línea poco alineada (Jaccard 0%). | Solapamiento léxico bajo MT↔Baynes (0%).
57	L3_oraculo	pair	0%	0%	divergent	Divergente	Wiederholtes Eindringen. Beschämung.	MYMEMORY WARNING: YOU USED ALL AVAILABLE FREE TRANSLATIONS FOR TODAY. NEXT AVAILABLE IN 03 HOURS 25 MINUTES 20 SECONDS VISIT HTTPS://MYMEMOR…	Repeated penetration. Humiliation.	Primera línea poco alineada (Jaccard 0%). | Solapamiento léxico bajo MT↔Baynes (0%).
58	L3_oraculo	pair	0%	0%	divergent	Divergente	Kommende Heiterkeit. Unheil!	MYMEMORY WARNING: YOU USED ALL AVAILABLE FREE TRANSLATIONS FOR TODAY. NEXT AVAILABLE IN 03 HOURS 25 MINUTES 20 SECONDS VISIT HTTPS://MYMEMOR…	Coming joyousness. Misfortune.	Primera línea poco alineada (Jaccard 0%). | Solapamiento léxico bajo MT↔Baynes (0%).
59	L3_oraculo	pair	0%	0%	divergent	Divergente	Er löst sein Ich auf. Keine Reue.	MYMEMORY WARNING: YOU USED ALL AVAILABLE FREE TRANSLATIONS FOR TODAY. NEXT AVAILABLE IN 03 HOURS 25 MINUTES 20 SECONDS VISIT HTTPS://MYMEMOR…	He dissolves his self. No remorse.	Primera línea poco alineada (Jaccard 0%). | Solapamiento léxico bajo MT↔Baynes (0%).
60	L3_oraculo	pair	0%	0%	divergent	Divergente	Wer keine Beschränkung kennt, wird zu klagen haben. Kein Makel.	MYMEMORY WARNING: YOU USED ALL AVAILABLE FREE TRANSLATIONS FOR TODAY. NEXT AVAILABLE IN 03 HOURS 25 MINUTES 20 SECONDS VISIT HTTPS://MYMEMOR…	He who knows no limitation Will have cause to lament. No blame.	Primera línea poco alineada (Jaccard 0%). | Solapamiento léxico bajo MT↔Baynes (0%).
61	L3_oraculo	pair	0%	0%	divergent	Divergente	Er findet einen Genossen, bald trommelt er, bald hört er auf. Bald schluchzt er, bald singt er.	MYMEMORY WARNING: YOU USED ALL AVAILABLE FREE TRANSLATIONS FOR TODAY. NEXT AVAILABLE IN 03 HOURS 25 MINUTES 20 SECONDS VISIT HTTPS://MYMEMOR…	He finds a comrade. Now he beats the drum, now he stops. Now he sobs, now he sings.	Primera línea poco alineada (Jaccard 0%). | Solapamiento léxico bajo MT↔Baynes (0%).
62	L3_oraculo	pair	0%	0%	divergent	Divergente	Wenn man sich nicht außerordentlich vorsieht, so kommt etwa einer von hinten und schlägt einen. Unheil!	MYMEMORY WARNING: YOU USED ALL AVAILABLE FREE TRANSLATIONS FOR TODAY. NEXT AVAILABLE IN 03 HOURS 25 MINUTES 20 SECONDS VISIT HTTPS://MYMEMOR…	If one is not extremely careful, Somebody may come up from behind and strike him. Misfortune.	Primera línea poco alineada (Jaccard 0%). | Solapamiento léxico bajo MT↔Baynes (0%).
63	L3_oraculo	pair	0%	0%	divergent	Divergente	Der hohe Ahn züchtigt das Teufelsland. Nach drei Jahren überwindet er es. Gemeine darf man nicht verwenden.	MYMEMORY WARNING: YOU USED ALL AVAILABLE FREE TRANSLATIONS FOR TODAY. NEXT AVAILABLE IN 03 HOURS 25 MINUTES 20 SECONDS VISIT HTTPS://MYMEMOR…	The Illustrious Ancestor Disciplines the Devil's Country. After three years he conquers it. Inferior people must not be employed.	Primera línea poco alineada (Jaccard 0%). | Solapamiento léxico bajo MT↔Baynes (0%).
64	L3_oraculo	pair	0%	0%	divergent	Divergente	Vor der Vollendung bringt Angriff Unheil. Fördernd ist es, das große Wasser zu durchqueren.	MYMEMORY WARNING: YOU USED ALL AVAILABLE FREE TRANSLATIONS FOR TODAY. NEXT AVAILABLE IN 03 HOURS 25 MINUTES 19 SECONDS VISIT HTTPS://MYMEMOR…	Before completion, attack brings misfortune. It furthers one to cross the great water.	Primera línea poco alineada (Jaccard 0%). | Solapamiento léxico bajo MT↔Baynes (0%).
1	L3_comentario	pair	2%	2%	divergent	Divergente	Ein Wirkungskreis eröffnet sich für den bedeutenden Mann. Sein Ruhm beginnt sich auszubreiten. Die Massen fallen ihm zu. Seine innere Kraft …	MYMEMORY WARNING: YOU USED ALL AVAILABLE FREE TRANSLATIONS FOR TODAY. NEXT AVAILABLE IN 03 HOURS 25 MINUTES 19 SECONDS VISIT HTTPS://MYMEMOR…	A sphere of influence opens up for the great man. His fame begins to spread. The masses flock to him. His inner power is adequate to the inc…	Primera línea poco alineada (Jaccard 2%). | Solapamiento léxico bajo MT↔Baynes (2%).
2	L3_comentario	pair	3%	3%	divergent	Divergente	Wenn man frei von Eitelkeit ist, so vermag man seine Vorzüge so zu verdecken, daß sie nicht vorzeitig die öffentliche Aufmerksamkeit auf sic…	MYMEMORY WARNING: YOU USED ALL AVAILABLE FREE TRANSLATIONS FOR TODAY. NEXT AVAILABLE IN 03 HOURS 25 MINUTES 19 SECONDS VISIT HTTPS://MYMEMOR…	If a man is free of vanity he is able to conceal his abilities and keep them from attracting attention too soon; thus he can mature undistur…	Primera línea poco alineada (Jaccard 3%). | Solapamiento léxico bajo MT↔Baynes (3%).
3	L3_comentario	pair	0%	0%	divergent	Divergente	Wenn man keinen Führer hat und in einem fremden Walde jagen will, so verirrt man sich. Man darf sich aus den Schwierigkeiten, in denen man s…	MYMEMORY WARNING: YOU USED ALL AVAILABLE FREE TRANSLATIONS FOR TODAY. NEXT AVAILABLE IN 03 HOURS 25 MINUTES 18 SECONDS VISIT HTTPS://MYMEMOR…	If a man tries to hunt in a strange forest and has no guide, he loses his way. When he finds himself in difficulties he must not try to stea…	Primera línea poco alineada (Jaccard 0%). | Solapamiento léxico bajo MT↔Baynes (0%).
4	L3_comentario	pair	1%	1%	divergent	Divergente	Ein schwacher, unerfahrener Mensch, der nach oben strebt, verliert leicht seine persönliche Eigenart, wenn er an hoher Stelle eine starke Pe…	MYMEMORY WARNING: YOU USED ALL AVAILABLE FREE TRANSLATIONS FOR TODAY. NEXT AVAILABLE IN 03 HOURS 25 MINUTES 18 SECONDS VISIT HTTPS://MYMEMOR…	A weak, inexperienced man, struggling to rise, easily loses his own individuality when he slavishly imitates a strong personality of higher …	Primera línea poco alineada (Jaccard 1%). | Solapamiento léxico bajo MT↔Baynes (1%).
5	L3_comentario	pair	3%	3%	divergent	Divergente	Der Schlamm, der schon vom Wasser des Stromes bespült wird, ist kein günstiger Ort für das Warten. Statt die Kräfte zu sammeln, um in einem …	MYMEMORY WARNING: YOU USED ALL AVAILABLE FREE TRANSLATIONS FOR TODAY. NEXT AVAILABLE IN 03 HOURS 25 MINUTES 17 SECONDS VISIT HTTPS://MYMEMOR…	Mud is no place for waiting, since it is already being washed by the water of the stream. Instead of having gathered strength to cross the s…	Primera línea poco alineada (Jaccard 3%). | Solapamiento léxico bajo MT↔Baynes (3%).
6	L3_comentario	pair	3%	3%	divergent	Divergente	Es wird hier vor der Gefahr gewarnt, die die Neigung zum Umsichgreifen bringt. Nur was durch frühere Verdienste ehrlich verdient ist, bleibt…	MYMEMORY WARNING: YOU USED ALL AVAILABLE FREE TRANSLATIONS FOR TODAY. NEXT AVAILABLE IN 03 HOURS 25 MINUTES 17 SECONDS VISIT HTTPS://MYMEMOR…	This is a warning of the danger that goes with an expansive disposition. Only that which has been honestly acquired through merit remains a …	Primera línea poco alineada (Jaccard 3%). | Solapamiento léxico bajo MT↔Baynes (3%).
7	L3_comentario	pair	2%	2%	divergent	Divergente	Die eine Erklärung deutet auf eine Niederlage infolge davon, daß ein anderer als der berufene Führer sich in die Leitung einmischt. Die ande…	MYMEMORY WARNING: YOU USED ALL AVAILABLE FREE TRANSLATIONS FOR TODAY. NEXT AVAILABLE IN 03 HOURS 25 MINUTES 16 SECONDS VISIT HTTPS://MYMEMOR…	Here we have a choice of two explanations. One points to defeat because someone other than the chosen leader interferes with the command; th…	Primera línea poco alineada (Jaccard 2%). | Solapamiento léxico bajo MT↔Baynes (2%).
8	L3_comentario	pair	1%	1%	divergent	Divergente	Man ist oft unter lauter Menschen, die nicht zur eigenen Sphäre gehören. Da darf man sich nicht zu einer falschen Vertraulichkeit durch die …	MYMEMORY WARNING: YOU USED ALL AVAILABLE FREE TRANSLATIONS FOR TODAY. NEXT AVAILABLE IN 03 HOURS 25 MINUTES 15 SECONDS VISIT HTTPS://MYMEMOR…	We are often among people who do not belong to our own sphere. In that case we must beware of being drawn into false intimacy through force …	Primera línea poco alineada (Jaccard 1%). | Solapamiento léxico bajo MT↔Baynes (1%).
9	L3_comentario	pair	1%	1%	divergent	Divergente	Hier wird der Versuch gemacht, gewaltsam vorzudringen, im Bewußtsein davon, daß die hemmende Macht nur gering ist. Allein da den Umständen e…	MYMEMORY WARNING: YOU USED ALL AVAILABLE FREE TRANSLATIONS FOR TODAY. NEXT AVAILABLE IN 03 HOURS 25 MINUTES 15 SECONDS VISIT HTTPS://MYMEMOR…	Here an attempt is made to press forward forcibly, in the consciousness that the obstructing power is slight. But since, under the circumsta…	Primera línea poco alineada (Jaccard 1%). | Solapamiento léxico bajo MT↔Baynes (1%).
10	L3_comentario	pair	1%	1%	divergent	Divergente	Ein Einäugiger kann wohl sehen, aber es reicht ihm nicht zum klaren Sehen. Ein Lahmer kann wohl auftreten, aber es reicht ihm nicht zum Vora…	MYMEMORY WARNING: YOU USED ALL AVAILABLE FREE TRANSLATIONS FOR TODAY. NEXT AVAILABLE IN 03 HOURS 25 MINUTES 14 SECONDS VISIT HTTPS://MYMEMOR…	A one-eyed man can indeed see, but not enough for clear vision. A lame man can indeed tread, but not enough to make progress. If in spite of…	Primera línea poco alineada (Jaccard 1%). | Solapamiento léxico bajo MT↔Baynes (1%).
11	L3_comentario	pair	0%	0%	divergent	Divergente	Alles Irdische ist dem Wechsel unterworfen. Auf Blüte folgt Niedergang. Das ist das ewige Gesetz auf Erden. Das Schlechte kann wohl zurückge…	MYMEMORY WARNING: YOU USED ALL AVAILABLE FREE TRANSLATIONS FOR TODAY. NEXT AVAILABLE IN 03 HOURS 25 MINUTES 14 SECONDS VISIT HTTPS://MYMEMOR…	Everything on earth is subject to change. Prosperity is followed by decline: this is the eternal law on earth. Evil can indeed be held in ch…	Primera línea poco alineada (Jaccard 0%). | Solapamiento léxico bajo MT↔Baynes (0%).
12	L3_comentario	pair	2%	2%	divergent	Divergente	Die Gemeinen, die auf unrechtmäßige Weise emporgekommen sind, fühlen sich der Verantwortung, die sie auf sich genommen haben, nicht gewachse…	MYMEMORY WARNING: YOU USED ALL AVAILABLE FREE TRANSLATIONS FOR TODAY. NEXT AVAILABLE IN 03 HOURS 25 MINUTES 13 SECONDS VISIT HTTPS://MYMEMOR…	Inferior people who have risen to power illegitimately do not feel equal to the responsibility they have taken upon themselves. In their hea…	Primera línea poco alineada (Jaccard 2%). | Solapamiento léxico bajo MT↔Baynes (2%).
13	L3_comentario	pair	2%	2%	divergent	Divergente	Hier ist die Gemeinschaft in Mißtrauen umgeschlagen. Man mißtraut den andern, legt geheimen Hinterhalt und sucht von ferne den andern auszus…	MYMEMORY WARNING: YOU USED ALL AVAILABLE FREE TRANSLATIONS FOR TODAY. NEXT AVAILABLE IN 03 HOURS 25 MINUTES 13 SECONDS VISIT HTTPS://MYMEMOR…	Here fellowship has changed about to mistrust. Each man distrusts the other, plans a secret ambush, and seeks to spy on his fellow from afar…	Primera línea poco alineada (Jaccard 2%). | Solapamiento léxico bajo MT↔Baynes (2%).
14	L3_comentario	pair	2%	2%	divergent	Divergente	Es ist die Sache eines hochherzigen, freisinnigen Menschen, daß er seinen Besitz nicht als sein ausschließliches persönliches Eigentum betra…	MYMEMORY WARNING: YOU USED ALL AVAILABLE FREE TRANSLATIONS FOR TODAY. NEXT AVAILABLE IN 03 HOURS 25 MINUTES 12 SECONDS VISIT HTTPS://MYMEMOR…	A magnanimous, liberal-minded man should not regard what he possesses as his exclusive personal property, but should place it at the disposa…	Primera línea poco alineada (Jaccard 1%). | Solapamiento léxico bajo MT↔Baynes (1%).
15	L3_comentario	pair	2%	2%	divergent	Divergente	Hier ist das Zentrum des Zeichens, wo sein Geheimnis ausgesprochen wird. Durch große Leistungen erwirbt man sich bald einen bedeutenden Name…	MYMEMORY WARNING: YOU USED ALL AVAILABLE FREE TRANSLATIONS FOR TODAY. NEXT AVAILABLE IN 03 HOURS 25 MINUTES 12 SECONDS VISIT HTTPS://MYMEMOR…	This is the center of the hexagram, where its secret is disclosed. A distinguished name is readily earned by great achievements. If a man al…	Primera línea poco alineada (Jaccard 2%). | Solapamiento léxico bajo MT↔Baynes (2%).
16	L3_comentario	pair	2%	2%	divergent	Divergente	Es ist hier das Gegenteil der vorigen Linie; dort Selbständigkeit, hier das begeisterte Emporblicken. Zögert man zu lange, so schafft auch d…	MYMEMORY WARNING: YOU USED ALL AVAILABLE FREE TRANSLATIONS FOR TODAY. NEXT AVAILABLE IN 03 HOURS 25 MINUTES 11 SECONDS VISIT HTTPS://MYMEMOR…	This line is the opposite of the preceding one: the latter bespeaks self-reliance, while here there is enthusiastic looking up to a leader. …	Primera línea poco alineada (Jaccard 2%). | Solapamiento léxico bajo MT↔Baynes (2%).
17	L3_comentario	pair	2%	2%	divergent	Divergente	Wenn man den rechten Anschluß bei bedeutenden Menschen gefunden hat, so ist damit naturgemäß ein gewisser Verlust verbunden. Man muß sich vo…	MYMEMORY WARNING: YOU USED ALL AVAILABLE FREE TRANSLATIONS FOR TODAY. NEXT AVAILABLE IN 03 HOURS 25 MINUTES 11 SECONDS VISIT HTTPS://MYMEMOR…	When the right connection with distinguished people has been found, a certain loss naturally ensues. A man must part company with the inferi…	Primera línea poco alineada (Jaccard 1%). | Solapamiento léxico bajo MT↔Baynes (1%).
18	L3_comentario	pair	3%	3%	divergent	Divergente	Es ist hier jemand gezeichnet, der beim Zurechtbringen der Fehler der Vergangenheit etwas zu energisch vorgeht. Dadurch werden sicher dann u…	MYMEMORY WARNING: YOU USED ALL AVAILABLE FREE TRANSLATIONS FOR TODAY. NEXT AVAILABLE IN 03 HOURS 25 MINUTES 11 SECONDS VISIT HTTPS://MYMEMOR…	This describes a man who proceeds a little too energetically in righting the mistakes of the past. Now and then, as a result, minor discords…	Primera línea poco alineada (Jaccard 3%). | Solapamiento léxico bajo MT↔Baynes (3%).
19	L3_comentario	pair	2%	2%	divergent	Divergente	Es geht fröhlich voran. Man kommt zu Macht und Einfluß. Aber das birgt die Gefahr, daß man im Vertrauen auf seine Stellung sich behaglich fü…	MYMEMORY WARNING: YOU USED ALL AVAILABLE FREE TRANSLATIONS FOR TODAY. NEXT AVAILABLE IN 03 HOURS 25 MINUTES 11 SECONDS VISIT HTTPS://MYMEMOR…	Things are going well for a man: he achieves power and influence. But in this lies the danger that he may relax, and confident of his positi…	Primera línea poco alineada (Jaccard 1%). | Solapamiento léxico bajo MT↔Baynes (1%).
20	L3_comentario	pair	2%	2%	divergent	Divergente	Es ist hier der Platz des Übergangs. Man blickt nicht mehr nach außen, um mehr oder weniger beschränkte oder verwirrte Bilder zu erhalten, s…	MYMEMORY WARNING: YOU USED ALL AVAILABLE FREE TRANSLATIONS FOR TODAY. NEXT AVAILABLE IN 03 HOURS 25 MINUTES 10 SECONDS VISIT HTTPS://MYMEMOR…	This is the place of transition. We no longer look outward to receive pictures that are more or less limited and confused, but direct our co…	Primera línea poco alineada (Jaccard 2%). | Solapamiento léxico bajo MT↔Baynes (2%).
21	L3_comentario	pair	1%	1%	divergent	Divergente	Es soll jemand eine Strafe vollziehen, zu der er nicht genügend Macht und Ansehen besitzt. Darum fügen sich die Bestraften nicht. Es handelt…	MYMEMORY WARNING: YOU USED ALL AVAILABLE FREE TRANSLATIONS FOR TODAY. NEXT AVAILABLE IN 03 HOURS 25 MINUTES 10 SECONDS VISIT HTTPS://MYMEMOR…	Punishment is to be carried out by someone who lacks the power and authority to do so. Therefore the culprits do not submit. The matter at i…	Primera línea poco alineada (Jaccard 1%). | Solapamiento léxico bajo MT↔Baynes (1%).
22	L3_comentario	pair	2%	2%	divergent	Divergente	Es ist eine höchst anmutige Lebenslage, in der man sich befindet. Anmut und feuchtverklärter Glanz umgeben einen. Diese Anmut kann wohl schm…	MYMEMORY WARNING: YOU USED ALL AVAILABLE FREE TRANSLATIONS FOR TODAY. NEXT AVAILABLE IN 03 HOURS 25 MINUTES 09 SECONDS VISIT HTTPS://MYMEMOR…	This represents a very charming life situation. One is under the spell of grace and the mellow mood induced by wine. This grace can adorn, b…	Primera línea poco alineada (Jaccard 2%). | Solapamiento léxico bajo MT↔Baynes (2%).
23	L3_comentario	pair	2%	2%	divergent	Divergente	Man steht mitten drin in einer schlechten Umgebung, mit der man auch durch äußere Verbindungen zusammenhängt. Doch besteht eine innere Bezie…	MYMEMORY WARNING: YOU USED ALL AVAILABLE FREE TRANSLATIONS FOR TODAY. NEXT AVAILABLE IN 03 HOURS 25 MINUTES 09 SECONDS VISIT HTTPS://MYMEMOR…	An individual finds himself in an evil environment to which he is committed by external ties. But he has an inner relationship with a superi…	Primera línea poco alineada (Jaccard 2%). | Solapamiento léxico bajo MT↔Baynes (2%).
24	L3_comentario	pair	0%	0%	divergent	Divergente	Es gibt Menschen von einer gewissen inneren Unbestän digkeit. Für sie ist fortwährend Umkehr der Willensrichtung nötig. In diesem fortwähren…	MYMEMORY WARNING: YOU USED ALL AVAILABLE FREE TRANSLATIONS FOR TODAY. NEXT AVAILABLE IN 03 HOURS 25 MINUTES 09 SECONDS VISIT HTTPS://MYMEMOR…	There are people of a certain inner instability who feel a constant urge to reverse themselves. There is danger in continually deserting the…	Primera línea poco alineada (Jaccard 0%). | Solapamiento léxico bajo MT↔Baynes (0%).
25	L3_comentario	pair	3%	3%	divergent	Divergente	Manchmal kommt unverschuldetes Unglück über einen, das von einem andern veranlaßt wird, wie etwa, wenn ein Mann des Weges kommt und eine ang…	MYMEMORY WARNING: YOU USED ALL AVAILABLE FREE TRANSLATIONS FOR TODAY. NEXT AVAILABLE IN 03 HOURS 25 MINUTES 09 SECONDS VISIT HTTPS://MYMEMOR…	Sometimes undeserved misfortune befalls a man at the hands of another, as for instance when someone passes by and takes a tethered cow along…	Primera línea poco alineada (Jaccard 3%). | Solapamiento léxico bajo MT↔Baynes (3%).
26	L3_comentario	pair	0%	0%	divergent	Divergente	Der Weg öffnet sich. Die Hemmung hat aufgehört. Man steht in Beziehung zu einem starken Willen, der in gleicher Richtung wirkt. Man kommt vo…	MYMEMORY WARNING: YOU USED ALL AVAILABLE FREE TRANSLATIONS FOR TODAY. NEXT AVAILABLE IN 03 HOURS 25 MINUTES 09 SECONDS VISIT HTTPS://MYMEMOR…	The way opens; the hindrance has been cleared away. A man is in contact with a strong will acting in the same direction as his own, and goes…	Primera línea poco alineada (Jaccard 0%). | Solapamiento léxico bajo MT↔Baynes (0%).
27	L3_comentario	pair	2%	2%	divergent	Divergente	Zehn Jahre handle nicht danach. Nichts ist fördernd. Wer Nahrung sucht, die nicht nährt, der taumelt von Begierde zu Genuß, und im Genuß ver…	MYMEMORY WARNING: YOU USED ALL AVAILABLE FREE TRANSLATIONS FOR TODAY. NEXT AVAILABLE IN 03 HOURS 25 MINUTES 08 SECONDS VISIT HTTPS://MYMEMOR…	He who seeks nourishment that does not nourish reels from desire to gratification and in gratification craves desire. Mad pursuit of pleasur…	Primera línea poco alineada (Jaccard 2%). | Solapamiento léxico bajo MT↔Baynes (2%).
28	L3_comentario	pair	0%	0%	divergent	Divergente	Es ist eine Persönlichkeit gezeichnet, die in Zeiten des Übergewichts des Großen heftig durchfahren will. Sie nimmt von den andern keinen Ra…	MYMEMORY WARNING: YOU USED ALL AVAILABLE FREE TRANSLATIONS FOR TODAY. NEXT AVAILABLE IN 03 HOURS 25 MINUTES 08 SECONDS VISIT HTTPS://MYMEMOR…	This indicates a type of man who in times of preponderance of the great insists on pushing ahead. He accepts no advice from others, and ther…	Primera línea poco alineada (Jaccard 0%). | Solapamiento léxico bajo MT↔Baynes (0%).
29	L3_comentario	pair	0%	0%	divergent	Divergente	Jeder Schritt vorwärts und rückwärts bringt in Gefahr. An ein Entkommen ist nicht zu denken. Darum darf man sich nicht zum Handeln verleiten…	MYMEMORY WARNING: YOU USED ALL AVAILABLE FREE TRANSLATIONS FOR TODAY. NEXT AVAILABLE IN 03 HOURS 25 MINUTES 08 SECONDS VISIT HTTPS://MYMEMOR…	Here every step, forward or backward, leads into danger. Escape is out of the question. Therefore we must not be misled into action, as a re…	Primera línea poco alineada (Jaccard 0%). | Solapamiento léxico bajo MT↔Baynes (0%).
30	L3_comentario	pair	0%	0%	divergent	Divergente	oder sie seufzen laut über das nahende Greisenalter. Unheil. Hier ist das Ende des Tages. Der Schein der niedergehenden Sonne erinnert an di…	MYMEMORY WARNING: YOU USED ALL AVAILABLE FREE TRANSLATIONS FOR TODAY. NEXT AVAILABLE IN 03 HOURS 25 MINUTES 08 SECONDS VISIT HTTPS://MYMEMOR…	Here the end of the day has come. The light of the setting sun calls to mind the fact that life is transitory and conditional. Caught in thi…	Primera línea poco alineada (Jaccard 0%). | Solapamiento léxico bajo MT↔Baynes (0%).
31	L3_comentario	pair	2%	2%	divergent	Divergente	Jede Stimmung des Herzens regt zu einer Bewegung an. Wonach das Herz strebt, dahin laufen die Schenkel, ohne sich zu besinnen; sie halten si…	MYMEMORY WARNING: YOU USED ALL AVAILABLE FREE TRANSLATIONS FOR TODAY. NEXT AVAILABLE IN 03 HOURS 25 MINUTES 06 SECONDS VISIT HTTPS://MYMEMOR…	Every mood of the heart influences us to movement. What the heart desires, the thighs run after without a moment's hesitation; they hold to …	Primera línea poco alineada (Jaccard 2%). | Solapamiento léxico bajo MT↔Baynes (2%).
32	L3_comentario	pair	0%	0%	divergent	Divergente	Wenn man in seinem Wesen umgetrieben wird von Stimmungen, die von der Außenwelt durch Furcht und Hoffnung erregt werden, so verliert man die…	MYMEMORY WARNING: YOU USED ALL AVAILABLE FREE TRANSLATIONS FOR TODAY. NEXT AVAILABLE IN 03 HOURS 25 MINUTES 06 SECONDS VISIT HTTPS://MYMEMOR…	If a man remains at the mercy of moods of hope or fear aroused by the outer world, he loses his inner consistency of character. Such inconsi…	Primera línea poco alineada (Jaccard 0%). | Solapamiento léxico bajo MT↔Baynes (0%).
33	L3_comentario	pair	1%	1%	divergent	Divergente	Wenn es Zeit ist, sich zurückzuziehen, und man wird zurückgehalten, so ist das unangenehm und gefährlich zugleich, da einem die Freiheit des…	MYMEMORY WARNING: YOU USED ALL AVAILABLE FREE TRANSLATIONS FOR TODAY. NEXT AVAILABLE IN 03 HOURS 25 MINUTES 05 SECONDS VISIT HTTPS://MYMEMOR…	When it is time to retreat it is both unpleasant and dangerous to be held back, because then one no longer has freedom of action. In such a …	Primera línea poco alineada (Jaccard 1%). | Solapamiento léxico bajo MT↔Baynes (1%).
34	L3_comentario	pair	2%	2%	divergent	Divergente	Das Pochen auf Macht führt zu Verwicklungen, wie ein Bock, der gegen eine Hecke stößt, seine Hörner verwickelt. Während der Gemeine, wenn er…	MYMEMORY WARNING: YOU USED ALL AVAILABLE FREE TRANSLATIONS FOR TODAY. NEXT AVAILABLE IN 03 HOURS 25 MINUTES 05 SECONDS VISIT HTTPS://MYMEMOR…	Making a boast of power leads to entanglements, just as a goat entangles its horns when it butts against a hedge. Whereas an inferior man re…	Primera línea poco alineada (Jaccard 2%). | Solapamiento léxico bajo MT↔Baynes (2%).
35	L3_comentario	pair	2%	2%	divergent	Divergente	Man strebt voran, und zwar in Gemeinschaft mit andern, durch deren Einverständnis man gehoben wird. Dadurch verschwindet der Anlaß zum Bedau…	MYMEMORY WARNING: YOU USED ALL AVAILABLE FREE TRANSLATIONS FOR TODAY. NEXT AVAILABLE IN 03 HOURS 25 MINUTES 05 SECONDS VISIT HTTPS://MYMEMOR…	A man strives onward, in association with others whose backing encourages him. This dispels any cause for regret over the fact that he does …	Primera línea poco alineada (Jaccard 2%). | Solapamiento léxico bajo MT↔Baynes (2%).
36	L3_comentario	pair	0%	0%	divergent	Divergente	Scheinbar ist ein Spiel des Zufalls am Werk. Während der Starke und Getreue bestrebt ist, in eifriger Tätigkeit Ordnung zu schaffen, ohne al…	MYMEMORY WARNING: YOU USED ALL AVAILABLE FREE TRANSLATIONS FOR TODAY. NEXT AVAILABLE IN 03 HOURS 25 MINUTES 05 SECONDS VISIT HTTPS://MYMEMOR…	It seems as if chance were at work. While the strong, loyal man is striving eagerly and in good faith to create order, he meets the ringlead…	Primera línea poco alineada (Jaccard 0%). | Solapamiento léxico bajo MT↔Baynes (0%).
37	L3_comentario	pair	0%	0%	divergent	Divergente	In der Familie soll die rechte Mitte zwischen Härte und Läßlichkeit herrschen. Zu große Strenge gegen das eigene Fleisch und Blut führt zu R…	MYMEMORY WARNING: YOU USED ALL AVAILABLE FREE TRANSLATIONS FOR TODAY. NEXT AVAILABLE IN 03 HOURS 25 MINUTES 04 SECONDS VISIT HTTPS://MYMEMOR…	In the family the proper mean between severity and indulgence ought to prevail. Too great severity toward one's own flesh and blood leads to…	Primera línea poco alineada (Jaccard 0%). | Solapamiento léxico bajo MT↔Baynes (0%).
38	L3_comentario	pair	0%	0%	divergent	Divergente	Manchmal sieht es so aus, als ob sich alles gegen einen verschworen habe; man sieht sich im Fortschritt gehemmt und zurückgehalten, man sieh…	MYMEMORY WARNING: YOU USED ALL AVAILABLE FREE TRANSLATIONS FOR TODAY. NEXT AVAILABLE IN 03 HOURS 25 MINUTES 04 SECONDS VISIT HTTPS://MYMEMOR…	Often it seems to a man as though everything were conspiring against him. He sees himself checked and hindered in his progress, insulted and…	Primera línea poco alineada (Jaccard 0%). | Solapamiento léxico bajo MT↔Baynes (0%).
39	L3_comentario	pair	0%	0%	divergent	Divergente	Während die vorige Linie den Beamten zeigt, der um der Pflicht willen den Weg der Gefahr gehen muß, ist hier der Mann gezeigt, der als Famil…	MYMEMORY WARNING: YOU USED ALL AVAILABLE FREE TRANSLATIONS FOR TODAY. NEXT AVAILABLE IN 03 HOURS 25 MINUTES 04 SECONDS VISIT HTTPS://MYMEMOR…	While the preceding line shows the official compelled by duty to follow the way of danger, this line shows the man who must act as father of…	Primera línea poco alineada (Jaccard 0%). | Solapamiento léxico bajo MT↔Baynes (0%).
40	L3_comentario	pair	0%	0%	divergent	Divergente	Ein Mensch ist aus ärmlichen Verhältnissen heraus in eine bequeme Lage gekommen, da er von Not befreit ist. Wenn er nun nach Art eines Empor…	MYMEMORY WARNING: YOU USED ALL AVAILABLE FREE TRANSLATIONS FOR TODAY. NEXT AVAILABLE IN 03 HOURS 25 MINUTES 04 SECONDS VISIT HTTPS://MYMEMOR…	This refers to a man who has come out of needy circumstances into comfort and freedom from want. If now, in the manner of an upstart, he tri…	Primera línea poco alineada (Jaccard 0%). | Solapamiento léxico bajo MT↔Baynes (0%).
41	L3_comentario	pair	0%	0%	divergent	Divergente	Wo drei zusammen sind, da gibt es Eifersucht. Da muß einer weichen. Engste Verbindung ist nur zu zweien möglich. Wo aber einer einsam ist, d…	MYMEMORY WARNING: YOU USED ALL AVAILABLE FREE TRANSLATIONS FOR TODAY. NEXT AVAILABLE IN 03 HOURS 25 MINUTES 03 SECONDS VISIT HTTPS://MYMEMOR…	When there are three people together, jealousy arises. One of them will have to go. A very close bond is possible only between two people. B…	Primera línea poco alineada (Jaccard 0%). | Solapamiento léxico bajo MT↔Baynes (0%).
42	L3_comentario	pair	2%	2%	divergent	Divergente	Eine Zeit des Segens und der Bereicherung ist in ihrer Wirkung so stark, daß selbst sonst unheilvolle Ereignisse denen zum besten dienen müs…	MYMEMORY WARNING: YOU USED ALL AVAILABLE FREE TRANSLATIONS FOR TODAY. NEXT AVAILABLE IN 03 HOURS 25 MINUTES 03 SECONDS VISIT HTTPS://MYMEMOR…	A time of blessing and enrichment has such powerful effects that even events ordinarily unfortunate must turn out to the advantage of those …	Primera línea poco alineada (Jaccard 2%). | Solapamiento léxico bajo MT↔Baynes (2%).
43	L3_comentario	pair	1%	1%	divergent	Divergente	Die Lage, in der man sich befindet, ist zweideutig. Während alle im entschlossenen Kampf gegen das Gemeine begriffen sind, ist man allein in…	MYMEMORY WARNING: YOU USED ALL AVAILABLE FREE TRANSLATIONS FOR TODAY. NEXT AVAILABLE IN 03 HOURS 25 MINUTES 02 SECONDS VISIT HTTPS://MYMEMOR…	Here we have a man in an ambiguous situation. While all others are engaged in a resolute fight against all that is inferior, he alone has a …	Primera línea poco alineada (Jaccard 1%). | Solapamiento léxico bajo MT↔Baynes (1%).
44	L3_comentario	pair	2%	2%	divergent	Divergente	Man ist innerlich in Versuchung, sich mit dem schlechten Element, das sich einem anbietet, einzulassen. Das ist eine sehr gefährliche Lage. …	MYMEMORY WARNING: YOU USED ALL AVAILABLE FREE TRANSLATIONS FOR TODAY. NEXT AVAILABLE IN 03 HOURS 25 MINUTES 01 SECONDS VISIT HTTPS://MYMEMOR…	There is a temptation to fall in with the evil element offering itself—a very dangerous situation. Fortunately circumstances prevent this; o…	Primera línea poco alineada (Jaccard 2%). | Solapamiento léxico bajo MT↔Baynes (2%).
45	L3_comentario	pair	0%	0%	divergent	Divergente	Man hat oft das Bedürfnis des Anschlusses, aber alle andern in der Umgebung haben sich schon untereinander zusammengeschlossen, so daß man i…	MYMEMORY WARNING: YOU USED ALL AVAILABLE FREE TRANSLATIONS FOR TODAY. NEXT AVAILABLE IN 03 HOURS 25 MINUTES 01 SECONDS VISIT HTTPS://MYMEMOR…	Often a man feels an urge to unite with others, but the individuals around him have already formed themselves into a group, so that he remai…	Primera línea poco alineada (Jaccard 0%). | Solapamiento léxico bajo MT↔Baynes (0%).
46	L3_comentario	pair	1%	1%	divergent	Divergente	Hier fallen alle Hemmungen weg, die dem Vordringen sonst gesteckt sind. Es geht mit merkwürdiger Leichtigkeit voran. Unbedenklich folgt man …	MYMEMORY WARNING: YOU USED ALL AVAILABLE FREE TRANSLATIONS FOR TODAY. NEXT AVAILABLE IN 03 HOURS 25 MINUTES 01 SECONDS VISIT HTTPS://MYMEMOR…	All obstructions that generally block progress fall away here. Things proceed with remarkable ease. Unhesitatingly one follows this road, in…	Primera línea poco alineada (Jaccard 1%). | Solapamiento léxico bajo MT↔Baynes (1%).
47	L3_comentario	pair	1%	1%	divergent	Divergente	Man geht in sein Haus und sieht nicht seine Frau. Unheil! Es zeigt sich hier ein Mann, der unruhig und unentschieden ist in Zeiten der Not. …	MYMEMORY WARNING: YOU USED ALL AVAILABLE FREE TRANSLATIONS FOR TODAY. NEXT AVAILABLE IN 03 HOURS 25 MINUTES 00 SECONDS VISIT HTTPS://MYMEMOR…	This shows a man who is restless and indecisive in times of adversity. At first he wants to push ahead, then he encounters obstructions that…	Primera línea poco alineada (Jaccard 1%). | Solapamiento léxico bajo MT↔Baynes (1%).
48	L3_comentario	pair	6%	6%	divergent	Divergente	Hier ist ein tüchtiger Mann vorhanden. Er gleicht einem gereinigten Brunnen, dessen Wasser man trinken könnte. Aber er wird nicht gebraucht.…	MYMEMORY WARNING: YOU USED ALL AVAILABLE FREE TRANSLATIONS FOR TODAY. NEXT AVAILABLE IN 03 HOURS 24 MINUTES 59 SECONDS VISIT HTTPS://MYMEMOR…	An able man is available. He is like a purified well whose water is drinkable. But no use is made of him. This is the sorrow of those who kn…	Primera línea poco alineada (Jaccard 6%). | Solapamiento léxico bajo MT↔Baynes (6%).
49	L3_comentario	pair	1%	1%	divergent	Divergente	dann mag man sich ihm zuwenden und wird Glauben finden. Wenn Wechsel nötig ist, dann gibt es zwei Fehler, die man vermeiden muß. Der eine is…	MYMEMORY WARNING: YOU USED ALL AVAILABLE FREE TRANSLATIONS FOR TODAY. NEXT AVAILABLE IN 03 HOURS 24 MINUTES 59 SECONDS VISIT HTTPS://MYMEMOR…	When change is necessary, there are two mistakes to be avoided. One lies in excessive haste and ruthlessness, which bring disaster. The othe…	Primera línea poco alineada (Jaccard 1%). | Solapamiento léxico bajo MT↔Baynes (1%).
50	L3_comentario	pair	3%	5%	divergent	Divergente	Wenn erst der Regen fällt, dann erschöpft sich die Reue. Endlich kommt Heil. Der Henkel ist die Stelle, an der der Tiegel aufgehoben wird. W…	MYMEMORY WARNING: YOU USED ALL AVAILABLE FREE TRANSLATIONS FOR TODAY. NEXT AVAILABLE IN 03 HOURS 24 MINUTES 57 SECONDS VISIT HTTPS://MYMEMOR…	The handle is the means for lifting up the ting. If the handle is altered, the ting cannot be lifted up and used, and, sad to say, the delic…	Primera línea poco alineada (Jaccard 5%). | Solapamiento léxico bajo MT↔Baynes (3%).
51	L3_comentario	pair	3%	3%	divergent	Divergente	Es gibt dreierlei Erschütterungen: die Erschütterung des Himmels, das ist der Donner, ferner die Erschütterung des Schicksals und endlich di…	MYMEMORY WARNING: YOU USED ALL AVAILABLE FREE TRANSLATIONS FOR TODAY. NEXT AVAILABLE IN 03 HOURS 24 MINUTES 55 SECONDS VISIT HTTPS://MYMEMOR…	There are three kinds of shock—the shock of heaven, which is thunder, the shock of fate, and, finally, the shock of the heart. The present h…	Primera línea poco alineada (Jaccard 3%). | Solapamiento léxico bajo MT↔Baynes (3%).
52	L3_comentario	pair	0%	0%	divergent	Divergente	Es handelt sich hier um erzwungene Ruhe. Das Herz, das in der Unruhe ist, soll gewaltsam gebändigt werden. Aber das Feuer, das gewaltsam zur…	MYMEMORY WARNING: YOU USED ALL AVAILABLE FREE TRANSLATIONS FOR TODAY. NEXT AVAILABLE IN 03 HOURS 24 MINUTES 54 SECONDS VISIT HTTPS://MYMEMOR…	This refers to enforced quiet. The restless heart is to be subdued by forcible means. But fire when it is smothered changes into acrid smoke…	Primera línea poco alineada (Jaccard 0%). | Solapamiento léxico bajo MT↔Baynes (0%).
53	L3_comentario	pair	2%	2%	divergent	Divergente	Die Frau trägt ein Kind, aber bringt es nicht zur Welt. Unheil! Fördernd ist es, Räuber abzuwehren. Die trockene Hochebene ist nicht für die…	MYMEMORY WARNING: YOU USED ALL AVAILABLE FREE TRANSLATIONS FOR TODAY. NEXT AVAILABLE IN 03 HOURS 24 MINUTES 54 SECONDS VISIT HTTPS://MYMEMOR…	The high plateau is dry and unsuitable for the wild goose. If it goes there, it has lost its way and gone too far. This is contrary to the l…	Primera línea poco alineada (Jaccard 2%). | Solapamiento léxico bajo MT↔Baynes (2%).
54	L3_comentario	pair	3%	0%	divergent	Divergente	Ein Mädchen, das sich in geringer Stellung befindet und keinen Mann bekommt, kann als Nebenfrau unter Umständen noch unterkommen. Die Situat…	MYMEMORY WARNING: YOU USED ALL AVAILABLE FREE TRANSLATIONS FOR TODAY. NEXT AVAILABLE IN 03 HOURS 24 MINUTES 52 SECONDS VISIT HTTPS://MYMEMOR…	A girl who is in a lowly position and finds no husband may, in some circumstances, still win shelter as a concubine. This pictures the situa…	Primera línea poco alineada (Jaccard 0%). | Solapamiento léxico bajo MT↔Baynes (3%).
55	L3_comentario	pair	1%	0%	divergent	Divergente	Hier wird als Bild die fortschreitende Bedeckung der Sonne geschildert. An diesem Punkt ist die Totalität erreicht, darum sieht man am Mitta…	MYMEMORY WARNING: YOU USED ALL AVAILABLE FREE TRANSLATIONS FOR TODAY. NEXT AVAILABLE IN 03 HOURS 24 MINUTES 51 SECONDS VISIT HTTPS://MYMEMOR…	The image is that of a progressive covering over of the sun. Here the eclipse reaches totality, therefore even the small stars can be seen a…	Primera línea poco alineada (Jaccard 0%). | Solapamiento léxico bajo MT↔Baynes (1%).
56	L3_comentario	pair	0%	0%	divergent	Divergente	Ein gewalttätiger Fremder weiß sich nicht zu benehmen. Er mischt sich in Angelegenheiten und Streitigkeiten, die ihn nichts angehen. Dadurch…	MYMEMORY WARNING: YOU USED ALL AVAILABLE FREE TRANSLATIONS FOR TODAY. NEXT AVAILABLE IN 03 HOURS 24 MINUTES 50 SECONDS VISIT HTTPS://MYMEMOR…	A truculent stranger does not know how to behave properly. He meddles in affairs and controversies that do not concern him; thus he loses hi…	Primera línea poco alineada (Jaccard 0%). | Solapamiento léxico bajo MT↔Baynes (0%).
57	L3_comentario	pair	0%	0%	divergent	Divergente	Das eindringliche Nachdenken darf nicht zu weit getrieben werden, sonst hemmt es die Entschlußfähigkeit. Wenn eine Sache gründlich durchgeda…	MYMEMORY WARNING: YOU USED ALL AVAILABLE FREE TRANSLATIONS FOR TODAY. NEXT AVAILABLE IN 03 HOURS 24 MINUTES 50 SECONDS VISIT HTTPS://MYMEMOR…	Penetrating reflection must not be pushed too far, lest it cripple the power of decision. After a matter has been thoroughly pondered, it is…	Primera línea poco alineada (Jaccard 0%). | Solapamiento léxico bajo MT↔Baynes (0%).
58	L3_comentario	pair	1%	1%	divergent	Divergente	Die wahre Freude muß aus dem eigenen Innern quellen. Wenn man aber innerlich leer ist, so daß man sich an die Außenwelt verliert, so kommen …	MYMEMORY WARNING: YOU USED ALL AVAILABLE FREE TRANSLATIONS FOR TODAY. NEXT AVAILABLE IN 03 HOURS 24 MINUTES 50 SECONDS VISIT HTTPS://MYMEMOR…	True joy must spring from within. But if one is empty within and wholly given over to the world, idle pleasures come streaming in from witho…	Primera línea poco alineada (Jaccard 1%). | Solapamiento léxico bajo MT↔Baynes (1%).
59	L3_comentario	pair	3%	3%	divergent	Divergente	Die Arbeit kann unter Umständen so schwer werden, daß man nicht mehr an sich selbst denken kann. Man muß die eigene Person vollkommen auf di…	MYMEMORY WARNING: YOU USED ALL AVAILABLE FREE TRANSLATIONS FOR TODAY. NEXT AVAILABLE IN 03 HOURS 24 MINUTES 50 SECONDS VISIT HTTPS://MYMEMOR…	Under certain circumstances, a man's work may become so difficult that he can no longer think of himself. He must set aside all personal des…	Primera línea poco alineada (Jaccard 3%). | Solapamiento léxico bajo MT↔Baynes (3%).
60	L3_comentario	pair	3%	3%	divergent	Divergente	Wenn man nur auf Freuden und Genuß bedacht ist, verliert man leicht das Gefühl für die notwendigen Schranken. Aber wenn man sich der Verschw…	MYMEMORY WARNING: YOU USED ALL AVAILABLE FREE TRANSLATIONS FOR TODAY. NEXT AVAILABLE IN 03 HOURS 24 MINUTES 49 SECONDS VISIT HTTPS://MYMEMOR…	If an individual is bent only on pleasures and enjoyment, it is easy for him to lose his sense of the limits that are necessary. If he gives…	Primera línea poco alineada (Jaccard 3%). | Solapamiento léxico bajo MT↔Baynes (3%).
61	L3_comentario	pair	0%	0%	divergent	Divergente	Hier ist die Kraftquelle nicht im eigenen Ich, sondern in der Beziehung zu andern Menschen. Wenn man auch noch so nahe mit ihnen steht, wenn…	MYMEMORY WARNING: YOU USED ALL AVAILABLE FREE TRANSLATIONS FOR TODAY. NEXT AVAILABLE IN 03 HOURS 24 MINUTES 49 SECONDS VISIT HTTPS://MYMEMOR…	Here the source of a man's strength lies not in himself but in his relation to other people. No matter how close to them he may be, if his c…	Primera línea poco alineada (Jaccard 0%). | Solapamiento léxico bajo MT↔Baynes (0%).
62	L3_comentario	pair	1%	1%	divergent	Divergente	Zuzeiten ist außerordentliche Vorsicht unbedingt nötig. Aber gerade in solchen Lebenslagen gibt es gerade und starke Persönlichkeiten, die i…	MYMEMORY WARNING: YOU USED ALL AVAILABLE FREE TRANSLATIONS FOR TODAY. NEXT AVAILABLE IN 03 HOURS 24 MINUTES 49 SECONDS VISIT HTTPS://MYMEMOR…	At certain times extraordinary caution is absolutely necessary. But it is just in such life situations that we find upright and strong perso…	Primera línea poco alineada (Jaccard 1%). | Solapamiento léxico bajo MT↔Baynes (1%).
63	L3_comentario	pair	1%	2%	divergent	Divergente	Der »hohe Ahn« ist der dynastische Titel des Herrschers Wu Ding aus der Yin-Dynastie. Nachdem er mit starker Hand die Zustände im Reich geor…	MYMEMORY WARNING: YOU USED ALL AVAILABLE FREE TRANSLATIONS FOR TODAY. NEXT AVAILABLE IN 03 HOURS 24 MINUTES 48 SECONDS VISIT HTTPS://MYMEMOR…	""Illustrious Ancestor"" is the dynastic title of the Emperor Wu Ting of the Yin dynasty. After putting his realm in order with a strong hand,…	Primera línea poco alineada (Jaccard 2%). | Solapamiento léxico bajo MT↔Baynes (1%).
64	L3_comentario	pair	0%	0%	divergent	Divergente	Die Zeit des Übergangs ist da. Aber man hat nicht die Kraft, den Übergang zu vollenden. Wollte man versuchen, ihn zu erzwingen, so wäre das …	MYMEMORY WARNING: YOU USED ALL AVAILABLE FREE TRANSLATIONS FOR TODAY. NEXT AVAILABLE IN 03 HOURS 24 MINUTES 47 SECONDS VISIT HTTPS://MYMEMOR…	The time of transition has arrived, but one lacks the strength to complete the transition. If one should attempt to force it, disaster would…	Primera línea poco alineada (Jaccard 0%). | Solapamiento léxico bajo MT↔Baynes (0%).
1	L4_etiqueta	pair	0%	0%	divergent	Divergente	Neun auf viertem Platz bedeutet:	MYMEMORY WARNING: YOU USED ALL AVAILABLE FREE TRANSLATIONS FOR TODAY. NEXT AVAILABLE IN 03 HOURS 24 MINUTES 47 SECONDS VISIT HTTPS://MYMEMOR…	Nine in the fourth place means:	Primera línea poco alineada (Jaccard 0%). | Solapamiento léxico bajo MT↔Baynes (0%).
2	L4_etiqueta	pair	0%	0%	divergent	Divergente	Sechs auf viertem Platz bedeutet:	MYMEMORY WARNING: YOU USED ALL AVAILABLE FREE TRANSLATIONS FOR TODAY. NEXT AVAILABLE IN 03 HOURS 24 MINUTES 47 SECONDS VISIT HTTPS://MYMEMOR…	Six in the fourth place means:	Primera línea poco alineada (Jaccard 0%). | Solapamiento léxico bajo MT↔Baynes (0%).
3	L4_etiqueta	pair	0%	0%	divergent	Divergente	Sechs auf viertem Platz bedeutet:	MYMEMORY WARNING: YOU USED ALL AVAILABLE FREE TRANSLATIONS FOR TODAY. NEXT AVAILABLE IN 03 HOURS 24 MINUTES 47 SECONDS VISIT HTTPS://MYMEMOR…	Six in the fourth place means:	Primera línea poco alineada (Jaccard 0%). | Solapamiento léxico bajo MT↔Baynes (0%).
4	L4_etiqueta	pair	0%	0%	divergent	Divergente	Sechs auf viertem Platz bedeutet:	MYMEMORY WARNING: YOU USED ALL AVAILABLE FREE TRANSLATIONS FOR TODAY. NEXT AVAILABLE IN 03 HOURS 24 MINUTES 47 SECONDS VISIT HTTPS://MYMEMOR…	Six in the fourth place means:	Primera línea poco alineada (Jaccard 0%). | Solapamiento léxico bajo MT↔Baynes (0%).
5	L4_etiqueta	pair	0%	0%	divergent	Divergente	Sechs auf viertem Platz bedeutet:	MYMEMORY WARNING: YOU USED ALL AVAILABLE FREE TRANSLATIONS FOR TODAY. NEXT AVAILABLE IN 03 HOURS 24 MINUTES 47 SECONDS VISIT HTTPS://MYMEMOR…	Six in the fourth place means:	Primera línea poco alineada (Jaccard 0%). | Solapamiento léxico bajo MT↔Baynes (0%).
6	L4_etiqueta	pair	0%	0%	divergent	Divergente	Neun auf viertem Platz bedeutet:	MYMEMORY WARNING: YOU USED ALL AVAILABLE FREE TRANSLATIONS FOR TODAY. NEXT AVAILABLE IN 03 HOURS 24 MINUTES 47 SECONDS VISIT HTTPS://MYMEMOR…	Nine in the fourth place means:	Primera línea poco alineada (Jaccard 0%). | Solapamiento léxico bajo MT↔Baynes (0%).
7	L4_etiqueta	pair	0%	0%	divergent	Divergente	Sechs auf viertem Platz bedeutet:	MYMEMORY WARNING: YOU USED ALL AVAILABLE FREE TRANSLATIONS FOR TODAY. NEXT AVAILABLE IN 03 HOURS 24 MINUTES 47 SECONDS VISIT HTTPS://MYMEMOR…	Six in the fourth place means:	Primera línea poco alineada (Jaccard 0%). | Solapamiento léxico bajo MT↔Baynes (0%).
8	L4_etiqueta	pair	0%	0%	divergent	Divergente	Sechs auf viertem Platz bedeutet:	MYMEMORY WARNING: YOU USED ALL AVAILABLE FREE TRANSLATIONS FOR TODAY. NEXT AVAILABLE IN 03 HOURS 24 MINUTES 47 SECONDS VISIT HTTPS://MYMEMOR…	Six in the fourth place means:	Primera línea poco alineada (Jaccard 0%). | Solapamiento léxico bajo MT↔Baynes (0%).
9	L4_etiqueta	pair	0%	0%	divergent	Divergente	Sechs auf viertem Platz bedeutet:	MYMEMORY WARNING: YOU USED ALL AVAILABLE FREE TRANSLATIONS FOR TODAY. NEXT AVAILABLE IN 03 HOURS 24 MINUTES 47 SECONDS VISIT HTTPS://MYMEMOR…	Six in the fourth place means:	Primera línea poco alineada (Jaccard 0%). | Solapamiento léxico bajo MT↔Baynes (0%).
10	L4_etiqueta	pair	0%	0%	divergent	Divergente	Neun auf viertem Platz bedeutet:	MYMEMORY WARNING: YOU USED ALL AVAILABLE FREE TRANSLATIONS FOR TODAY. NEXT AVAILABLE IN 03 HOURS 24 MINUTES 47 SECONDS VISIT HTTPS://MYMEMOR…	Nine in the fourth place means:	Primera línea poco alineada (Jaccard 0%). | Solapamiento léxico bajo MT↔Baynes (0%).
11	L4_etiqueta	pair	0%	0%	divergent	Divergente	Sechs auf viertem Platz bedeutet:	MYMEMORY WARNING: YOU USED ALL AVAILABLE FREE TRANSLATIONS FOR TODAY. NEXT AVAILABLE IN 03 HOURS 24 MINUTES 47 SECONDS VISIT HTTPS://MYMEMOR…	Six in the fourth place means:	Primera línea poco alineada (Jaccard 0%). | Solapamiento léxico bajo MT↔Baynes (0%).
12	L4_etiqueta	pair	0%	0%	divergent	Divergente	Neun auf viertem Platz bedeutet:	MYMEMORY WARNING: YOU USED ALL AVAILABLE FREE TRANSLATIONS FOR TODAY. NEXT AVAILABLE IN 03 HOURS 24 MINUTES 47 SECONDS VISIT HTTPS://MYMEMOR…	Nine in the fourth place means:	Primera línea poco alineada (Jaccard 0%). | Solapamiento léxico bajo MT↔Baynes (0%).
13	L4_etiqueta	pair	0%	0%	divergent	Divergente	Neun auf viertem Platz bedeutet:	MYMEMORY WARNING: YOU USED ALL AVAILABLE FREE TRANSLATIONS FOR TODAY. NEXT AVAILABLE IN 03 HOURS 24 MINUTES 47 SECONDS VISIT HTTPS://MYMEMOR…	Nine in the fourth place means:	Primera línea poco alineada (Jaccard 0%). | Solapamiento léxico bajo MT↔Baynes (0%).
14	L4_etiqueta	pair	0%	0%	divergent	Divergente	Neun auf viertem Platz bedeutet:	MYMEMORY WARNING: YOU USED ALL AVAILABLE FREE TRANSLATIONS FOR TODAY. NEXT AVAILABLE IN 03 HOURS 24 MINUTES 47 SECONDS VISIT HTTPS://MYMEMOR…	Nine in the fourth place means:	Primera línea poco alineada (Jaccard 0%). | Solapamiento léxico bajo MT↔Baynes (0%).
15	L4_etiqueta	pair	0%	0%	divergent	Divergente	Sechs auf viertem Platz bedeutet:	MYMEMORY WARNING: YOU USED ALL AVAILABLE FREE TRANSLATIONS FOR TODAY. NEXT AVAILABLE IN 03 HOURS 24 MINUTES 47 SECONDS VISIT HTTPS://MYMEMOR…	Six in the fourth place means:	Primera línea poco alineada (Jaccard 0%). | Solapamiento léxico bajo MT↔Baynes (0%).
16	L4_etiqueta	pair	0%	0%	divergent	Divergente	Neun auf viertem Platz bedeutet:	MYMEMORY WARNING: YOU USED ALL AVAILABLE FREE TRANSLATIONS FOR TODAY. NEXT AVAILABLE IN 03 HOURS 24 MINUTES 47 SECONDS VISIT HTTPS://MYMEMOR…	Nine in the fourth place means:	Primera línea poco alineada (Jaccard 0%). | Solapamiento léxico bajo MT↔Baynes (0%).
17	L4_etiqueta	pair	0%	0%	divergent	Divergente	Neun auf viertem Platz bedeutet:	MYMEMORY WARNING: YOU USED ALL AVAILABLE FREE TRANSLATIONS FOR TODAY. NEXT AVAILABLE IN 03 HOURS 24 MINUTES 47 SECONDS VISIT HTTPS://MYMEMOR…	Nine in the fourth place means:	Primera línea poco alineada (Jaccard 0%). | Solapamiento léxico bajo MT↔Baynes (0%).
18	L4_etiqueta	pair	0%	0%	divergent	Divergente	Sechs auf viertem Platz bedeutet:	MYMEMORY WARNING: YOU USED ALL AVAILABLE FREE TRANSLATIONS FOR TODAY. NEXT AVAILABLE IN 03 HOURS 24 MINUTES 47 SECONDS VISIT HTTPS://MYMEMOR…	Six in the fourth place means:	Primera línea poco alineada (Jaccard 0%). | Solapamiento léxico bajo MT↔Baynes (0%).
19	L4_etiqueta	pair	0%	0%	divergent	Divergente	Sechs auf viertem Platz bedeutet:	MYMEMORY WARNING: YOU USED ALL AVAILABLE FREE TRANSLATIONS FOR TODAY. NEXT AVAILABLE IN 03 HOURS 24 MINUTES 47 SECONDS VISIT HTTPS://MYMEMOR…	Six in the fourth place means:	Primera línea poco alineada (Jaccard 0%). | Solapamiento léxico bajo MT↔Baynes (0%).
20	L4_etiqueta	pair	0%	0%	divergent	Divergente	Sechs auf viertem Platz bedeutet:	MYMEMORY WARNING: YOU USED ALL AVAILABLE FREE TRANSLATIONS FOR TODAY. NEXT AVAILABLE IN 03 HOURS 24 MINUTES 47 SECONDS VISIT HTTPS://MYMEMOR…	Six in the fourth place means:	Primera línea poco alineada (Jaccard 0%). | Solapamiento léxico bajo MT↔Baynes (0%).
21	L4_etiqueta	pair	0%	0%	divergent	Divergente	Neun auf viertem Platz bedeutet:	MYMEMORY WARNING: YOU USED ALL AVAILABLE FREE TRANSLATIONS FOR TODAY. NEXT AVAILABLE IN 03 HOURS 24 MINUTES 47 SECONDS VISIT HTTPS://MYMEMOR…	Nine in the fourth place means:	Primera línea poco alineada (Jaccard 0%). | Solapamiento léxico bajo MT↔Baynes (0%).
22	L4_etiqueta	pair	0%	0%	divergent	Divergente	Sechs auf viertem Platz bedeutet:	MYMEMORY WARNING: YOU USED ALL AVAILABLE FREE TRANSLATIONS FOR TODAY. NEXT AVAILABLE IN 03 HOURS 24 MINUTES 47 SECONDS VISIT HTTPS://MYMEMOR…	Six in the fourth place means:	Primera línea poco alineada (Jaccard 0%). | Solapamiento léxico bajo MT↔Baynes (0%).
23	L4_etiqueta	pair	0%	0%	divergent	Divergente	Sechs auf viertem Platz bedeutet:	MYMEMORY WARNING: YOU USED ALL AVAILABLE FREE TRANSLATIONS FOR TODAY. NEXT AVAILABLE IN 03 HOURS 24 MINUTES 47 SECONDS VISIT HTTPS://MYMEMOR…	Six in the fourth place means:	Primera línea poco alineada (Jaccard 0%). | Solapamiento léxico bajo MT↔Baynes (0%).
24	L4_etiqueta	pair	0%	0%	divergent	Divergente	Sechs auf viertem Platz bedeutet:	MYMEMORY WARNING: YOU USED ALL AVAILABLE FREE TRANSLATIONS FOR TODAY. NEXT AVAILABLE IN 03 HOURS 24 MINUTES 47 SECONDS VISIT HTTPS://MYMEMOR…	Six in the fourth place means:	Primera línea poco alineada (Jaccard 0%). | Solapamiento léxico bajo MT↔Baynes (0%).
25	L4_etiqueta	pair	0%	0%	divergent	Divergente	Neun auf viertem Platz bedeutet:	MYMEMORY WARNING: YOU USED ALL AVAILABLE FREE TRANSLATIONS FOR TODAY. NEXT AVAILABLE IN 03 HOURS 24 MINUTES 47 SECONDS VISIT HTTPS://MYMEMOR…	Nine in the fourth place means:	Primera línea poco alineada (Jaccard 0%). | Solapamiento léxico bajo MT↔Baynes (0%).
26	L4_etiqueta	pair	0%	0%	divergent	Divergente	Sechs auf viertem Platz bedeutet:	MYMEMORY WARNING: YOU USED ALL AVAILABLE FREE TRANSLATIONS FOR TODAY. NEXT AVAILABLE IN 03 HOURS 24 MINUTES 47 SECONDS VISIT HTTPS://MYMEMOR…	Six in the fourth place means:	Primera línea poco alineada (Jaccard 0%). | Solapamiento léxico bajo MT↔Baynes (0%).
27	L4_etiqueta	pair	0%	0%	divergent	Divergente	Sechs auf viertem Platz bedeutet:	MYMEMORY WARNING: YOU USED ALL AVAILABLE FREE TRANSLATIONS FOR TODAY. NEXT AVAILABLE IN 03 HOURS 24 MINUTES 47 SECONDS VISIT HTTPS://MYMEMOR…	Six in the fourth place means:	Primera línea poco alineada (Jaccard 0%). | Solapamiento léxico bajo MT↔Baynes (0%).
28	L4_etiqueta	pair	0%	0%	divergent	Divergente	Neun auf viertem Platz bedeutet:	MYMEMORY WARNING: YOU USED ALL AVAILABLE FREE TRANSLATIONS FOR TODAY. NEXT AVAILABLE IN 03 HOURS 24 MINUTES 47 SECONDS VISIT HTTPS://MYMEMOR…	Nine in the fourth place means:	Primera línea poco alineada (Jaccard 0%). | Solapamiento léxico bajo MT↔Baynes (0%).
29	L4_etiqueta	pair	0%	0%	divergent	Divergente	Sechs auf viertem Platz bedeutet:	MYMEMORY WARNING: YOU USED ALL AVAILABLE FREE TRANSLATIONS FOR TODAY. NEXT AVAILABLE IN 03 HOURS 24 MINUTES 47 SECONDS VISIT HTTPS://MYMEMOR…	Six in the fourth place means:	Primera línea poco alineada (Jaccard 0%). | Solapamiento léxico bajo MT↔Baynes (0%).
30	L4_etiqueta	pair	0%	0%	divergent	Divergente	Neun auf viertem Platz bedeutet:	MYMEMORY WARNING: YOU USED ALL AVAILABLE FREE TRANSLATIONS FOR TODAY. NEXT AVAILABLE IN 03 HOURS 24 MINUTES 47 SECONDS VISIT HTTPS://MYMEMOR…	Nine in the fourth place means:	Primera línea poco alineada (Jaccard 0%). | Solapamiento léxico bajo MT↔Baynes (0%).
31	L4_etiqueta	pair	0%	0%	divergent	Divergente	Neun auf viertem Platz bedeutet:	MYMEMORY WARNING: YOU USED ALL AVAILABLE FREE TRANSLATIONS FOR TODAY. NEXT AVAILABLE IN 03 HOURS 24 MINUTES 47 SECONDS VISIT HTTPS://MYMEMOR…	Nine in the fourth place means:	Primera línea poco alineada (Jaccard 0%). | Solapamiento léxico bajo MT↔Baynes (0%).
32	L4_etiqueta	pair	0%	0%	divergent	Divergente	Neun auf viertem Platz bedeutet:	MYMEMORY WARNING: YOU USED ALL AVAILABLE FREE TRANSLATIONS FOR TODAY. NEXT AVAILABLE IN 03 HOURS 24 MINUTES 47 SECONDS VISIT HTTPS://MYMEMOR…	Nine in the fourth place means:	Primera línea poco alineada (Jaccard 0%). | Solapamiento léxico bajo MT↔Baynes (0%).
33	L4_etiqueta	pair	0%	0%	divergent	Divergente	Neun auf viertem Platz bedeutet:	MYMEMORY WARNING: YOU USED ALL AVAILABLE FREE TRANSLATIONS FOR TODAY. NEXT AVAILABLE IN 03 HOURS 24 MINUTES 47 SECONDS VISIT HTTPS://MYMEMOR…	Nine in the fourth place means:	Primera línea poco alineada (Jaccard 0%). | Solapamiento léxico bajo MT↔Baynes (0%).
34	L4_etiqueta	pair	0%	0%	divergent	Divergente	Neun auf viertem Platz bedeutet:	MYMEMORY WARNING: YOU USED ALL AVAILABLE FREE TRANSLATIONS FOR TODAY. NEXT AVAILABLE IN 03 HOURS 24 MINUTES 47 SECONDS VISIT HTTPS://MYMEMOR…	Nine in the fourth place means:	Primera línea poco alineada (Jaccard 0%). | Solapamiento léxico bajo MT↔Baynes (0%).
35	L4_etiqueta	pair	0%	0%	divergent	Divergente	Neun auf viertem Platz bedeutet:	MYMEMORY WARNING: YOU USED ALL AVAILABLE FREE TRANSLATIONS FOR TODAY. NEXT AVAILABLE IN 03 HOURS 24 MINUTES 47 SECONDS VISIT HTTPS://MYMEMOR…	Nine in the fourth place means:	Primera línea poco alineada (Jaccard 0%). | Solapamiento léxico bajo MT↔Baynes (0%).
36	L4_etiqueta	pair	0%	0%	divergent	Divergente	Sechs auf viertem Platz bedeutet:	MYMEMORY WARNING: YOU USED ALL AVAILABLE FREE TRANSLATIONS FOR TODAY. NEXT AVAILABLE IN 03 HOURS 24 MINUTES 47 SECONDS VISIT HTTPS://MYMEMOR…	Six in the fourth place means:	Primera línea poco alineada (Jaccard 0%). | Solapamiento léxico bajo MT↔Baynes (0%).
37	L4_etiqueta	pair	0%	0%	divergent	Divergente	Sechs auf viertem Platz bedeutet:	MYMEMORY WARNING: YOU USED ALL AVAILABLE FREE TRANSLATIONS FOR TODAY. NEXT AVAILABLE IN 03 HOURS 24 MINUTES 47 SECONDS VISIT HTTPS://MYMEMOR…	Six in the fourth place means:	Primera línea poco alineada (Jaccard 0%). | Solapamiento léxico bajo MT↔Baynes (0%).
38	L4_etiqueta	pair	0%	0%	divergent	Divergente	Neun auf viertem Platz bedeutet:	MYMEMORY WARNING: YOU USED ALL AVAILABLE FREE TRANSLATIONS FOR TODAY. NEXT AVAILABLE IN 03 HOURS 24 MINUTES 47 SECONDS VISIT HTTPS://MYMEMOR…	Nine in the fourth place means:	Primera línea poco alineada (Jaccard 0%). | Solapamiento léxico bajo MT↔Baynes (0%).
39	L4_etiqueta	pair	0%	0%	divergent	Divergente	Sechs auf viertem Platz bedeutet:	MYMEMORY WARNING: YOU USED ALL AVAILABLE FREE TRANSLATIONS FOR TODAY. NEXT AVAILABLE IN 03 HOURS 24 MINUTES 47 SECONDS VISIT HTTPS://MYMEMOR…	Six in the fourth place means:	Primera línea poco alineada (Jaccard 0%). | Solapamiento léxico bajo MT↔Baynes (0%).
40	L4_etiqueta	pair	0%	0%	divergent	Divergente	Neun auf viertem Platz bedeutet:	MYMEMORY WARNING: YOU USED ALL AVAILABLE FREE TRANSLATIONS FOR TODAY. NEXT AVAILABLE IN 03 HOURS 24 MINUTES 47 SECONDS VISIT HTTPS://MYMEMOR…	Nine in the fourth place means:	Primera línea poco alineada (Jaccard 0%). | Solapamiento léxico bajo MT↔Baynes (0%).
41	L4_etiqueta	pair	0%	0%	divergent	Divergente	Sechs auf viertem Platz bedeutet:	MYMEMORY WARNING: YOU USED ALL AVAILABLE FREE TRANSLATIONS FOR TODAY. NEXT AVAILABLE IN 03 HOURS 24 MINUTES 47 SECONDS VISIT HTTPS://MYMEMOR…	Six in the fourth place means:	Primera línea poco alineada (Jaccard 0%). | Solapamiento léxico bajo MT↔Baynes (0%).
42	L4_etiqueta	pair	0%	0%	divergent	Divergente	Sechs auf viertem Platz bedeutet:	MYMEMORY WARNING: YOU USED ALL AVAILABLE FREE TRANSLATIONS FOR TODAY. NEXT AVAILABLE IN 03 HOURS 24 MINUTES 47 SECONDS VISIT HTTPS://MYMEMOR…	Six in the fourth place means:	Primera línea poco alineada (Jaccard 0%). | Solapamiento léxico bajo MT↔Baynes (0%).
43	L4_etiqueta	pair	0%	0%	divergent	Divergente	Neun auf viertem Platz bedeutet:	MYMEMORY WARNING: YOU USED ALL AVAILABLE FREE TRANSLATIONS FOR TODAY. NEXT AVAILABLE IN 03 HOURS 24 MINUTES 47 SECONDS VISIT HTTPS://MYMEMOR…	Nine in the fourth place means:	Primera línea poco alineada (Jaccard 0%). | Solapamiento léxico bajo MT↔Baynes (0%).
44	L4_etiqueta	pair	0%	0%	divergent	Divergente	Neun auf viertem Platz bedeutet:	MYMEMORY WARNING: YOU USED ALL AVAILABLE FREE TRANSLATIONS FOR TODAY. NEXT AVAILABLE IN 03 HOURS 24 MINUTES 47 SECONDS VISIT HTTPS://MYMEMOR…	Nine in the fourth place means:	Primera línea poco alineada (Jaccard 0%). | Solapamiento léxico bajo MT↔Baynes (0%).
45	L4_etiqueta	pair	0%	0%	divergent	Divergente	Neun auf viertem Platz bedeutet:	MYMEMORY WARNING: YOU USED ALL AVAILABLE FREE TRANSLATIONS FOR TODAY. NEXT AVAILABLE IN 03 HOURS 24 MINUTES 47 SECONDS VISIT HTTPS://MYMEMOR…	Nine in the fourth place means:	Primera línea poco alineada (Jaccard 0%). | Solapamiento léxico bajo MT↔Baynes (0%).
46	L4_etiqueta	pair	0%	0%	divergent	Divergente	Sechs auf viertem Platz bedeutet:	MYMEMORY WARNING: YOU USED ALL AVAILABLE FREE TRANSLATIONS FOR TODAY. NEXT AVAILABLE IN 03 HOURS 24 MINUTES 47 SECONDS VISIT HTTPS://MYMEMOR…	Six in the fourth place means:	Primera línea poco alineada (Jaccard 0%). | Solapamiento léxico bajo MT↔Baynes (0%).
47	L4_etiqueta	pair	0%	0%	divergent	Divergente	Neun auf viertem Platz bedeutet:	MYMEMORY WARNING: YOU USED ALL AVAILABLE FREE TRANSLATIONS FOR TODAY. NEXT AVAILABLE IN 03 HOURS 24 MINUTES 47 SECONDS VISIT HTTPS://MYMEMOR…	Nine in the fourth place means:	Primera línea poco alineada (Jaccard 0%). | Solapamiento léxico bajo MT↔Baynes (0%).
48	L4_etiqueta	pair	0%	0%	divergent	Divergente	Sechs auf viertem Platz bedeutet:	MYMEMORY WARNING: YOU USED ALL AVAILABLE FREE TRANSLATIONS FOR TODAY. NEXT AVAILABLE IN 03 HOURS 24 MINUTES 47 SECONDS VISIT HTTPS://MYMEMOR…	Six in the fourth place means:	Primera línea poco alineada (Jaccard 0%). | Solapamiento léxico bajo MT↔Baynes (0%).
49	L4_etiqueta	pair	0%	0%	divergent	Divergente	Neun auf viertem Platz bedeutet:	MYMEMORY WARNING: YOU USED ALL AVAILABLE FREE TRANSLATIONS FOR TODAY. NEXT AVAILABLE IN 03 HOURS 24 MINUTES 47 SECONDS VISIT HTTPS://MYMEMOR…	Nine in the fourth place means:	Primera línea poco alineada (Jaccard 0%). | Solapamiento léxico bajo MT↔Baynes (0%).
50	L4_etiqueta	pair	0%	0%	divergent	Divergente	Neun auf viertem Platz bedeutet:	MYMEMORY WARNING: YOU USED ALL AVAILABLE FREE TRANSLATIONS FOR TODAY. NEXT AVAILABLE IN 03 HOURS 24 MINUTES 47 SECONDS VISIT HTTPS://MYMEMOR…	Nine in the fourth place means:	Primera línea poco alineada (Jaccard 0%). | Solapamiento léxico bajo MT↔Baynes (0%).
51	L4_etiqueta	pair	0%	0%	divergent	Divergente	Neun auf viertem Platz bedeutet:	MYMEMORY WARNING: YOU USED ALL AVAILABLE FREE TRANSLATIONS FOR TODAY. NEXT AVAILABLE IN 03 HOURS 24 MINUTES 47 SECONDS VISIT HTTPS://MYMEMOR…	Nine in the fourth place means:	Primera línea poco alineada (Jaccard 0%). | Solapamiento léxico bajo MT↔Baynes (0%).
52	L4_etiqueta	pair	0%	0%	divergent	Divergente	Sechs auf viertem Platz bedeutet:	MYMEMORY WARNING: YOU USED ALL AVAILABLE FREE TRANSLATIONS FOR TODAY. NEXT AVAILABLE IN 03 HOURS 24 MINUTES 47 SECONDS VISIT HTTPS://MYMEMOR…	Six in the fourth place means:	Primera línea poco alineada (Jaccard 0%). | Solapamiento léxico bajo MT↔Baynes (0%).
53	L4_etiqueta	pair	0%	0%	divergent	Divergente	Sechs auf viertem Platz bedeutet:	MYMEMORY WARNING: YOU USED ALL AVAILABLE FREE TRANSLATIONS FOR TODAY. NEXT AVAILABLE IN 03 HOURS 24 MINUTES 47 SECONDS VISIT HTTPS://MYMEMOR…	Six in the fourth place means:	Primera línea poco alineada (Jaccard 0%). | Solapamiento léxico bajo MT↔Baynes (0%).
54	L4_etiqueta	pair	0%	0%	divergent	Divergente	Neun auf viertem Platz bedeutet:	MYMEMORY WARNING: YOU USED ALL AVAILABLE FREE TRANSLATIONS FOR TODAY. NEXT AVAILABLE IN 03 HOURS 24 MINUTES 47 SECONDS VISIT HTTPS://MYMEMOR…	Nine in the fourth place means:	Primera línea poco alineada (Jaccard 0%). | Solapamiento léxico bajo MT↔Baynes (0%).
55	L4_etiqueta	pair	0%	0%	divergent	Divergente	Neun auf viertem Platz bedeutet:	MYMEMORY WARNING: YOU USED ALL AVAILABLE FREE TRANSLATIONS FOR TODAY. NEXT AVAILABLE IN 03 HOURS 24 MINUTES 47 SECONDS VISIT HTTPS://MYMEMOR…	Nine in the fourth place means:	Primera línea poco alineada (Jaccard 0%). | Solapamiento léxico bajo MT↔Baynes (0%).
56	L4_etiqueta	pair	0%	0%	divergent	Divergente	Neun auf viertem Platz bedeutet:	MYMEMORY WARNING: YOU USED ALL AVAILABLE FREE TRANSLATIONS FOR TODAY. NEXT AVAILABLE IN 03 HOURS 24 MINUTES 47 SECONDS VISIT HTTPS://MYMEMOR…	Nine in the fourth place means:	Primera línea poco alineada (Jaccard 0%). | Solapamiento léxico bajo MT↔Baynes (0%).
57	L4_etiqueta	pair	0%	0%	divergent	Divergente	Sechs auf viertem Platz bedeutet:	MYMEMORY WARNING: YOU USED ALL AVAILABLE FREE TRANSLATIONS FOR TODAY. NEXT AVAILABLE IN 03 HOURS 24 MINUTES 47 SECONDS VISIT HTTPS://MYMEMOR…	Six in the fourth place means:	Primera línea poco alineada (Jaccard 0%). | Solapamiento léxico bajo MT↔Baynes (0%).
58	L4_etiqueta	pair	0%	0%	divergent	Divergente	Neun auf viertem Platz bedeutet:	MYMEMORY WARNING: YOU USED ALL AVAILABLE FREE TRANSLATIONS FOR TODAY. NEXT AVAILABLE IN 03 HOURS 24 MINUTES 47 SECONDS VISIT HTTPS://MYMEMOR…	Nine in the fourth place means:	Primera línea poco alineada (Jaccard 0%). | Solapamiento léxico bajo MT↔Baynes (0%).
59	L4_etiqueta	pair	0%	0%	divergent	Divergente	Sechs auf viertem Platz bedeutet:	MYMEMORY WARNING: YOU USED ALL AVAILABLE FREE TRANSLATIONS FOR TODAY. NEXT AVAILABLE IN 03 HOURS 24 MINUTES 47 SECONDS VISIT HTTPS://MYMEMOR…	Six in the fourth place means:	Primera línea poco alineada (Jaccard 0%). | Solapamiento léxico bajo MT↔Baynes (0%).
60	L4_etiqueta	pair	0%	0%	divergent	Divergente	Sechs auf viertem Platz bedeutet:	MYMEMORY WARNING: YOU USED ALL AVAILABLE FREE TRANSLATIONS FOR TODAY. NEXT AVAILABLE IN 03 HOURS 24 MINUTES 47 SECONDS VISIT HTTPS://MYMEMOR…	Six in the fourth place means:	Primera línea poco alineada (Jaccard 0%). | Solapamiento léxico bajo MT↔Baynes (0%).
61	L4_etiqueta	pair	0%	0%	divergent	Divergente	Sechs auf viertem Platz bedeutet:	MYMEMORY WARNING: YOU USED ALL AVAILABLE FREE TRANSLATIONS FOR TODAY. NEXT AVAILABLE IN 03 HOURS 24 MINUTES 47 SECONDS VISIT HTTPS://MYMEMOR…	Six in the fourth place means:	Primera línea poco alineada (Jaccard 0%). | Solapamiento léxico bajo MT↔Baynes (0%).
62	L4_etiqueta	pair	0%	0%	divergent	Divergente	Neun auf viertem Platz bedeutet:	MYMEMORY WARNING: YOU USED ALL AVAILABLE FREE TRANSLATIONS FOR TODAY. NEXT AVAILABLE IN 03 HOURS 24 MINUTES 47 SECONDS VISIT HTTPS://MYMEMOR…	Nine in the fourth place means:	Primera línea poco alineada (Jaccard 0%). | Solapamiento léxico bajo MT↔Baynes (0%).
63	L4_etiqueta	pair	0%	0%	divergent	Divergente	Sechs auf viertem Platz bedeutet:	MYMEMORY WARNING: YOU USED ALL AVAILABLE FREE TRANSLATIONS FOR TODAY. NEXT AVAILABLE IN 03 HOURS 24 MINUTES 47 SECONDS VISIT HTTPS://MYMEMOR…	Six in the fourth place means:	Primera línea poco alineada (Jaccard 0%). | Solapamiento léxico bajo MT↔Baynes (0%).
64	L4_etiqueta	pair	0%	0%	divergent	Divergente	Neun auf viertem Platz bedeutet:	MYMEMORY WARNING: YOU USED ALL AVAILABLE FREE TRANSLATIONS FOR TODAY. NEXT AVAILABLE IN 03 HOURS 24 MINUTES 47 SECONDS VISIT HTTPS://MYMEMOR…	Nine in the fourth place means:	Primera línea poco alineada (Jaccard 0%). | Solapamiento léxico bajo MT↔Baynes (0%).
1	L4_oraculo	pair	0%	0%	divergent	Divergente	Schwankender Aufschwung über die Tiefe. Kein Makel.	MYMEMORY WARNING: YOU USED ALL AVAILABLE FREE TRANSLATIONS FOR TODAY. NEXT AVAILABLE IN 03 HOURS 24 MINUTES 46 SECONDS VISIT HTTPS://MYMEMOR…	Wavering flight over the depths. No blame.	Primera línea poco alineada (Jaccard 0%). | Solapamiento léxico bajo MT↔Baynes (0%).
2	L4_oraculo	pair	0%	0%	divergent	Divergente	Zugebundener Sack. Kein Makel; kein Lob.	MYMEMORY WARNING: YOU USED ALL AVAILABLE FREE TRANSLATIONS FOR TODAY. NEXT AVAILABLE IN 03 HOURS 24 MINUTES 46 SECONDS VISIT HTTPS://MYMEMOR…	A tied-up sack. No blame, no praise.	Primera línea poco alineada (Jaccard 0%). | Solapamiento léxico bajo MT↔Baynes (0%).
3	L4_oraculo	pair	3%	0%	divergent	Divergente	Pferd und Wagen trennen sich. Suche nach Vereinigung. Hingehen bringt Heil. Alles wirkt fördernd.	MYMEMORY WARNING: YOU USED ALL AVAILABLE FREE TRANSLATIONS FOR TODAY. NEXT AVAILABLE IN 03 HOURS 24 MINUTES 46 SECONDS VISIT HTTPS://MYMEMOR…	Horse and wagon part. Strive for union. To go brings good fortune. Everything acts to further.	Primera línea poco alineada (Jaccard 0%). | Solapamiento léxico bajo MT↔Baynes (3%).
4	L4_oraculo	pair	0%	0%	divergent	Divergente	Beschränkte Torheit bringt Beschämung.	MYMEMORY WARNING: YOU USED ALL AVAILABLE FREE TRANSLATIONS FOR TODAY. NEXT AVAILABLE IN 03 HOURS 24 MINUTES 46 SECONDS VISIT HTTPS://MYMEMOR…	Entangled folly brings humiliation.	Primera línea poco alineada (Jaccard 0%). | Solapamiento léxico bajo MT↔Baynes (0%).
5	L4_oraculo	pair	0%	0%	divergent	Divergente	Warten im Blut. Heraus aus dem Loch.	MYMEMORY WARNING: YOU USED ALL AVAILABLE FREE TRANSLATIONS FOR TODAY. NEXT AVAILABLE IN 03 HOURS 24 MINUTES 46 SECONDS VISIT HTTPS://MYMEMOR…	Waiting in blood. Get out of the pit.	Primera línea poco alineada (Jaccard 0%). | Solapamiento léxico bajo MT↔Baynes (0%).
6	L4_oraculo	pair	0%	0%	divergent	Divergente	Man kann nicht streiten, kehrt um und fügt sich dem Geschick, ändert sich und findet Frieden in Beharrlichkeit. Heil!	MYMEMORY WARNING: YOU USED ALL AVAILABLE FREE TRANSLATIONS FOR TODAY. NEXT AVAILABLE IN 03 HOURS 24 MINUTES 46 SECONDS VISIT HTTPS://MYMEMOR…	One cannot engage in conflict. One turns back and submits to fate, Changes one's attitude, And finds peace in perseverance. Good fortune.	Primera línea poco alineada (Jaccard 0%). | Solapamiento léxico bajo MT↔Baynes (0%).
7	L4_oraculo	pair	0%	0%	divergent	Divergente	Das Heer zieht sich zurück. Kein Makel.	MYMEMORY WARNING: YOU USED ALL AVAILABLE FREE TRANSLATIONS FOR TODAY. NEXT AVAILABLE IN 03 HOURS 24 MINUTES 46 SECONDS VISIT HTTPS://MYMEMOR…	The army retreats. No blame.	Primera línea poco alineada (Jaccard 0%). | Solapamiento léxico bajo MT↔Baynes (0%).
8	L4_oraculo	pair	0%	0%	divergent	Divergente	Auch äußerlich halte zu ihm. Beharrlichkeit bringt Heil.	MYMEMORY WARNING: YOU USED ALL AVAILABLE FREE TRANSLATIONS FOR TODAY. NEXT AVAILABLE IN 03 HOURS 24 MINUTES 46 SECONDS VISIT HTTPS://MYMEMOR…	Hold to him outwardly also. Perseverance brings good fortune.	Primera línea poco alineada (Jaccard 0%). | Solapamiento léxico bajo MT↔Baynes (0%).
9	L4_oraculo	pair	3%	3%	divergent	Divergente	Bist du wahrhaftig, so schwindet Blut und weicht Angst. Kein Makel.	MYMEMORY WARNING: YOU USED ALL AVAILABLE FREE TRANSLATIONS FOR TODAY. NEXT AVAILABLE IN 03 HOURS 24 MINUTES 46 SECONDS VISIT HTTPS://MYMEMOR…	If you are sincere, blood vanishes and fear gives way. No blame.	Primera línea poco alineada (Jaccard 3%). | Solapamiento léxico bajo MT↔Baynes (3%).
10	L4_oraculo	pair	0%	0%	divergent	Divergente	Er tritt auf des Tigers Schwanz. Vorsicht und Behutsamkeit führt endlich zum Heil.	MYMEMORY WARNING: YOU USED ALL AVAILABLE FREE TRANSLATIONS FOR TODAY. NEXT AVAILABLE IN 03 HOURS 24 MINUTES 45 SECONDS VISIT HTTPS://MYMEMOR…	He treads on the tail of the tiger. Caution and circumspection Lead ultimately to good fortune.	Primera línea poco alineada (Jaccard 0%). | Solapamiento léxico bajo MT↔Baynes (0%).
11	L4_oraculo	pair	0%	0%	divergent	Divergente	Er flattert hernieder, nicht pochend auf Reichtum, zusammen mit seinem Nächsten, arglos und wahrhaftig.	MYMEMORY WARNING: YOU USED ALL AVAILABLE FREE TRANSLATIONS FOR TODAY. NEXT AVAILABLE IN 03 HOURS 24 MINUTES 45 SECONDS VISIT HTTPS://MYMEMOR…	He flutters down, not boasting of his wealth, Together with his neighbor, Guileless and sincere.	Primera línea poco alineada (Jaccard 0%). | Solapamiento léxico bajo MT↔Baynes (0%).
12	L4_oraculo	pair	0%	0%	divergent	Divergente	Wer auf Befehl des Höchsten wirkt, bleibt ohne Makel. Die Gleichgesinnten genießen des Segens.	MYMEMORY WARNING: YOU USED ALL AVAILABLE FREE TRANSLATIONS FOR TODAY. NEXT AVAILABLE IN 03 HOURS 24 MINUTES 45 SECONDS VISIT HTTPS://MYMEMOR…	He who acts at the command of the highest Remains without blame. Those of like mind partake of the blessing.	Primera línea poco alineada (Jaccard 0%). | Solapamiento léxico bajo MT↔Baynes (0%).
13	L4_oraculo	pair	0%	0%	divergent	Divergente	Er steigt auf seine Mauer, er kann nicht angreifen. Heil!	MYMEMORY WARNING: YOU USED ALL AVAILABLE FREE TRANSLATIONS FOR TODAY. NEXT AVAILABLE IN 03 HOURS 24 MINUTES 45 SECONDS VISIT HTTPS://MYMEMOR…	He climbs up on his wall; he cannot attack. Good fortune.	Primera línea poco alineada (Jaccard 0%). | Solapamiento léxico bajo MT↔Baynes (0%).
14	L4_oraculo	pair	0%	0%	divergent	Divergente	Er macht einen Unterschied zwischen sich und seinem Nächsten. Kein Makel.	MYMEMORY WARNING: YOU USED ALL AVAILABLE FREE TRANSLATIONS FOR TODAY. NEXT AVAILABLE IN 03 HOURS 24 MINUTES 45 SECONDS VISIT HTTPS://MYMEMOR…	He makes a difference Between himself and his neighbor. No blame.	Primera línea poco alineada (Jaccard 0%). | Solapamiento léxico bajo MT↔Baynes (0%).
15	L4_oraculo	pair	0%	0%	divergent	Divergente	Nichts, das nicht fördernd wäre für Bescheidenheit in der Bewegung.	MYMEMORY WARNING: YOU USED ALL AVAILABLE FREE TRANSLATIONS FOR TODAY. NEXT AVAILABLE IN 03 HOURS 24 MINUTES 45 SECONDS VISIT HTTPS://MYMEMOR…	Nothing that would not further modesty In movement.	Primera línea poco alineada (Jaccard 0%). | Solapamiento léxico bajo MT↔Baynes (0%).
16	L4_oraculo	pair	3%	0%	divergent	Divergente	Der Ursprung der Begeisterung. Er erreicht Großes. Zweifle nicht. Die Freunde scharen sich um dich wie um eine Haarspange.	MYMEMORY WARNING: YOU USED ALL AVAILABLE FREE TRANSLATIONS FOR TODAY. NEXT AVAILABLE IN 03 HOURS 24 MINUTES 45 SECONDS VISIT HTTPS://MYMEMOR…	The source of enthusiasm. He achieves great things. Doubt not. You gather friends around you As a hair clasp gathers the hair.	Primera línea poco alineada (Jaccard 0%). | Solapamiento léxico bajo MT↔Baynes (3%).
17	L4_oraculo	pair	0%	0%	divergent	Divergente	Die Nachfolge schafft Erfolg. Beharrlichkeit bringt Unheil. Mit Wahrhaftigkeit auf dem Weg zu wandeln, bringt Klarheit. Wie könnte das ein M…	MYMEMORY WARNING: YOU USED ALL AVAILABLE FREE TRANSLATIONS FOR TODAY. NEXT AVAILABLE IN 03 HOURS 24 MINUTES 45 SECONDS VISIT HTTPS://MYMEMOR…	Following creates success. Perseverance brings misfortune. To go one's way with sincerity brings clarity. How could there be blame in this?	Primera línea poco alineada (Jaccard 0%). | Solapamiento léxico bajo MT↔Baynes (0%).
18	L4_oraculo	pair	0%	0%	divergent	Divergente	Dulden des vom Vater Verdorbenen. Beim Fortmachen sieht man Beschämung.	MYMEMORY WARNING: YOU USED ALL AVAILABLE FREE TRANSLATIONS FOR TODAY. NEXT AVAILABLE IN 03 HOURS 24 MINUTES 45 SECONDS VISIT HTTPS://MYMEMOR…	Tolerating what has been spoiled by the father. In continuing one sees humiliation.	Primera línea poco alineada (Jaccard 0%). | Solapamiento léxico bajo MT↔Baynes (0%).
19	L4_oraculo	pair	0%	0%	divergent	Divergente	Vollkommene Annäherung. Kein Makel.	MYMEMORY WARNING: YOU USED ALL AVAILABLE FREE TRANSLATIONS FOR TODAY. NEXT AVAILABLE IN 03 HOURS 24 MINUTES 45 SECONDS VISIT HTTPS://MYMEMOR…	Complete approach. No blame.	Primera línea poco alineada (Jaccard 0%). | Solapamiento léxico bajo MT↔Baynes (0%).
20	L4_oraculo	pair	0%	0%	divergent	Divergente	Betrachtung des Lichtes des Reichs. Fördernd ist es, als Gast eines Königs zu wirken.	MYMEMORY WARNING: YOU USED ALL AVAILABLE FREE TRANSLATIONS FOR TODAY. NEXT AVAILABLE IN 03 HOURS 24 MINUTES 44 SECONDS VISIT HTTPS://MYMEMOR…	Contemplation of the light of the kingdom. It furthers one to exert influence as the guest of a king.	Primera línea poco alineada (Jaccard 0%). | Solapamiento léxico bajo MT↔Baynes (0%).
21	L4_oraculo	pair	0%	0%	divergent	Divergente	Beißt auf getrocknetes Knorpelfleisch. Erhält Metallpfeile. Fördernd ist es,	MYMEMORY WARNING: YOU USED ALL AVAILABLE FREE TRANSLATIONS FOR TODAY. NEXT AVAILABLE IN 03 HOURS 24 MINUTES 44 SECONDS VISIT HTTPS://MYMEMOR…	Bites on dried gristly meat. Receives metal arrows. It furthers one to be mindful of difficulties And to be persevering. Good fortune.	Primera línea poco alineada (Jaccard 0%). | Solapamiento léxico bajo MT↔Baynes (0%).
22	L4_oraculo	pair	0%	0%	divergent	Divergente	Anmut oder Einfachheit? Ein weißes Pferd kommt wie geflogen: Nicht Räuber er ist, Will freien zur Frist.	MYMEMORY WARNING: YOU USED ALL AVAILABLE FREE TRANSLATIONS FOR TODAY. NEXT AVAILABLE IN 03 HOURS 24 MINUTES 44 SECONDS VISIT HTTPS://MYMEMOR…	Grace or simplicity? A white horse comes as if on wings. He is not a robber, He will woo at the right time.	Primera línea poco alineada (Jaccard 0%). | Solapamiento léxico bajo MT↔Baynes (0%).
23	L4_oraculo	pair	0%	0%	divergent	Divergente	Das Bett wird zersplittert bis zur Haut. Unheil.	MYMEMORY WARNING: YOU USED ALL AVAILABLE FREE TRANSLATIONS FOR TODAY. NEXT AVAILABLE IN 03 HOURS 24 MINUTES 44 SECONDS VISIT HTTPS://MYMEMOR…	The bed is split up to the skin. Misfortune.	Primera línea poco alineada (Jaccard 0%). | Solapamiento léxico bajo MT↔Baynes (0%).
24	L4_oraculo	pair	0%	0%	divergent	Divergente	In der Mitte der andern wandelnd, kehrt man allein wieder.	MYMEMORY WARNING: YOU USED ALL AVAILABLE FREE TRANSLATIONS FOR TODAY. NEXT AVAILABLE IN 03 HOURS 24 MINUTES 44 SECONDS VISIT HTTPS://MYMEMOR…	Walking in the midst of others, One returns alone.	Primera línea poco alineada (Jaccard 0%). | Solapamiento léxico bajo MT↔Baynes (0%).
25	L4_oraculo	pair	0%	0%	divergent	Divergente	Wer vermag beharrlich zu sein, bleibt ohne Makel.	MYMEMORY WARNING: YOU USED ALL AVAILABLE FREE TRANSLATIONS FOR TODAY. NEXT AVAILABLE IN 03 HOURS 24 MINUTES 44 SECONDS VISIT HTTPS://MYMEMOR…	He who can be persevering Remains without blame.	Primera línea poco alineada (Jaccard 0%). | Solapamiento léxico bajo MT↔Baynes (0%).
26	L4_oraculo	pair	0%	0%	divergent	Divergente	Das Schutzbrett eines jungen Stieres. Großes Heil!	MYMEMORY WARNING: YOU USED ALL AVAILABLE FREE TRANSLATIONS FOR TODAY. NEXT AVAILABLE IN 03 HOURS 24 MINUTES 44 SECONDS VISIT HTTPS://MYMEMOR…	The headboard of a young bull. Great good fortune.	Primera línea poco alineada (Jaccard 0%). | Solapamiento léxico bajo MT↔Baynes (0%).
27	L4_oraculo	pair	2%	0%	divergent	Divergente	Nach dem Gipfel sich wenden um Ernährung bringt Heil. Mit scharfen Augen wie ein Tiger umherspähen in unersättlichem Begehren. Kein Makel.	MYMEMORY WARNING: YOU USED ALL AVAILABLE FREE TRANSLATIONS FOR TODAY. NEXT AVAILABLE IN 03 HOURS 24 MINUTES 44 SECONDS VISIT HTTPS://MYMEMOR…	Turning to the summit For provision of nourishment Brings good fortune. Spying about with sharp eyes Like a tiger with insatiable craving. N…	Primera línea poco alineada (Jaccard 0%). | Solapamiento léxico bajo MT↔Baynes (2%).
28	L4_oraculo	pair	0%	0%	divergent	Divergente	Der Firstbalken wird gestützt. Heil. Sind Hintergedanken da, ist es beschämend.	MYMEMORY WARNING: YOU USED ALL AVAILABLE FREE TRANSLATIONS FOR TODAY. NEXT AVAILABLE IN 03 HOURS 24 MINUTES 44 SECONDS VISIT HTTPS://MYMEMOR…	The ridgepole is braced. Good fortune. If there are ulterior motives, it is humiliating.	Primera línea poco alineada (Jaccard 0%). | Solapamiento léxico bajo MT↔Baynes (0%).
29	L4_oraculo	pair	0%	0%	divergent	Divergente	Ein Krug Wein, eine Reisschale als Zugabe, Tongeschirr, einfach zum Fenster hineingereicht. Das ist durchaus kein Makel.	MYMEMORY WARNING: YOU USED ALL AVAILABLE FREE TRANSLATIONS FOR TODAY. NEXT AVAILABLE IN 03 HOURS 24 MINUTES 44 SECONDS VISIT HTTPS://MYMEMOR…	A jug of wine, a bowl of rice with it; Earthen vessels Simply handed in through the window. There is certainly no blame in this.	Primera línea poco alineada (Jaccard 0%). | Solapamiento léxico bajo MT↔Baynes (0%).
30	L4_oraculo	pair	0%	0%	divergent	Divergente	Plötzlich ist sein Kommen; es brennt auf, erstirbt, wird weggeworfen.	MYMEMORY WARNING: YOU USED ALL AVAILABLE FREE TRANSLATIONS FOR TODAY. NEXT AVAILABLE IN 03 HOURS 24 MINUTES 43 SECONDS VISIT HTTPS://MYMEMOR…	Its coming is sudden; It flames up, dies down, is thrown away.	Primera línea poco alineada (Jaccard 0%). | Solapamiento léxico bajo MT↔Baynes (0%).
31	L4_oraculo	pair	0%	0%	divergent	Divergente	Beharrlichkeit bringt Heil. Die Reue schwindet. Wenn man aufgeregt hin und her denkt, so folgen nur die Freunde, auf die man bewußte Gedanke…	MYMEMORY WARNING: YOU USED ALL AVAILABLE FREE TRANSLATIONS FOR TODAY. NEXT AVAILABLE IN 03 HOURS 24 MINUTES 43 SECONDS VISIT HTTPS://MYMEMOR…	Perseverance brings good fortune. Remorse disappears. If a man is agitated in mind, And his thoughts go hither and thither, Only those frien…	Primera línea poco alineada (Jaccard 0%). | Solapamiento léxico bajo MT↔Baynes (0%).
32	L4_oraculo	pair	0%	0%	divergent	Divergente	Im Feld ist kein Wild.	MYMEMORY WARNING: YOU USED ALL AVAILABLE FREE TRANSLATIONS FOR TODAY. NEXT AVAILABLE IN 03 HOURS 24 MINUTES 43 SECONDS VISIT HTTPS://MYMEMOR…	No game in the field.	Primera línea poco alineada (Jaccard 0%). | Solapamiento léxico bajo MT↔Baynes (0%).
33	L4_oraculo	pair	0%	0%	divergent	Divergente	Freiwilliger Rückzug bringt dem Edlen Heil, dem Gemeinen Niedergang.	MYMEMORY WARNING: YOU USED ALL AVAILABLE FREE TRANSLATIONS FOR TODAY. NEXT AVAILABLE IN 03 HOURS 24 MINUTES 43 SECONDS VISIT HTTPS://MYMEMOR…	Voluntary retreat brings good fortune to the superior man And downfall to the inferior man.	Primera línea poco alineada (Jaccard 0%). | Solapamiento léxico bajo MT↔Baynes (0%).
34	L4_oraculo	pair	0%	0%	divergent	Divergente	Beharrlichkeit bringt Heil. Die Reue schwindet. Die Hecke öffnet sich, es gibt keine Verwicklung.	MYMEMORY WARNING: YOU USED ALL AVAILABLE FREE TRANSLATIONS FOR TODAY. NEXT AVAILABLE IN 03 HOURS 24 MINUTES 43 SECONDS VISIT HTTPS://MYMEMOR…	Perseverance brings good fortune. Remorse disappears. The hedge opens; there is no entanglement. Power depends upon the axle of a big cart.	Primera línea poco alineada (Jaccard 0%). | Solapamiento léxico bajo MT↔Baynes (0%).
35	L4_oraculo	pair	0%	0%	divergent	Divergente	Fortschritt wie ein Hamster. Beharrlichkeit bringt Gefahr.	MYMEMORY WARNING: YOU USED ALL AVAILABLE FREE TRANSLATIONS FOR TODAY. NEXT AVAILABLE IN 03 HOURS 24 MINUTES 43 SECONDS VISIT HTTPS://MYMEMOR…	Progress like a hamster. Perseverance brings danger.	Primera línea poco alineada (Jaccard 0%). | Solapamiento léxico bajo MT↔Baynes (0%).
36	L4_oraculo	pair	0%	0%	divergent	Divergente	Er dringt in die linke Bauchhöhle ein. Man erhält das Herz der Verfinsterung des Lichts und verläßt Tor und Hof.	MYMEMORY WARNING: YOU USED ALL AVAILABLE FREE TRANSLATIONS FOR TODAY. NEXT AVAILABLE IN 03 HOURS 24 MINUTES 43 SECONDS VISIT HTTPS://MYMEMOR…	He penetrates the left side of the belly. One gets at the very heart of the darkening of the light, And leaves gate and courtyard.	Primera línea poco alineada (Jaccard 0%). | Solapamiento léxico bajo MT↔Baynes (0%).
37	L4_oraculo	pair	0%	0%	divergent	Divergente	Sie ist der Reichtum des Hauses. Großes Heil!	MYMEMORY WARNING: YOU USED ALL AVAILABLE FREE TRANSLATIONS FOR TODAY. NEXT AVAILABLE IN 03 HOURS 24 MINUTES 43 SECONDS VISIT HTTPS://MYMEMOR…	She is the treasure of the house. Great good fortune.	Primera línea poco alineada (Jaccard 0%). | Solapamiento léxico bajo MT↔Baynes (0%).
38	L4_oraculo	pair	0%	0%	divergent	Divergente	Durch Gegensatz vereinsamt, trifft man auf einen Gleichgesinnten, mit dem man in Treuen verkehren kann. Trotz der Gefahr kein Makel.	MYMEMORY WARNING: YOU USED ALL AVAILABLE FREE TRANSLATIONS FOR TODAY. NEXT AVAILABLE IN 03 HOURS 24 MINUTES 43 SECONDS VISIT HTTPS://MYMEMOR…	Isolated through opposition, One meets a like-minded man With whom one can associate in good faith. Despite the danger, no blame.	Primera línea poco alineada (Jaccard 0%). | Solapamiento léxico bajo MT↔Baynes (0%).
39	L4_oraculo	pair	0%	0%	divergent	Divergente	Gehen führt in Hemmnisse, Kommen führt zur Vereinigung.	MYMEMORY WARNING: YOU USED ALL AVAILABLE FREE TRANSLATIONS FOR TODAY. NEXT AVAILABLE IN 03 HOURS 24 MINUTES 42 SECONDS VISIT HTTPS://MYMEMOR…	Going leads to obstructions, Coming leads to union.	Primera línea poco alineada (Jaccard 0%). | Solapamiento léxico bajo MT↔Baynes (0%).
40	L4_oraculo	pair	3%	0%	divergent	Divergente	Befreie dich von deiner großen Zehe. Dann kommt der Gefährte herbei, und dem kannst du trauen.	MYMEMORY WARNING: YOU USED ALL AVAILABLE FREE TRANSLATIONS FOR TODAY. NEXT AVAILABLE IN 03 HOURS 24 MINUTES 42 SECONDS VISIT HTTPS://MYMEMOR…	Deliver yourself from your great toe. Then the companion comes, And him you can trust.	Primera línea poco alineada (Jaccard 0%). | Solapamiento léxico bajo MT↔Baynes (3%).
41	L4_oraculo	pair	0%	0%	divergent	Divergente	Wenn man seine Mängel mindert, macht man, daß der andre eilig kommt und Freude hat. Kein Makel.	MYMEMORY WARNING: YOU USED ALL AVAILABLE FREE TRANSLATIONS FOR TODAY. NEXT AVAILABLE IN 03 HOURS 24 MINUTES 42 SECONDS VISIT HTTPS://MYMEMOR…	If a man decreases his faults, It makes the other hasten to come and rejoice. No blame.	Primera línea poco alineada (Jaccard 0%). | Solapamiento léxico bajo MT↔Baynes (0%).
42	L4_oraculo	pair	6%	4%	divergent	Divergente	Wenn du in der Mitte wandelst und dem Fürsten berichtest, so wird er folgen. Fördernd ist es, benützt zu werden bei der Verlegung der Haupts…	MYMEMORY WARNING: YOU USED ALL AVAILABLE FREE TRANSLATIONS FOR TODAY. NEXT AVAILABLE IN 03 HOURS 24 MINUTES 42 SECONDS VISIT HTTPS://MYMEMOR…	If you walk in the middle And report to the prince, He will follow. It furthers one to be used In the removal of the capital.	Primera línea poco alineada (Jaccard 4%). | Solapamiento léxico bajo MT↔Baynes (6%).
43	L4_oraculo	pair	0%	0%	divergent	Divergente	An den Oberschenkeln ist keine Haut, und das Gehen fällt schwer. Ließe man sich führen wie ein Schaf, so würde die Reue schwinden. Wenn man …	MYMEMORY WARNING: YOU USED ALL AVAILABLE FREE TRANSLATIONS FOR TODAY. NEXT AVAILABLE IN 03 HOURS 24 MINUTES 42 SECONDS VISIT HTTPS://MYMEMOR…	There is no skin on his thighs, And walking comes hard. If a man were to let himself be led like a sheep, Remorse would disappear. But if th…	Primera línea poco alineada (Jaccard 0%). | Solapamiento léxico bajo MT↔Baynes (0%).
44	L4_oraculo	pair	0%	0%	divergent	Divergente	Im Behälter ist kein Fisch. Daraus erhebt sich Unheil.	MYMEMORY WARNING: YOU USED ALL AVAILABLE FREE TRANSLATIONS FOR TODAY. NEXT AVAILABLE IN 03 HOURS 24 MINUTES 42 SECONDS VISIT HTTPS://MYMEMOR…	No fish in the tank. This leads to misfortune.	Primera línea poco alineada (Jaccard 0%). | Solapamiento léxico bajo MT↔Baynes (0%).
45	L4_oraculo	pair	0%	0%	divergent	Divergente	Großes Heil! Kein Makel.	MYMEMORY WARNING: YOU USED ALL AVAILABLE FREE TRANSLATIONS FOR TODAY. NEXT AVAILABLE IN 03 HOURS 24 MINUTES 42 SECONDS VISIT HTTPS://MYMEMOR…	Great good fortune. No blame.	Primera línea poco alineada (Jaccard 0%). | Solapamiento léxico bajo MT↔Baynes (0%).
46	L4_oraculo	pair	0%	0%	divergent	Divergente	Der König bringt ihn dem Berg Ki dar. Heil. Kein Makel.	MYMEMORY WARNING: YOU USED ALL AVAILABLE FREE TRANSLATIONS FOR TODAY. NEXT AVAILABLE IN 03 HOURS 24 MINUTES 42 SECONDS VISIT HTTPS://MYMEMOR…	The king offers him Mount Ch'i. Good fortune. No blame.	Primera línea poco alineada (Jaccard 0%). | Solapamiento léxico bajo MT↔Baynes (0%).
47	L4_oraculo	pair	0%	0%	divergent	Divergente	Er kommt ganz sachte, bedrängt in einem goldnen Wagen. Beschämung, aber man kommt zu Ende.	MYMEMORY WARNING: YOU USED ALL AVAILABLE FREE TRANSLATIONS FOR TODAY. NEXT AVAILABLE IN 03 HOURS 24 MINUTES 42 SECONDS VISIT HTTPS://MYMEMOR…	He comes very quietly, oppressed in a golden carriage. Humiliation, but the end is reached.	Primera línea poco alineada (Jaccard 0%). | Solapamiento léxico bajo MT↔Baynes (0%).
48	L4_oraculo	pair	0%	0%	divergent	Divergente	Der Brunnen wird ausgemauert, kein Makel.	MYMEMORY WARNING: YOU USED ALL AVAILABLE FREE TRANSLATIONS FOR TODAY. NEXT AVAILABLE IN 03 HOURS 24 MINUTES 42 SECONDS VISIT HTTPS://MYMEMOR…	The well is being lined. No blame.	Primera línea poco alineada (Jaccard 0%). | Solapamiento léxico bajo MT↔Baynes (0%).
49	L4_oraculo	pair	0%	0%	divergent	Divergente	Die Reue schwindet. Man findet Glauben. Die Staatsordnung zu wechseln, bringt Heil.	MYMEMORY WARNING: YOU USED ALL AVAILABLE FREE TRANSLATIONS FOR TODAY. NEXT AVAILABLE IN 03 HOURS 24 MINUTES 41 SECONDS VISIT HTTPS://MYMEMOR…	Remorse disappears. Men believe him. Changing the form of government brings good fortune.	Primera línea poco alineada (Jaccard 0%). | Solapamiento léxico bajo MT↔Baynes (0%).
50	L4_oraculo	pair	0%	0%	divergent	Divergente	Der Tiegel bricht die Beine. Das Mahl des Fürsten wird verschüttet, und die Gestalt wird befleckt. Unheil!	MYMEMORY WARNING: YOU USED ALL AVAILABLE FREE TRANSLATIONS FOR TODAY. NEXT AVAILABLE IN 03 HOURS 24 MINUTES 41 SECONDS VISIT HTTPS://MYMEMOR…	The legs of the ting are broken. The prince's meal is spilled And his person is soiled. Misfortune.	Primera línea poco alineada (Jaccard 0%). | Solapamiento léxico bajo MT↔Baynes (0%).
51	L4_oraculo	pair	0%	0%	divergent	Divergente	Das Erschüttern gerät in Schlamm.	MYMEMORY WARNING: YOU USED ALL AVAILABLE FREE TRANSLATIONS FOR TODAY. NEXT AVAILABLE IN 03 HOURS 24 MINUTES 41 SECONDS VISIT HTTPS://MYMEMOR…	Shock is mired.	Primera línea poco alineada (Jaccard 0%). | Solapamiento léxico bajo MT↔Baynes (0%).
52	L4_oraculo	pair	0%	0%	divergent	Divergente	Stillehalten seines Rumpfes. Kein Makel.	MYMEMORY WARNING: YOU USED ALL AVAILABLE FREE TRANSLATIONS FOR TODAY. NEXT AVAILABLE IN 03 HOURS 24 MINUTES 41 SECONDS VISIT HTTPS://MYMEMOR…	Keeping his trunk still. No blame.	Primera línea poco alineada (Jaccard 0%). | Solapamiento léxico bajo MT↔Baynes (0%).
53	L4_oraculo	pair	0%	0%	divergent	Divergente	Die Wildgans zieht allmählich dem Baume zu. Vielleicht bekommt sie einen flachen Ast. Kein Makel.	MYMEMORY WARNING: YOU USED ALL AVAILABLE FREE TRANSLATIONS FOR TODAY. NEXT AVAILABLE IN 03 HOURS 24 MINUTES 41 SECONDS VISIT HTTPS://MYMEMOR…	The wild goose gradually draws near the tree. Perhaps it will find a flat branch. No blame.	Primera línea poco alineada (Jaccard 0%). | Solapamiento léxico bajo MT↔Baynes (0%).
54	L4_oraculo	pair	0%	0%	divergent	Divergente	Das heiratende Mädchen verzögert die Frist. Eine späte Heirat kommt zu ihrer Zeit.	MYMEMORY WARNING: YOU USED ALL AVAILABLE FREE TRANSLATIONS FOR TODAY. NEXT AVAILABLE IN 03 HOURS 24 MINUTES 41 SECONDS VISIT HTTPS://MYMEMOR…	The marrying maiden draws out the allotted time. A late marriage comes in due course.	Primera línea poco alineada (Jaccard 0%). | Solapamiento léxico bajo MT↔Baynes (0%).
55	L4_oraculo	pair	0%	0%	divergent	Divergente	Der Vorhang ist von solcher Fülle, daß man am Mittag die Polsterne sieht. Er begegnet seinem gleichen Herrn. Heil!	MYMEMORY WARNING: YOU USED ALL AVAILABLE FREE TRANSLATIONS FOR TODAY. NEXT AVAILABLE IN 03 HOURS 24 MINUTES 41 SECONDS VISIT HTTPS://MYMEMOR…	The curtain is of such fullness That the polestars can be seen at noon. He meets his ruler, who is of like kind. Good fortune.	Primera línea poco alineada (Jaccard 0%). | Solapamiento léxico bajo MT↔Baynes (0%).
56	L4_oraculo	pair	0%	0%	divergent	Divergente	Der Wanderer ruht an einem Unterkunftsort. Er erlangt seinen Besitz und eine Axt. Mein Herz ist nicht froh.	MYMEMORY WARNING: YOU USED ALL AVAILABLE FREE TRANSLATIONS FOR TODAY. NEXT AVAILABLE IN 03 HOURS 24 MINUTES 41 SECONDS VISIT HTTPS://MYMEMOR…	The wanderer rests in a shelter. He obtains his property and an ax. My heart is not glad.	Primera línea poco alineada (Jaccard 0%). | Solapamiento léxico bajo MT↔Baynes (0%).
57	L4_oraculo	pair	0%	0%	divergent	Divergente	Reue schwindet. Auf der Jagd fängt man drei Arten von Wild.	MYMEMORY WARNING: YOU USED ALL AVAILABLE FREE TRANSLATIONS FOR TODAY. NEXT AVAILABLE IN 03 HOURS 24 MINUTES 41 SECONDS VISIT HTTPS://MYMEMOR…	Remorse vanishes. During the hunt Three kinds of game are caught.	Primera línea poco alineada (Jaccard 0%). | Solapamiento léxico bajo MT↔Baynes (0%).
58	L4_oraculo	pair	0%	0%	divergent	Divergente	Überlegte Heiterkeit ist nicht beruhigt. Nach Abtun der Fehler hat man Freude.	MYMEMORY WARNING: YOU USED ALL AVAILABLE FREE TRANSLATIONS FOR TODAY. NEXT AVAILABLE IN 03 HOURS 24 MINUTES 40 SECONDS VISIT HTTPS://MYMEMOR…	Joyousness that is weighed is not at peace. After ridding himself of mistakes a man has joy.	Primera línea poco alineada (Jaccard 0%). | Solapamiento léxico bajo MT↔Baynes (0%).
59	L4_oraculo	pair	0%	0%	divergent	Divergente	Er löst sich von seiner Schar. Erhabenes Heil! Durch Auflösung folgt Anhäufung. Das ist etwas, an das Gewöhnliche nicht denken.	MYMEMORY WARNING: YOU USED ALL AVAILABLE FREE TRANSLATIONS FOR TODAY. NEXT AVAILABLE IN 03 HOURS 24 MINUTES 40 SECONDS VISIT HTTPS://MYMEMOR…	He dissolves his bond with his group. Supreme good fortune. Dispersion leads in turn to accumulation. This is something that ordinary men do…	Primera línea poco alineada (Jaccard 0%). | Solapamiento léxico bajo MT↔Baynes (0%).
60	L4_oraculo	pair	0%	0%	divergent	Divergente	Zufriedene Beschränkung. Gelingen.	MYMEMORY WARNING: YOU USED ALL AVAILABLE FREE TRANSLATIONS FOR TODAY. NEXT AVAILABLE IN 03 HOURS 24 MINUTES 40 SECONDS VISIT HTTPS://MYMEMOR…	Contented limitation. Success.	Primera línea poco alineada (Jaccard 0%). | Solapamiento léxico bajo MT↔Baynes (0%).
61	L4_oraculo	pair	0%	0%	divergent	Divergente	Der Mond, der beinahe voll ist. Das Gespannpferd geht verloren. Kein Makel.	MYMEMORY WARNING: YOU USED ALL AVAILABLE FREE TRANSLATIONS FOR TODAY. NEXT AVAILABLE IN 03 HOURS 24 MINUTES 40 SECONDS VISIT HTTPS://MYMEMOR…	The moon nearly at the full. The team horse goes astray. No blame.	Primera línea poco alineada (Jaccard 0%). | Solapamiento léxico bajo MT↔Baynes (0%).
62	L4_oraculo	pair	0%	0%	divergent	Divergente	Kein Makel. Ohne vorbeizugehen, trifft er ihn. Hingehen bringt Gefahr. Man muß sich hüten. Handle nicht. Sei dauernd beharrlich.	MYMEMORY WARNING: YOU USED ALL AVAILABLE FREE TRANSLATIONS FOR TODAY. NEXT AVAILABLE IN 03 HOURS 24 MINUTES 40 SECONDS VISIT HTTPS://MYMEMOR…	No blame. He meets him without passing by. Going brings danger. One must be on guard. Do not act. Be constantly persevering.	Primera línea poco alineada (Jaccard 0%). | Solapamiento léxico bajo MT↔Baynes (0%).
63	L4_oraculo	pair	3%	0%	divergent	Divergente	Die schönsten Kleider geben Lumpen. Den ganzen Tag sei vorsichtig.	MYMEMORY WARNING: YOU USED ALL AVAILABLE FREE TRANSLATIONS FOR TODAY. NEXT AVAILABLE IN 03 HOURS 24 MINUTES 40 SECONDS VISIT HTTPS://MYMEMOR…	The finest clothes turn to rags. Be careful all day long.	Primera línea poco alineada (Jaccard 0%). | Solapamiento léxico bajo MT↔Baynes (3%).
64	L4_oraculo	pair	2%	0%	divergent	Divergente	Beharrlichkeit bringt Heil. Reue schwindet. Erschütterung, um das Teufelsland zu züchtigen.	MYMEMORY WARNING: YOU USED ALL AVAILABLE FREE TRANSLATIONS FOR TODAY. NEXT AVAILABLE IN 03 HOURS 24 MINUTES 40 SECONDS VISIT HTTPS://MYMEMOR…	Perseverance brings good fortune. Remorse disappears. Shock, thus to discipline the Devil's Country. For three years, great realms are award…	Primera línea poco alineada (Jaccard 0%). | Solapamiento léxico bajo MT↔Baynes (2%).
1	L4_comentario	pair	2%	2%	divergent	Divergente	Hier ist die Stelle des Übergangs erreicht, wo die Freiheit sich betätigen kann. Eine doppelte Möglichkeit liegt vor dem bedeutenden Mann: e…	MYMEMORY WARNING: YOU USED ALL AVAILABLE FREE TRANSLATIONS FOR TODAY. NEXT AVAILABLE IN 03 HOURS 24 MINUTES 40 SECONDS VISIT HTTPS://MYMEMOR…	A place of transition has been reached, and free choice can enter in. A twofold possibility is presented to the great man: he can soar to th…	Primera línea poco alineada (Jaccard 2%). | Solapamiento léxico bajo MT↔Baynes (2%).
2	L4_comentario	pair	1%	1%	divergent	Divergente	Das Schattige öffnet sich, wenn es sich bewegt, und schließt sich, wenn es ruht. Hier ist die strengste Verschlossenheit gezeichnet. Die Zei…	MYMEMORY WARNING: YOU USED ALL AVAILABLE FREE TRANSLATIONS FOR TODAY. NEXT AVAILABLE IN 03 HOURS 24 MINUTES 39 SECONDS VISIT HTTPS://MYMEMOR…	The dark element opens when it moves and closes when at rest. The strictest reticence is indicated here. The time is dangerous, because any …	Primera línea poco alineada (Jaccard 1%). | Solapamiento léxico bajo MT↔Baynes (1%).
3	L4_comentario	pair	1%	1%	divergent	Divergente	Man ist in einer Lage, da man die Pflicht hat, zu handeln, aber die Kraft reicht nicht aus. Doch bietet sich Gelegenheit, Anschluß zu finden…	MYMEMORY WARNING: YOU USED ALL AVAILABLE FREE TRANSLATIONS FOR TODAY. NEXT AVAILABLE IN 03 HOURS 24 MINUTES 39 SECONDS VISIT HTTPS://MYMEMOR…	We are in a situation in which it is our duty to act, but we lack sufficient power. However, an opportunity to make connections offers itsel…	Primera línea poco alineada (Jaccard 1%). | Solapamiento léxico bajo MT↔Baynes (1%).
4	L4_comentario	pair	3%	5%	divergent	Divergente	Für die Jugendtorheit ist es das hoffnungsloseste, sich in leere Einbildungen zu verstricken. Je eigensinniger sie auf solchen wirklichkeits…	MYMEMORY WARNING: YOU USED ALL AVAILABLE FREE TRANSLATIONS FOR TODAY. NEXT AVAILABLE IN 03 HOURS 24 MINUTES 38 SECONDS VISIT HTTPS://MYMEMOR…	For youthful folly it is the most hopeless thing to entangle itself in empty imaginings. The more obstinately it clings to such unreal fanta…	Primera línea poco alineada (Jaccard 5%). | Solapamiento léxico bajo MT↔Baynes (3%).
5	L4_comentario	pair	0%	0%	divergent	Divergente	Es ist die Lage äußerst gefährlich. Es ist voller Ernst geworden und geht auf Leben und Tod. Blutvergießen ist unmittelbar zu erwarten. Man …	MYMEMORY WARNING: YOU USED ALL AVAILABLE FREE TRANSLATIONS FOR TODAY. NEXT AVAILABLE IN 03 HOURS 24 MINUTES 37 SECONDS VISIT HTTPS://MYMEMOR…	The situation is extremely dangerous. It is of utmost gravity now—a matter of life and death. Bloodshed seems imminent. There is no going fo…	Primera línea poco alineada (Jaccard 0%). | Solapamiento léxico bajo MT↔Baynes (0%).
6	L4_comentario	pair	0%	0%	divergent	Divergente	Die innere Gesinnung ist zunächst friedlos. Man fühlt sich in seiner Lage nicht wohl und möchte sich durch Streit eine bessere Lage verschaf…	MYMEMORY WARNING: YOU USED ALL AVAILABLE FREE TRANSLATIONS FOR TODAY. NEXT AVAILABLE IN 03 HOURS 24 MINUTES 37 SECONDS VISIT HTTPS://MYMEMOR…	This refers to a person whose inner attitude at first lacks peace. He does not feel content with his situation and would like to improve it …	Primera línea poco alineada (Jaccard 0%). | Solapamiento léxico bajo MT↔Baynes (0%).
7	L4_comentario	pair	0%	0%	divergent	Divergente	Wenn man einem überlegenen Feind gegenübersteht, mit dem der Kampf aussichtslos ist, so ist ein geordneter Rückzug das einzig Richtige, weil…	MYMEMORY WARNING: YOU USED ALL AVAILABLE FREE TRANSLATIONS FOR TODAY. NEXT AVAILABLE IN 03 HOURS 24 MINUTES 37 SECONDS VISIT HTTPS://MYMEMOR…	In face of a superior enemy, with whom it would be hopeless to engage in battle, an orderly retreat is the only correct procedure, because i…	Primera línea poco alineada (Jaccard 0%). | Solapamiento léxico bajo MT↔Baynes (0%).
8	L4_comentario	pair	0%	0%	divergent	Divergente	Die Beziehungen zu einem Mann, der Mittelpunkt des Zusammenhaltens ist, sind hier schon fest geregelt. Da darf und soll man seine Anhänglich…	MYMEMORY WARNING: YOU USED ALL AVAILABLE FREE TRANSLATIONS FOR TODAY. NEXT AVAILABLE IN 03 HOURS 24 MINUTES 37 SECONDS VISIT HTTPS://MYMEMOR…	Here the relations with a man who is the center of union are well established. Then we may, and indeed we should, show our attachment openly…	Primera línea poco alineada (Jaccard 0%). | Solapamiento léxico bajo MT↔Baynes (0%).
9	L4_comentario	pair	2%	2%	divergent	Divergente	In schwerer, verantwortungsvoller Stellung soll man den Mächtigen, dem man leitend zur Seite steht, so zähmen, daß das rechte geschieht. Dar…	MYMEMORY WARNING: YOU USED ALL AVAILABLE FREE TRANSLATIONS FOR TODAY. NEXT AVAILABLE IN 03 HOURS 24 MINUTES 37 SECONDS VISIT HTTPS://MYMEMOR…	If one is in the difficult and responsible position of counselor to a powerful man, one should restrain him in such a way that right may pre…	Primera línea poco alineada (Jaccard 2%). | Solapamiento léxico bajo MT↔Baynes (2%).
10	L4_comentario	pair	0%	0%	divergent	Divergente	Es handelt sich um eine gefährliche Unternehmung. Es ist die innere Kraft vorhanden, sie zu bestehen. Aber die innere Kraft verbindet sich n…	MYMEMORY WARNING: YOU USED ALL AVAILABLE FREE TRANSLATIONS FOR TODAY. NEXT AVAILABLE IN 03 HOURS 24 MINUTES 36 SECONDS VISIT HTTPS://MYMEMOR…	This text refers to a dangerous enterprise. The inner power to carry it through is there, but this inner power is combined with hesitating c…	Primera línea poco alineada (Jaccard 0%). | Solapamiento léxico bajo MT↔Baynes (0%).
11	L4_comentario	pair	0%	0%	divergent	Divergente	In Zeiten gegenseitigen Vertrauens kommen die Hohen ganz einfach, und ohne auf ihren Reichtum zu pochen, gemeinsam zu den Niedrigen. Das ist…	MYMEMORY WARNING: YOU USED ALL AVAILABLE FREE TRANSLATIONS FOR TODAY. NEXT AVAILABLE IN 03 HOURS 24 MINUTES 36 SECONDS VISIT HTTPS://MYMEMOR…	In times of mutual confidence, people of high rank come in close contact with the lowly quite simply and without boasting of their wealth. T…	Primera línea poco alineada (Jaccard 0%). | Solapamiento léxico bajo MT↔Baynes (0%).
12	L4_comentario	pair	1%	1%	divergent	Divergente	Die Zeit der Stockung naht sich dem Umschlag. Wer wieder Ordnung schaffen will, muß dazu berufen sein und das nötige Ansehen besitzen. Wer s…	MYMEMORY WARNING: YOU USED ALL AVAILABLE FREE TRANSLATIONS FOR TODAY. NEXT AVAILABLE IN 03 HOURS 24 MINUTES 36 SECONDS VISIT HTTPS://MYMEMOR…	The time of standstill is nearing the point of change into its opposite. Whoever wishes to restore order must feel himself called to the tas…	Primera línea poco alineada (Jaccard 1%). | Solapamiento léxico bajo MT↔Baynes (1%).
13	L4_comentario	pair	0%	0%	divergent	Divergente	Hier rückt die Versöhnung nach der Entzweiung näher. Zwar sind noch trennende Mauern da, auf denen man sich gegenübersteht. Aber die Schwier…	MYMEMORY WARNING: YOU USED ALL AVAILABLE FREE TRANSLATIONS FOR TODAY. NEXT AVAILABLE IN 03 HOURS 24 MINUTES 36 SECONDS VISIT HTTPS://MYMEMOR…	Here the reconciliation that follows quarrel moves nearer. It is true that there are still dividing walls on which we stand confronting one …	Primera línea poco alineada (Jaccard 0%). | Solapamiento léxico bajo MT↔Baynes (0%).
14	L4_comentario	pair	2%	2%	divergent	Divergente	Es ist eine Stellung gekennzeichnet, die zwischen reichen und mächtigen Nachbarn steht. Das bringt Gefahr. Da gilt es, nicht rechts und nich…	MYMEMORY WARNING: YOU USED ALL AVAILABLE FREE TRANSLATIONS FOR TODAY. NEXT AVAILABLE IN 03 HOURS 24 MINUTES 36 SECONDS VISIT HTTPS://MYMEMOR…	This characterizes the position of a man placed among rich and powerful neighbors. It is a dangerous position. He must look neither to the r…	Primera línea poco alineada (Jaccard 2%). | Solapamiento léxico bajo MT↔Baynes (2%).
15	L4_comentario	pair	2%	2%	divergent	Divergente	Alles hat sein Maß. Auch die Bescheidenheit im Benehmen kann übertrieben werden. Hier ist sie am Platz, da die Lage zwischen einem verdienst…	MYMEMORY WARNING: YOU USED ALL AVAILABLE FREE TRANSLATIONS FOR TODAY. NEXT AVAILABLE IN 03 HOURS 24 MINUTES 36 SECONDS VISIT HTTPS://MYMEMOR…	Everything has its proper measure. Even modesty in behavior can be carried too far. Here, however, it is appropriate, because the place betw…	Primera línea poco alineada (Jaccard 2%). | Solapamiento léxico bajo MT↔Baynes (2%).
16	L4_comentario	pair	0%	0%	divergent	Divergente	Jemand, der Begeisterung zu erwecken vermag durch die eigene Sicherheit und Freiheit von Bedenken: dadurch, daß er nicht zweifelt und ganz w…	MYMEMORY WARNING: YOU USED ALL AVAILABLE FREE TRANSLATIONS FOR TODAY. NEXT AVAILABLE IN 03 HOURS 24 MINUTES 35 SECONDS VISIT HTTPS://MYMEMOR…	This describes a man who is able to awaken enthusiasm through his own sureness and freedom from hesitation. He attracts people because he ha…	Primera línea poco alineada (Jaccard 0%). | Solapamiento léxico bajo MT↔Baynes (0%).
17	L4_comentario	pair	1%	1%	divergent	Divergente	Es gelingt oft, wenn man einen gewissen Einfluß besitzt, daß man Nachfolger findet durch Leutseligkeit nach unten hin. Die Menschen, die sic…	MYMEMORY WARNING: YOU USED ALL AVAILABLE FREE TRANSLATIONS FOR TODAY. NEXT AVAILABLE IN 03 HOURS 24 MINUTES 35 SECONDS VISIT HTTPS://MYMEMOR…	It often happens, when a man exerts a certain amount of influence, that he obtains a following by condescension toward inferiors. But the pe…	Primera línea poco alineada (Jaccard 1%). | Solapamiento léxico bajo MT↔Baynes (1%).
18	L4_comentario	pair	0%	0%	divergent	Divergente	Es wird hier die Lage gezeigt, daß jemand aus Schwachheit dem Verderben, das aus der Vergangenheit stammt und sich jetzt zu zeigen beginnt, …	MYMEMORY WARNING: YOU USED ALL AVAILABLE FREE TRANSLATIONS FOR TODAY. NEXT AVAILABLE IN 03 HOURS 24 MINUTES 35 SECONDS VISIT HTTPS://MYMEMOR…	This shows the situation of someone too weak to take measures against decay that has its roots in the past and is just beginning to manifest…	Primera línea poco alineada (Jaccard 0%). | Solapamiento léxico bajo MT↔Baynes (0%).
19	L4_comentario	pair	2%	2%	divergent	Divergente	Während die drei unteren Linien das Aufsteigen zu Macht und Einfluß bezeichnen, zeigen die drei oberen das Verhalten der Höhergestellten zu …	MYMEMORY WARNING: YOU USED ALL AVAILABLE FREE TRANSLATIONS FOR TODAY. NEXT AVAILABLE IN 03 HOURS 24 MINUTES 35 SECONDS VISIT HTTPS://MYMEMOR…	While the three lower lines indicate rise to power and influence, the three upper lines show the attitude of persons in higher position towa…	Primera línea poco alineada (Jaccard 2%). | Solapamiento léxico bajo MT↔Baynes (2%).
20	L4_comentario	pair	2%	2%	divergent	Divergente	Hier ist ein Mann gezeichnet, der die Geheimnisse versteht, durch die man ein Reich zur Blüte bringt. Ein solcher Mann muß an einen maßgeben…	MYMEMORY WARNING: YOU USED ALL AVAILABLE FREE TRANSLATIONS FOR TODAY. NEXT AVAILABLE IN 03 HOURS 24 MINUTES 35 SECONDS VISIT HTTPS://MYMEMOR…	This describes a man who understands the secrets by which a kingdom can be made to flourish. Such a man must be given an authoritative posit…	Primera línea poco alineada (Jaccard 2%). | Solapamiento léxico bajo MT↔Baynes (2%).
21	L4_comentario	pair	0%	0%	divergent	Divergente	der Schwierigkeiten eingedenk und beharrlich zu sein. Heil! Es sind sehr große Schwierigkeiten zu überwinden. Mächtige Gegner sollen bestraf…	MYMEMORY WARNING: YOU USED ALL AVAILABLE FREE TRANSLATIONS FOR TODAY. NEXT AVAILABLE IN 03 HOURS 24 MINUTES 34 SECONDS VISIT HTTPS://MYMEMOR…	There are great obstacles to be overcome, powerful opponents are to be punished. Though this is arduous, the effort succeeds. But it is nece…	Primera línea poco alineada (Jaccard 0%). | Solapamiento léxico bajo MT↔Baynes (0%).
22	L4_comentario	pair	1%	1%	divergent	Divergente	Man ist in einer Lage, in der sich Zweifel ergeben, ob man weiterhin die Anmut äußeren Glanzes suchen soll oder ob es nicht besser ist, zur …	MYMEMORY WARNING: YOU USED ALL AVAILABLE FREE TRANSLATIONS FOR TODAY. NEXT AVAILABLE IN 03 HOURS 24 MINUTES 34 SECONDS VISIT HTTPS://MYMEMOR…	An individual is in a situation in which doubts arise as to which is better—to pursue the grace of external brilliance, or to return to simp…	Primera línea poco alineada (Jaccard 1%). | Solapamiento léxico bajo MT↔Baynes (1%).
23	L4_comentario	pair	2%	2%	divergent	Divergente	Das Unglück erreicht hier den eigenen Leib, nicht mehr nur den Ruheplatz. Eine Warnung oder sonstiger Zusatz ist nicht beigefügt. Das Unheil…	MYMEMORY WARNING: YOU USED ALL AVAILABLE FREE TRANSLATIONS FOR TODAY. NEXT AVAILABLE IN 03 HOURS 24 MINUTES 34 SECONDS VISIT HTTPS://MYMEMOR…	Here the disaster affects not only the resting place but even the occupant. No warning or other comment is added. Misfortune has reached its…	Primera línea poco alineada (Jaccard 2%). | Solapamiento léxico bajo MT↔Baynes (2%).
24	L4_comentario	pair	2%	2%	divergent	Divergente	Man ist mitten in einer Gesellschaft von geringen Menschen, aber man hat innere Beziehungen zu einem starken und guten Freund. Infolge davon…	MYMEMORY WARNING: YOU USED ALL AVAILABLE FREE TRANSLATIONS FOR TODAY. NEXT AVAILABLE IN 03 HOURS 24 MINUTES 34 SECONDS VISIT HTTPS://MYMEMOR…	A man is in a society composed of inferior people, but is connected spiritually with a strong and good friend, and this makes him turn back …	Primera línea poco alineada (Jaccard 2%). | Solapamiento léxico bajo MT↔Baynes (2%).
25	L4_comentario	pair	2%	2%	divergent	Divergente	Was einem wirklich gehört, das kann man nicht verlieren, und wenn man es wegwürfe. Man braucht darum gar nicht besorgt zu sein. Man muß nur …	MYMEMORY WARNING: YOU USED ALL AVAILABLE FREE TRANSLATIONS FOR TODAY. NEXT AVAILABLE IN 03 HOURS 24 MINUTES 34 SECONDS VISIT HTTPS://MYMEMOR…	We cannot lose what really belongs to us, even if we throw it away. Therefore we need have no anxiety. All that need concern us is that we s…	Primera línea poco alineada (Jaccard 2%). | Solapamiento léxico bajo MT↔Baynes (2%).
26	L4_comentario	pair	0%	0%	divergent	Divergente	Diese Linie und die nächstfolgende sind es, die die vorwärtsstrebenden unteren zähmen. Ehe einem Stier die Hörner gewachsen sind, bringt man…	MYMEMORY WARNING: YOU USED ALL AVAILABLE FREE TRANSLATIONS FOR TODAY. NEXT AVAILABLE IN 03 HOURS 24 MINUTES 33 SECONDS VISIT HTTPS://MYMEMOR…	This line and the one following it are the two that tame the forward-pushing lower lines. Before a bull's horns grow out, a headboard is fas…	Primera línea poco alineada (Jaccard 0%). | Solapamiento léxico bajo MT↔Baynes (0%).
27	L4_comentario	pair	3%	3%	divergent	Divergente	Anders als bei der Sechs auf zweitem Platz, die einen Menschen bedeutet, der geschäftig nur auf seinen eigenen Vorteil bedacht ist, bedeutet…	MYMEMORY WARNING: YOU USED ALL AVAILABLE FREE TRANSLATIONS FOR TODAY. NEXT AVAILABLE IN 03 HOURS 24 MINUTES 33 SECONDS VISIT HTTPS://MYMEMOR…	In contrast to the six in the second place, which refers to a man bent exclusively on his own advantage, this line refers to one occupying a…	Primera línea poco alineada (Jaccard 3%). | Solapamiento léxico bajo MT↔Baynes (3%).
28	L4_comentario	pair	2%	2%	divergent	Divergente	Durch freundliche Beziehungen zu den Unteren gelingt es einem verantwortlichen Mann, der Lage Herr zu werden. Wenn er aber seine Beziehungen…	MYMEMORY WARNING: YOU USED ALL AVAILABLE FREE TRANSLATIONS FOR TODAY. NEXT AVAILABLE IN 03 HOURS 24 MINUTES 33 SECONDS VISIT HTTPS://MYMEMOR…	Through friendly relations with people of lower rank, a responsible man succeeds in becoming master of the situation. But if, instead of wor…	Primera línea poco alineada (Jaccard 2%). | Solapamiento léxico bajo MT↔Baynes (2%).
29	L4_comentario	pair	2%	3%	divergent	Divergente	In Zeiten der Gefahr hören die umständlichen Formen auf. Die Hauptsache ist die wahrhaftige Gesinnung. Ein Beamter braucht für gewöhnlich, e…	MYMEMORY WARNING: YOU USED ALL AVAILABLE FREE TRANSLATIONS FOR TODAY. NEXT AVAILABLE IN 03 HOURS 24 MINUTES 33 SECONDS VISIT HTTPS://MYMEMOR…	In times of danger ceremonious forms are dropped. What matters most is sincerity. Although as a rule it is customary for an official to pres…	Primera línea poco alineada (Jaccard 3%). | Solapamiento léxico bajo MT↔Baynes (2%).
30	L4_comentario	pair	1%	1%	divergent	Divergente	Die Klarheit des Verstandes verhält sich zum Leben wie das Feuer zum Holz. Das Feuer haftet am Holz, aber es verzehrt auch das Holz. Die Ver…	MYMEMORY WARNING: YOU USED ALL AVAILABLE FREE TRANSLATIONS FOR TODAY. NEXT AVAILABLE IN 03 HOURS 24 MINUTES 31 SECONDS VISIT HTTPS://MYMEMOR…	Clarity of mind has the same relation to life that fire has to wood. Fire clings to wood, but also consumes it. Clarity of mind is rooted in…	Primera línea poco alineada (Jaccard 1%). | Solapamiento léxico bajo MT↔Baynes (1%).
31	L4_comentario	pair	2%	2%	divergent	Divergente	Hier ist der Platz des Herzens erreicht. Die Anregung, die von hier ausgeht, ist am wichtigsten. Besonders ist darauf zu achten, daß der Ein…	MYMEMORY WARNING: YOU USED ALL AVAILABLE FREE TRANSLATIONS FOR TODAY. NEXT AVAILABLE IN 03 HOURS 24 MINUTES 31 SECONDS VISIT HTTPS://MYMEMOR…	Here the place of the heart is reached. The impulse that springs from this source is the most important of all. It is of particular concern …	Primera línea poco alineada (Jaccard 2%). | Solapamiento léxico bajo MT↔Baynes (2%).
32	L4_comentario	pair	0%	0%	divergent	Divergente	Wenn man auf der Jagd zu Schuß kommen will, so muß man es auf die rechte Weise anfangen. Wenn man dauernd dem Wild an einem Orte nachstellt,…	MYMEMORY WARNING: YOU USED ALL AVAILABLE FREE TRANSLATIONS FOR TODAY. NEXT AVAILABLE IN 03 HOURS 24 MINUTES 30 SECONDS VISIT HTTPS://MYMEMOR…	If we are in pursuit of game and want to get a shot at a quarry, we must set about it in the right way. A man who persists in stalking game …	Primera línea poco alineada (Jaccard 0%). | Solapamiento léxico bajo MT↔Baynes (0%).
33	L4_comentario	pair	2%	2%	divergent	Divergente	Beim Rückzug handelt es sich für den höheren Menschen darum, daß er in aller Freundlichkeit und gerne Abschied nimmt. Der Rückzug fällt ihm …	MYMEMORY WARNING: YOU USED ALL AVAILABLE FREE TRANSLATIONS FOR TODAY. NEXT AVAILABLE IN 03 HOURS 24 MINUTES 30 SECONDS VISIT HTTPS://MYMEMOR…	In retreating the superior man is intent on taking his departure willingly and in all friendliness. He easily adjusts his mind to retreat, b…	Primera línea poco alineada (Jaccard 2%). | Solapamiento léxico bajo MT↔Baynes (2%).
34	L4_comentario	pair	3%	4%	divergent	Divergente	Die Macht beruht auf der Achse eines großen Wagens. Wenn man beharrlich und still fortarbeitet an der Beseitigung der Widerstände, dann geli…	MYMEMORY WARNING: YOU USED ALL AVAILABLE FREE TRANSLATIONS FOR TODAY. NEXT AVAILABLE IN 03 HOURS 24 MINUTES 30 SECONDS VISIT HTTPS://MYMEMOR…	If a man goes on quietly and perseveringly working at the removal of resistances, success comes in the end. The obstructions give way and al…	Primera línea poco alineada (Jaccard 4%). | Solapamiento léxico bajo MT↔Baynes (3%).
35	L4_comentario	pair	2%	2%	divergent	Divergente	In Zeiten des Fortschritts ist es für starke Menschen leicht, wenn sie an unrichtiger Stelle sind, sich vieles zusammenzuscharren. Aber ein …	MYMEMORY WARNING: YOU USED ALL AVAILABLE FREE TRANSLATIONS FOR TODAY. NEXT AVAILABLE IN 03 HOURS 24 MINUTES 29 SECONDS VISIT HTTPS://MYMEMOR…	In times of progress it is easy for strong men in the wrong places to amass great possessions. But such conduct shuns the light. And since t…	Primera línea poco alineada (Jaccard 2%). | Solapamiento léxico bajo MT↔Baynes (2%).
36	L4_comentario	pair	0%	0%	divergent	Divergente	Man befindet sich in der Nähe des Hauptes der Finsternis und erfährt so seine geheimsten Gedanken. Auf diese Weise erkennt man, daß Besserun…	MYMEMORY WARNING: YOU USED ALL AVAILABLE FREE TRANSLATIONS FOR TODAY. NEXT AVAILABLE IN 03 HOURS 24 MINUTES 29 SECONDS VISIT HTTPS://MYMEMOR…	We find ourselves close to the commander of darkness and so discover his most secret thoughts. In this way we realize that there is no longe…	Primera línea poco alineada (Jaccard 0%). | Solapamiento léxico bajo MT↔Baynes (0%).
37	L4_comentario	pair	0%	0%	divergent	Divergente	Die Hausfrau ist es, von der der Wohlstand der Familie abhängt. Wohlstand herrscht immer dann, wenn Ausgaben und Einnahmen zueinander in ges…	MYMEMORY WARNING: YOU USED ALL AVAILABLE FREE TRANSLATIONS FOR TODAY. NEXT AVAILABLE IN 03 HOURS 24 MINUTES 29 SECONDS VISIT HTTPS://MYMEMOR…	It is upon the woman of the house that the well-being of the family depends. Well-being prevails when expenditures and income are soundly ba…	Primera línea poco alineada (Jaccard 0%). | Solapamiento léxico bajo MT↔Baynes (0%).
38	L4_comentario	pair	3%	3%	divergent	Divergente	Wenn man in einer Gesellschaft ist, von der man durch einen inneren Gegensatz getrennt ist, so kommt man in Vereinsamung. Aber wenn man in s…	MYMEMORY WARNING: YOU USED ALL AVAILABLE FREE TRANSLATIONS FOR TODAY. NEXT AVAILABLE IN 03 HOURS 24 MINUTES 28 SECONDS VISIT HTTPS://MYMEMOR…	If a man finds himself in a company of people from whom he is separated by an inner opposition, he becomes isolated. But if in such a situat…	Primera línea poco alineada (Jaccard 3%). | Solapamiento léxico bajo MT↔Baynes (3%).
39	L4_comentario	pair	1%	1%	divergent	Divergente	Auch hier ist eine Lage gezeichnet, der man allein nicht gewachsen ist. In solchem Fall ist der gerade Weg nicht der kürzeste. Wollte man au…	MYMEMORY WARNING: YOU USED ALL AVAILABLE FREE TRANSLATIONS FOR TODAY. NEXT AVAILABLE IN 03 HOURS 24 MINUTES 28 SECONDS VISIT HTTPS://MYMEMOR…	This too describes a situation that cannot be managed singlehanded. In such a case the direct way is not the shortest. If a person were to f…	Primera línea poco alineada (Jaccard 1%). | Solapamiento léxico bajo MT↔Baynes (1%).
40	L4_comentario	pair	2%	2%	divergent	Divergente	Zu Zeiten des Stillstandes kommt es vor, daß gemeine Menschen sich einem höheren Menschen anschließen und durch tägliche Gewohnheit mit ihm …	MYMEMORY WARNING: YOU USED ALL AVAILABLE FREE TRANSLATIONS FOR TODAY. NEXT AVAILABLE IN 03 HOURS 24 MINUTES 28 SECONDS VISIT HTTPS://MYMEMOR…	In times of standstill it will happen that inferior people attach themselves to a superior man, and through force of daily habit they may gr…	Primera línea poco alineada (Jaccard 2%). | Solapamiento léxico bajo MT↔Baynes (2%).
41	L4_comentario	pair	2%	2%	divergent	Divergente	Oft hindern unsere Fehler selbst wohlgesinnte Menschen, uns näherzutreten. Diese Fehler werden oft verstärkt und schlimmer gemacht durch die…	MYMEMORY WARNING: YOU USED ALL AVAILABLE FREE TRANSLATIONS FOR TODAY. NEXT AVAILABLE IN 03 HOURS 24 MINUTES 27 SECONDS VISIT HTTPS://MYMEMOR…	A man's faults often prevent even well-disposed people from coming closer to him. His faults are sometimes reinforced by the environment in …	Primera línea poco alineada (Jaccard 2%). | Solapamiento léxico bajo MT↔Baynes (2%).
42	L4_comentario	pair	3%	3%	divergent	Divergente	Es ist von Wichtigkeit, daß es Menschen gibt, die zwischen Führern und Geführten vermitteln. Das müssen selbstlose Persönlichkeiten sein, na…	MYMEMORY WARNING: YOU USED ALL AVAILABLE FREE TRANSLATIONS FOR TODAY. NEXT AVAILABLE IN 03 HOURS 24 MINUTES 27 SECONDS VISIT HTTPS://MYMEMOR…	It is important that there should be men who mediate between leaders and followers. These should be disinterested people, especially in time…	Primera línea poco alineada (Jaccard 3%). | Solapamiento léxico bajo MT↔Baynes (3%).
43	L4_comentario	pair	3%	3%	divergent	Divergente	Man leidet an innerer Unruhe, so daß man nicht auf seinem Platz beharren kann. Man möchte unter allen Umständen voran und findet dabei unübe…	MYMEMORY WARNING: YOU USED ALL AVAILABLE FREE TRANSLATIONS FOR TODAY. NEXT AVAILABLE IN 03 HOURS 24 MINUTES 27 SECONDS VISIT HTTPS://MYMEMOR…	Here a man is suffering from inner restlessness and cannot abide in his place. He would like to push forward under any circumstances, but en…	Primera línea poco alineada (Jaccard 3%). | Solapamiento léxico bajo MT↔Baynes (3%).
44	L4_comentario	pair	0%	0%	divergent	Divergente	Die kleinen Leute muß man dulden, damit sie einem wohlgesinnt bleiben. Dann kann man sie auch benutzen, wenn man sie einmal braucht. Wenn ma…	MYMEMORY WARNING: YOU USED ALL AVAILABLE FREE TRANSLATIONS FOR TODAY. NEXT AVAILABLE IN 03 HOURS 24 MINUTES 26 SECONDS VISIT HTTPS://MYMEMOR…	Insignificant people must be tolerated in order to keep them well disposed. Then we can make use of them if we should need them. If we becom…	Primera línea poco alineada (Jaccard 0%). | Solapamiento léxico bajo MT↔Baynes (0%).
45	L4_comentario	pair	2%	2%	divergent	Divergente	Es ist hier ein Mann gezeichnet, der im Namen seines Herrn die Menschen um sich sammelt. Da er keine Sondervorteile für sich erstrebt, sonde…	MYMEMORY WARNING: YOU USED ALL AVAILABLE FREE TRANSLATIONS FOR TODAY. NEXT AVAILABLE IN 03 HOURS 24 MINUTES 26 SECONDS VISIT HTTPS://MYMEMOR…	This describes a man who gathers people around him in the name of his ruler. Since he is not striving for any special advantages for himself…	Primera línea poco alineada (Jaccard 2%). | Solapamiento léxico bajo MT↔Baynes (2%).
46	L4_comentario	pair	0%	0%	divergent	Divergente	Der Berg Ki ist im Westen Chinas, dem Stammlande des Königs Wen, von dessen Sohne, dem Herzog von Dschou, die Worte zu den Einzellinien beig…	MYMEMORY WARNING: YOU USED ALL AVAILABLE FREE TRANSLATIONS FOR TODAY. NEXT AVAILABLE IN 03 HOURS 24 MINUTES 26 SECONDS VISIT HTTPS://MYMEMOR…	Mount Ch'i is in western China, the homeland of King Wên, whose son, the Duke of Chou, added the words to the individual lines. The pronounc…	Primera línea poco alineada (Jaccard 0%). | Solapamiento léxico bajo MT↔Baynes (0%).
47	L4_comentario	pair	0%	0%	divergent	Divergente	Ein wohlhabender Mann sieht die Not der Unteren und möchte auch ganz gerne helfen. Doch greift er nicht rasch und energisch zu, wo es nötig …	MYMEMORY WARNING: YOU USED ALL AVAILABLE FREE TRANSLATIONS FOR TODAY. NEXT AVAILABLE IN 03 HOURS 24 MINUTES 25 SECONDS VISIT HTTPS://MYMEMOR…	A well-to-do man sees the need of the lower classes and would like very much to be of help. But instead of proceeding with speed and energy …	Primera línea poco alineada (Jaccard 0%). | Solapamiento léxico bajo MT↔Baynes (0%).
48	L4_comentario	pair	6%	6%	divergent	Divergente	Wenn der Brunnen ausgemauert wird, so kann man ihn zwar solange nicht benützen, aber die Arbeit ist nicht vergebens; sie bewirkt, daß das Wa…	MYMEMORY WARNING: YOU USED ALL AVAILABLE FREE TRANSLATIONS FOR TODAY. NEXT AVAILABLE IN 03 HOURS 24 MINUTES 25 SECONDS VISIT HTTPS://MYMEMOR…	True, if a well is being lined with stone, it cannot be used while the work is going on. But the work is not in vain; the result is that the…	Primera línea poco alineada (Jaccard 6%). | Solapamiento léxico bajo MT↔Baynes (6%).
49	L4_comentario	pair	1%	1%	divergent	Divergente	Grundstürzende Änderungen erfordern die nötige Autorität. Sowohl die innere Charakterstärke muß da sein als auch die einflußreiche Stellung.…	MYMEMORY WARNING: YOU USED ALL AVAILABLE FREE TRANSLATIONS FOR TODAY. NEXT AVAILABLE IN 03 HOURS 24 MINUTES 25 SECONDS VISIT HTTPS://MYMEMOR…	Radical changes require adequate authority. A man must have inner strength as well as influential position. What he does must correspond wit…	Primera línea poco alineada (Jaccard 1%). | Solapamiento léxico bajo MT↔Baynes (1%).
50	L4_comentario	pair	1%	2%	divergent	Divergente	Man hat eine schwere, verantwortungsvolle Aufgabe, deren Erfüllung man nicht gewachsen ist. Da man zudem sich dieser Aufgabe nicht mit volle…	MYMEMORY WARNING: YOU USED ALL AVAILABLE FREE TRANSLATIONS FOR TODAY. NEXT AVAILABLE IN 03 HOURS 24 MINUTES 24 SECONDS VISIT HTTPS://MYMEMOR…	A man has a difficult and responsible task to which he is not adequate. Moreover, he does not devote himself to it with all his strength but…	Primera línea poco alineada (Jaccard 2%). | Solapamiento léxico bajo MT↔Baynes (1%).
51	L4_comentario	pair	2%	2%	divergent	Divergente	Die innere Bewegung hängt in ihrem Erfolg zum Teil auch von den Umständen ab. Wenn die Umstände so sind, daß weder Widerstand vorhanden ist,…	MYMEMORY WARNING: YOU USED ALL AVAILABLE FREE TRANSLATIONS FOR TODAY. NEXT AVAILABLE IN 03 HOURS 24 MINUTES 23 SECONDS VISIT HTTPS://MYMEMOR…	Movement within the mind depends for its success partly on circumstances. If there is neither a resistance that might be vigorously combated…	Primera línea poco alineada (Jaccard 2%). | Solapamiento léxico bajo MT↔Baynes (2%).
52	L4_comentario	pair	2%	2%	divergent	Divergente	Ruhighalten des Rückens, wie es in den Worten zum Gesamtzeichen erwähnt ist, bedeutet, daß man das Ich ver gißt. Das ist die höchste Stufe d…	MYMEMORY WARNING: YOU USED ALL AVAILABLE FREE TRANSLATIONS FOR TODAY. NEXT AVAILABLE IN 03 HOURS 24 MINUTES 23 SECONDS VISIT HTTPS://MYMEMOR…	As has been pointed out above in the comment on the Judgment, keeping the back at rest means forgetting the ego. This is the highest stage o…	Primera línea poco alineada (Jaccard 2%). | Solapamiento léxico bajo MT↔Baynes (2%).
53	L4_comentario	pair	1%	1%	divergent	Divergente	Der Baum ist kein Platz, der für eine Wildgans geeignet ist. Aber wenn sie klug ist, findet sie einen flachen Ast, auf dem sie stehen kann. …	MYMEMORY WARNING: YOU USED ALL AVAILABLE FREE TRANSLATIONS FOR TODAY. NEXT AVAILABLE IN 03 HOURS 24 MINUTES 23 SECONDS VISIT HTTPS://MYMEMOR…	A tree is not a suitable place for a wild goose. But if it is clever, it will find a flat branch on which it can get a footing. A man's life…	Primera línea poco alineada (Jaccard 1%). | Solapamiento léxico bajo MT↔Baynes (1%).
54	L4_comentario	pair	2%	2%	divergent	Divergente	Das Mädchen ist sehr gut, will sich nicht wegwerfen und versäumt darüber die übliche Zeit der Ehe. Das schadet aber nichts. Sie wird für ihr…	MYMEMORY WARNING: YOU USED ALL AVAILABLE FREE TRANSLATIONS FOR TODAY. NEXT AVAILABLE IN 03 HOURS 24 MINUTES 23 SECONDS VISIT HTTPS://MYMEMOR…	The girl is virtuous. She does not wish to throw herself away, and allows the customary time for marriage to slip by. However, there is no h…	Primera línea poco alineada (Jaccard 2%). | Solapamiento léxico bajo MT↔Baynes (2%).
55	L4_comentario	pair	0%	0%	divergent	Divergente	Hier ist die Finsternis schon im Abnehmen, darum findet sich das einander Entsprechende zusammen. Auch hier muß die Ergänzung gefunden werde…	MYMEMORY WARNING: YOU USED ALL AVAILABLE FREE TRANSLATIONS FOR TODAY. NEXT AVAILABLE IN 03 HOURS 24 MINUTES 23 SECONDS VISIT HTTPS://MYMEMOR…	Here the darkness is already decreasing, therefore interrelated elements come together. Here too the complement must be found—the necessary …	Primera línea poco alineada (Jaccard 0%). | Solapamiento léxico bajo MT↔Baynes (0%).
56	L4_comentario	pair	0%	0%	divergent	Divergente	Hier ist ein Wanderer gezeichnet, der sich äußerlich zu bescheiden versteht, obwohl er innerlich stark und vorwärtsdringend ist. Darum finde…	MYMEMORY WARNING: YOU USED ALL AVAILABLE FREE TRANSLATIONS FOR TODAY. NEXT AVAILABLE IN 03 HOURS 24 MINUTES 22 SECONDS VISIT HTTPS://MYMEMOR…	This describes a wanderer who knows how to limit his desires outwardly, though he is inwardly strong and aspiring. Therefore he finds at lea…	Primera línea poco alineada (Jaccard 0%). | Solapamiento léxico bajo MT↔Baynes (0%).
57	L4_comentario	pair	3%	3%	divergent	Divergente	Wenn man angeborene Bescheidenheit infolge der verantwortungsvollen Stelle, die man bekleidet, und der Erfahrungen, die man gesammelt hat, m…	MYMEMORY WARNING: YOU USED ALL AVAILABLE FREE TRANSLATIONS FOR TODAY. NEXT AVAILABLE IN 03 HOURS 24 MINUTES 22 SECONDS VISIT HTTPS://MYMEMOR…	When a responsible position and accumulated experience lead one to combine innate modesty with energetic action, great success is assured. T…	Primera línea poco alineada (Jaccard 3%). | Solapamiento léxico bajo MT↔Baynes (3%).
58	L4_comentario	pair	1%	1%	divergent	Divergente	Oft befindet sich der Mensch mitteninne zwischen verschiedenen Arten der Freude. Solange man noch nicht entschieden ist, welche Art der Freu…	MYMEMORY WARNING: YOU USED ALL AVAILABLE FREE TRANSLATIONS FOR TODAY. NEXT AVAILABLE IN 03 HOURS 24 MINUTES 22 SECONDS VISIT HTTPS://MYMEMOR…	Often a man finds himself weighing the choice between various kinds of pleasures, and so long as he has not decided which kind he will choos…	Primera línea poco alineada (Jaccard 1%). | Solapamiento léxico bajo MT↔Baynes (1%).
59	L4_comentario	pair	1%	1%	divergent	Divergente	Wenn man an einer Aufgabe arbeitet, die ins große Ganze geht, muß man alle Privatfreundschaften beiseite lassen. Nur wenn man über den Parte…	MYMEMORY WARNING: YOU USED ALL AVAILABLE FREE TRANSLATIONS FOR TODAY. NEXT AVAILABLE IN 03 HOURS 24 MINUTES 21 SECONDS VISIT HTTPS://MYMEMOR…	When we are working at a task that affects the general welfare, we must leave all private friendships out of account. Only by rising above p…	Primera línea poco alineada (Jaccard 1%). | Solapamiento léxico bajo MT↔Baynes (1%).
60	L4_comentario	pair	1%	1%	divergent	Divergente	Jede Beschränkung hat ihren Wert. Aber wenn diese Beschränkung noch dauernde Anstrengung erfordert, dann ist sie mit zu viel Kraftaufwand ve…	MYMEMORY WARNING: YOU USED ALL AVAILABLE FREE TRANSLATIONS FOR TODAY. NEXT AVAILABLE IN 03 HOURS 24 MINUTES 21 SECONDS VISIT HTTPS://MYMEMOR…	Every limitation has its value, but a limitation that requires persistent effort entails a cost of too much energy. When, however, the limit…	Primera línea poco alineada (Jaccard 1%). | Solapamiento léxico bajo MT↔Baynes (1%).
61	L4_comentario	pair	0%	0%	divergent	Divergente	Um die Kraft der inneren Wahrheit zu steigern, muß man sich dem Höheren zuwenden, von dem man Erleuchtung empfangen kann wie der Mond von de…	MYMEMORY WARNING: YOU USED ALL AVAILABLE FREE TRANSLATIONS FOR TODAY. NEXT AVAILABLE IN 03 HOURS 24 MINUTES 21 SECONDS VISIT HTTPS://MYMEMOR…	To intensify the power of inner truth, a man must always turn to his superior, from whom he can receive enlightenment as the moon receives l…	Primera línea poco alineada (Jaccard 0%). | Solapamiento léxico bajo MT↔Baynes (0%).
62	L4_comentario	pair	2%	2%	divergent	Divergente	Die Härte des Charakters ist durch die Weichheit der Stellung gemildert, so daß man keinen Fehler macht. Man befindet sich in einer Lage, da…	MYMEMORY WARNING: YOU USED ALL AVAILABLE FREE TRANSLATIONS FOR TODAY. NEXT AVAILABLE IN 03 HOURS 24 MINUTES 20 SECONDS VISIT HTTPS://MYMEMOR…	Hardness of character is tempered by yielding position, so that no mistakes are made. The situation here calls for extreme caution; one must…	Primera línea poco alineada (Jaccard 2%). | Solapamiento léxico bajo MT↔Baynes (2%).
63	L4_comentario	pair	1%	1%	divergent	Divergente	In Zeiten der Kulturblüte kommen immer zuweilen Erschütterungen vor, die einen inneren Schaden der Gesellschaft aufdecken und dann zunächst …	MYMEMORY WARNING: YOU USED ALL AVAILABLE FREE TRANSLATIONS FOR TODAY. NEXT AVAILABLE IN 03 HOURS 24 MINUTES 20 SECONDS VISIT HTTPS://MYMEMOR…	In a time of flowering culture, an occasional convulsion is bound to occur, uncovering a hidden evil within society and at first causing a g…	Primera línea poco alineada (Jaccard 1%). | Solapamiento léxico bajo MT↔Baynes (1%).
64	L4_comentario	pair	3%	3%	divergent	Divergente	Drei Jahre lang gibt es Belohnungen mit großen Reichen. Nun ist die Zeit des Kampfes. Der Übergang muß vollzogen werden. Man muß sich in sei…	MYMEMORY WARNING: YOU USED ALL AVAILABLE FREE TRANSLATIONS FOR TODAY. NEXT AVAILABLE IN 03 HOURS 24 MINUTES 19 SECONDS VISIT HTTPS://MYMEMOR…	Now it is the time of struggle. The transition must be completed. We must make ourselves strong in resolution; this brings good fortune. All…	Primera línea poco alineada (Jaccard 3%). | Solapamiento léxico bajo MT↔Baynes (3%).
1	L5_etiqueta	pair	0%	0%	divergent	Divergente	Neun auf fünftem Platz bedeutet:	MYMEMORY WARNING: YOU USED ALL AVAILABLE FREE TRANSLATIONS FOR TODAY. NEXT AVAILABLE IN 03 HOURS 24 MINUTES 19 SECONDS VISIT HTTPS://MYMEMOR…	Nine in the fifth place means:	Primera línea poco alineada (Jaccard 0%). | Solapamiento léxico bajo MT↔Baynes (0%).
2	L5_etiqueta	pair	0%	0%	divergent	Divergente	Sechs auf fünftem Platz bedeutet:	MYMEMORY WARNING: YOU USED ALL AVAILABLE FREE TRANSLATIONS FOR TODAY. NEXT AVAILABLE IN 03 HOURS 24 MINUTES 19 SECONDS VISIT HTTPS://MYMEMOR…	Six in the fifth place means:	Primera línea poco alineada (Jaccard 0%). | Solapamiento léxico bajo MT↔Baynes (0%).
3	L5_etiqueta	pair	0%	0%	divergent	Divergente	Neun auf fünftem Platz bedeutet:	MYMEMORY WARNING: YOU USED ALL AVAILABLE FREE TRANSLATIONS FOR TODAY. NEXT AVAILABLE IN 03 HOURS 24 MINUTES 19 SECONDS VISIT HTTPS://MYMEMOR…	Nine in the fifth place means:	Primera línea poco alineada (Jaccard 0%). | Solapamiento léxico bajo MT↔Baynes (0%).
4	L5_etiqueta	pair	0%	0%	divergent	Divergente	Sechs auf fünftem Platz bedeutet:	MYMEMORY WARNING: YOU USED ALL AVAILABLE FREE TRANSLATIONS FOR TODAY. NEXT AVAILABLE IN 03 HOURS 24 MINUTES 19 SECONDS VISIT HTTPS://MYMEMOR…	Six in the fifth place means:	Primera línea poco alineada (Jaccard 0%). | Solapamiento léxico bajo MT↔Baynes (0%).
5	L5_etiqueta	pair	0%	0%	divergent	Divergente	Neun auf fünftem Platz bedeutet:	MYMEMORY WARNING: YOU USED ALL AVAILABLE FREE TRANSLATIONS FOR TODAY. NEXT AVAILABLE IN 03 HOURS 24 MINUTES 19 SECONDS VISIT HTTPS://MYMEMOR…	Nine in the fifth place means:	Primera línea poco alineada (Jaccard 0%). | Solapamiento léxico bajo MT↔Baynes (0%).
6	L5_etiqueta	pair	0%	0%	divergent	Divergente	Neun auf fünftem Platz bedeutet:	MYMEMORY WARNING: YOU USED ALL AVAILABLE FREE TRANSLATIONS FOR TODAY. NEXT AVAILABLE IN 03 HOURS 24 MINUTES 19 SECONDS VISIT HTTPS://MYMEMOR…	Nine in the fifth place means:	Primera línea poco alineada (Jaccard 0%). | Solapamiento léxico bajo MT↔Baynes (0%).
7	L5_etiqueta	pair	0%	0%	divergent	Divergente	Sechs auf fünftem Platz bedeutet:	MYMEMORY WARNING: YOU USED ALL AVAILABLE FREE TRANSLATIONS FOR TODAY. NEXT AVAILABLE IN 03 HOURS 24 MINUTES 19 SECONDS VISIT HTTPS://MYMEMOR…	Six in the fifth place means:	Primera línea poco alineada (Jaccard 0%). | Solapamiento léxico bajo MT↔Baynes (0%).
8	L5_etiqueta	pair	0%	0%	divergent	Divergente	Neun auf fünftem Platz bedeutet:	MYMEMORY WARNING: YOU USED ALL AVAILABLE FREE TRANSLATIONS FOR TODAY. NEXT AVAILABLE IN 03 HOURS 24 MINUTES 19 SECONDS VISIT HTTPS://MYMEMOR…	Nine in the fifth place means:	Primera línea poco alineada (Jaccard 0%). | Solapamiento léxico bajo MT↔Baynes (0%).
9	L5_etiqueta	pair	0%	0%	divergent	Divergente	Neun auf fünftem Platz bedeutet:	MYMEMORY WARNING: YOU USED ALL AVAILABLE FREE TRANSLATIONS FOR TODAY. NEXT AVAILABLE IN 03 HOURS 24 MINUTES 19 SECONDS VISIT HTTPS://MYMEMOR…	Nine in the fifth place means:	Primera línea poco alineada (Jaccard 0%). | Solapamiento léxico bajo MT↔Baynes (0%).
10	L5_etiqueta	pair	0%	0%	divergent	Divergente	Neun auf fünftem Platz bedeutet:	MYMEMORY WARNING: YOU USED ALL AVAILABLE FREE TRANSLATIONS FOR TODAY. NEXT AVAILABLE IN 03 HOURS 24 MINUTES 19 SECONDS VISIT HTTPS://MYMEMOR…	Nine in the fifth place means:	Primera línea poco alineada (Jaccard 0%). | Solapamiento léxico bajo MT↔Baynes (0%).
11	L5_etiqueta	pair	0%	0%	divergent	Divergente	Sechs auf fünftem Platz bedeutet:	MYMEMORY WARNING: YOU USED ALL AVAILABLE FREE TRANSLATIONS FOR TODAY. NEXT AVAILABLE IN 03 HOURS 24 MINUTES 19 SECONDS VISIT HTTPS://MYMEMOR…	Six in the fifth place means:	Primera línea poco alineada (Jaccard 0%). | Solapamiento léxico bajo MT↔Baynes (0%).
12	L5_etiqueta	pair	0%	0%	divergent	Divergente	Neun auf fünftem Platz bedeutet:	MYMEMORY WARNING: YOU USED ALL AVAILABLE FREE TRANSLATIONS FOR TODAY. NEXT AVAILABLE IN 03 HOURS 24 MINUTES 19 SECONDS VISIT HTTPS://MYMEMOR…	Nine in the fifth place means:	Primera línea poco alineada (Jaccard 0%). | Solapamiento léxico bajo MT↔Baynes (0%).
13	L5_etiqueta	pair	0%	0%	divergent	Divergente	Neun auf fünftem Platz bedeutet:	MYMEMORY WARNING: YOU USED ALL AVAILABLE FREE TRANSLATIONS FOR TODAY. NEXT AVAILABLE IN 03 HOURS 24 MINUTES 19 SECONDS VISIT HTTPS://MYMEMOR…	Nine in the fifth place means:	Primera línea poco alineada (Jaccard 0%). | Solapamiento léxico bajo MT↔Baynes (0%).
14	L5_etiqueta	pair	0%	0%	divergent	Divergente	Sechs auf fünftem Platz bedeutet;	MYMEMORY WARNING: YOU USED ALL AVAILABLE FREE TRANSLATIONS FOR TODAY. NEXT AVAILABLE IN 03 HOURS 24 MINUTES 19 SECONDS VISIT HTTPS://MYMEMOR…	Six in the fifth place means:	Primera línea poco alineada (Jaccard 0%). | Solapamiento léxico bajo MT↔Baynes (0%).
15	L5_etiqueta	pair	0%	0%	divergent	Divergente	Sechs auf fünftem Platz bedeutet:	MYMEMORY WARNING: YOU USED ALL AVAILABLE FREE TRANSLATIONS FOR TODAY. NEXT AVAILABLE IN 03 HOURS 24 MINUTES 19 SECONDS VISIT HTTPS://MYMEMOR…	Six in the fifth place means:	Primera línea poco alineada (Jaccard 0%). | Solapamiento léxico bajo MT↔Baynes (0%).
16	L5_etiqueta	pair	0%	0%	divergent	Divergente	Sechs auf fünftem Platz bedeutet:	MYMEMORY WARNING: YOU USED ALL AVAILABLE FREE TRANSLATIONS FOR TODAY. NEXT AVAILABLE IN 03 HOURS 24 MINUTES 19 SECONDS VISIT HTTPS://MYMEMOR…	Six in the fifth place means:	Primera línea poco alineada (Jaccard 0%). | Solapamiento léxico bajo MT↔Baynes (0%).
17	L5_etiqueta	pair	0%	0%	divergent	Divergente	Neun auf fünftem Platz bedeutet:	MYMEMORY WARNING: YOU USED ALL AVAILABLE FREE TRANSLATIONS FOR TODAY. NEXT AVAILABLE IN 03 HOURS 24 MINUTES 19 SECONDS VISIT HTTPS://MYMEMOR…	Nine in the fifth place means:	Primera línea poco alineada (Jaccard 0%). | Solapamiento léxico bajo MT↔Baynes (0%).
18	L5_etiqueta	pair	0%	0%	divergent	Divergente	Sechs auf fünftem Platz bedeutet:	MYMEMORY WARNING: YOU USED ALL AVAILABLE FREE TRANSLATIONS FOR TODAY. NEXT AVAILABLE IN 03 HOURS 24 MINUTES 19 SECONDS VISIT HTTPS://MYMEMOR…	Six in the fifth place means:	Primera línea poco alineada (Jaccard 0%). | Solapamiento léxico bajo MT↔Baynes (0%).
19	L5_etiqueta	pair	0%	0%	divergent	Divergente	Sechs auf fünftem Platz bedeutet:	MYMEMORY WARNING: YOU USED ALL AVAILABLE FREE TRANSLATIONS FOR TODAY. NEXT AVAILABLE IN 03 HOURS 24 MINUTES 19 SECONDS VISIT HTTPS://MYMEMOR…	Six in the fifth place means:	Primera línea poco alineada (Jaccard 0%). | Solapamiento léxico bajo MT↔Baynes (0%).
20	L5_etiqueta	pair	0%	0%	divergent	Divergente	Neun auf fünftem Platz bedeutet:	MYMEMORY WARNING: YOU USED ALL AVAILABLE FREE TRANSLATIONS FOR TODAY. NEXT AVAILABLE IN 03 HOURS 24 MINUTES 19 SECONDS VISIT HTTPS://MYMEMOR…	Nine in the fifth place means:	Primera línea poco alineada (Jaccard 0%). | Solapamiento léxico bajo MT↔Baynes (0%).
21	L5_etiqueta	pair	0%	0%	divergent	Divergente	Sechs auf fünftem Platz bedeutet:	MYMEMORY WARNING: YOU USED ALL AVAILABLE FREE TRANSLATIONS FOR TODAY. NEXT AVAILABLE IN 03 HOURS 24 MINUTES 19 SECONDS VISIT HTTPS://MYMEMOR…	Six in the fifth place means:	Primera línea poco alineada (Jaccard 0%). | Solapamiento léxico bajo MT↔Baynes (0%).
22	L5_etiqueta	pair	0%	0%	divergent	Divergente	Sechs auf fünftem Platz bedeutet:	MYMEMORY WARNING: YOU USED ALL AVAILABLE FREE TRANSLATIONS FOR TODAY. NEXT AVAILABLE IN 03 HOURS 24 MINUTES 19 SECONDS VISIT HTTPS://MYMEMOR…	Six in the fifth place means:	Primera línea poco alineada (Jaccard 0%). | Solapamiento léxico bajo MT↔Baynes (0%).
23	L5_etiqueta	pair	0%	0%	divergent	Divergente	Sechs auf fünftem Platz bedeutet:	MYMEMORY WARNING: YOU USED ALL AVAILABLE FREE TRANSLATIONS FOR TODAY. NEXT AVAILABLE IN 03 HOURS 24 MINUTES 19 SECONDS VISIT HTTPS://MYMEMOR…	Six in the fifth place means:	Primera línea poco alineada (Jaccard 0%). | Solapamiento léxico bajo MT↔Baynes (0%).
24	L5_etiqueta	pair	0%	0%	divergent	Divergente	Sechs auf fünftem Platz bedeutet:	MYMEMORY WARNING: YOU USED ALL AVAILABLE FREE TRANSLATIONS FOR TODAY. NEXT AVAILABLE IN 03 HOURS 24 MINUTES 19 SECONDS VISIT HTTPS://MYMEMOR…	Six in the fifth place means:	Primera línea poco alineada (Jaccard 0%). | Solapamiento léxico bajo MT↔Baynes (0%).
25	L5_etiqueta	pair	0%	0%	divergent	Divergente	Neun auf fünftem Platz bedeutet:	MYMEMORY WARNING: YOU USED ALL AVAILABLE FREE TRANSLATIONS FOR TODAY. NEXT AVAILABLE IN 03 HOURS 24 MINUTES 19 SECONDS VISIT HTTPS://MYMEMOR…	Nine in the fifth place means:	Primera línea poco alineada (Jaccard 0%). | Solapamiento léxico bajo MT↔Baynes (0%).
26	L5_etiqueta	pair	0%	0%	divergent	Divergente	Sechs auf fünftem Platz bedeutet:	MYMEMORY WARNING: YOU USED ALL AVAILABLE FREE TRANSLATIONS FOR TODAY. NEXT AVAILABLE IN 03 HOURS 24 MINUTES 19 SECONDS VISIT HTTPS://MYMEMOR…	Six in the fifth place means:	Primera línea poco alineada (Jaccard 0%). | Solapamiento léxico bajo MT↔Baynes (0%).
27	L5_etiqueta	pair	0%	0%	divergent	Divergente	Sechs auf fünftem Platz bedeutet:	MYMEMORY WARNING: YOU USED ALL AVAILABLE FREE TRANSLATIONS FOR TODAY. NEXT AVAILABLE IN 03 HOURS 24 MINUTES 19 SECONDS VISIT HTTPS://MYMEMOR…	Six in the fifth place means:	Primera línea poco alineada (Jaccard 0%). | Solapamiento léxico bajo MT↔Baynes (0%).
28	L5_etiqueta	pair	0%	0%	divergent	Divergente	Neun auf fünftem Platz bedeutet:	MYMEMORY WARNING: YOU USED ALL AVAILABLE FREE TRANSLATIONS FOR TODAY. NEXT AVAILABLE IN 03 HOURS 24 MINUTES 19 SECONDS VISIT HTTPS://MYMEMOR…	Nine in the fifth place means:	Primera línea poco alineada (Jaccard 0%). | Solapamiento léxico bajo MT↔Baynes (0%).
29	L5_etiqueta	pair	0%	0%	divergent	Divergente	Neun auf fünftem Platz bedeutet:	MYMEMORY WARNING: YOU USED ALL AVAILABLE FREE TRANSLATIONS FOR TODAY. NEXT AVAILABLE IN 03 HOURS 24 MINUTES 19 SECONDS VISIT HTTPS://MYMEMOR…	Nine in the fifth place means:	Primera línea poco alineada (Jaccard 0%). | Solapamiento léxico bajo MT↔Baynes (0%).
30	L5_etiqueta	pair	0%	0%	divergent	Divergente	Sechs auf fünftem Platz bedeutet:	MYMEMORY WARNING: YOU USED ALL AVAILABLE FREE TRANSLATIONS FOR TODAY. NEXT AVAILABLE IN 03 HOURS 24 MINUTES 19 SECONDS VISIT HTTPS://MYMEMOR…	Six in the fifth place means:	Primera línea poco alineada (Jaccard 0%). | Solapamiento léxico bajo MT↔Baynes (0%).
31	L5_etiqueta	pair	0%	0%	divergent	Divergente	Neun auf fünftem Platz bedeutet:	MYMEMORY WARNING: YOU USED ALL AVAILABLE FREE TRANSLATIONS FOR TODAY. NEXT AVAILABLE IN 03 HOURS 24 MINUTES 19 SECONDS VISIT HTTPS://MYMEMOR…	Nine in the fifth place means:	Primera línea poco alineada (Jaccard 0%). | Solapamiento léxico bajo MT↔Baynes (0%).
32	L5_etiqueta	pair	0%	0%	divergent	Divergente	Sechs auf fünftem Platz bedeutet:	MYMEMORY WARNING: YOU USED ALL AVAILABLE FREE TRANSLATIONS FOR TODAY. NEXT AVAILABLE IN 03 HOURS 24 MINUTES 19 SECONDS VISIT HTTPS://MYMEMOR…	Six in the fifth place means:	Primera línea poco alineada (Jaccard 0%). | Solapamiento léxico bajo MT↔Baynes (0%).
33	L5_etiqueta	pair	0%	0%	divergent	Divergente	Neun auf fünftem Platz bedeutet:	MYMEMORY WARNING: YOU USED ALL AVAILABLE FREE TRANSLATIONS FOR TODAY. NEXT AVAILABLE IN 03 HOURS 24 MINUTES 19 SECONDS VISIT HTTPS://MYMEMOR…	Nine in the fifth place means:	Primera línea poco alineada (Jaccard 0%). | Solapamiento léxico bajo MT↔Baynes (0%).
34	L5_etiqueta	pair	0%	0%	divergent	Divergente	Sechs auf fünftem Platz bedeutet:	MYMEMORY WARNING: YOU USED ALL AVAILABLE FREE TRANSLATIONS FOR TODAY. NEXT AVAILABLE IN 03 HOURS 24 MINUTES 19 SECONDS VISIT HTTPS://MYMEMOR…	Six in the fifth place means:	Primera línea poco alineada (Jaccard 0%). | Solapamiento léxico bajo MT↔Baynes (0%).
35	L5_etiqueta	pair	0%	0%	divergent	Divergente	Sechs auf fünftem Platz bedeutet:	MYMEMORY WARNING: YOU USED ALL AVAILABLE FREE TRANSLATIONS FOR TODAY. NEXT AVAILABLE IN 03 HOURS 24 MINUTES 19 SECONDS VISIT HTTPS://MYMEMOR…	Six in the fifth place means:	Primera línea poco alineada (Jaccard 0%). | Solapamiento léxico bajo MT↔Baynes (0%).
36	L5_etiqueta	pair	0%	0%	divergent	Divergente	Sechs auf fünftem Platz bedeutet:	MYMEMORY WARNING: YOU USED ALL AVAILABLE FREE TRANSLATIONS FOR TODAY. NEXT AVAILABLE IN 03 HOURS 24 MINUTES 19 SECONDS VISIT HTTPS://MYMEMOR…	Six in the fifth place means:	Primera línea poco alineada (Jaccard 0%). | Solapamiento léxico bajo MT↔Baynes (0%).
37	L5_etiqueta	pair	0%	0%	divergent	Divergente	Neun auf fünftem Platz bedeutet:	MYMEMORY WARNING: YOU USED ALL AVAILABLE FREE TRANSLATIONS FOR TODAY. NEXT AVAILABLE IN 03 HOURS 24 MINUTES 19 SECONDS VISIT HTTPS://MYMEMOR…	Nine in the fifth place means:	Primera línea poco alineada (Jaccard 0%). | Solapamiento léxico bajo MT↔Baynes (0%).
38	L5_etiqueta	pair	0%	0%	divergent	Divergente	Sechs auf fünftem Platz bedeutet:	MYMEMORY WARNING: YOU USED ALL AVAILABLE FREE TRANSLATIONS FOR TODAY. NEXT AVAILABLE IN 03 HOURS 24 MINUTES 19 SECONDS VISIT HTTPS://MYMEMOR…	Six in the fifth place means:	Primera línea poco alineada (Jaccard 0%). | Solapamiento léxico bajo MT↔Baynes (0%).
39	L5_etiqueta	pair	0%	0%	divergent	Divergente	Neun auf fünftem Platz bedeutet:	MYMEMORY WARNING: YOU USED ALL AVAILABLE FREE TRANSLATIONS FOR TODAY. NEXT AVAILABLE IN 03 HOURS 24 MINUTES 19 SECONDS VISIT HTTPS://MYMEMOR…	Nine in the fifth place means:	Primera línea poco alineada (Jaccard 0%). | Solapamiento léxico bajo MT↔Baynes (0%).
40	L5_etiqueta	pair	0%	0%	divergent	Divergente	Sechs auf fünftem Platz bedeutet:	MYMEMORY WARNING: YOU USED ALL AVAILABLE FREE TRANSLATIONS FOR TODAY. NEXT AVAILABLE IN 03 HOURS 24 MINUTES 19 SECONDS VISIT HTTPS://MYMEMOR…	Six in the fifth place means:	Primera línea poco alineada (Jaccard 0%). | Solapamiento léxico bajo MT↔Baynes (0%).
41	L5_etiqueta	pair	0%	0%	divergent	Divergente	Sechs auf fünftem Platz bedeutet:	MYMEMORY WARNING: YOU USED ALL AVAILABLE FREE TRANSLATIONS FOR TODAY. NEXT AVAILABLE IN 03 HOURS 24 MINUTES 19 SECONDS VISIT HTTPS://MYMEMOR…	Six in the fifth place means:	Primera línea poco alineada (Jaccard 0%). | Solapamiento léxico bajo MT↔Baynes (0%).
42	L5_etiqueta	pair	0%	0%	divergent	Divergente	Neun auf fünftem Platz bedeutet:	MYMEMORY WARNING: YOU USED ALL AVAILABLE FREE TRANSLATIONS FOR TODAY. NEXT AVAILABLE IN 03 HOURS 24 MINUTES 19 SECONDS VISIT HTTPS://MYMEMOR…	Nine in the fifth place means:	Primera línea poco alineada (Jaccard 0%). | Solapamiento léxico bajo MT↔Baynes (0%).
43	L5_etiqueta	pair	0%	0%	divergent	Divergente	Neun auf fünftem Platz bedeutet:	MYMEMORY WARNING: YOU USED ALL AVAILABLE FREE TRANSLATIONS FOR TODAY. NEXT AVAILABLE IN 03 HOURS 24 MINUTES 19 SECONDS VISIT HTTPS://MYMEMOR…	Nine in the fifth place means:	Primera línea poco alineada (Jaccard 0%). | Solapamiento léxico bajo MT↔Baynes (0%).
44	L5_etiqueta	pair	0%	0%	divergent	Divergente	Neun auf fünftem Platz bedeutet:	MYMEMORY WARNING: YOU USED ALL AVAILABLE FREE TRANSLATIONS FOR TODAY. NEXT AVAILABLE IN 03 HOURS 24 MINUTES 19 SECONDS VISIT HTTPS://MYMEMOR…	Nine in the fifth place means:	Primera línea poco alineada (Jaccard 0%). | Solapamiento léxico bajo MT↔Baynes (0%).
45	L5_etiqueta	pair	0%	0%	divergent	Divergente	Neun auf fünftem Platz bedeutet:	MYMEMORY WARNING: YOU USED ALL AVAILABLE FREE TRANSLATIONS FOR TODAY. NEXT AVAILABLE IN 03 HOURS 24 MINUTES 19 SECONDS VISIT HTTPS://MYMEMOR…	Nine in the fifth place means:	Primera línea poco alineada (Jaccard 0%). | Solapamiento léxico bajo MT↔Baynes (0%).
46	L5_etiqueta	pair	0%	0%	divergent	Divergente	Sechs auf fünftem Platz bedeutet:	MYMEMORY WARNING: YOU USED ALL AVAILABLE FREE TRANSLATIONS FOR TODAY. NEXT AVAILABLE IN 03 HOURS 24 MINUTES 19 SECONDS VISIT HTTPS://MYMEMOR…	Six in the fifth place means:	Primera línea poco alineada (Jaccard 0%). | Solapamiento léxico bajo MT↔Baynes (0%).
47	L5_etiqueta	pair	0%	0%	divergent	Divergente	Neun auf fünftem Platz bedeutet:	MYMEMORY WARNING: YOU USED ALL AVAILABLE FREE TRANSLATIONS FOR TODAY. NEXT AVAILABLE IN 03 HOURS 24 MINUTES 19 SECONDS VISIT HTTPS://MYMEMOR…	Nine in the fifth place means:	Primera línea poco alineada (Jaccard 0%). | Solapamiento léxico bajo MT↔Baynes (0%).
48	L5_etiqueta	pair	0%	0%	divergent	Divergente	Neun auf fünftem Platz bedeutet:	MYMEMORY WARNING: YOU USED ALL AVAILABLE FREE TRANSLATIONS FOR TODAY. NEXT AVAILABLE IN 03 HOURS 24 MINUTES 19 SECONDS VISIT HTTPS://MYMEMOR…	Nine in the fifth place means:	Primera línea poco alineada (Jaccard 0%). | Solapamiento léxico bajo MT↔Baynes (0%).
49	L5_etiqueta	pair	0%	0%	divergent	Divergente	Neun auf fünftem Platz bedeutet:	MYMEMORY WARNING: YOU USED ALL AVAILABLE FREE TRANSLATIONS FOR TODAY. NEXT AVAILABLE IN 03 HOURS 24 MINUTES 19 SECONDS VISIT HTTPS://MYMEMOR…	Nine in the fifth place means:	Primera línea poco alineada (Jaccard 0%). | Solapamiento léxico bajo MT↔Baynes (0%).
50	L5_etiqueta	pair	0%	0%	divergent	Divergente	Sechs auf fünftem Platz bedeutet:	MYMEMORY WARNING: YOU USED ALL AVAILABLE FREE TRANSLATIONS FOR TODAY. NEXT AVAILABLE IN 03 HOURS 24 MINUTES 19 SECONDS VISIT HTTPS://MYMEMOR…	Six in the fifth place means:	Primera línea poco alineada (Jaccard 0%). | Solapamiento léxico bajo MT↔Baynes (0%).
51	L5_etiqueta	pair	0%	0%	divergent	Divergente	Sechs auf fünftem Platz bedeutet:	MYMEMORY WARNING: YOU USED ALL AVAILABLE FREE TRANSLATIONS FOR TODAY. NEXT AVAILABLE IN 03 HOURS 24 MINUTES 19 SECONDS VISIT HTTPS://MYMEMOR…	Six in the fifth place means:	Primera línea poco alineada (Jaccard 0%). | Solapamiento léxico bajo MT↔Baynes (0%).
52	L5_etiqueta	pair	0%	0%	divergent	Divergente	Sechs auf fünftem Platz bedeutet:	MYMEMORY WARNING: YOU USED ALL AVAILABLE FREE TRANSLATIONS FOR TODAY. NEXT AVAILABLE IN 03 HOURS 24 MINUTES 19 SECONDS VISIT HTTPS://MYMEMOR…	Six in the fifth place means:	Primera línea poco alineada (Jaccard 0%). | Solapamiento léxico bajo MT↔Baynes (0%).
53	L5_etiqueta	pair	0%	0%	divergent	Divergente	Neun auf fünftem Platz bedeutet:	MYMEMORY WARNING: YOU USED ALL AVAILABLE FREE TRANSLATIONS FOR TODAY. NEXT AVAILABLE IN 03 HOURS 24 MINUTES 19 SECONDS VISIT HTTPS://MYMEMOR…	Nine in the fifth place means:	Primera línea poco alineada (Jaccard 0%). | Solapamiento léxico bajo MT↔Baynes (0%).
54	L5_etiqueta	pair	0%	0%	divergent	Divergente	Sechs auf fünftem Platz bedeutet:	MYMEMORY WARNING: YOU USED ALL AVAILABLE FREE TRANSLATIONS FOR TODAY. NEXT AVAILABLE IN 03 HOURS 24 MINUTES 19 SECONDS VISIT HTTPS://MYMEMOR…	Six in the fifth place means:	Primera línea poco alineada (Jaccard 0%). | Solapamiento léxico bajo MT↔Baynes (0%).
55	L5_etiqueta	pair	0%	0%	divergent	Divergente	Sechs auf fünftem Platz bedeutet:	MYMEMORY WARNING: YOU USED ALL AVAILABLE FREE TRANSLATIONS FOR TODAY. NEXT AVAILABLE IN 03 HOURS 24 MINUTES 19 SECONDS VISIT HTTPS://MYMEMOR…	Six in the fifth place means:	Primera línea poco alineada (Jaccard 0%). | Solapamiento léxico bajo MT↔Baynes (0%).
56	L5_etiqueta	pair	0%	0%	divergent	Divergente	Sechs auf fünftem Platz bedeutet:	MYMEMORY WARNING: YOU USED ALL AVAILABLE FREE TRANSLATIONS FOR TODAY. NEXT AVAILABLE IN 03 HOURS 24 MINUTES 19 SECONDS VISIT HTTPS://MYMEMOR…	Six in the fifth place means:	Primera línea poco alineada (Jaccard 0%). | Solapamiento léxico bajo MT↔Baynes (0%).
57	L5_etiqueta	pair	0%	0%	divergent	Divergente	Neun auf fünftem Platz bedeutet:	MYMEMORY WARNING: YOU USED ALL AVAILABLE FREE TRANSLATIONS FOR TODAY. NEXT AVAILABLE IN 03 HOURS 24 MINUTES 19 SECONDS VISIT HTTPS://MYMEMOR…	Nine in the fifth place means:	Primera línea poco alineada (Jaccard 0%). | Solapamiento léxico bajo MT↔Baynes (0%).
58	L5_etiqueta	pair	0%	0%	divergent	Divergente	Neun auf fünftem Platz bedeutet:	MYMEMORY WARNING: YOU USED ALL AVAILABLE FREE TRANSLATIONS FOR TODAY. NEXT AVAILABLE IN 03 HOURS 24 MINUTES 19 SECONDS VISIT HTTPS://MYMEMOR…	Nine in the fifth place means:	Primera línea poco alineada (Jaccard 0%). | Solapamiento léxico bajo MT↔Baynes (0%).
59	L5_etiqueta	pair	0%	0%	divergent	Divergente	Neun auf fünftem Platz bedeutet:	MYMEMORY WARNING: YOU USED ALL AVAILABLE FREE TRANSLATIONS FOR TODAY. NEXT AVAILABLE IN 03 HOURS 24 MINUTES 19 SECONDS VISIT HTTPS://MYMEMOR…	Nine in the fifth place means:	Primera línea poco alineada (Jaccard 0%). | Solapamiento léxico bajo MT↔Baynes (0%).
60	L5_etiqueta	pair	0%	0%	divergent	Divergente	Neun auf fünftem Platz bedeutet:	MYMEMORY WARNING: YOU USED ALL AVAILABLE FREE TRANSLATIONS FOR TODAY. NEXT AVAILABLE IN 03 HOURS 24 MINUTES 19 SECONDS VISIT HTTPS://MYMEMOR…	Nine in the fifth place means:	Primera línea poco alineada (Jaccard 0%). | Solapamiento léxico bajo MT↔Baynes (0%).
61	L5_etiqueta	pair	0%	0%	divergent	Divergente	Neun auf fünftem Platz bedeutet:	MYMEMORY WARNING: YOU USED ALL AVAILABLE FREE TRANSLATIONS FOR TODAY. NEXT AVAILABLE IN 03 HOURS 24 MINUTES 19 SECONDS VISIT HTTPS://MYMEMOR…	Nine in the fifth place means:	Primera línea poco alineada (Jaccard 0%). | Solapamiento léxico bajo MT↔Baynes (0%).
62	L5_etiqueta	pair	0%	0%	divergent	Divergente	Sechs auf fünftem Platz bedeutet:	MYMEMORY WARNING: YOU USED ALL AVAILABLE FREE TRANSLATIONS FOR TODAY. NEXT AVAILABLE IN 03 HOURS 24 MINUTES 19 SECONDS VISIT HTTPS://MYMEMOR…	Six in the fifth place means:	Primera línea poco alineada (Jaccard 0%). | Solapamiento léxico bajo MT↔Baynes (0%).
63	L5_etiqueta	pair	0%	0%	divergent	Divergente	Neun auf fünftem Platz bedeutet:	MYMEMORY WARNING: YOU USED ALL AVAILABLE FREE TRANSLATIONS FOR TODAY. NEXT AVAILABLE IN 03 HOURS 24 MINUTES 19 SECONDS VISIT HTTPS://MYMEMOR…	Nine in the fifth place means:	Primera línea poco alineada (Jaccard 0%). | Solapamiento léxico bajo MT↔Baynes (0%).
64	L5_etiqueta	pair	0%	0%	divergent	Divergente	Sechs auf fünftem Platz bedeutet:	MYMEMORY WARNING: YOU USED ALL AVAILABLE FREE TRANSLATIONS FOR TODAY. NEXT AVAILABLE IN 03 HOURS 24 MINUTES 19 SECONDS VISIT HTTPS://MYMEMOR…	Six in the fifth place means:	Primera línea poco alineada (Jaccard 0%). | Solapamiento léxico bajo MT↔Baynes (0%).
1	L5_oraculo	pair	0%	0%	divergent	Divergente	Fliegender Drache am Himmel. Fördernd ist es, den großen Mann zu sehen.	MYMEMORY WARNING: YOU USED ALL AVAILABLE FREE TRANSLATIONS FOR TODAY. NEXT AVAILABLE IN 03 HOURS 24 MINUTES 18 SECONDS VISIT HTTPS://MYMEMOR…	Flying dragon in the heavens. It furthers one to see the great man.	Primera línea poco alineada (Jaccard 0%). | Solapamiento léxico bajo MT↔Baynes (0%).
2	L5_oraculo	pair	0%	0%	divergent	Divergente	Gelbes Untergewand bringt erhabenes Heil.	MYMEMORY WARNING: YOU USED ALL AVAILABLE FREE TRANSLATIONS FOR TODAY. NEXT AVAILABLE IN 03 HOURS 24 MINUTES 18 SECONDS VISIT HTTPS://MYMEMOR…	A yellow lower garment brings supreme good fortune.	Primera línea poco alineada (Jaccard 0%). | Solapamiento léxico bajo MT↔Baynes (0%).
3	L5_oraculo	pair	0%	0%	divergent	Divergente	Schwierigkeiten im Segnen. Kleine Beharrlichkeit bringt Heil, große Beharrlichkeit bringt Unheil.	MYMEMORY WARNING: YOU USED ALL AVAILABLE FREE TRANSLATIONS FOR TODAY. NEXT AVAILABLE IN 03 HOURS 24 MINUTES 18 SECONDS VISIT HTTPS://MYMEMOR…	Difficulties in blessing. A little perseverance brings good fortune. Great perseverance brings misfortune.	Primera línea poco alineada (Jaccard 0%). | Solapamiento léxico bajo MT↔Baynes (0%).
4	L5_oraculo	pair	0%	0%	divergent	Divergente	Kindliche Torheit bringt Heil.	MYMEMORY WARNING: YOU USED ALL AVAILABLE FREE TRANSLATIONS FOR TODAY. NEXT AVAILABLE IN 03 HOURS 24 MINUTES 18 SECONDS VISIT HTTPS://MYMEMOR…	Childlike folly brings good fortune.	Primera línea poco alineada (Jaccard 0%). | Solapamiento léxico bajo MT↔Baynes (0%).
5	L5_oraculo	pair	0%	0%	divergent	Divergente	Warten bei Wein und Speise. Beharrlichkeit bringt Heil.	MYMEMORY WARNING: YOU USED ALL AVAILABLE FREE TRANSLATIONS FOR TODAY. NEXT AVAILABLE IN 03 HOURS 24 MINUTES 18 SECONDS VISIT HTTPS://MYMEMOR…	Waiting at meat and drink. Perseverance brings good fortune.	Primera línea poco alineada (Jaccard 0%). | Solapamiento léxico bajo MT↔Baynes (0%).
6	L5_oraculo	pair	0%	0%	divergent	Divergente	Streiten vor ihm bringt erhabenes Heil.	MYMEMORY WARNING: YOU USED ALL AVAILABLE FREE TRANSLATIONS FOR TODAY. NEXT AVAILABLE IN 03 HOURS 24 MINUTES 18 SECONDS VISIT HTTPS://MYMEMOR…	To contend before him Brings supreme good fortune.	Primera línea poco alineada (Jaccard 0%). | Solapamiento léxico bajo MT↔Baynes (0%).
7	L5_oraculo	pair	0%	0%	divergent	Divergente	Im Feld ist ein Wild. Es ist fördernd, es zu fangen. Ohne Makel. Der Älteste führe das Heer. Der Jüngere fährt Leichen, da bringt Beharrlich…	MYMEMORY WARNING: YOU USED ALL AVAILABLE FREE TRANSLATIONS FOR TODAY. NEXT AVAILABLE IN 03 HOURS 24 MINUTES 18 SECONDS VISIT HTTPS://MYMEMOR…	There is game in the field. It furthers one to catch it. Without blame. Let the eldest lead the army. The younger transports corpses; Then p…	Primera línea poco alineada (Jaccard 0%). | Solapamiento léxico bajo MT↔Baynes (0%).
8	L5_oraculo	pair	2%	0%	divergent	Divergente	Offenbarung des Zusammenhaltens. Der König läßt bei der Jagd nur von drei Seiten treiben und verzichtet auf das Wild, das vorne abbiegt. Die…	MYMEMORY WARNING: YOU USED ALL AVAILABLE FREE TRANSLATIONS FOR TODAY. NEXT AVAILABLE IN 03 HOURS 24 MINUTES 18 SECONDS VISIT HTTPS://MYMEMOR…	Manifestation of holding together. In the hunt the king uses beaters on three sides only And foregoes game that runs off in front. The citiz…	Primera línea poco alineada (Jaccard 0%). | Solapamiento léxico bajo MT↔Baynes (2%).
9	L5_oraculo	pair	3%	4%	divergent	Divergente	Bist du wahrhaftig und treu verbunden, so bist du reich in deinem Nächsten.	MYMEMORY WARNING: YOU USED ALL AVAILABLE FREE TRANSLATIONS FOR TODAY. NEXT AVAILABLE IN 03 HOURS 24 MINUTES 18 SECONDS VISIT HTTPS://MYMEMOR…	If you are sincere and loyally attached, You are rich in your neighbor.	Primera línea poco alineada (Jaccard 4%). | Solapamiento léxico bajo MT↔Baynes (3%).
10	L5_oraculo	pair	0%	0%	divergent	Divergente	Entschlossenes Auftreten. Beharrlichkeit bei Bewußtsein der Gefahr.	MYMEMORY WARNING: YOU USED ALL AVAILABLE FREE TRANSLATIONS FOR TODAY. NEXT AVAILABLE IN 03 HOURS 24 MINUTES 17 SECONDS VISIT HTTPS://MYMEMOR…	Resolute conduct. Perseverance with awareness of danger.	Primera línea poco alineada (Jaccard 0%). | Solapamiento léxico bajo MT↔Baynes (0%).
11	L5_oraculo	pair	0%	0%	divergent	Divergente	Der Herrscher I gibt seine Tochter in die Ehe. Das bringt Segen und erhabenes Heil.	MYMEMORY WARNING: YOU USED ALL AVAILABLE FREE TRANSLATIONS FOR TODAY. NEXT AVAILABLE IN 03 HOURS 24 MINUTES 17 SECONDS VISIT HTTPS://MYMEMOR…	The sovereign I Gives his daughter in marriage. This brings blessing And supreme good fortune.	Primera línea poco alineada (Jaccard 0%). | Solapamiento léxico bajo MT↔Baynes (0%).
12	L5_oraculo	pair	3%	0%	divergent	Divergente	Die Stockung läßt nach. Dem großen Manne Heil! »Wenn es mißlänge, wenn es mißlänge!«	MYMEMORY WARNING: YOU USED ALL AVAILABLE FREE TRANSLATIONS FOR TODAY. NEXT AVAILABLE IN 03 HOURS 24 MINUTES 17 SECONDS VISIT HTTPS://MYMEMOR…	Standstill is giving way. Good fortune for the great man. ""What if it should fail, what if it should fail?"" In this way he ties it to a clus…	Primera línea poco alineada (Jaccard 0%). | Solapamiento léxico bajo MT↔Baynes (3%).
13	L5_oraculo	pair	0%	0%	divergent	Divergente	Die gemeinsamen Menschen weinen erst und klagen, aber nachher lachen sie.	MYMEMORY WARNING: YOU USED ALL AVAILABLE FREE TRANSLATIONS FOR TODAY. NEXT AVAILABLE IN 03 HOURS 24 MINUTES 17 SECONDS VISIT HTTPS://MYMEMOR…	Men bound in fellowship first weep and lament, But afterward they laugh. After great struggles they succeed in meeting.	Primera línea poco alineada (Jaccard 0%). | Solapamiento léxico bajo MT↔Baynes (0%).
14	L5_oraculo	pair	0%	0%	divergent	Divergente	Wessen Wahrheit umgänglich ist und doch würdig, der hat Heil.	MYMEMORY WARNING: YOU USED ALL AVAILABLE FREE TRANSLATIONS FOR TODAY. NEXT AVAILABLE IN 03 HOURS 24 MINUTES 17 SECONDS VISIT HTTPS://MYMEMOR…	He whose truth is accessible, yet dignified, Has good fortune.	Primera línea poco alineada (Jaccard 0%). | Solapamiento léxico bajo MT↔Baynes (0%).
15	L5_oraculo	pair	0%	0%	divergent	Divergente	Nicht pochen auf Reichtum seinem Nächsten gegenüber. Fördernd ist es, mit Gewalt anzugreifen. Nichts, das nicht fördernd wäre.	MYMEMORY WARNING: YOU USED ALL AVAILABLE FREE TRANSLATIONS FOR TODAY. NEXT AVAILABLE IN 03 HOURS 24 MINUTES 17 SECONDS VISIT HTTPS://MYMEMOR…	No boasting of wealth before one's neighbor. It is favorable to attack with force. Nothing that would not further.	Primera línea poco alineada (Jaccard 0%). | Solapamiento léxico bajo MT↔Baynes (0%).
16	L5_oraculo	pair	0%	0%	divergent	Divergente	Beharrlich krank und stirbt doch immer nicht.	MYMEMORY WARNING: YOU USED ALL AVAILABLE FREE TRANSLATIONS FOR TODAY. NEXT AVAILABLE IN 03 HOURS 24 MINUTES 17 SECONDS VISIT HTTPS://MYMEMOR…	Persistently ill, and still does not die.	Primera línea poco alineada (Jaccard 0%). | Solapamiento léxico bajo MT↔Baynes (0%).
17	L5_oraculo	pair	0%	0%	divergent	Divergente	Wahrhaft im Guten. Heil!	MYMEMORY WARNING: YOU USED ALL AVAILABLE FREE TRANSLATIONS FOR TODAY. NEXT AVAILABLE IN 03 HOURS 24 MINUTES 17 SECONDS VISIT HTTPS://MYMEMOR…	Sincere in the good. Good fortune.	Primera línea poco alineada (Jaccard 0%). | Solapamiento léxico bajo MT↔Baynes (0%).
18	L5_oraculo	pair	0%	0%	divergent	Divergente	Zurechtbringen des vom Vater Verdorbenen. Man findet Lob.	MYMEMORY WARNING: YOU USED ALL AVAILABLE FREE TRANSLATIONS FOR TODAY. NEXT AVAILABLE IN 03 HOURS 24 MINUTES 17 SECONDS VISIT HTTPS://MYMEMOR…	Setting right what has been spoiled by the father. One meets with praise.	Primera línea poco alineada (Jaccard 0%). | Solapamiento léxico bajo MT↔Baynes (0%).
19	L5_oraculo	pair	3%	0%	divergent	Divergente	Weise Annäherung. Das ist recht für einen großen Fürsten. Heil!	MYMEMORY WARNING: YOU USED ALL AVAILABLE FREE TRANSLATIONS FOR TODAY. NEXT AVAILABLE IN 03 HOURS 24 MINUTES 17 SECONDS VISIT HTTPS://MYMEMOR…	Wise approach. This is right for a great prince. Good fortune.	Primera línea poco alineada (Jaccard 0%). | Solapamiento léxico bajo MT↔Baynes (3%).
20	L5_oraculo	pair	0%	0%	divergent	Divergente	Betrachtung meines Lebens. Der Edle ist ohne Makel.	MYMEMORY WARNING: YOU USED ALL AVAILABLE FREE TRANSLATIONS FOR TODAY. NEXT AVAILABLE IN 03 HOURS 24 MINUTES 16 SECONDS VISIT HTTPS://MYMEMOR…	Contemplation of my life. The superior man is without blame.	Primera línea poco alineada (Jaccard 0%). | Solapamiento léxico bajo MT↔Baynes (0%).
21	L5_oraculo	pair	0%	0%	divergent	Divergente	Beißt auf getrocknetes Muskelfleisch. Erhält gelbes Gold. Beharrlich der Gefahr bewußt sein. Kein Makel.	MYMEMORY WARNING: YOU USED ALL AVAILABLE FREE TRANSLATIONS FOR TODAY. NEXT AVAILABLE IN 03 HOURS 24 MINUTES 16 SECONDS VISIT HTTPS://MYMEMOR…	Bites on dried lean meat. Receives yellow gold. Perseveringly aware of danger. No blame.	Primera línea poco alineada (Jaccard 0%). | Solapamiento léxico bajo MT↔Baynes (0%).
22	L5_oraculo	pair	0%	0%	divergent	Divergente	Anmut in Hügeln und Gärten. Das Seidenbündel ist ärmlich und klein. Beschämung, doch schließlich Heil.	MYMEMORY WARNING: YOU USED ALL AVAILABLE FREE TRANSLATIONS FOR TODAY. NEXT AVAILABLE IN 03 HOURS 24 MINUTES 16 SECONDS VISIT HTTPS://MYMEMOR…	Grace in hills and gardens. The roll of silk is meager and small. Humiliation, but in the end good fortune.	Primera línea poco alineada (Jaccard 0%). | Solapamiento léxico bajo MT↔Baynes (0%).
23	L5_oraculo	pair	0%	0%	divergent	Divergente	Ein Zug Fische. Durch die Palastdamen kommt Gunst. Alles ist förderlich.	MYMEMORY WARNING: YOU USED ALL AVAILABLE FREE TRANSLATIONS FOR TODAY. NEXT AVAILABLE IN 03 HOURS 24 MINUTES 16 SECONDS VISIT HTTPS://MYMEMOR…	A shoal of fishes. Favor comes through the court ladies. Everything acts to further.	Primera línea poco alineada (Jaccard 0%). | Solapamiento léxico bajo MT↔Baynes (0%).
24	L5_oraculo	pair	0%	0%	divergent	Divergente	Großzügige Wiederkehr. Keine Reue.	MYMEMORY WARNING: YOU USED ALL AVAILABLE FREE TRANSLATIONS FOR TODAY. NEXT AVAILABLE IN 03 HOURS 24 MINUTES 16 SECONDS VISIT HTTPS://MYMEMOR…	Noblehearted return. No remorse.	Primera línea poco alineada (Jaccard 0%). | Solapamiento léxico bajo MT↔Baynes (0%).
25	L5_oraculo	pair	0%	0%	divergent	Divergente	Bei unverschuldeter Krankheit gebrauche keine Arznei. Es wird schon von selber gut werden.	MYMEMORY WARNING: YOU USED ALL AVAILABLE FREE TRANSLATIONS FOR TODAY. NEXT AVAILABLE IN 03 HOURS 24 MINUTES 16 SECONDS VISIT HTTPS://MYMEMOR…	Use no medicine in an illness Incurred through no fault of your own. It will pass of itself.	Primera línea poco alineada (Jaccard 0%). | Solapamiento léxico bajo MT↔Baynes (0%).
26	L5_oraculo	pair	0%	0%	divergent	Divergente	Eines verschnittenen Ebers Zahn. Heil!	MYMEMORY WARNING: YOU USED ALL AVAILABLE FREE TRANSLATIONS FOR TODAY. NEXT AVAILABLE IN 03 HOURS 24 MINUTES 16 SECONDS VISIT HTTPS://MYMEMOR…	The tusk of a gelded boar. Good fortune.	Primera línea poco alineada (Jaccard 0%). | Solapamiento léxico bajo MT↔Baynes (0%).
27	L5_oraculo	pair	0%	0%	divergent	Divergente	Abweichen vom Weg. Bleiben in Beharrlichkeit bringt Heil. Man soll nicht das große Wasser durchqueren.	MYMEMORY WARNING: YOU USED ALL AVAILABLE FREE TRANSLATIONS FOR TODAY. NEXT AVAILABLE IN 03 HOURS 24 MINUTES 16 SECONDS VISIT HTTPS://MYMEMOR…	Turning away from the path. To remain persevering brings good fortune. One should not cross the great water.	Primera línea poco alineada (Jaccard 0%). | Solapamiento léxico bajo MT↔Baynes (0%).
28	L5_oraculo	pair	0%	0%	divergent	Divergente	Eine dürre Pappel treibt Blüten. Ein älteres Weib bekommt einen Mann. Kein Makel. Kein Lob.	MYMEMORY WARNING: YOU USED ALL AVAILABLE FREE TRANSLATIONS FOR TODAY. NEXT AVAILABLE IN 03 HOURS 24 MINUTES 16 SECONDS VISIT HTTPS://MYMEMOR…	A withered poplar puts forth flowers. An older woman takes a husband. No blame. No praise.	Primera línea poco alineada (Jaccard 0%). | Solapamiento léxico bajo MT↔Baynes (0%).
29	L5_oraculo	pair	0%	0%	divergent	Divergente	Der Abgrund wird nicht überfüllt, er wird nur bis zum Rand gefüllt. Kein Makel.	MYMEMORY WARNING: YOU USED ALL AVAILABLE FREE TRANSLATIONS FOR TODAY. NEXT AVAILABLE IN 03 HOURS 24 MINUTES 15 SECONDS VISIT HTTPS://MYMEMOR…	The abyss is not filled to overflowing, It is filled only to the rim. No blame.	Primera línea poco alineada (Jaccard 0%). | Solapamiento léxico bajo MT↔Baynes (0%).
30	L5_oraculo	pair	0%	0%	divergent	Divergente	Weinend in Strömen, seufzend und klagend. Heil!	MYMEMORY WARNING: YOU USED ALL AVAILABLE FREE TRANSLATIONS FOR TODAY. NEXT AVAILABLE IN 03 HOURS 24 MINUTES 15 SECONDS VISIT HTTPS://MYMEMOR…	Tears in floods, sighing and lamenting. Good fortune.	Primera línea poco alineada (Jaccard 0%). | Solapamiento léxico bajo MT↔Baynes (0%).
31	L5_oraculo	pair	0%	0%	divergent	Divergente	Die Einwirkung äußert sich im Nacken. Keine Reue.	MYMEMORY WARNING: YOU USED ALL AVAILABLE FREE TRANSLATIONS FOR TODAY. NEXT AVAILABLE IN 03 HOURS 24 MINUTES 15 SECONDS VISIT HTTPS://MYMEMOR…	The influence shows itself in the back of the neck. No remorse.	Primera línea poco alineada (Jaccard 0%). | Solapamiento léxico bajo MT↔Baynes (0%).
32	L5_oraculo	pair	3%	0%	divergent	Divergente	Seinem Charakter Dauer geben durch Beharrlichkeit, das ist für eine Frau von Heil, für einen Mann von Unheil.	MYMEMORY WARNING: YOU USED ALL AVAILABLE FREE TRANSLATIONS FOR TODAY. NEXT AVAILABLE IN 03 HOURS 24 MINUTES 15 SECONDS VISIT HTTPS://MYMEMOR…	Giving duration to one's character through perseverance. This is good fortune for a woman, misfortune for a man.	Primera línea poco alineada (Jaccard 0%). | Solapamiento léxico bajo MT↔Baynes (3%).
33	L5_oraculo	pair	0%	0%	divergent	Divergente	Freundlicher Rückzug. Beharrlichkeit bringt Heil.	MYMEMORY WARNING: YOU USED ALL AVAILABLE FREE TRANSLATIONS FOR TODAY. NEXT AVAILABLE IN 03 HOURS 24 MINUTES 15 SECONDS VISIT HTTPS://MYMEMOR…	Friendly retreat. Perseverance brings good fortune.	Primera línea poco alineada (Jaccard 0%). | Solapamiento léxico bajo MT↔Baynes (0%).
34	L5_oraculo	pair	0%	0%	divergent	Divergente	Verliert den Bock in Leichtigkeit. Keine Reue.	MYMEMORY WARNING: YOU USED ALL AVAILABLE FREE TRANSLATIONS FOR TODAY. NEXT AVAILABLE IN 03 HOURS 24 MINUTES 15 SECONDS VISIT HTTPS://MYMEMOR…	Loses the goat with ease. No remorse.	Primera línea poco alineada (Jaccard 0%). | Solapamiento léxico bajo MT↔Baynes (0%).
35	L5_oraculo	pair	0%	0%	divergent	Divergente	Die Reue schwindet. Gewinn und Verlust nimm nicht zu Herzen. Unternehmungen bringen Heil. Alles ist fördernd.	MYMEMORY WARNING: YOU USED ALL AVAILABLE FREE TRANSLATIONS FOR TODAY. NEXT AVAILABLE IN 03 HOURS 24 MINUTES 15 SECONDS VISIT HTTPS://MYMEMOR…	Remorse disappears. Take not gain and loss to heart. Undertakings bring good fortune. Everything serves to further.	Primera línea poco alineada (Jaccard 0%). | Solapamiento léxico bajo MT↔Baynes (0%).
36	L5_oraculo	pair	0%	0%	divergent	Divergente	Verfinsterung des Lichts wie beim Prinzen Gi. Fördernd ist Beharrlichkeit.	MYMEMORY WARNING: YOU USED ALL AVAILABLE FREE TRANSLATIONS FOR TODAY. NEXT AVAILABLE IN 03 HOURS 24 MINUTES 15 SECONDS VISIT HTTPS://MYMEMOR…	Darkening of the light as with Prince Chi. Perseverance furthers.	Primera línea poco alineada (Jaccard 0%). | Solapamiento léxico bajo MT↔Baynes (0%).
37	L5_oraculo	pair	0%	0%	divergent	Divergente	Ein König naht er seiner Sippe, fürchtet euch nicht. Heil!	MYMEMORY WARNING: YOU USED ALL AVAILABLE FREE TRANSLATIONS FOR TODAY. NEXT AVAILABLE IN 03 HOURS 24 MINUTES 15 SECONDS VISIT HTTPS://MYMEMOR…	As a king he approaches his family. Fear not. Good fortune.	Primera línea poco alineada (Jaccard 0%). | Solapamiento léxico bajo MT↔Baynes (0%).
38	L5_oraculo	pair	0%	0%	divergent	Divergente	Die Reue schwindet. Der Gefährte beißt sich durch die Hülle. Wenn man hingeht zu ihm, wie wäre das ein Fehler?	MYMEMORY WARNING: YOU USED ALL AVAILABLE FREE TRANSLATIONS FOR TODAY. NEXT AVAILABLE IN 03 HOURS 24 MINUTES 15 SECONDS VISIT HTTPS://MYMEMOR…	Remorse disappears. The companion bites his way through the wrappings. If one goes to him, How could it be a mistake?	Primera línea poco alineada (Jaccard 0%). | Solapamiento léxico bajo MT↔Baynes (0%).
39	L5_oraculo	pair	0%	0%	divergent	Divergente	Inmitten der größten Hemmnisse kommen Freunde.	MYMEMORY WARNING: YOU USED ALL AVAILABLE FREE TRANSLATIONS FOR TODAY. NEXT AVAILABLE IN 03 HOURS 24 MINUTES 14 SECONDS VISIT HTTPS://MYMEMOR…	In the midst of the greatest obstructions, Friends come.	Primera línea poco alineada (Jaccard 0%). | Solapamiento léxico bajo MT↔Baynes (0%).
40	L5_oraculo	pair	0%	0%	divergent	Divergente	Wenn der Edle sich nur befreien kann, das bringt Heil. Er zeigt so den Gemeinen, daß es ihm ernst ist.	MYMEMORY WARNING: YOU USED ALL AVAILABLE FREE TRANSLATIONS FOR TODAY. NEXT AVAILABLE IN 03 HOURS 24 MINUTES 14 SECONDS VISIT HTTPS://MYMEMOR…	If only the superior man can deliver himself, It brings good fortune. Thus he proves to inferior men that he is in earnest.	Primera línea poco alineada (Jaccard 0%). | Solapamiento léxico bajo MT↔Baynes (0%).
41	L5_oraculo	pair	0%	0%	divergent	Divergente	Es mehrt ihn wohl jemand. Zehn Paar Schildkröten können dem nicht widerstreben. Erhabenes Heil!	MYMEMORY WARNING: YOU USED ALL AVAILABLE FREE TRANSLATIONS FOR TODAY. NEXT AVAILABLE IN 03 HOURS 24 MINUTES 14 SECONDS VISIT HTTPS://MYMEMOR…	Someone does indeed increase him. Ten pairs of tortoises cannot oppose it. Supreme good fortune.	Primera línea poco alineada (Jaccard 0%). | Solapamiento léxico bajo MT↔Baynes (0%).
42	L5_oraculo	pair	3%	3%	divergent	Divergente	Wenn du wahrhaftig ein gütiges Herz hast, so frage nicht. Erhabenes Heil!	MYMEMORY WARNING: YOU USED ALL AVAILABLE FREE TRANSLATIONS FOR TODAY. NEXT AVAILABLE IN 03 HOURS 24 MINUTES 14 SECONDS VISIT HTTPS://MYMEMOR…	If in truth you have a kind heart, ask not. Supreme good fortune. Truly, kindness will be recognized as your virtue.	Primera línea poco alineada (Jaccard 3%). | Solapamiento léxico bajo MT↔Baynes (3%).
43	L5_oraculo	pair	3%	0%	divergent	Divergente	Dem Unkraut gegenüber braucht es feste Entschlossenheit. In der Mitte wandeln bleibt frei von Makel.	MYMEMORY WARNING: YOU USED ALL AVAILABLE FREE TRANSLATIONS FOR TODAY. NEXT AVAILABLE IN 03 HOURS 24 MINUTES 14 SECONDS VISIT HTTPS://MYMEMOR…	In dealing with weeds, Firm resolution is necessary. Walking in the middle Remains free of blame.	Primera línea poco alineada (Jaccard 0%). | Solapamiento léxico bajo MT↔Baynes (3%).
44	L5_oraculo	pair	0%	0%	divergent	Divergente	Mit Weidenblättern bedeckte Melone: verborgene Linien. Da fällt es einem vom Himmel herunter zu.	MYMEMORY WARNING: YOU USED ALL AVAILABLE FREE TRANSLATIONS FOR TODAY. NEXT AVAILABLE IN 03 HOURS 24 MINUTES 14 SECONDS VISIT HTTPS://MYMEMOR…	A melon covered with willow leaves. Hidden lines. Then it drops down to one from heaven.	Primera línea poco alineada (Jaccard 0%). | Solapamiento léxico bajo MT↔Baynes (0%).
45	L5_oraculo	pair	0%	0%	divergent	Divergente	Wenn man beim Sammeln die Stellung hat, so gibt das keinen Makel. Wenn manche noch nicht wahrhaft dabei sind, so bedarf es erhabener, dauern…	MYMEMORY WARNING: YOU USED ALL AVAILABLE FREE TRANSLATIONS FOR TODAY. NEXT AVAILABLE IN 03 HOURS 24 MINUTES 14 SECONDS VISIT HTTPS://MYMEMOR…	If in gathering together one has position, This brings no blame. If there are some who are not yet sincerely in the work, Sublime and enduri…	Primera línea poco alineada (Jaccard 0%). | Solapamiento léxico bajo MT↔Baynes (0%).
46	L5_oraculo	pair	0%	0%	divergent	Divergente	Beharrlichkeit bringt Heil. Man dringt empor auf Stufen.	MYMEMORY WARNING: YOU USED ALL AVAILABLE FREE TRANSLATIONS FOR TODAY. NEXT AVAILABLE IN 03 HOURS 24 MINUTES 14 SECONDS VISIT HTTPS://MYMEMOR…	Perseverance brings good fortune. One pushes upward by steps.	Primera línea poco alineada (Jaccard 0%). | Solapamiento léxico bajo MT↔Baynes (0%).
47	L5_oraculo	pair	0%	0%	divergent	Divergente	Es werden ihm Nase und Füße abgeschnitten. Man ist bedrängt von dem in purpurnen Kniebinden. Sachte kommt die Freude. Fördernd ist es, Opfer…	MYMEMORY WARNING: YOU USED ALL AVAILABLE FREE TRANSLATIONS FOR TODAY. NEXT AVAILABLE IN 03 HOURS 24 MINUTES 14 SECONDS VISIT HTTPS://MYMEMOR…	His nose and feet are cut off. Oppression at the hands of the man with the purple knee bands. Joy comes softly. It furthers one to make offe…	Primera línea poco alineada (Jaccard 0%). | Solapamiento léxico bajo MT↔Baynes (0%).
48	L5_oraculo	pair	0%	0%	divergent	Divergente	Im Brunnen ist ein klarer, kühler Quell, den man trinken kann.	MYMEMORY WARNING: YOU USED ALL AVAILABLE FREE TRANSLATIONS FOR TODAY. NEXT AVAILABLE IN 03 HOURS 24 MINUTES 13 SECONDS VISIT HTTPS://MYMEMOR…	In the well there is a clear, cold spring From which one can drink.	Primera línea poco alineada (Jaccard 0%). | Solapamiento léxico bajo MT↔Baynes (0%).
49	L5_oraculo	pair	0%	0%	divergent	Divergente	Der große Mann ändert wie ein Tiger. Noch ehe er das Orakel fragt, findet er Glauben.	MYMEMORY WARNING: YOU USED ALL AVAILABLE FREE TRANSLATIONS FOR TODAY. NEXT AVAILABLE IN 03 HOURS 24 MINUTES 13 SECONDS VISIT HTTPS://MYMEMOR…	The great man changes like a tiger. Even before he questions the oracle He is believed.	Primera línea poco alineada (Jaccard 0%). | Solapamiento léxico bajo MT↔Baynes (0%).
50	L5_oraculo	pair	0%	0%	divergent	Divergente	Der Tiegel hat gelbe Henkel, goldne Tragringe. Fördernd ist Beharrlichkeit.	MYMEMORY WARNING: YOU USED ALL AVAILABLE FREE TRANSLATIONS FOR TODAY. NEXT AVAILABLE IN 03 HOURS 24 MINUTES 13 SECONDS VISIT HTTPS://MYMEMOR…	The ting has yellow handles, golden carrying rings. Perseverance furthers.	Primera línea poco alineada (Jaccard 0%). | Solapamiento léxico bajo MT↔Baynes (0%).
51	L5_oraculo	pair	3%	0%	divergent	Divergente	Das Erschüttern geht hin und her: Gefahr. Aber man verliert durchaus nichts, nur gibt es Geschäfte.	MYMEMORY WARNING: YOU USED ALL AVAILABLE FREE TRANSLATIONS FOR TODAY. NEXT AVAILABLE IN 03 HOURS 24 MINUTES 13 SECONDS VISIT HTTPS://MYMEMOR…	Shock goes hither and thither. Danger. However, nothing at all is lost. Yet there are things to be done.	Primera línea poco alineada (Jaccard 0%). | Solapamiento léxico bajo MT↔Baynes (3%).
52	L5_oraculo	pair	0%	0%	divergent	Divergente	Stillehalten seiner Kinnladen. Die Worte haben Ordnung. Die Reue schwindet.	MYMEMORY WARNING: YOU USED ALL AVAILABLE FREE TRANSLATIONS FOR TODAY. NEXT AVAILABLE IN 03 HOURS 24 MINUTES 13 SECONDS VISIT HTTPS://MYMEMOR…	Keeping his jaws still. The words have order. Remorse disappears.	Primera línea poco alineada (Jaccard 0%). | Solapamiento léxico bajo MT↔Baynes (0%).
53	L5_oraculo	pair	2%	0%	divergent	Divergente	Die Wildgans zieht allmählich dem Gipfel zu. Die Frau bekommt drei Jahre lang kein Kind. Endlich kann sie nichts verhindern. Heil!	MYMEMORY WARNING: YOU USED ALL AVAILABLE FREE TRANSLATIONS FOR TODAY. NEXT AVAILABLE IN 03 HOURS 24 MINUTES 13 SECONDS VISIT HTTPS://MYMEMOR…	The wild goose gradually draws near the summit. For three years the woman has no child. In the end nothing can hinder her. Good fortune.	Primera línea poco alineada (Jaccard 0%). | Solapamiento léxico bajo MT↔Baynes (2%).
54	L5_oraculo	pair	0%	0%	divergent	Divergente	Der Herrscher I verheiratet seine Tochter. Da waren die gestickten Kleider der Fürstin nicht so prächtig wie die der Dienerin. Der Mond, der…	MYMEMORY WARNING: YOU USED ALL AVAILABLE FREE TRANSLATIONS FOR TODAY. NEXT AVAILABLE IN 03 HOURS 24 MINUTES 13 SECONDS VISIT HTTPS://MYMEMOR…	The sovereign I gave his daughter in marriage. The embroidered garments of the princess Were not as gorgeous As those of the servingmaid. Th…	Primera línea poco alineada (Jaccard 0%). | Solapamiento léxico bajo MT↔Baynes (0%).
55	L5_oraculo	pair	0%	0%	divergent	Divergente	Es kommen Linien, es naht Segen und Ruhm. Heil!	MYMEMORY WARNING: YOU USED ALL AVAILABLE FREE TRANSLATIONS FOR TODAY. NEXT AVAILABLE IN 03 HOURS 24 MINUTES 13 SECONDS VISIT HTTPS://MYMEMOR…	Lines are coming, Blessing and fame draw near. Good fortune.	Primera línea poco alineada (Jaccard 0%). | Solapamiento léxico bajo MT↔Baynes (0%).
56	L5_oraculo	pair	0%	0%	divergent	Divergente	Er schießt einen Fasan; auf den ersten Pfeil fällt er. Schließlich kommt dadurch Lob und Amt.	MYMEMORY WARNING: YOU USED ALL AVAILABLE FREE TRANSLATIONS FOR TODAY. NEXT AVAILABLE IN 03 HOURS 24 MINUTES 13 SECONDS VISIT HTTPS://MYMEMOR…	He shoots a pheasant. It drops with the first arrow. In the end this brings both praise and office.	Primera línea poco alineada (Jaccard 0%). | Solapamiento léxico bajo MT↔Baynes (0%).
57	L5_oraculo	pair	0%	0%	divergent	Divergente	Beharrlichkeit bringt Heil. Reue schwindet. Nichts, das nicht fördernd ist. Kein Anfang, aber ein Ende. Vor der Änderung drei Tage, nach der…	MYMEMORY WARNING: YOU USED ALL AVAILABLE FREE TRANSLATIONS FOR TODAY. NEXT AVAILABLE IN 03 HOURS 24 MINUTES 13 SECONDS VISIT HTTPS://MYMEMOR…	Perseverance brings good fortune. Remorse vanishes. Nothing that does not further. No beginning, but an end. Before the change, three days. …	Primera línea poco alineada (Jaccard 0%). | Solapamiento léxico bajo MT↔Baynes (0%).
58	L5_oraculo	pair	0%	0%	divergent	Divergente	Wahrhaftigkeit gegen das Zersetzende ist gefährlich.	MYMEMORY WARNING: YOU USED ALL AVAILABLE FREE TRANSLATIONS FOR TODAY. NEXT AVAILABLE IN 03 HOURS 24 MINUTES 12 SECONDS VISIT HTTPS://MYMEMOR…	Sincerity toward disintegrating influences is dangerous.	Primera línea poco alineada (Jaccard 0%). | Solapamiento léxico bajo MT↔Baynes (0%).
59	L5_oraculo	pair	0%	0%	divergent	Divergente	Auflösend wie Schweiß sind seine lauten Rufe. Auflösung! Ein König weilt ohne Makel.	MYMEMORY WARNING: YOU USED ALL AVAILABLE FREE TRANSLATIONS FOR TODAY. NEXT AVAILABLE IN 03 HOURS 24 MINUTES 12 SECONDS VISIT HTTPS://MYMEMOR…	His loud cries are as dissolving as sweat. Dissolution! A king abides without blame.	Primera línea poco alineada (Jaccard 0%). | Solapamiento léxico bajo MT↔Baynes (0%).
60	L5_oraculo	pair	0%	0%	divergent	Divergente	Süße Beschränkung bringt Heil. Hingehen bringt Achtung.	MYMEMORY WARNING: YOU USED ALL AVAILABLE FREE TRANSLATIONS FOR TODAY. NEXT AVAILABLE IN 03 HOURS 24 MINUTES 12 SECONDS VISIT HTTPS://MYMEMOR…	Sweet limitation brings good fortune. Going brings esteem.	Primera línea poco alineada (Jaccard 0%). | Solapamiento léxico bajo MT↔Baynes (0%).
61	L5_oraculo	pair	0%	0%	divergent	Divergente	Er besitzt Wahrheit, die verkettet. Kein Makel.	MYMEMORY WARNING: YOU USED ALL AVAILABLE FREE TRANSLATIONS FOR TODAY. NEXT AVAILABLE IN 03 HOURS 24 MINUTES 12 SECONDS VISIT HTTPS://MYMEMOR…	He possesses truth, which links together. No blame.	Primera línea poco alineada (Jaccard 0%). | Solapamiento léxico bajo MT↔Baynes (0%).
62	L5_oraculo	pair	0%	0%	divergent	Divergente	Dichte Wolken, kein Regen von unserm westlichen Gebiet. Der Fürst schießt und trifft jenen in der Höhle.	MYMEMORY WARNING: YOU USED ALL AVAILABLE FREE TRANSLATIONS FOR TODAY. NEXT AVAILABLE IN 03 HOURS 24 MINUTES 12 SECONDS VISIT HTTPS://MYMEMOR…	Dense clouds, No rain from our western territory. The prince shoots and hits him who is in the cave.	Primera línea poco alineada (Jaccard 0%). | Solapamiento léxico bajo MT↔Baynes (0%).
63	L5_oraculo	pair	0%	0%	divergent	Divergente	Der Nachbar im Osten, der einen Ochsen schlachtet, bekommt nicht soviel wirkliches Glück	MYMEMORY WARNING: YOU USED ALL AVAILABLE FREE TRANSLATIONS FOR TODAY. NEXT AVAILABLE IN 03 HOURS 24 MINUTES 12 SECONDS VISIT HTTPS://MYMEMOR…	The neighbor in the east who slaughters an ox Does not attain as much real happiness As the neighbor in the west With his small offering.	Primera línea poco alineada (Jaccard 0%). | Solapamiento léxico bajo MT↔Baynes (0%).
64	L5_oraculo	pair	0%	0%	divergent	Divergente	Beharrlichkeit bringt Heil. Keine Reue. Das Licht des Edlen ist wahrhaftig. Heil!	MYMEMORY WARNING: YOU USED ALL AVAILABLE FREE TRANSLATIONS FOR TODAY. NEXT AVAILABLE IN 03 HOURS 24 MINUTES 12 SECONDS VISIT HTTPS://MYMEMOR…	Perseverance brings good fortune. No remorse. The light of the superior man is true. Good fortune.	Primera línea poco alineada (Jaccard 0%). | Solapamiento léxico bajo MT↔Baynes (0%).
1	L5_comentario	pair	1%	0%	divergent	Divergente	Hier ist der große Mann in der Sphäre der Himmlischen angelangt. Sein Einfluß erstreckt sich weithin sichtbar über die ganze Welt. Jeder, de…	MYMEMORY WARNING: YOU USED ALL AVAILABLE FREE TRANSLATIONS FOR TODAY. NEXT AVAILABLE IN 03 HOURS 24 MINUTES 12 SECONDS VISIT HTTPS://MYMEMOR…	Here the great man has attained the sphere of the heavenly beings. His influence spreads and becomes visible throughout the whole world. Eve…	Primera línea poco alineada (Jaccard 0%). | Solapamiento léxico bajo MT↔Baynes (1%).
2	L5_comentario	pair	0%	0%	divergent	Divergente	Gelb ist die Farbe der Erde und der Mitte, das Symbol des Zuverlässigen und Echten. Das Untergewand ist unauffällig verziert, das Symbol vor…	MYMEMORY WARNING: YOU USED ALL AVAILABLE FREE TRANSLATIONS FOR TODAY. NEXT AVAILABLE IN 03 HOURS 24 MINUTES 11 SECONDS VISIT HTTPS://MYMEMOR…	Yellow is the color of the earth and of the middle; it is the symbol of that which is reliable and genuine. The lower garment is inconspicuo…	Primera línea poco alineada (Jaccard 0%). | Solapamiento léxico bajo MT↔Baynes (0%).
3	L5_comentario	pair	0%	0%	divergent	Divergente	Man findet sich in der Lage, daß man keine Möglichkeit hat, seine guten Absichten so zum Ausdruck zu bringen, daß sie wirklich in die Ersche…	MYMEMORY WARNING: YOU USED ALL AVAILABLE FREE TRANSLATIONS FOR TODAY. NEXT AVAILABLE IN 03 HOURS 24 MINUTES 11 SECONDS VISIT HTTPS://MYMEMOR…	An individual is in a position in which he cannot so express his good intentions that they will actually take shape and be understood. Other…	Primera línea poco alineada (Jaccard 0%). | Solapamiento léxico bajo MT↔Baynes (0%).
4	L5_comentario	pair	2%	2%	divergent	Divergente	Ein unerfahrener Mensch, der kindlich und anspruchslos Belehrung sucht, ist gut daran. Denn wer vom Hochmut frei sich dem Lehrer unterstellt…	MYMEMORY WARNING: YOU USED ALL AVAILABLE FREE TRANSLATIONS FOR TODAY. NEXT AVAILABLE IN 03 HOURS 24 MINUTES 10 SECONDS VISIT HTTPS://MYMEMOR…	An inexperienced person who seeks instruction in a childlike and unassuming way is on the right path, for the man devoid of arrogance who su…	Primera línea poco alineada (Jaccard 2%). | Solapamiento léxico bajo MT↔Baynes (2%).
5	L5_comentario	pair	2%	2%	divergent	Divergente	Auch mitten in der Gefahr gibt es Ruhepausen, da es einem verhältnismäßig gut geht. Wenn man die rechte innere Stärke besitzt, so wird man d…	MYMEMORY WARNING: YOU USED ALL AVAILABLE FREE TRANSLATIONS FOR TODAY. NEXT AVAILABLE IN 03 HOURS 24 MINUTES 10 SECONDS VISIT HTTPS://MYMEMOR…	Even in the midst of danger there come intervals of peace when things go relatively well. If we possess enough inner strength, we shall take…	Primera línea poco alineada (Jaccard 2%). | Solapamiento léxico bajo MT↔Baynes (2%).
6	L5_comentario	pair	0%	0%	divergent	Divergente	Es ist hier der Schlichter des Streits gezeigt, der machtvoll und gerecht ist und der die Kraft besitzt, dem Recht Nachdruck zu verleihen. I…	MYMEMORY WARNING: YOU USED ALL AVAILABLE FREE TRANSLATIONS FOR TODAY. NEXT AVAILABLE IN 03 HOURS 24 MINUTES 09 SECONDS VISIT HTTPS://MYMEMOR…	This refers to an arbiter in a conflict who is powerful and just, and strong enough to lend weight to the right side. A dispute can be turne…	Primera línea poco alineada (Jaccard 0%). | Solapamiento léxico bajo MT↔Baynes (0%).
7	L5_comentario	pair	2%	2%	divergent	Divergente	Das Wild ist im Feld, d.h. es hat seinen Aufenthaltsort, den Wald, aufgegeben und ist in die Felder verwüstend eingebrochen. Das deutet auf …	MYMEMORY WARNING: YOU USED ALL AVAILABLE FREE TRANSLATIONS FOR TODAY. NEXT AVAILABLE IN 03 HOURS 24 MINUTES 09 SECONDS VISIT HTTPS://MYMEMOR…	Game is in the field—it has left its usual haunts in the forest and is devastating the fields. This points to an enemy invasion. Energetic c…	Primera línea poco alineada (Jaccard 2%). | Solapamiento léxico bajo MT↔Baynes (2%).
8	L5_comentario	pair	2%	0%	divergent	Divergente	Bei den königlichen Treibjagden im alten China war es üblich, daß das Wild von drei Seiten her angetrieben wurde. Auf der vierten Seite konn…	MYMEMORY WARNING: YOU USED ALL AVAILABLE FREE TRANSLATIONS FOR TODAY. NEXT AVAILABLE IN 03 HOURS 24 MINUTES 09 SECONDS VISIT HTTPS://MYMEMOR…	In the royal hunts of ancient China it was customary to drive up the game from three sides, but on the fourth the animals had a chance to ru…	Primera línea poco alineada (Jaccard 0%). | Solapamiento léxico bajo MT↔Baynes (2%).
9	L5_comentario	pair	4%	4%	divergent	Divergente	Die Treue führt zu fester Bindung, weil sie auf gegenseitiger Ergänzung beruht. Beim schwächeren Teil besteht die Treue in Hingebung, beim s…	MYMEMORY WARNING: YOU USED ALL AVAILABLE FREE TRANSLATIONS FOR TODAY. NEXT AVAILABLE IN 03 HOURS 24 MINUTES 07 SECONDS VISIT HTTPS://MYMEMOR…	Loyalty leads to firm ties because it means that each partner complements the other. In the weaker person loyalty consists in devotion, in t…	Primera línea poco alineada (Jaccard 4%). | Solapamiento léxico bajo MT↔Baynes (4%).
10	L5_comentario	pair	0%	0%	divergent	Divergente	Es handelt sich um den Herrn des ganzen Zeichens. Man sieht sich genötigt zu entschlossenem Auftreten. Dabei muß man sich aber der Gefahr be…	MYMEMORY WARNING: YOU USED ALL AVAILABLE FREE TRANSLATIONS FOR TODAY. NEXT AVAILABLE IN 03 HOURS 24 MINUTES 07 SECONDS VISIT HTTPS://MYMEMOR…	This refers to the ruler of the hexagram as a whole. One sees that one has to be resolute in conduct. But at the same time one must remain c…	Primera línea poco alineada (Jaccard 0%). | Solapamiento léxico bajo MT↔Baynes (0%).
11	L5_comentario	pair	2%	2%	divergent	Divergente	Der Herrscher I ist Tang, der Vollender. Er hatte bestimmt, daß die kaiserlichen Prinzessinnen, trotzdem sie im Rang höher standen als die G…	MYMEMORY WARNING: YOU USED ALL AVAILABLE FREE TRANSLATIONS FOR TODAY. NEXT AVAILABLE IN 03 HOURS 24 MINUTES 07 SECONDS VISIT HTTPS://MYMEMOR…	The sovereign I is T'ang the Completer. By his decree the imperial princesses, although higher in rank than their husbands, had to obey them…	Primera línea poco alineada (Jaccard 2%). | Solapamiento léxico bajo MT↔Baynes (2%).
12	L5_comentario	pair	1%	1%	divergent	Divergente	Dadurch bindet er es an ein Bündel von Maulbeerstauden. Die Zeit ändert sich. Der rechte Mann ist gekommen, der wieder Ordnung schaffen kann…	MYMEMORY WARNING: YOU USED ALL AVAILABLE FREE TRANSLATIONS FOR TODAY. NEXT AVAILABLE IN 03 HOURS 24 MINUTES 07 SECONDS VISIT HTTPS://MYMEMOR…	The time undergoes a change. The right man, able to restore order, has arrived. Hence ""Good fortune."" But such periods of transition are the…	Primera línea poco alineada (Jaccard 1%). | Solapamiento léxico bajo MT↔Baynes (1%).
13	L5_comentario	pair	0%	0%	divergent	Divergente	Nach großen Kämpfen gelingt es ihnen, sich zu treffen. Es sind zwei Menschen äußerlich getrennt, aber im Herzen vereint. Sie sind durch ihre…	MYMEMORY WARNING: YOU USED ALL AVAILABLE FREE TRANSLATIONS FOR TODAY. NEXT AVAILABLE IN 03 HOURS 24 MINUTES 05 SECONDS VISIT HTTPS://MYMEMOR…	Two people are outwardly separated, but in their hearts they are united. They are kept apart by their positions in life. Many difficulties a…	Primera línea poco alineada (Jaccard 0%). | Solapamiento léxico bajo MT↔Baynes (0%).
14	L5_comentario	pair	2%	2%	divergent	Divergente	Die Lage ist sehr günstig. Ohne äußeren Zwang, nur infolge der ungesuchten Aufrichtigkeit, gewinnt man die Menschen, daß sie auch in aufrich…	MYMEMORY WARNING: YOU USED ALL AVAILABLE FREE TRANSLATIONS FOR TODAY. NEXT AVAILABLE IN 03 HOURS 24 MINUTES 00 SECONDS VISIT HTTPS://MYMEMOR…	The situation is very favorable. People are being won not by coercion but by unaffected sincerity, so that they are attached to us in sincer…	Primera línea poco alineada (Jaccard 2%). | Solapamiento léxico bajo MT↔Baynes (2%).
15	L5_comentario	pair	0%	0%	divergent	Divergente	Bescheidenheit ist verschieden von schwächlicher Gutmütigkeit, die alles laufen läßt. Wenn man an verantwortungsvollem Posten steht, muß man…	MYMEMORY WARNING: YOU USED ALL AVAILABLE FREE TRANSLATIONS FOR TODAY. NEXT AVAILABLE IN 03 HOURS 24 MINUTES 00 SECONDS VISIT HTTPS://MYMEMOR…	Modesty is not to be confused with weak good nature that lets things take their own course. When a man holds a responsible position, he must…	Primera línea poco alineada (Jaccard 0%). | Solapamiento léxico bajo MT↔Baynes (0%).
16	L5_comentario	pair	0%	0%	divergent	Divergente	Die Begeisterung wird hier verhindert. Man befindet sich unter dauerndem Druck, der nicht zu freiem Aufatmen kommen läßt. Aber dieser Druck …	MYMEMORY WARNING: YOU USED ALL AVAILABLE FREE TRANSLATIONS FOR TODAY. NEXT AVAILABLE IN 03 HOURS 23 MINUTES 59 SECONDS VISIT HTTPS://MYMEMOR…	Here enthusiasm is obstructed. A man is under constant pressure, which prevents him from breathing freely. However, this pressure has its ad…	Primera línea poco alineada (Jaccard 0%). | Solapamiento léxico bajo MT↔Baynes (0%).
17	L5_comentario	pair	0%	0%	divergent	Divergente	Jeder Mensch muß etwas haben, dem er nachfolgt, das ihm als Leitstern dient. Wer dem Schönen und Guten mit Überzeugung nachfolgt, der mag si…	MYMEMORY WARNING: YOU USED ALL AVAILABLE FREE TRANSLATIONS FOR TODAY. NEXT AVAILABLE IN 03 HOURS 23 MINUTES 59 SECONDS VISIT HTTPS://MYMEMOR…	Every man must have something he follows—something that serves him as a lodestar. He who follows with conviction the beautiful and the good …	Primera línea poco alineada (Jaccard 0%). | Solapamiento léxico bajo MT↔Baynes (0%).
18	L5_comentario	pair	0%	0%	divergent	Divergente	Man sieht sich einem durch die Vernachlässigung früherer Zeiten entstandenen Verderben gegenüber. Man besitzt nicht die Kraft, ihm allein zu…	MYMEMORY WARNING: YOU USED ALL AVAILABLE FREE TRANSLATIONS FOR TODAY. NEXT AVAILABLE IN 03 HOURS 23 MINUTES 59 SECONDS VISIT HTTPS://MYMEMOR…	An individual is confronted with corruption originating from neglect in former times. He lacks the power to ward it off alone, but with able…	Primera línea poco alineada (Jaccard 0%). | Solapamiento léxico bajo MT↔Baynes (0%).
19	L5_comentario	pair	5%	5%	divergent	Divergente	Ein Fürst oder jemand in leitender Stellung soll die Weisheit besitzen, in seine Umgebung tüchtige Menschen zu ziehen, die sachkundig sind i…	MYMEMORY WARNING: YOU USED ALL AVAILABLE FREE TRANSLATIONS FOR TODAY. NEXT AVAILABLE IN 03 HOURS 23 MINUTES 59 SECONDS VISIT HTTPS://MYMEMOR…	A prince, or anyone in a leading position, must have the wisdom to attract to himself people of ability who are expert in directing affairs.…	Primera línea poco alineada (Jaccard 5%). | Solapamiento léxico bajo MT↔Baynes (5%).
20	L5_comentario	pair	3%	3%	divergent	Divergente	Ein Mann an maßgebender Stelle, zu dem die andern aufblicken, muß dauernd zur Selbstprüfung bereit sein. Die rechte Art der Selbstprüfung be…	MYMEMORY WARNING: YOU USED ALL AVAILABLE FREE TRANSLATIONS FOR TODAY. NEXT AVAILABLE IN 03 HOURS 23 MINUTES 58 SECONDS VISIT HTTPS://MYMEMOR…	A man in an authoritative position to whom others look up must always be ready for self-examination. The right sort of self-examination, how…	Primera línea poco alineada (Jaccard 3%). | Solapamiento léxico bajo MT↔Baynes (3%).
21	L5_comentario	pair	0%	0%	divergent	Divergente	Man hat einen Fall zu entscheiden, der zwar nicht leicht, aber doch klar ist. Aber die eigene Natur ist zur Gutmütigkeit geneigt. Darum muß …	MYMEMORY WARNING: YOU USED ALL AVAILABLE FREE TRANSLATIONS FOR TODAY. NEXT AVAILABLE IN 03 HOURS 23 MINUTES 58 SECONDS VISIT HTTPS://MYMEMOR…	The case to be decided is indeed not easy but perfectly clear. Since we naturally incline to leniency, we must make every effort to be like …	Primera línea poco alineada (Jaccard 0%). | Solapamiento léxico bajo MT↔Baynes (0%).
22	L5_comentario	pair	2%	2%	divergent	Divergente	Man zieht sich aus dem Verkehr mit den Menschen der Tiefe, die nur Pracht und Luxus suchen, zurück in die Einsamkeit der Höhen. Da findet ma…	MYMEMORY WARNING: YOU USED ALL AVAILABLE FREE TRANSLATIONS FOR TODAY. NEXT AVAILABLE IN 03 HOURS 23 MINUTES 58 SECONDS VISIT HTTPS://MYMEMOR…	A man withdraws from contact with people of the lowlands, who seek nothing but magnificence and luxury, into the solitude of the heights. Th…	Primera línea poco alineada (Jaccard 1%). | Solapamiento léxico bajo MT↔Baynes (1%).
23	L5_comentario	pair	1%	1%	divergent	Divergente	Hier in unmittelbarer Nähe des oberen starken und lichten Prinzips wandelt sich die Natur des Dunklen. Es widerstrebt nicht mehr ränkevoll d…	MYMEMORY WARNING: YOU USED ALL AVAILABLE FREE TRANSLATIONS FOR TODAY. NEXT AVAILABLE IN 03 HOURS 23 MINUTES 58 SECONDS VISIT HTTPS://MYMEMOR…	Here, in immediate proximity to the strong, light-giving principle at the top, the nature of the dark force undergoes a change. It no longer…	Primera línea poco alineada (Jaccard 1%). | Solapamiento léxico bajo MT↔Baynes (1%).
24	L5_comentario	pair	2%	2%	divergent	Divergente	Wenn die Zeit zur Umkehr da ist, dann soll man sich nicht hinter kleinliche Ausreden verstecken, sondern in sich gehen und sich prüfen. Und …	MYMEMORY WARNING: YOU USED ALL AVAILABLE FREE TRANSLATIONS FOR TODAY. NEXT AVAILABLE IN 03 HOURS 23 MINUTES 57 SECONDS VISIT HTTPS://MYMEMOR…	When the time for return has come, a man should not take shelter in trivial excuses, but should look within and examine himself. And if he h…	Primera línea poco alineada (Jaccard 2%). | Solapamiento léxico bajo MT↔Baynes (2%).
25	L5_comentario	pair	0%	0%	divergent	Divergente	Kommt von außen her, durch Zufall, ein unerwartetes Übel, das nicht in der eigenen Natur begründet ist und in ihr seinen Anhaltspunkt hat, s…	MYMEMORY WARNING: YOU USED ALL AVAILABLE FREE TRANSLATIONS FOR TODAY. NEXT AVAILABLE IN 03 HOURS 23 MINUTES 57 SECONDS VISIT HTTPS://MYMEMOR…	An unexpected evil may come accidentally from without. If it does not originate in one's own nature or have a foothold there, one should not…	Primera línea poco alineada (Jaccard 0%). | Solapamiento léxico bajo MT↔Baynes (0%).
26	L5_comentario	pair	0%	0%	divergent	Divergente	Hier ist die Zähmung des ungestüm Vorwärtsdrängenden auf indirekte Weise erreicht. Der Zahn des Ebers ist an sich gefährlich, aber wenn die …	MYMEMORY WARNING: YOU USED ALL AVAILABLE FREE TRANSLATIONS FOR TODAY. NEXT AVAILABLE IN 03 HOURS 23 MINUTES 57 SECONDS VISIT HTTPS://MYMEMOR…	Here the restraining of the impetuous forward drive is achieved in an indirect way. A boar's tusk is in itself dangerous, but if the boar's …	Primera línea poco alineada (Jaccard 0%). | Solapamiento léxico bajo MT↔Baynes (0%).
27	L5_comentario	pair	0%	0%	divergent	Divergente	Man ist sich eines Mangels bewußt. Man sollte für die Ernährung der Menschen sorgen, aber man hat nicht die Kraft dazu. So muß man vom gewoh…	MYMEMORY WARNING: YOU USED ALL AVAILABLE FREE TRANSLATIONS FOR TODAY. NEXT AVAILABLE IN 03 HOURS 23 MINUTES 57 SECONDS VISIT HTTPS://MYMEMOR…	A man may be conscious of a deficiency in himself. He should be undertaking the nourishment of the people, but he has not the strength to do…	Primera línea poco alineada (Jaccard 0%). | Solapamiento léxico bajo MT↔Baynes (0%).
28	L5_comentario	pair	4%	5%	divergent	Divergente	Eine dürre Pappel, die Blüten treibt, erschöpft dadurch ihre Kräfte und kommt dem Ende dadurch nur näher. Eine ältere Frau nimmt sich noch e…	MYMEMORY WARNING: YOU USED ALL AVAILABLE FREE TRANSLATIONS FOR TODAY. NEXT AVAILABLE IN 03 HOURS 23 MINUTES 56 SECONDS VISIT HTTPS://MYMEMOR…	A withered poplar that flowers exhausts its energies thereby and only hastens its end. An older woman may marry once more, but no renewal ta…	Primera línea poco alineada (Jaccard 5%). | Solapamiento léxico bajo MT↔Baynes (4%).
29	L5_comentario	pair	0%	0%	divergent	Divergente	Die Gefahr entsteht daraus, daß man zu hoch hinaus will. Das Wasser in der Schlucht häuft sich nicht auf, sondern geht nur bis an den nieder…	MYMEMORY WARNING: YOU USED ALL AVAILABLE FREE TRANSLATIONS FOR TODAY. NEXT AVAILABLE IN 03 HOURS 23 MINUTES 56 SECONDS VISIT HTTPS://MYMEMOR…	Danger comes because one is too ambitious. In order to flow out of a ravine, water does not rise higher than the lowest point of the rim. So…	Primera línea poco alineada (Jaccard 0%). | Solapamiento léxico bajo MT↔Baynes (0%).
30	L5_comentario	pair	4%	4%	divergent	Divergente	Hier ist der Höhepunkt des Lebens. Ohne Warnung würde man in dieser Position sich verzehren wie eine Flamme. Wenn man statt dessen Furcht un…	MYMEMORY WARNING: YOU USED ALL AVAILABLE FREE TRANSLATIONS FOR TODAY. NEXT AVAILABLE IN 03 HOURS 23 MINUTES 56 SECONDS VISIT HTTPS://MYMEMOR…	Here the zenith of life has been reached. Were there no warning, one would at this point consume oneself like a flame. Instead, understandin…	Primera línea poco alineada (Jaccard 4%). | Solapamiento léxico bajo MT↔Baynes (4%).
31	L5_comentario	pair	0%	0%	divergent	Divergente	Der Nacken ist der unbeweglichste Teil des Körpers. Wenn die Einwirkung hier sich äußert, so bleibt der Wille doch fest, und die Einwirkung …	MYMEMORY WARNING: YOU USED ALL AVAILABLE FREE TRANSLATIONS FOR TODAY. NEXT AVAILABLE IN 03 HOURS 23 MINUTES 56 SECONDS VISIT HTTPS://MYMEMOR…	The back of the neck is the most rigid part of the body. When the influence shows itself there, the will remains firm and the influence does…	Primera línea poco alineada (Jaccard 0%). | Solapamiento léxico bajo MT↔Baynes (0%).
32	L5_comentario	pair	3%	3%	divergent	Divergente	Eine Frau soll ihr ganzes Leben einem Manne folgen, der Mann aber soll sich an das halten, was jeweils seine Pflicht ist; wenn er sich dauer…	MYMEMORY WARNING: YOU USED ALL AVAILABLE FREE TRANSLATIONS FOR TODAY. NEXT AVAILABLE IN 03 HOURS 23 MINUTES 56 SECONDS VISIT HTTPS://MYMEMOR…	A woman should follow a man her whole life long, but a man should at all times hold to what is his duty at the given moment. Should he persi…	Primera línea poco alineada (Jaccard 3%). | Solapamiento léxico bajo MT↔Baynes (3%).
33	L5_comentario	pair	3%	3%	divergent	Divergente	Es ist die Sache des Edlen, rechtzeitig zu erkennen, wann es Zeit ist, sich zurückzuziehen. Wenn man den rechten Zeitpunkt wählt zum Rückzug…	MYMEMORY WARNING: YOU USED ALL AVAILABLE FREE TRANSLATIONS FOR TODAY. NEXT AVAILABLE IN 03 HOURS 23 MINUTES 56 SECONDS VISIT HTTPS://MYMEMOR…	It is the business of the superior man to recognize in time that the moment for retreat has come. If the right moment is chosen, the retreat…	Primera línea poco alineada (Jaccard 3%). | Solapamiento léxico bajo MT↔Baynes (3%).
34	L5_comentario	pair	4%	4%	divergent	Divergente	Der Bock zeichnet sich durch äußere Härte bei innerer Schwäche aus. Nun ist die Lage so, daß alles ganz leicht ist; kein Widerstand ist mehr…	MYMEMORY WARNING: YOU USED ALL AVAILABLE FREE TRANSLATIONS FOR TODAY. NEXT AVAILABLE IN 03 HOURS 23 MINUTES 55 SECONDS VISIT HTTPS://MYMEMOR…	The goat is noted for hardness outwardly and weakness within. Now the situation is such that everything is easy; there is no more resistance…	Primera línea poco alineada (Jaccard 4%). | Solapamiento léxico bajo MT↔Baynes (4%).
35	L5_comentario	pair	4%	4%	divergent	Divergente	Es ist hier eine Lage gezeichnet, da man in Fortschrittszeiten sich an maßgebender Stelle befindet und milde und zurückhaltend ist. Man könn…	MYMEMORY WARNING: YOU USED ALL AVAILABLE FREE TRANSLATIONS FOR TODAY. NEXT AVAILABLE IN 03 HOURS 23 MINUTES 55 SECONDS VISIT HTTPS://MYMEMOR…	The situation described here is that of one who, finding himself in an influential position in a time of progress, remains gentle and reserv…	Primera línea poco alineada (Jaccard 4%). | Solapamiento léxico bajo MT↔Baynes (4%).
36	L5_comentario	pair	1%	0%	divergent	Divergente	Der Prinz Gi lebte am Hof des finsteren Tyrannen Dschou Sin, der als historisches Beispiel ungenannt der ganzen Situation zugrunde liegt. De…	MYMEMORY WARNING: YOU USED ALL AVAILABLE FREE TRANSLATIONS FOR TODAY. NEXT AVAILABLE IN 03 HOURS 23 MINUTES 55 SECONDS VISIT HTTPS://MYMEMOR…	Prince Chi lived at the court of the evil tyrant Chou Hsin, who, although not mentioned by name, furnishes the historical example on which t…	Primera línea poco alineada (Jaccard 0%). | Solapamiento léxico bajo MT↔Baynes (1%).
37	L5_comentario	pair	0%	0%	divergent	Divergente	Ein König ist das Bild eines väterlichen, innerlich reichen Mannes. Er handelt nicht so, daß man sich vor ihm fürchten muß, sondern die ganz…	MYMEMORY WARNING: YOU USED ALL AVAILABLE FREE TRANSLATIONS FOR TODAY. NEXT AVAILABLE IN 03 HOURS 23 MINUTES 54 SECONDS VISIT HTTPS://MYMEMOR…	A king is the symbol of a fatherly man who is richly endowed in mind. He does nothing to make himself feared; on the contrary, the whole fam…	Primera línea poco alineada (Jaccard 0%). | Solapamiento léxico bajo MT↔Baynes (0%).
38	L5_comentario	pair	0%	0%	divergent	Divergente	Man findet einen treuen Menschen, den man in der allgemeinen Entfremdung zuerst verkennt. Aber er beißt sich durch die trennenden Hüllen dur…	MYMEMORY WARNING: YOU USED ALL AVAILABLE FREE TRANSLATIONS FOR TODAY. NEXT AVAILABLE IN 03 HOURS 23 MINUTES 54 SECONDS VISIT HTTPS://MYMEMOR…	Coming upon a sincere man, one fails to recognize him at first because of the general estrangement. However, he bites his way through the wr…	Primera línea poco alineada (Jaccard 0%). | Solapamiento léxico bajo MT↔Baynes (0%).
39	L5_comentario	pair	2%	2%	divergent	Divergente	Hier sehen wir den Mann, der berufen ist, der Not zu steuern. Er darf den Hemmnissen nicht ausweichen wollen, auch wenn sie sich noch so gef…	MYMEMORY WARNING: YOU USED ALL AVAILABLE FREE TRANSLATIONS FOR TODAY. NEXT AVAILABLE IN 03 HOURS 23 MINUTES 54 SECONDS VISIT HTTPS://MYMEMOR…	Here we see a man who is called to help in an emergency. He should not seek to evade the obstructions, no matter how dangerously they pile u…	Primera línea poco alineada (Jaccard 2%). | Solapamiento léxico bajo MT↔Baynes (2%).
40	L5_comentario	pair	2%	2%	divergent	Divergente	Befreiungszeiten bedürfen des inneren Entschlusses. Die Gemeinen sind nicht zu entfernen durch Verbote und äußere Mittel. Will man sie loswe…	MYMEMORY WARNING: YOU USED ALL AVAILABLE FREE TRANSLATIONS FOR TODAY. NEXT AVAILABLE IN 03 HOURS 23 MINUTES 53 SECONDS VISIT HTTPS://MYMEMOR…	Times of deliverance demand inner resolve. Inferior people cannot be driven off by prohibitions or any external means. If one desires to be …	Primera línea poco alineada (Jaccard 2%). | Solapamiento léxico bajo MT↔Baynes (2%).
41	L5_comentario	pair	4%	4%	divergent	Divergente	Wenn jemand vom Schicksal zum Glück bestimmt ist, so kommt es unweigerlich. Alle Orakel, wie sie z.B. durch Schildkrötenschalen gewonnen wer…	MYMEMORY WARNING: YOU USED ALL AVAILABLE FREE TRANSLATIONS FOR TODAY. NEXT AVAILABLE IN 03 HOURS 23 MINUTES 53 SECONDS VISIT HTTPS://MYMEMOR…	If someone is marked out by fate for good fortune, it comes without fail. All oracles—as for instance those that are read from the shells of…	Primera línea poco alineada (Jaccard 4%). | Solapamiento léxico bajo MT↔Baynes (4%).
42	L5_comentario	pair	0%	0%	divergent	Divergente	Wahrhaftig wird Güte als deine Tugend anerkannt werden. Wirkliche Güte rechnet und fragt nicht nach Würdigkeit und Dank, sondern sie wirkt s…	MYMEMORY WARNING: YOU USED ALL AVAILABLE FREE TRANSLATIONS FOR TODAY. NEXT AVAILABLE IN 03 HOURS 23 MINUTES 53 SECONDS VISIT HTTPS://MYMEMOR…	True kindness does not count upon nor ask about merit and gratitude but acts from inner necessity. And such a truly kind heart finds itself …	Primera línea poco alineada (Jaccard 0%). | Solapamiento léxico bajo MT↔Baynes (0%).
43	L5_comentario	pair	1%	1%	divergent	Divergente	Unkraut wächst immer wieder nach und läßt sich schwer ausrotten. So bedarf der Kampf gegen einen hochstehenden Gemeinen feste Entschlossenhe…	MYMEMORY WARNING: YOU USED ALL AVAILABLE FREE TRANSLATIONS FOR TODAY. NEXT AVAILABLE IN 03 HOURS 23 MINUTES 53 SECONDS VISIT HTTPS://MYMEMOR…	Weeds always grow back again and are difficult to exterminate. So too the struggle against an inferior man in a high position demands firm r…	Primera línea poco alineada (Jaccard 1%). | Solapamiento léxico bajo MT↔Baynes (1%).
44	L5_comentario	pair	2%	2%	divergent	Divergente	Die Melone ist wie der Fisch ein Symbol des dunklen Prinzips. Sie ist süß, aber fault leicht, weshalb sie mit Weidenblättern schützend zuged…	MYMEMORY WARNING: YOU USED ALL AVAILABLE FREE TRANSLATIONS FOR TODAY. NEXT AVAILABLE IN 03 HOURS 23 MINUTES 53 SECONDS VISIT HTTPS://MYMEMOR…	The melon, like the fish, is a symbol of the principle of darkness. It is sweet but spoils easily and for this reason is protected with a co…	Primera línea poco alineada (Jaccard 2%). | Solapamiento léxico bajo MT↔Baynes (2%).
45	L5_comentario	pair	1%	1%	divergent	Divergente	Wenn sich die Menschen von selbst um einen sammeln, so ist das, wenn es einem ungesucht zuteil wird, nur gut. Man bekommt dadurch einen gewi…	MYMEMORY WARNING: YOU USED ALL AVAILABLE FREE TRANSLATIONS FOR TODAY. NEXT AVAILABLE IN 03 HOURS 23 MINUTES 52 SECONDS VISIT HTTPS://MYMEMOR…	When people spontaneously gather around a man, it is only a good. It gives him a certain influence that can be altogether useful. But of cou…	Primera línea poco alineada (Jaccard 1%). | Solapamiento léxico bajo MT↔Baynes (1%).
46	L5_comentario	pair	2%	2%	divergent	Divergente	Wenn man immer weiter vorankommt, so ist es wichtig, daß man sich am Erfolg nicht berauscht. Man muß gerade bei großem Erfolg dauernd nüchte…	MYMEMORY WARNING: YOU USED ALL AVAILABLE FREE TRANSLATIONS FOR TODAY. NEXT AVAILABLE IN 03 HOURS 23 MINUTES 52 SECONDS VISIT HTTPS://MYMEMOR…	When a man is advancing farther and farther, it is important for him not to become intoxicated by success. Precisely when he experiences gre…	Primera línea poco alineada (Jaccard 2%). | Solapamiento léxico bajo MT↔Baynes (2%).
47	L5_comentario	pair	1%	1%	divergent	Divergente	Es ist jemand, dem das Wohl der Menschen am Herzen liegt, von oben und unten her bedrängt (das ist der Sinn der abgeschnittenen Nase und Füß…	MYMEMORY WARNING: YOU USED ALL AVAILABLE FREE TRANSLATIONS FOR TODAY. NEXT AVAILABLE IN 03 HOURS 23 MINUTES 52 SECONDS VISIT HTTPS://MYMEMOR…	An individual who has the good of mankind at heart is oppressed from above and below (this is the meaning of the cutting off of nose and fee…	Primera línea poco alineada (Jaccard 1%). | Solapamiento léxico bajo MT↔Baynes (1%).
48	L5_comentario	pair	4%	4%	divergent	Divergente	Das ist ein guter Brunnen, der auf seinem Grunde eine Quelle lebendigen Wassers hat. Ein Mann, der solche Tugenden hat, ist zum Retter und F…	MYMEMORY WARNING: YOU USED ALL AVAILABLE FREE TRANSLATIONS FOR TODAY. NEXT AVAILABLE IN 03 HOURS 23 MINUTES 51 SECONDS VISIT HTTPS://MYMEMOR…	A well that is fed by a spring of living water is a good well. A man who has virtues like a well of this sort is born to be a leader and sav…	Primera línea poco alineada (Jaccard 4%). | Solapamiento léxico bajo MT↔Baynes (4%).
49	L5_comentario	pair	2%	2%	divergent	Divergente	Ein Tigerfell mit seinen deutlich sichtbaren schwarzen Streifen auf gelbem Grund ist weithin sichtbar deutlich gegliedert. So ist es bei Umw…	MYMEMORY WARNING: YOU USED ALL AVAILABLE FREE TRANSLATIONS FOR TODAY. NEXT AVAILABLE IN 03 HOURS 23 MINUTES 51 SECONDS VISIT HTTPS://MYMEMOR…	A tigerskin, with its highly visible black stripes on a yellow ground, shows its distinct pattern from afar. It is the same with a revolutio…	Primera línea poco alineada (Jaccard 2%). | Solapamiento léxico bajo MT↔Baynes (2%).
50	L5_comentario	pair	2%	2%	divergent	Divergente	Es ist ein Mann an herrschender Stelle, der in seinem Wesen zugänglich und bescheiden ist. Durch diese innere Haltung gelingt es ihm, starke…	MYMEMORY WARNING: YOU USED ALL AVAILABLE FREE TRANSLATIONS FOR TODAY. NEXT AVAILABLE IN 03 HOURS 23 MINUTES 50 SECONDS VISIT HTTPS://MYMEMOR…	Here we have, in a ruling position, a man who is approachable and modest in nature. As a result of this attitude he succeeds in finding stro…	Primera línea poco alineada (Jaccard 2%). | Solapamiento léxico bajo MT↔Baynes (2%).
51	L5_comentario	pair	0%	0%	divergent	Divergente	Es ist hier nicht nur eine einmalige Erschütterung, sondern eine wiederholte, die gar keine Zeit zum Aufatmen läßt. Aber dennoch bringt die …	MYMEMORY WARNING: YOU USED ALL AVAILABLE FREE TRANSLATIONS FOR TODAY. NEXT AVAILABLE IN 03 HOURS 23 MINUTES 50 SECONDS VISIT HTTPS://MYMEMOR…	This is a case not of a single shock but of repeated shocks with no breathing space between. Nonetheless, the shock causes no loss, because …	Primera línea poco alineada (Jaccard 0%). | Solapamiento léxico bajo MT↔Baynes (0%).
52	L5_comentario	pair	5%	5%	divergent	Divergente	In gefährlicher Lage, namentlich solange man der Lage nicht gewachsen ist, ist man sehr leicht mit Reden und vorlauten Scherzen bei der Hand…	MYMEMORY WARNING: YOU USED ALL AVAILABLE FREE TRANSLATIONS FOR TODAY. NEXT AVAILABLE IN 03 HOURS 23 MINUTES 50 SECONDS VISIT HTTPS://MYMEMOR…	A man in a dangerous situation, especially when he is not adequate to it, is inclined to be very free with talk and presumptuous jokes. But …	Primera línea poco alineada (Jaccard 5%). | Solapamiento léxico bajo MT↔Baynes (5%).
53	L5_comentario	pair	1%	1%	divergent	Divergente	Der Gipfel ist ein hoher Platz. Auf hoher Stelle gerät man leicht in Vereinsamung. Man wird verkannt von dem, auf den man angewiesen ist: di…	MYMEMORY WARNING: YOU USED ALL AVAILABLE FREE TRANSLATIONS FOR TODAY. NEXT AVAILABLE IN 03 HOURS 23 MINUTES 50 SECONDS VISIT HTTPS://MYMEMOR…	The summit is a high place. In a high position one easily becomes isolated. One is misjudged by the very person on whom one is dependent—the…	Primera línea poco alineada (Jaccard 1%). | Solapamiento léxico bajo MT↔Baynes (1%).
54	L5_comentario	pair	3%	1%	divergent	Divergente	Der Herrscher I ist Tang, der Vollender. Er hat ein Gesetz erlassen, daß die kaiserlichen Prinzessinnen in der Ehe ebenfalls ihren Männern u…	MYMEMORY WARNING: YOU USED ALL AVAILABLE FREE TRANSLATIONS FOR TODAY. NEXT AVAILABLE IN 03 HOURS 23 MINUTES 50 SECONDS VISIT HTTPS://MYMEMOR…	The sovereign I is T'ang the Completer. This ruler decreed that the imperial princesses should be subordinated to their husbands in the same…	Primera línea poco alineada (Jaccard 1%). | Solapamiento léxico bajo MT↔Baynes (3%).
55	L5_comentario	pair	2%	2%	divergent	Divergente	Der herrschende Mann ist bescheiden, so daß er für Rat der Tüchtigen zugänglich ist. So kommen Männer in seine Umgebung, die ihm die Richtli…	MYMEMORY WARNING: YOU USED ALL AVAILABLE FREE TRANSLATIONS FOR TODAY. NEXT AVAILABLE IN 03 HOURS 23 MINUTES 49 SECONDS VISIT HTTPS://MYMEMOR…	The ruler is modest and therefore open to the counsel of able men. Thus he is surrounded by men who suggest to him the lines of action. This…	Primera línea poco alineada (Jaccard 2%). | Solapamiento léxico bajo MT↔Baynes (2%).
56	L5_comentario	pair	0%	0%	divergent	Divergente	Die Staatsmänner auf Reisen pflegten sich bei den Fürsten durch das Geschenk eines Fasans einzuführen. Der Wanderer will hier in Fürstendien…	MYMEMORY WARNING: YOU USED ALL AVAILABLE FREE TRANSLATIONS FOR TODAY. NEXT AVAILABLE IN 03 HOURS 23 MINUTES 49 SECONDS VISIT HTTPS://MYMEMOR…	Traveling statesmen were in the habit of introducing themselves to local princes with the gift of a pheasant. Here the wanderer wants to ent…	Primera línea poco alineada (Jaccard 0%). | Solapamiento léxico bajo MT↔Baynes (0%).
57	L5_comentario	pair	1%	1%	divergent	Divergente	Während bei der »Arbeit am Verdorbenen« (Nr. 18) ein ganz neuer Ausgangspunkt geschaffen werden muß, handelt es sich hier nur um Reformen. D…	MYMEMORY WARNING: YOU USED ALL AVAILABLE FREE TRANSLATIONS FOR TODAY. NEXT AVAILABLE IN 03 HOURS 23 MINUTES 48 SECONDS VISIT HTTPS://MYMEMOR…	In the situation described in Ku, WORK ON WHAT HAS BEEN SPOILED (18), an entirely new point of departure must be set up, whereas here it is …	Primera línea poco alineada (Jaccard 1%). | Solapamiento léxico bajo MT↔Baynes (1%).
58	L5_comentario	pair	0%	0%	divergent	Divergente	Auch dem besten Menschen nahen sich gefährliche Elemente. Wenn man sich mit diesen einläßt, so wirkt ihr zersetzender Einfluß ganz langsam, …	MYMEMORY WARNING: YOU USED ALL AVAILABLE FREE TRANSLATIONS FOR TODAY. NEXT AVAILABLE IN 03 HOURS 23 MINUTES 48 SECONDS VISIT HTTPS://MYMEMOR…	Dangerous elements approach even the best of men. If a man permits himself to have anything to do with them, their disintegrating influence …	Primera línea poco alineada (Jaccard 0%). | Solapamiento léxico bajo MT↔Baynes (0%).
59	L5_comentario	pair	2%	2%	divergent	Divergente	In Zeiten allgemeiner Auflösung und Trennung ist ein großer Gedanke der Organisationspunkt der Genesung. Wie eine Krankheit durch lösenden S…	MYMEMORY WARNING: YOU USED ALL AVAILABLE FREE TRANSLATIONS FOR TODAY. NEXT AVAILABLE IN 03 HOURS 23 MINUTES 48 SECONDS VISIT HTTPS://MYMEMOR…	In times of general dispersion and separation, a great idea provides a focal point for the organization of recovery. Just as an illness reac…	Primera línea poco alineada (Jaccard 2%). | Solapamiento léxico bajo MT↔Baynes (2%).
60	L5_comentario	pair	0%	0%	divergent	Divergente	Die Beschränkung muß in der richtigen Weise durchgeführt werden, um zu wirken. Wenn man nur andern Schranken auferlegen und sich selbst ihne…	MYMEMORY WARNING: YOU USED ALL AVAILABLE FREE TRANSLATIONS FOR TODAY. NEXT AVAILABLE IN 03 HOURS 23 MINUTES 48 SECONDS VISIT HTTPS://MYMEMOR…	The limitation must be carried out in the right way if it is to be effective. If we seek to impose restrictions on others only, while evadin…	Primera línea poco alineada (Jaccard 0%). | Solapamiento léxico bajo MT↔Baynes (0%).
61	L5_comentario	pair	2%	2%	divergent	Divergente	Hier ist der Herr gezeichnet, der durch die Kraft seines Wesens alles zusammenhält. Nur wenn seine Charakterstärke so umfassend ist, daß er …	MYMEMORY WARNING: YOU USED ALL AVAILABLE FREE TRANSLATIONS FOR TODAY. NEXT AVAILABLE IN 03 HOURS 23 MINUTES 47 SECONDS VISIT HTTPS://MYMEMOR…	This describes the ruler who holds all elements together by the power of his personality. Only when the strength of his character is so ampl…	Primera línea poco alineada (Jaccard 2%). | Solapamiento léxico bajo MT↔Baynes (2%).
62	L5_comentario	pair	1%	1%	divergent	Divergente	Da hier ein hoher Platz ist, ist aus dem Bild des fliegenden Vogels das der fliegenden Wolken geworden. Aber ob die Wolken auch noch so dich…	MYMEMORY WARNING: YOU USED ALL AVAILABLE FREE TRANSLATIONS FOR TODAY. NEXT AVAILABLE IN 03 HOURS 23 MINUTES 47 SECONDS VISIT HTTPS://MYMEMOR…	As a high place is pictured here, the image of a flying bird has become that of flying clouds. But dense as the clouds are, they race across…	Primera línea poco alineada (Jaccard 1%). | Solapamiento léxico bajo MT↔Baynes (1%).
63	L5_comentario	pair	1%	1%	divergent	Divergente	wie der Nachbar im Westen mit seinem kleinen Opfer. Auch die religiöse Haltung wird durch die seelische Stimmung in Zeiten nach der Vollendu…	MYMEMORY WARNING: YOU USED ALL AVAILABLE FREE TRANSLATIONS FOR TODAY. NEXT AVAILABLE IN 03 HOURS 23 MINUTES 46 SECONDS VISIT HTTPS://MYMEMOR…	Religious attitudes are likewise influenced by the spiritual atmosphere prevailing in times after completion. In divine worship the simple o…	Primera línea poco alineada (Jaccard 1%). | Solapamiento léxico bajo MT↔Baynes (1%).
64	L5_comentario	pair	2%	2%	divergent	Divergente	Der Sieg ist errungen. Die Kraft der Beständigkeit ist nicht zuschanden geworden. Es ist alles gut gegangen. Alle Bedenken sind überwunden. …	MYMEMORY WARNING: YOU USED ALL AVAILABLE FREE TRANSLATIONS FOR TODAY. NEXT AVAILABLE IN 03 HOURS 23 MINUTES 45 SECONDS VISIT HTTPS://MYMEMOR…	The victory has been won. The power of steadfastness has not been routed. Everything has gone well. All misgivings have been overcome. Succe…	Primera línea poco alineada (Jaccard 2%). | Solapamiento léxico bajo MT↔Baynes (2%).
1	L6_etiqueta	pair	0%	0%	divergent	Divergente	Oben eine Neun bedeutet:	MYMEMORY WARNING: YOU USED ALL AVAILABLE FREE TRANSLATIONS FOR TODAY. NEXT AVAILABLE IN 03 HOURS 23 MINUTES 44 SECONDS VISIT HTTPS://MYMEMOR…	Nine at the top means:	Primera línea poco alineada (Jaccard 0%). | Solapamiento léxico bajo MT↔Baynes (0%).
2	L6_etiqueta	pair	0%	0%	divergent	Divergente	Oben eine Sechs bedeutet:	MYMEMORY WARNING: YOU USED ALL AVAILABLE FREE TRANSLATIONS FOR TODAY. NEXT AVAILABLE IN 03 HOURS 23 MINUTES 44 SECONDS VISIT HTTPS://MYMEMOR…	Six at the top means:	Primera línea poco alineada (Jaccard 0%). | Solapamiento léxico bajo MT↔Baynes (0%).
3	L6_etiqueta	pair	0%	0%	divergent	Divergente	Oben eine Sechs bedeutet:	MYMEMORY WARNING: YOU USED ALL AVAILABLE FREE TRANSLATIONS FOR TODAY. NEXT AVAILABLE IN 03 HOURS 23 MINUTES 44 SECONDS VISIT HTTPS://MYMEMOR…	Six at the top means:	Primera línea poco alineada (Jaccard 0%). | Solapamiento léxico bajo MT↔Baynes (0%).
4	L6_etiqueta	pair	0%	0%	divergent	Divergente	Oben eine Neun bedeutet:	MYMEMORY WARNING: YOU USED ALL AVAILABLE FREE TRANSLATIONS FOR TODAY. NEXT AVAILABLE IN 03 HOURS 23 MINUTES 44 SECONDS VISIT HTTPS://MYMEMOR…	Nine at the top means:	Primera línea poco alineada (Jaccard 0%). | Solapamiento léxico bajo MT↔Baynes (0%).
5	L6_etiqueta	pair	0%	0%	divergent	Divergente	Oben eine Sechs bedeutet:	MYMEMORY WARNING: YOU USED ALL AVAILABLE FREE TRANSLATIONS FOR TODAY. NEXT AVAILABLE IN 03 HOURS 23 MINUTES 44 SECONDS VISIT HTTPS://MYMEMOR…	Six at the top means:	Primera línea poco alineada (Jaccard 0%). | Solapamiento léxico bajo MT↔Baynes (0%).
6	L6_etiqueta	pair	0%	0%	divergent	Divergente	Oben eine Neun bedeutet:	MYMEMORY WARNING: YOU USED ALL AVAILABLE FREE TRANSLATIONS FOR TODAY. NEXT AVAILABLE IN 03 HOURS 23 MINUTES 44 SECONDS VISIT HTTPS://MYMEMOR…	Nine at the top means:	Primera línea poco alineada (Jaccard 0%). | Solapamiento léxico bajo MT↔Baynes (0%).
7	L6_etiqueta	pair	0%	0%	divergent	Divergente	Oben eine Sechs bedeutet:	MYMEMORY WARNING: YOU USED ALL AVAILABLE FREE TRANSLATIONS FOR TODAY. NEXT AVAILABLE IN 03 HOURS 23 MINUTES 44 SECONDS VISIT HTTPS://MYMEMOR…	Six at the top means:	Primera línea poco alineada (Jaccard 0%). | Solapamiento léxico bajo MT↔Baynes (0%).
8	L6_etiqueta	pair	0%	0%	divergent	Divergente	Oben eine Sechs bedeutet:	MYMEMORY WARNING: YOU USED ALL AVAILABLE FREE TRANSLATIONS FOR TODAY. NEXT AVAILABLE IN 03 HOURS 23 MINUTES 44 SECONDS VISIT HTTPS://MYMEMOR…	Six at the top means:	Primera línea poco alineada (Jaccard 0%). | Solapamiento léxico bajo MT↔Baynes (0%).
9	L6_etiqueta	pair	0%	0%	divergent	Divergente	Oben eine Neun bedeutet:	MYMEMORY WARNING: YOU USED ALL AVAILABLE FREE TRANSLATIONS FOR TODAY. NEXT AVAILABLE IN 03 HOURS 23 MINUTES 44 SECONDS VISIT HTTPS://MYMEMOR…	Nine at the top means:	Primera línea poco alineada (Jaccard 0%). | Solapamiento léxico bajo MT↔Baynes (0%).
10	L6_etiqueta	pair	0%	0%	divergent	Divergente	Oben eine Neun bedeutet:	MYMEMORY WARNING: YOU USED ALL AVAILABLE FREE TRANSLATIONS FOR TODAY. NEXT AVAILABLE IN 03 HOURS 23 MINUTES 44 SECONDS VISIT HTTPS://MYMEMOR…	Nine at the top means:	Primera línea poco alineada (Jaccard 0%). | Solapamiento léxico bajo MT↔Baynes (0%).
11	L6_etiqueta	pair	0%	0%	divergent	Divergente	Oben eine Sechs bedeutet:	MYMEMORY WARNING: YOU USED ALL AVAILABLE FREE TRANSLATIONS FOR TODAY. NEXT AVAILABLE IN 03 HOURS 23 MINUTES 44 SECONDS VISIT HTTPS://MYMEMOR…	Six at the top means:	Primera línea poco alineada (Jaccard 0%). | Solapamiento léxico bajo MT↔Baynes (0%).
12	L6_etiqueta	pair	0%	0%	divergent	Divergente	Oben eine Neun bedeutet:	MYMEMORY WARNING: YOU USED ALL AVAILABLE FREE TRANSLATIONS FOR TODAY. NEXT AVAILABLE IN 03 HOURS 23 MINUTES 44 SECONDS VISIT HTTPS://MYMEMOR…	Nine at the top means:	Primera línea poco alineada (Jaccard 0%). | Solapamiento léxico bajo MT↔Baynes (0%).
13	L6_etiqueta	pair	0%	0%	divergent	Divergente	Oben eine Neun bedeutet:	MYMEMORY WARNING: YOU USED ALL AVAILABLE FREE TRANSLATIONS FOR TODAY. NEXT AVAILABLE IN 03 HOURS 23 MINUTES 44 SECONDS VISIT HTTPS://MYMEMOR…	Nine at the top means:	Primera línea poco alineada (Jaccard 0%). | Solapamiento léxico bajo MT↔Baynes (0%).
14	L6_etiqueta	pair	0%	0%	divergent	Divergente	Oben eine Neun bedeutet:	MYMEMORY WARNING: YOU USED ALL AVAILABLE FREE TRANSLATIONS FOR TODAY. NEXT AVAILABLE IN 03 HOURS 23 MINUTES 44 SECONDS VISIT HTTPS://MYMEMOR…	Nine at the top means:	Primera línea poco alineada (Jaccard 0%). | Solapamiento léxico bajo MT↔Baynes (0%).
15	L6_etiqueta	pair	0%	0%	divergent	Divergente	Oben eine Sechs bedeutet:	MYMEMORY WARNING: YOU USED ALL AVAILABLE FREE TRANSLATIONS FOR TODAY. NEXT AVAILABLE IN 03 HOURS 23 MINUTES 44 SECONDS VISIT HTTPS://MYMEMOR…	Six at the top means:	Primera línea poco alineada (Jaccard 0%). | Solapamiento léxico bajo MT↔Baynes (0%).
16	L6_etiqueta	pair	0%	0%	divergent	Divergente	Oben eine Sechs bedeutet:	MYMEMORY WARNING: YOU USED ALL AVAILABLE FREE TRANSLATIONS FOR TODAY. NEXT AVAILABLE IN 03 HOURS 23 MINUTES 44 SECONDS VISIT HTTPS://MYMEMOR…	Six at the top means:	Primera línea poco alineada (Jaccard 0%). | Solapamiento léxico bajo MT↔Baynes (0%).
17	L6_etiqueta	pair	0%	0%	divergent	Divergente	Oben eine Sechs bedeutet:	MYMEMORY WARNING: YOU USED ALL AVAILABLE FREE TRANSLATIONS FOR TODAY. NEXT AVAILABLE IN 03 HOURS 23 MINUTES 44 SECONDS VISIT HTTPS://MYMEMOR…	Six at the top means:	Primera línea poco alineada (Jaccard 0%). | Solapamiento léxico bajo MT↔Baynes (0%).
18	L6_etiqueta	pair	0%	0%	divergent	Divergente	Oben eine Neun bedeutet:	MYMEMORY WARNING: YOU USED ALL AVAILABLE FREE TRANSLATIONS FOR TODAY. NEXT AVAILABLE IN 03 HOURS 23 MINUTES 44 SECONDS VISIT HTTPS://MYMEMOR…	Nine at the top means:	Primera línea poco alineada (Jaccard 0%). | Solapamiento léxico bajo MT↔Baynes (0%).
19	L6_etiqueta	pair	0%	0%	divergent	Divergente	Oben eine Sechs bedeutet:	MYMEMORY WARNING: YOU USED ALL AVAILABLE FREE TRANSLATIONS FOR TODAY. NEXT AVAILABLE IN 03 HOURS 23 MINUTES 44 SECONDS VISIT HTTPS://MYMEMOR…	Six at the top means:	Primera línea poco alineada (Jaccard 0%). | Solapamiento léxico bajo MT↔Baynes (0%).
20	L6_etiqueta	pair	0%	0%	divergent	Divergente	Oben eine Neun bedeutet:	MYMEMORY WARNING: YOU USED ALL AVAILABLE FREE TRANSLATIONS FOR TODAY. NEXT AVAILABLE IN 03 HOURS 23 MINUTES 44 SECONDS VISIT HTTPS://MYMEMOR…	Nine at the top means:	Primera línea poco alineada (Jaccard 0%). | Solapamiento léxico bajo MT↔Baynes (0%).
21	L6_etiqueta	pair	0%	0%	divergent	Divergente	Oben eine Neun bedeutet:	MYMEMORY WARNING: YOU USED ALL AVAILABLE FREE TRANSLATIONS FOR TODAY. NEXT AVAILABLE IN 03 HOURS 23 MINUTES 44 SECONDS VISIT HTTPS://MYMEMOR…	Nine at the top means:	Primera línea poco alineada (Jaccard 0%). | Solapamiento léxico bajo MT↔Baynes (0%).
22	L6_etiqueta	pair	0%	0%	divergent	Divergente	Oben eine Neun bedeutet:	MYMEMORY WARNING: YOU USED ALL AVAILABLE FREE TRANSLATIONS FOR TODAY. NEXT AVAILABLE IN 03 HOURS 23 MINUTES 44 SECONDS VISIT HTTPS://MYMEMOR…	Nine at the top means:	Primera línea poco alineada (Jaccard 0%). | Solapamiento léxico bajo MT↔Baynes (0%).
23	L6_etiqueta	pair	0%	0%	divergent	Divergente	Oben eine Neun bedeutet:	MYMEMORY WARNING: YOU USED ALL AVAILABLE FREE TRANSLATIONS FOR TODAY. NEXT AVAILABLE IN 03 HOURS 23 MINUTES 44 SECONDS VISIT HTTPS://MYMEMOR…	Nine at the top means:	Primera línea poco alineada (Jaccard 0%). | Solapamiento léxico bajo MT↔Baynes (0%).
24	L6_etiqueta	pair	0%	0%	divergent	Divergente	Oben eine Sechs bedeutet:	MYMEMORY WARNING: YOU USED ALL AVAILABLE FREE TRANSLATIONS FOR TODAY. NEXT AVAILABLE IN 03 HOURS 23 MINUTES 44 SECONDS VISIT HTTPS://MYMEMOR…	Six at the top means:	Primera línea poco alineada (Jaccard 0%). | Solapamiento léxico bajo MT↔Baynes (0%).
25	L6_etiqueta	pair	0%	0%	divergent	Divergente	Oben eine Neun bedeutet:	MYMEMORY WARNING: YOU USED ALL AVAILABLE FREE TRANSLATIONS FOR TODAY. NEXT AVAILABLE IN 03 HOURS 23 MINUTES 44 SECONDS VISIT HTTPS://MYMEMOR…	Nine at the top means:	Primera línea poco alineada (Jaccard 0%). | Solapamiento léxico bajo MT↔Baynes (0%).
26	L6_etiqueta	pair	0%	0%	divergent	Divergente	Oben eine Neun bedeutet:	MYMEMORY WARNING: YOU USED ALL AVAILABLE FREE TRANSLATIONS FOR TODAY. NEXT AVAILABLE IN 03 HOURS 23 MINUTES 44 SECONDS VISIT HTTPS://MYMEMOR…	Nine at the top means:	Primera línea poco alineada (Jaccard 0%). | Solapamiento léxico bajo MT↔Baynes (0%).
27	L6_etiqueta	pair	0%	0%	divergent	Divergente	Oben eine Neun bedeutet:	MYMEMORY WARNING: YOU USED ALL AVAILABLE FREE TRANSLATIONS FOR TODAY. NEXT AVAILABLE IN 03 HOURS 23 MINUTES 44 SECONDS VISIT HTTPS://MYMEMOR…	Nine at the top means:	Primera línea poco alineada (Jaccard 0%). | Solapamiento léxico bajo MT↔Baynes (0%).
28	L6_etiqueta	pair	0%	0%	divergent	Divergente	Oben eine Sechs bedeutet:	MYMEMORY WARNING: YOU USED ALL AVAILABLE FREE TRANSLATIONS FOR TODAY. NEXT AVAILABLE IN 03 HOURS 23 MINUTES 44 SECONDS VISIT HTTPS://MYMEMOR…	Six at the top means:	Primera línea poco alineada (Jaccard 0%). | Solapamiento léxico bajo MT↔Baynes (0%).
29	L6_etiqueta	pair	0%	0%	divergent	Divergente	Oben eine Sechs bedeutet:	MYMEMORY WARNING: YOU USED ALL AVAILABLE FREE TRANSLATIONS FOR TODAY. NEXT AVAILABLE IN 03 HOURS 23 MINUTES 44 SECONDS VISIT HTTPS://MYMEMOR…	Six at the top means:	Primera línea poco alineada (Jaccard 0%). | Solapamiento léxico bajo MT↔Baynes (0%).
30	L6_etiqueta	pair	0%	0%	divergent	Divergente	Oben eine Neun bedeutet:	MYMEMORY WARNING: YOU USED ALL AVAILABLE FREE TRANSLATIONS FOR TODAY. NEXT AVAILABLE IN 03 HOURS 23 MINUTES 44 SECONDS VISIT HTTPS://MYMEMOR…	Nine at the top means:	Primera línea poco alineada (Jaccard 0%). | Solapamiento léxico bajo MT↔Baynes (0%).
31	L6_etiqueta	pair	0%	0%	divergent	Divergente	Oben eine Sechs bedeutet:	MYMEMORY WARNING: YOU USED ALL AVAILABLE FREE TRANSLATIONS FOR TODAY. NEXT AVAILABLE IN 03 HOURS 23 MINUTES 44 SECONDS VISIT HTTPS://MYMEMOR…	Six at the top means:	Primera línea poco alineada (Jaccard 0%). | Solapamiento léxico bajo MT↔Baynes (0%).
32	L6_etiqueta	pair	0%	0%	divergent	Divergente	Oben eine Sechs bedeutet:	MYMEMORY WARNING: YOU USED ALL AVAILABLE FREE TRANSLATIONS FOR TODAY. NEXT AVAILABLE IN 03 HOURS 23 MINUTES 44 SECONDS VISIT HTTPS://MYMEMOR…	Six at the top means:	Primera línea poco alineada (Jaccard 0%). | Solapamiento léxico bajo MT↔Baynes (0%).
33	L6_etiqueta	pair	0%	0%	divergent	Divergente	Oben eine Neun bedeutet:	MYMEMORY WARNING: YOU USED ALL AVAILABLE FREE TRANSLATIONS FOR TODAY. NEXT AVAILABLE IN 03 HOURS 23 MINUTES 44 SECONDS VISIT HTTPS://MYMEMOR…	Nine at the top means:	Primera línea poco alineada (Jaccard 0%). | Solapamiento léxico bajo MT↔Baynes (0%).
34	L6_etiqueta	pair	0%	0%	divergent	Divergente	Oben eine Sechs bedeutet:	MYMEMORY WARNING: YOU USED ALL AVAILABLE FREE TRANSLATIONS FOR TODAY. NEXT AVAILABLE IN 03 HOURS 23 MINUTES 44 SECONDS VISIT HTTPS://MYMEMOR…	Six at the top means:	Primera línea poco alineada (Jaccard 0%). | Solapamiento léxico bajo MT↔Baynes (0%).
35	L6_etiqueta	pair	0%	0%	divergent	Divergente	Oben eine Neun bedeutet:	MYMEMORY WARNING: YOU USED ALL AVAILABLE FREE TRANSLATIONS FOR TODAY. NEXT AVAILABLE IN 03 HOURS 23 MINUTES 44 SECONDS VISIT HTTPS://MYMEMOR…	Nine at the top means:	Primera línea poco alineada (Jaccard 0%). | Solapamiento léxico bajo MT↔Baynes (0%).
36	L6_etiqueta	pair	0%	0%	divergent	Divergente	Oben eine Sechs bedeutet:	MYMEMORY WARNING: YOU USED ALL AVAILABLE FREE TRANSLATIONS FOR TODAY. NEXT AVAILABLE IN 03 HOURS 23 MINUTES 44 SECONDS VISIT HTTPS://MYMEMOR…	Six at the top means:	Primera línea poco alineada (Jaccard 0%). | Solapamiento léxico bajo MT↔Baynes (0%).
37	L6_etiqueta	pair	0%	0%	divergent	Divergente	Oben eine Neun bedeutet:	MYMEMORY WARNING: YOU USED ALL AVAILABLE FREE TRANSLATIONS FOR TODAY. NEXT AVAILABLE IN 03 HOURS 23 MINUTES 44 SECONDS VISIT HTTPS://MYMEMOR…	Nine at the top means:	Primera línea poco alineada (Jaccard 0%). | Solapamiento léxico bajo MT↔Baynes (0%).
38	L6_etiqueta	pair	0%	0%	divergent	Divergente	Oben eine Neun bedeutet:	MYMEMORY WARNING: YOU USED ALL AVAILABLE FREE TRANSLATIONS FOR TODAY. NEXT AVAILABLE IN 03 HOURS 23 MINUTES 44 SECONDS VISIT HTTPS://MYMEMOR…	Nine at the top means:	Primera línea poco alineada (Jaccard 0%). | Solapamiento léxico bajo MT↔Baynes (0%).
39	L6_etiqueta	pair	0%	0%	divergent	Divergente	Oben eine Sechs bedeutet:	MYMEMORY WARNING: YOU USED ALL AVAILABLE FREE TRANSLATIONS FOR TODAY. NEXT AVAILABLE IN 03 HOURS 23 MINUTES 44 SECONDS VISIT HTTPS://MYMEMOR…	Six at the top means:	Primera línea poco alineada (Jaccard 0%). | Solapamiento léxico bajo MT↔Baynes (0%).
40	L6_etiqueta	pair	0%	0%	divergent	Divergente	Oben eine Sechs bedeutet:	MYMEMORY WARNING: YOU USED ALL AVAILABLE FREE TRANSLATIONS FOR TODAY. NEXT AVAILABLE IN 03 HOURS 23 MINUTES 44 SECONDS VISIT HTTPS://MYMEMOR…	Six at the top means:	Primera línea poco alineada (Jaccard 0%). | Solapamiento léxico bajo MT↔Baynes (0%).
41	L6_etiqueta	pair	0%	0%	divergent	Divergente	Oben eine Neun bedeutet:	MYMEMORY WARNING: YOU USED ALL AVAILABLE FREE TRANSLATIONS FOR TODAY. NEXT AVAILABLE IN 03 HOURS 23 MINUTES 44 SECONDS VISIT HTTPS://MYMEMOR…	Nine at the top means:	Primera línea poco alineada (Jaccard 0%). | Solapamiento léxico bajo MT↔Baynes (0%).
42	L6_etiqueta	pair	0%	0%	divergent	Divergente	Oben eine Neun bedeutet:	MYMEMORY WARNING: YOU USED ALL AVAILABLE FREE TRANSLATIONS FOR TODAY. NEXT AVAILABLE IN 03 HOURS 23 MINUTES 44 SECONDS VISIT HTTPS://MYMEMOR…	Nine at the top means:	Primera línea poco alineada (Jaccard 0%). | Solapamiento léxico bajo MT↔Baynes (0%).
43	L6_etiqueta	pair	0%	0%	divergent	Divergente	Oben eine Sechs bedeutet:	MYMEMORY WARNING: YOU USED ALL AVAILABLE FREE TRANSLATIONS FOR TODAY. NEXT AVAILABLE IN 03 HOURS 23 MINUTES 44 SECONDS VISIT HTTPS://MYMEMOR…	Six at the top means:	Primera línea poco alineada (Jaccard 0%). | Solapamiento léxico bajo MT↔Baynes (0%).
44	L6_etiqueta	pair	0%	0%	divergent	Divergente	Oben eine Neun bedeutet:	MYMEMORY WARNING: YOU USED ALL AVAILABLE FREE TRANSLATIONS FOR TODAY. NEXT AVAILABLE IN 03 HOURS 23 MINUTES 44 SECONDS VISIT HTTPS://MYMEMOR…	Nine at the top means:	Primera línea poco alineada (Jaccard 0%). | Solapamiento léxico bajo MT↔Baynes (0%).
45	L6_etiqueta	pair	0%	0%	divergent	Divergente	Oben eine Sechs bedeutet:	MYMEMORY WARNING: YOU USED ALL AVAILABLE FREE TRANSLATIONS FOR TODAY. NEXT AVAILABLE IN 03 HOURS 23 MINUTES 44 SECONDS VISIT HTTPS://MYMEMOR…	Six at the top means:	Primera línea poco alineada (Jaccard 0%). | Solapamiento léxico bajo MT↔Baynes (0%).
46	L6_etiqueta	pair	0%	0%	divergent	Divergente	Oben eine Sechs bedeutet:	MYMEMORY WARNING: YOU USED ALL AVAILABLE FREE TRANSLATIONS FOR TODAY. NEXT AVAILABLE IN 03 HOURS 23 MINUTES 44 SECONDS VISIT HTTPS://MYMEMOR…	Six at the top means:	Primera línea poco alineada (Jaccard 0%). | Solapamiento léxico bajo MT↔Baynes (0%).
47	L6_etiqueta	pair	0%	0%	divergent	Divergente	Oben eine Sechs bedeutet:	MYMEMORY WARNING: YOU USED ALL AVAILABLE FREE TRANSLATIONS FOR TODAY. NEXT AVAILABLE IN 03 HOURS 23 MINUTES 44 SECONDS VISIT HTTPS://MYMEMOR…	Six at the top means:	Primera línea poco alineada (Jaccard 0%). | Solapamiento léxico bajo MT↔Baynes (0%).
48	L6_etiqueta	pair	0%	0%	divergent	Divergente	Oben eine Sechs bedeutet:	MYMEMORY WARNING: YOU USED ALL AVAILABLE FREE TRANSLATIONS FOR TODAY. NEXT AVAILABLE IN 03 HOURS 23 MINUTES 44 SECONDS VISIT HTTPS://MYMEMOR…	Six at the top means:	Primera línea poco alineada (Jaccard 0%). | Solapamiento léxico bajo MT↔Baynes (0%).
49	L6_etiqueta	pair	0%	0%	divergent	Divergente	Oben eine Sechs bedeutet:	MYMEMORY WARNING: YOU USED ALL AVAILABLE FREE TRANSLATIONS FOR TODAY. NEXT AVAILABLE IN 03 HOURS 23 MINUTES 44 SECONDS VISIT HTTPS://MYMEMOR…	Six at the top means:	Primera línea poco alineada (Jaccard 0%). | Solapamiento léxico bajo MT↔Baynes (0%).
50	L6_etiqueta	pair	0%	0%	divergent	Divergente	Oben eine Neun bedeutet:	MYMEMORY WARNING: YOU USED ALL AVAILABLE FREE TRANSLATIONS FOR TODAY. NEXT AVAILABLE IN 03 HOURS 23 MINUTES 44 SECONDS VISIT HTTPS://MYMEMOR…	Nine at the top means:	Primera línea poco alineada (Jaccard 0%). | Solapamiento léxico bajo MT↔Baynes (0%).
51	L6_etiqueta	pair	0%	0%	divergent	Divergente	Oben eine Sechs bedeutet:	MYMEMORY WARNING: YOU USED ALL AVAILABLE FREE TRANSLATIONS FOR TODAY. NEXT AVAILABLE IN 03 HOURS 23 MINUTES 44 SECONDS VISIT HTTPS://MYMEMOR…	Six at the top means:	Primera línea poco alineada (Jaccard 0%). | Solapamiento léxico bajo MT↔Baynes (0%).
52	L6_etiqueta	pair	0%	0%	divergent	Divergente	Oben eine Neun bedeutet:	MYMEMORY WARNING: YOU USED ALL AVAILABLE FREE TRANSLATIONS FOR TODAY. NEXT AVAILABLE IN 03 HOURS 23 MINUTES 44 SECONDS VISIT HTTPS://MYMEMOR…	Nine at the top means:	Primera línea poco alineada (Jaccard 0%). | Solapamiento léxico bajo MT↔Baynes (0%).
53	L6_etiqueta	pair	0%	0%	divergent	Divergente	Oben eine Neun bedeutet:	MYMEMORY WARNING: YOU USED ALL AVAILABLE FREE TRANSLATIONS FOR TODAY. NEXT AVAILABLE IN 03 HOURS 23 MINUTES 44 SECONDS VISIT HTTPS://MYMEMOR…	Nine at the top means:	Primera línea poco alineada (Jaccard 0%). | Solapamiento léxico bajo MT↔Baynes (0%).
54	L6_etiqueta	pair	0%	0%	divergent	Divergente	Oben eine Sechs bedeutet:	MYMEMORY WARNING: YOU USED ALL AVAILABLE FREE TRANSLATIONS FOR TODAY. NEXT AVAILABLE IN 03 HOURS 23 MINUTES 44 SECONDS VISIT HTTPS://MYMEMOR…	Six at the top means:	Primera línea poco alineada (Jaccard 0%). | Solapamiento léxico bajo MT↔Baynes (0%).
55	L6_etiqueta	pair	0%	0%	divergent	Divergente	Oben eine Sechs bedeutet:	MYMEMORY WARNING: YOU USED ALL AVAILABLE FREE TRANSLATIONS FOR TODAY. NEXT AVAILABLE IN 03 HOURS 23 MINUTES 44 SECONDS VISIT HTTPS://MYMEMOR…	Six at the top means:	Primera línea poco alineada (Jaccard 0%). | Solapamiento léxico bajo MT↔Baynes (0%).
56	L6_etiqueta	pair	0%	0%	divergent	Divergente	Oben eine Neun bedeutet:	MYMEMORY WARNING: YOU USED ALL AVAILABLE FREE TRANSLATIONS FOR TODAY. NEXT AVAILABLE IN 03 HOURS 23 MINUTES 44 SECONDS VISIT HTTPS://MYMEMOR…	Nine at the top means:	Primera línea poco alineada (Jaccard 0%). | Solapamiento léxico bajo MT↔Baynes (0%).
57	L6_etiqueta	pair	0%	0%	divergent	Divergente	Oben eine Neun bedeutet:	MYMEMORY WARNING: YOU USED ALL AVAILABLE FREE TRANSLATIONS FOR TODAY. NEXT AVAILABLE IN 03 HOURS 23 MINUTES 44 SECONDS VISIT HTTPS://MYMEMOR…	Nine at the top means:	Primera línea poco alineada (Jaccard 0%). | Solapamiento léxico bajo MT↔Baynes (0%).
58	L6_etiqueta	pair	0%	0%	divergent	Divergente	Oben eine Sechs bedeutet:	MYMEMORY WARNING: YOU USED ALL AVAILABLE FREE TRANSLATIONS FOR TODAY. NEXT AVAILABLE IN 03 HOURS 23 MINUTES 44 SECONDS VISIT HTTPS://MYMEMOR…	Six at the top means:	Primera línea poco alineada (Jaccard 0%). | Solapamiento léxico bajo MT↔Baynes (0%).
59	L6_etiqueta	pair	0%	0%	divergent	Divergente	Oben eine Neun bedeutet:	MYMEMORY WARNING: YOU USED ALL AVAILABLE FREE TRANSLATIONS FOR TODAY. NEXT AVAILABLE IN 03 HOURS 23 MINUTES 44 SECONDS VISIT HTTPS://MYMEMOR…	Nine at the top means:	Primera línea poco alineada (Jaccard 0%). | Solapamiento léxico bajo MT↔Baynes (0%).
60	L6_etiqueta	pair	0%	0%	divergent	Divergente	Oben eine Sechs bedeutet:	MYMEMORY WARNING: YOU USED ALL AVAILABLE FREE TRANSLATIONS FOR TODAY. NEXT AVAILABLE IN 03 HOURS 23 MINUTES 44 SECONDS VISIT HTTPS://MYMEMOR…	Six at the top means:	Primera línea poco alineada (Jaccard 0%). | Solapamiento léxico bajo MT↔Baynes (0%).
61	L6_etiqueta	pair	0%	0%	divergent	Divergente	Oben eine Neun bedeutet:	MYMEMORY WARNING: YOU USED ALL AVAILABLE FREE TRANSLATIONS FOR TODAY. NEXT AVAILABLE IN 03 HOURS 23 MINUTES 44 SECONDS VISIT HTTPS://MYMEMOR…	Nine at the top means:	Primera línea poco alineada (Jaccard 0%). | Solapamiento léxico bajo MT↔Baynes (0%).
62	L6_etiqueta	pair	0%	0%	divergent	Divergente	Oben eine Sechs bedeutet:	MYMEMORY WARNING: YOU USED ALL AVAILABLE FREE TRANSLATIONS FOR TODAY. NEXT AVAILABLE IN 03 HOURS 23 MINUTES 44 SECONDS VISIT HTTPS://MYMEMOR…	Six at the top means:	Primera línea poco alineada (Jaccard 0%). | Solapamiento léxico bajo MT↔Baynes (0%).
63	L6_etiqueta	pair	0%	0%	divergent	Divergente	Oben eine Sechs bedeutet:	MYMEMORY WARNING: YOU USED ALL AVAILABLE FREE TRANSLATIONS FOR TODAY. NEXT AVAILABLE IN 03 HOURS 23 MINUTES 44 SECONDS VISIT HTTPS://MYMEMOR…	Six at the top means:	Primera línea poco alineada (Jaccard 0%). | Solapamiento léxico bajo MT↔Baynes (0%).
64	L6_etiqueta	pair	0%	0%	divergent	Divergente	Oben eine Neun bedeutet:	MYMEMORY WARNING: YOU USED ALL AVAILABLE FREE TRANSLATIONS FOR TODAY. NEXT AVAILABLE IN 03 HOURS 23 MINUTES 44 SECONDS VISIT HTTPS://MYMEMOR…	Nine at the top means:	Primera línea poco alineada (Jaccard 0%). | Solapamiento léxico bajo MT↔Baynes (0%).
1	L6_oraculo	pair	0%	0%	divergent	Divergente	Hochmütiger Drache wird zu bereuen haben.	MYMEMORY WARNING: YOU USED ALL AVAILABLE FREE TRANSLATIONS FOR TODAY. NEXT AVAILABLE IN 03 HOURS 23 MINUTES 44 SECONDS VISIT HTTPS://MYMEMOR…	Arrogant dragon will have cause to repent.	Primera línea poco alineada (Jaccard 0%). | Solapamiento léxico bajo MT↔Baynes (0%).
2	L6_oraculo	pair	0%	0%	divergent	Divergente	Drachen kämpfen auf dem Anger. Ihr Blut ist schwarz und gelb.	MYMEMORY WARNING: YOU USED ALL AVAILABLE FREE TRANSLATIONS FOR TODAY. NEXT AVAILABLE IN 03 HOURS 23 MINUTES 44 SECONDS VISIT HTTPS://MYMEMOR…	Dragons fight in the meadow. Their blood is black and yellow.	Primera línea poco alineada (Jaccard 0%). | Solapamiento léxico bajo MT↔Baynes (0%).
3	L6_oraculo	pair	0%	0%	divergent	Divergente	Pferd und Wagen trennen sich. Blutige Tränen ergießen sich.	MYMEMORY WARNING: YOU USED ALL AVAILABLE FREE TRANSLATIONS FOR TODAY. NEXT AVAILABLE IN 03 HOURS 23 MINUTES 44 SECONDS VISIT HTTPS://MYMEMOR…	Horse and wagon part. Bloody tears flow.	Primera línea poco alineada (Jaccard 0%). | Solapamiento léxico bajo MT↔Baynes (0%).
4	L6_oraculo	pair	0%	0%	divergent	Divergente	Beim Bestrafen der Torheit ist es nicht fördernd, Übergriffe zu begehen. Fördernd ist nur, Übergriffe abzuwehren.	MYMEMORY WARNING: YOU USED ALL AVAILABLE FREE TRANSLATIONS FOR TODAY. NEXT AVAILABLE IN 03 HOURS 23 MINUTES 44 SECONDS VISIT HTTPS://MYMEMOR…	In punishing folly It does not further one To commit transgressions. The only thing that furthers Is to prevent transgressions.	Primera línea poco alineada (Jaccard 0%). | Solapamiento léxico bajo MT↔Baynes (0%).
5	L6_oraculo	pair	0%	0%	divergent	Divergente	Man gerät in das Loch. Da kommen ungebetener Gäste drei. Ehre sie, so kommt am Ende Heil.	MYMEMORY WARNING: YOU USED ALL AVAILABLE FREE TRANSLATIONS FOR TODAY. NEXT AVAILABLE IN 03 HOURS 23 MINUTES 44 SECONDS VISIT HTTPS://MYMEMOR…	One falls into the pit. Three uninvited guests arrive. Honor them, and in the end there will be good fortune.	Primera línea poco alineada (Jaccard 0%). | Solapamiento léxico bajo MT↔Baynes (0%).
6	L6_oraculo	pair	0%	0%	divergent	Divergente	Wenn einem etwa auch ein Ledergürtel verliehen wird, am Ende eines Morgens wird er ihm dreimal entrissen.	MYMEMORY WARNING: YOU USED ALL AVAILABLE FREE TRANSLATIONS FOR TODAY. NEXT AVAILABLE IN 03 HOURS 23 MINUTES 43 SECONDS VISIT HTTPS://MYMEMOR…	Even if by chance a leather belt is bestowed on one, By the end of a morning It will have been snatched away three times.	Primera línea poco alineada (Jaccard 0%). | Solapamiento léxico bajo MT↔Baynes (0%).
7	L6_oraculo	pair	0%	0%	divergent	Divergente	Der große Fürst erläßt Befehle, gründet Staaten, belehnt Familien. Gemeine Menschen soll man nicht benützen.	MYMEMORY WARNING: YOU USED ALL AVAILABLE FREE TRANSLATIONS FOR TODAY. NEXT AVAILABLE IN 03 HOURS 23 MINUTES 43 SECONDS VISIT HTTPS://MYMEMOR…	The great prince issues commands, Founds states, vests families with fiefs. Inferior people should not be employed.	Primera línea poco alineada (Jaccard 0%). | Solapamiento léxico bajo MT↔Baynes (0%).
8	L6_oraculo	pair	4%	4%	divergent	Divergente	Er findet zum Zusammenhalten kein Haupt. Unheil.	MYMEMORY WARNING: YOU USED ALL AVAILABLE FREE TRANSLATIONS FOR TODAY. NEXT AVAILABLE IN 03 HOURS 23 MINUTES 43 SECONDS VISIT HTTPS://MYMEMOR…	He finds no head for holding together. Misfortune.	Primera línea poco alineada (Jaccard 4%). | Solapamiento léxico bajo MT↔Baynes (4%).
9	L6_oraculo	pair	0%	0%	divergent	Divergente	Es kommt zum Regen, es kommt zur Ruhe. Das ist der dauernden Wirkung des Charakters zu verdanken. Die Frau kommt durch Beharrlichkeit in Gef…	MYMEMORY WARNING: YOU USED ALL AVAILABLE FREE TRANSLATIONS FOR TODAY. NEXT AVAILABLE IN 03 HOURS 23 MINUTES 43 SECONDS VISIT HTTPS://MYMEMOR…	The rain comes, there is rest. This is due to the lasting effect of character. Perseverance brings the woman into danger. The moon is nearly…	Primera línea poco alineada (Jaccard 0%). | Solapamiento léxico bajo MT↔Baynes (0%).
10	L6_oraculo	pair	0%	0%	divergent	Divergente	Blicke auf dein Auftreten und prüfe die günstigen Zeichen. Ist alles vollkommen, so kommt erhabenes Heil.	MYMEMORY WARNING: YOU USED ALL AVAILABLE FREE TRANSLATIONS FOR TODAY. NEXT AVAILABLE IN 03 HOURS 23 MINUTES 43 SECONDS VISIT HTTPS://MYMEMOR…	Look to your conduct and weigh the favorable signs. When everything is fulfilled, supreme good fortune comes.	Primera línea poco alineada (Jaccard 0%). | Solapamiento léxico bajo MT↔Baynes (0%).
11	L6_oraculo	pair	0%	0%	divergent	Divergente	Der Wall fällt wieder in den Graben. Jetzt brauche keine Heere. In der eigenen Stadt verkünde deine Befehle. Beharrlichkeit bringt Beschämun…	MYMEMORY WARNING: YOU USED ALL AVAILABLE FREE TRANSLATIONS FOR TODAY. NEXT AVAILABLE IN 03 HOURS 23 MINUTES 43 SECONDS VISIT HTTPS://MYMEMOR…	The wall falls back into the moat. Use no army now. Make your commands known within your own town. Perseverance brings humiliation.	Primera línea poco alineada (Jaccard 0%). | Solapamiento léxico bajo MT↔Baynes (0%).
12	L6_oraculo	pair	0%	0%	divergent	Divergente	Die Stockung hört auf. Erst Stockung, dann Heil.	MYMEMORY WARNING: YOU USED ALL AVAILABLE FREE TRANSLATIONS FOR TODAY. NEXT AVAILABLE IN 03 HOURS 23 MINUTES 43 SECONDS VISIT HTTPS://MYMEMOR…	The standstill comes to an end. First standstill, then good fortune.	Primera línea poco alineada (Jaccard 0%). | Solapamiento léxico bajo MT↔Baynes (0%).
13	L6_oraculo	pair	0%	0%	divergent	Divergente	Gemeinschaft mit Menschen auf dem Anger: keine Reue.	MYMEMORY WARNING: YOU USED ALL AVAILABLE FREE TRANSLATIONS FOR TODAY. NEXT AVAILABLE IN 03 HOURS 23 MINUTES 43 SECONDS VISIT HTTPS://MYMEMOR…	Fellowship with men in the meadow. No remorse.	Primera línea poco alineada (Jaccard 0%). | Solapamiento léxico bajo MT↔Baynes (0%).
14	L6_oraculo	pair	0%	0%	divergent	Divergente	Vom Himmel her wird er gesegnet, Heil! Nichts, das nicht fördernd ist.	MYMEMORY WARNING: YOU USED ALL AVAILABLE FREE TRANSLATIONS FOR TODAY. NEXT AVAILABLE IN 03 HOURS 23 MINUTES 43 SECONDS VISIT HTTPS://MYMEMOR…	He is blessed by heaven. Good fortune. Nothing that does not further.	Primera línea poco alineada (Jaccard 0%). | Solapamiento léxico bajo MT↔Baynes (0%).
15	L6_oraculo	pair	0%	0%	divergent	Divergente	Sich äußernde Bescheidenheit. Fördernd ist es, Heere marschieren zu lassen,	MYMEMORY WARNING: YOU USED ALL AVAILABLE FREE TRANSLATIONS FOR TODAY. NEXT AVAILABLE IN 03 HOURS 23 MINUTES 43 SECONDS VISIT HTTPS://MYMEMOR…	Modesty that comes to expression. It is favorable to set armies marching To chastise one's own city and one's country.	Primera línea poco alineada (Jaccard 0%). | Solapamiento léxico bajo MT↔Baynes (0%).
16	L6_oraculo	pair	0%	0%	divergent	Divergente	Verblendete Begeisterung. Aber wenn man nach der Vollendung zur Änderung kommt, so ist das kein Makel.	MYMEMORY WARNING: YOU USED ALL AVAILABLE FREE TRANSLATIONS FOR TODAY. NEXT AVAILABLE IN 03 HOURS 23 MINUTES 42 SECONDS VISIT HTTPS://MYMEMOR…	Deluded enthusiasm. But if after completion one changes, There is no blame.	Primera línea poco alineada (Jaccard 0%). | Solapamiento léxico bajo MT↔Baynes (0%).
17	L6_oraculo	pair	0%	0%	divergent	Divergente	Er findet feste Anhänglichkeit und wird noch dazu gebunden. Der König stellt ihn dem Westberg vor.	MYMEMORY WARNING: YOU USED ALL AVAILABLE FREE TRANSLATIONS FOR TODAY. NEXT AVAILABLE IN 03 HOURS 23 MINUTES 42 SECONDS VISIT HTTPS://MYMEMOR…	He meets with firm allegiance And is still further bound. The king introduces him To the Western Mountain.	Primera línea poco alineada (Jaccard 0%). | Solapamiento léxico bajo MT↔Baynes (0%).
18	L6_oraculo	pair	0%	0%	divergent	Divergente	Dient nicht Königen und Fürsten. Steckt sich höhere Ziele.	MYMEMORY WARNING: YOU USED ALL AVAILABLE FREE TRANSLATIONS FOR TODAY. NEXT AVAILABLE IN 03 HOURS 23 MINUTES 42 SECONDS VISIT HTTPS://MYMEMOR…	He does not serve kings and princes, Sets himself higher goals.	Primera línea poco alineada (Jaccard 0%). | Solapamiento léxico bajo MT↔Baynes (0%).
19	L6_oraculo	pair	0%	0%	divergent	Divergente	Großherzige Annäherung. Heil. Kein Makel.	MYMEMORY WARNING: YOU USED ALL AVAILABLE FREE TRANSLATIONS FOR TODAY. NEXT AVAILABLE IN 03 HOURS 23 MINUTES 42 SECONDS VISIT HTTPS://MYMEMOR…	Greathearted approach. Good fortune. No blame.	Primera línea poco alineada (Jaccard 0%). | Solapamiento léxico bajo MT↔Baynes (0%).
20	L6_oraculo	pair	0%	0%	divergent	Divergente	Betrachtung seines Lebens. Der Edle ist ohne Makel.	MYMEMORY WARNING: YOU USED ALL AVAILABLE FREE TRANSLATIONS FOR TODAY. NEXT AVAILABLE IN 03 HOURS 23 MINUTES 42 SECONDS VISIT HTTPS://MYMEMOR…	Contemplation of his life. The superior man is without blame.	Primera línea poco alineada (Jaccard 0%). | Solapamiento léxico bajo MT↔Baynes (0%).
21	L6_oraculo	pair	0%	0%	divergent	Divergente	Steckt mit dem Hals im hölzernen Kragen, daß die Ohren verschwinden. Unheil!	MYMEMORY WARNING: YOU USED ALL AVAILABLE FREE TRANSLATIONS FOR TODAY. NEXT AVAILABLE IN 03 HOURS 23 MINUTES 42 SECONDS VISIT HTTPS://MYMEMOR…	His neck is fastened in the wooden cangue, So that his ears disappear. Misfortune.	Primera línea poco alineada (Jaccard 0%). | Solapamiento léxico bajo MT↔Baynes (0%).
22	L6_oraculo	pair	0%	0%	divergent	Divergente	Schlichte Anmut. Kein Makel.	MYMEMORY WARNING: YOU USED ALL AVAILABLE FREE TRANSLATIONS FOR TODAY. NEXT AVAILABLE IN 03 HOURS 23 MINUTES 42 SECONDS VISIT HTTPS://MYMEMOR…	Simple grace. No blame.	Primera línea poco alineada (Jaccard 0%). | Solapamiento léxico bajo MT↔Baynes (0%).
23	L6_oraculo	pair	0%	0%	divergent	Divergente	Eine große Frucht ist noch ungegessen da. Der Edle erhält einen Wagen. Dem Gemeinen zersplittert sein Haus.	MYMEMORY WARNING: YOU USED ALL AVAILABLE FREE TRANSLATIONS FOR TODAY. NEXT AVAILABLE IN 03 HOURS 23 MINUTES 42 SECONDS VISIT HTTPS://MYMEMOR…	There is a large fruit still uneaten. The superior man receives a carriage. The house of the inferior man is split apart.	Primera línea poco alineada (Jaccard 0%). | Solapamiento léxico bajo MT↔Baynes (0%).
24	L6_oraculo	pair	2%	0%	divergent	Divergente	Verfehlung der Wiederkehr. Unheil. Unglück von außen und innen. Wenn man so Heere marschieren läßt,	MYMEMORY WARNING: YOU USED ALL AVAILABLE FREE TRANSLATIONS FOR TODAY. NEXT AVAILABLE IN 03 HOURS 23 MINUTES 42 SECONDS VISIT HTTPS://MYMEMOR…	Missing the return. Misfortune. Misfortune from within and without. If armies are set marching in this way, One will in the end suffer a gre…	Primera línea poco alineada (Jaccard 0%). | Solapamiento léxico bajo MT↔Baynes (2%).
25	L6_oraculo	pair	0%	0%	divergent	Divergente	Unschuldiges Handeln bringt Unglück. Nichts ist fördernd.	MYMEMORY WARNING: YOU USED ALL AVAILABLE FREE TRANSLATIONS FOR TODAY. NEXT AVAILABLE IN 03 HOURS 23 MINUTES 41 SECONDS VISIT HTTPS://MYMEMOR…	Innocent action brings misfortune. Nothing furthers.	Primera línea poco alineada (Jaccard 0%). | Solapamiento léxico bajo MT↔Baynes (0%).
26	L6_oraculo	pair	0%	0%	divergent	Divergente	Man erlangt den Himmelsweg. Gelingen.	MYMEMORY WARNING: YOU USED ALL AVAILABLE FREE TRANSLATIONS FOR TODAY. NEXT AVAILABLE IN 03 HOURS 23 MINUTES 41 SECONDS VISIT HTTPS://MYMEMOR…	One attains the way of heaven. Success.	Primera línea poco alineada (Jaccard 0%). | Solapamiento léxico bajo MT↔Baynes (0%).
27	L6_oraculo	pair	0%	0%	divergent	Divergente	Die Quelle der Ernährung. Bewußtsein der Gefahr bringt Heil. Fördernd ist es, das große Wasser zu durchqueren.	MYMEMORY WARNING: YOU USED ALL AVAILABLE FREE TRANSLATIONS FOR TODAY. NEXT AVAILABLE IN 03 HOURS 23 MINUTES 41 SECONDS VISIT HTTPS://MYMEMOR…	The source of nourishment. Awareness of danger brings good fortune. It furthers one to cross the great water.	Primera línea poco alineada (Jaccard 0%). | Solapamiento léxico bajo MT↔Baynes (0%).
28	L6_oraculo	pair	0%	0%	divergent	Divergente	Man muß durchs Wasser. Es geht über den Scheitel. Unheil. Kein Makel.	MYMEMORY WARNING: YOU USED ALL AVAILABLE FREE TRANSLATIONS FOR TODAY. NEXT AVAILABLE IN 03 HOURS 23 MINUTES 41 SECONDS VISIT HTTPS://MYMEMOR…	One must go through the water. It goes over one's head. Misfortune. No blame.	Primera línea poco alineada (Jaccard 0%). | Solapamiento léxico bajo MT↔Baynes (0%).
29	L6_oraculo	pair	2%	0%	divergent	Divergente	Mit Stricken und Tauen gebunden, eingeschlossen zwischen dornumhegten Kerkermauern; drei Jahre findet man sich nicht zurecht. Unheil!	MYMEMORY WARNING: YOU USED ALL AVAILABLE FREE TRANSLATIONS FOR TODAY. NEXT AVAILABLE IN 03 HOURS 23 MINUTES 41 SECONDS VISIT HTTPS://MYMEMOR…	Bound with cords and ropes, Shut in between thorn-hedged prison walls: For three years one does not find the way. Misfortune.	Primera línea poco alineada (Jaccard 0%). | Solapamiento léxico bajo MT↔Baynes (2%).
30	L6_oraculo	pair	0%	0%	divergent	Divergente	Der König gebraucht ihn, auszuziehen und zu züchtigen. Am besten ist es dann, die Häupter zu töten und die Nachläufer gefangenzunehmen. Kein…	MYMEMORY WARNING: YOU USED ALL AVAILABLE FREE TRANSLATIONS FOR TODAY. NEXT AVAILABLE IN 03 HOURS 23 MINUTES 41 SECONDS VISIT HTTPS://MYMEMOR…	The king uses him to march forth and chastise. Then it is best to kill the leaders And take captive the followers. No blame.	Primera línea poco alineada (Jaccard 0%). | Solapamiento léxico bajo MT↔Baynes (0%).
31	L6_oraculo	pair	0%	0%	divergent	Divergente	Die Einwirkung äußert sich in Kinnladen, Wangen und Zunge.	MYMEMORY WARNING: YOU USED ALL AVAILABLE FREE TRANSLATIONS FOR TODAY. NEXT AVAILABLE IN 03 HOURS 23 MINUTES 41 SECONDS VISIT HTTPS://MYMEMOR…	The influence shows itself in the jaws, cheeks, and tongue.	Primera línea poco alineada (Jaccard 0%). | Solapamiento léxico bajo MT↔Baynes (0%).
32	L6_oraculo	pair	0%	0%	divergent	Divergente	Rastlosigkeit als dauernder Zustand bringt Unheil.	MYMEMORY WARNING: YOU USED ALL AVAILABLE FREE TRANSLATIONS FOR TODAY. NEXT AVAILABLE IN 03 HOURS 23 MINUTES 41 SECONDS VISIT HTTPS://MYMEMOR…	Restlessness as an enduring condition brings misfortune.	Primera línea poco alineada (Jaccard 0%). | Solapamiento léxico bajo MT↔Baynes (0%).
33	L6_oraculo	pair	0%	0%	divergent	Divergente	Heiterer Rückzug. Alles ist fördernd.	MYMEMORY WARNING: YOU USED ALL AVAILABLE FREE TRANSLATIONS FOR TODAY. NEXT AVAILABLE IN 03 HOURS 23 MINUTES 41 SECONDS VISIT HTTPS://MYMEMOR…	Cheerful retreat. Everything serves to further.	Primera línea poco alineada (Jaccard 0%). | Solapamiento léxico bajo MT↔Baynes (0%).
34	L6_oraculo	pair	0%	0%	divergent	Divergente	Ein Bock stößt gegen eine Hecke. Er kann nicht zurück, er kann nicht voran. Nichts ist fördernd. Merkt man die Schwierigkeit, so bringt das …	MYMEMORY WARNING: YOU USED ALL AVAILABLE FREE TRANSLATIONS FOR TODAY. NEXT AVAILABLE IN 03 HOURS 23 MINUTES 41 SECONDS VISIT HTTPS://MYMEMOR…	A goat butts against a hedge. It cannot go backward, it cannot go forward. Nothing serves to further. If one notes the difficulty, this brin…	Primera línea poco alineada (Jaccard 0%). | Solapamiento léxico bajo MT↔Baynes (0%).
35	L6_oraculo	pair	2%	0%	divergent	Divergente	Fortschreiten mit den Hörnern darf man nur, um sein eignes Gebiet zu strafen. Bewußtsein der Gefahr bringt Heil. Kein Makel. Beharrlichkeit …	MYMEMORY WARNING: YOU USED ALL AVAILABLE FREE TRANSLATIONS FOR TODAY. NEXT AVAILABLE IN 03 HOURS 23 MINUTES 40 SECONDS VISIT HTTPS://MYMEMOR…	Making progress with the horns is permissible Only for the purpose of punishing one's own city. To be conscious of danger brings good fortun…	Primera línea poco alineada (Jaccard 0%). | Solapamiento léxico bajo MT↔Baynes (2%).
36	L6_oraculo	pair	0%	0%	divergent	Divergente	Nicht Licht, sondern Dunkel. Erst stieg er zum Himmel empor, dann stürzte er in die Tiefen der Erde hinunter.	MYMEMORY WARNING: YOU USED ALL AVAILABLE FREE TRANSLATIONS FOR TODAY. NEXT AVAILABLE IN 03 HOURS 23 MINUTES 40 SECONDS VISIT HTTPS://MYMEMOR…	Not light but darkness. First he climbed up to heaven, Then he plunged into the depths of the earth.	Primera línea poco alineada (Jaccard 0%). | Solapamiento léxico bajo MT↔Baynes (0%).
37	L6_oraculo	pair	0%	0%	divergent	Divergente	Seine Arbeit ist ehrfurchtgebietend. Schließlich kommt Heil.	MYMEMORY WARNING: YOU USED ALL AVAILABLE FREE TRANSLATIONS FOR TODAY. NEXT AVAILABLE IN 03 HOURS 23 MINUTES 40 SECONDS VISIT HTTPS://MYMEMOR…	His work commands respect. In the end good fortune comes.	Primera línea poco alineada (Jaccard 0%). | Solapamiento léxico bajo MT↔Baynes (0%).
38	L6_oraculo	pair	0%	0%	divergent	Divergente	Durch Gegensatz vereinsamt, sieht man seinen Gefährten wie ein schmutzbeladenes Schwein, wie einen Wagen voll Teufel. Erst spannt man den Bo…	MYMEMORY WARNING: YOU USED ALL AVAILABLE FREE TRANSLATIONS FOR TODAY. NEXT AVAILABLE IN 03 HOURS 23 MINUTES 40 SECONDS VISIT HTTPS://MYMEMOR…	Isolated through opposition, One sees one's companion as a pig covered with dirt, As a wagon full of devils. First one draws a bow against h…	Primera línea poco alineada (Jaccard 0%). | Solapamiento léxico bajo MT↔Baynes (0%).
39	L6_oraculo	pair	0%	0%	divergent	Divergente	Gehen führt in Hemmnisse, Kommen führt zu großem Heil. Fördernd ist es, den großen Mann zu sehen.	MYMEMORY WARNING: YOU USED ALL AVAILABLE FREE TRANSLATIONS FOR TODAY. NEXT AVAILABLE IN 03 HOURS 23 MINUTES 40 SECONDS VISIT HTTPS://MYMEMOR…	Going leads to obstructions, Coming leads to great good fortune. It furthers one to see the great man.	Primera línea poco alineada (Jaccard 0%). | Solapamiento léxico bajo MT↔Baynes (0%).
40	L6_oraculo	pair	0%	0%	divergent	Divergente	Der Fürst schießt nach einem Habicht auf hoher Mauer. Er erlegt ihn. Alles ist fördernd.	MYMEMORY WARNING: YOU USED ALL AVAILABLE FREE TRANSLATIONS FOR TODAY. NEXT AVAILABLE IN 03 HOURS 23 MINUTES 40 SECONDS VISIT HTTPS://MYMEMOR…	The prince shoots at a hawk on a high wall. He kills it. Everything serves to further.	Primera línea poco alineada (Jaccard 0%). | Solapamiento léxico bajo MT↔Baynes (0%).
41	L6_oraculo	pair	0%	0%	divergent	Divergente	Wenn man ohne Minderung der anderen gemehrt wird, so ist das kein Makel. Beharrlichkeit bringt Heil. Fördernd ist es, etwas zu unternehmen. …	MYMEMORY WARNING: YOU USED ALL AVAILABLE FREE TRANSLATIONS FOR TODAY. NEXT AVAILABLE IN 03 HOURS 23 MINUTES 40 SECONDS VISIT HTTPS://MYMEMOR…	If one is increased without depriving others, There is no blame. Perseverance brings good fortune. It furthers one to undertake something. O…	Primera línea poco alineada (Jaccard 0%). | Solapamiento léxico bajo MT↔Baynes (0%).
42	L6_oraculo	pair	0%	0%	divergent	Divergente	Er gereicht niemand zur Mehrung. Es schlägt ihn wohl gar jemand. Er hält sein Herz nicht dauernd fest. Unheil!	MYMEMORY WARNING: YOU USED ALL AVAILABLE FREE TRANSLATIONS FOR TODAY. NEXT AVAILABLE IN 03 HOURS 23 MINUTES 40 SECONDS VISIT HTTPS://MYMEMOR…	He brings increase to no one. Indeed, someone even strikes him. He does not keep his heart constantly steady. Misfortune.	Primera línea poco alineada (Jaccard 0%). | Solapamiento léxico bajo MT↔Baynes (0%).
43	L6_oraculo	pair	0%	0%	divergent	Divergente	Kein Ruf! Schließlich kommt Unheil.	MYMEMORY WARNING: YOU USED ALL AVAILABLE FREE TRANSLATIONS FOR TODAY. NEXT AVAILABLE IN 03 HOURS 23 MINUTES 40 SECONDS VISIT HTTPS://MYMEMOR…	No cry. In the end misfortune comes.	Solapamiento léxico bajo MT↔Baynes (0%).
44	L6_oraculo	pair	0%	0%	divergent	Divergente	Er kommt mit seinen Hörnern entgegen. Beschämung. Kein Makel.	MYMEMORY WARNING: YOU USED ALL AVAILABLE FREE TRANSLATIONS FOR TODAY. NEXT AVAILABLE IN 03 HOURS 23 MINUTES 39 SECONDS VISIT HTTPS://MYMEMOR…	He comes to meet with his horns. Humiliation. No blame.	Primera línea poco alineada (Jaccard 0%). | Solapamiento léxico bajo MT↔Baynes (0%).
45	L6_oraculo	pair	0%	0%	divergent	Divergente	Klagen und Seufzen, Tränen in Strömen. Kein Makel.	MYMEMORY WARNING: YOU USED ALL AVAILABLE FREE TRANSLATIONS FOR TODAY. NEXT AVAILABLE IN 03 HOURS 23 MINUTES 39 SECONDS VISIT HTTPS://MYMEMOR…	Lamenting and sighing, floods of tears. No blame.	Primera línea poco alineada (Jaccard 0%). | Solapamiento léxico bajo MT↔Baynes (0%).
46	L6_oraculo	pair	0%	0%	divergent	Divergente	Empordringen im Dunkeln. Fördernd ist es, unablässig beharrlich zu sein.	MYMEMORY WARNING: YOU USED ALL AVAILABLE FREE TRANSLATIONS FOR TODAY. NEXT AVAILABLE IN 03 HOURS 23 MINUTES 39 SECONDS VISIT HTTPS://MYMEMOR…	Pushing upward in darkness. It furthers one To be unremittingly persevering.	Primera línea poco alineada (Jaccard 0%). | Solapamiento léxico bajo MT↔Baynes (0%).
47	L6_oraculo	pair	0%	0%	divergent	Divergente	Er ist bedrängt von Ranken. Er bewegt sich unsicher und spricht: »Bewegung schafft Reue.« Wenn man darüber Reue empfindet und sich aufmacht,…	MYMEMORY WARNING: YOU USED ALL AVAILABLE FREE TRANSLATIONS FOR TODAY. NEXT AVAILABLE IN 03 HOURS 23 MINUTES 39 SECONDS VISIT HTTPS://MYMEMOR…	He is oppressed by creeping vines. He moves uncertainly and says, ""Movement brings remorse."" If one feels remorse over this and makes a star…	Primera línea poco alineada (Jaccard 0%). | Solapamiento léxico bajo MT↔Baynes (0%).
48	L6_oraculo	pair	0%	0%	divergent	Divergente	Man schöpft aus dem Brunnen ohne Hinderung. Er ist zuverlässig. Erhabenes Heil!	MYMEMORY WARNING: YOU USED ALL AVAILABLE FREE TRANSLATIONS FOR TODAY. NEXT AVAILABLE IN 03 HOURS 23 MINUTES 39 SECONDS VISIT HTTPS://MYMEMOR…	One draws from the well Without hindrance. It is dependable. Supreme good fortune.	Primera línea poco alineada (Jaccard 0%). | Solapamiento léxico bajo MT↔Baynes (0%).
49	L6_oraculo	pair	0%	0%	divergent	Divergente	Der Edle ändert wie ein Panther. Der Geringe mausert sich im Gesicht. Aufbruch bringt Unheil. In Beharrlichkeit weilen bringt Heil.	MYMEMORY WARNING: YOU USED ALL AVAILABLE FREE TRANSLATIONS FOR TODAY. NEXT AVAILABLE IN 03 HOURS 23 MINUTES 39 SECONDS VISIT HTTPS://MYMEMOR…	The superior man changes like a panther. The inferior man molts in the face. Starting brings misfortune. To remain persevering brings good f…	Primera línea poco alineada (Jaccard 0%). | Solapamiento léxico bajo MT↔Baynes (0%).
50	L6_oraculo	pair	0%	0%	divergent	Divergente	Der Tiegel hat Nephritringe. Großes Heil! Nichts, das nicht fördernd wäre.	MYMEMORY WARNING: YOU USED ALL AVAILABLE FREE TRANSLATIONS FOR TODAY. NEXT AVAILABLE IN 03 HOURS 23 MINUTES 39 SECONDS VISIT HTTPS://MYMEMOR…	The ting has rings of jade. Great good fortune. Nothing that would not act to further.	Primera línea poco alineada (Jaccard 0%). | Solapamiento léxico bajo MT↔Baynes (0%).
51	L6_oraculo	pair	0%	0%	divergent	Divergente	Das Erschüttern bringt Verfall und ängstliches Umherblicken. Vorangehen bringt Unheil. Wenn es noch nicht den eignen Leib erreicht, sondern …	MYMEMORY WARNING: YOU USED ALL AVAILABLE FREE TRANSLATIONS FOR TODAY. NEXT AVAILABLE IN 03 HOURS 23 MINUTES 39 SECONDS VISIT HTTPS://MYMEMOR…	Shock brings ruin and terrified gazing around. Going ahead brings misfortune. If it has not yet touched one's own body But has reached one's…	Primera línea poco alineada (Jaccard 0%). | Solapamiento léxico bajo MT↔Baynes (0%).
52	L6_oraculo	pair	0%	0%	divergent	Divergente	Großzügiges Stillehalten. Heil!	MYMEMORY WARNING: YOU USED ALL AVAILABLE FREE TRANSLATIONS FOR TODAY. NEXT AVAILABLE IN 03 HOURS 23 MINUTES 39 SECONDS VISIT HTTPS://MYMEMOR…	Noblehearted keeping still. Good fortune.	Primera línea poco alineada (Jaccard 0%). | Solapamiento léxico bajo MT↔Baynes (0%).
53	L6_oraculo	pair	5%	0%	divergent	Divergente	Die Wildgans zieht allmählich den Wolkenhöhen zu. Ihre Federn können zum heiligen Tanz verwendet werden. Heil!	MYMEMORY WARNING: YOU USED ALL AVAILABLE FREE TRANSLATIONS FOR TODAY. NEXT AVAILABLE IN 03 HOURS 23 MINUTES 39 SECONDS VISIT HTTPS://MYMEMOR…	The wild goose gradually draws near the cloud heights. Its feathers can be used for the sacred dance. Good fortune.	Primera línea poco alineada (Jaccard 0%). | Solapamiento léxico bajo MT↔Baynes (5%).
54	L6_oraculo	pair	0%	0%	divergent	Divergente	Die Frau hält den Korb, aber es sind keine Früchte darin. Der Mann sticht das Schaf, aber es fließt kein Blut. Nichts, das fördernd wäre.	MYMEMORY WARNING: YOU USED ALL AVAILABLE FREE TRANSLATIONS FOR TODAY. NEXT AVAILABLE IN 03 HOURS 23 MINUTES 38 SECONDS VISIT HTTPS://MYMEMOR…	The woman holds the basket, but there are no fruits in it. The man stabs the sheep, but no blood flows. Nothing that acts to further.	Primera línea poco alineada (Jaccard 0%). | Solapamiento léxico bajo MT↔Baynes (0%).
55	L6_oraculo	pair	2%	0%	divergent	Divergente	Sein Haus ist in Fülle. Er verdeckt seine Sippe. Er späht durch das Tor und merkt niemand mehr. Drei Jahre lang sieht er nichts. Unheil!	MYMEMORY WARNING: YOU USED ALL AVAILABLE FREE TRANSLATIONS FOR TODAY. NEXT AVAILABLE IN 03 HOURS 23 MINUTES 38 SECONDS VISIT HTTPS://MYMEMOR…	His house is in a state of abundance. He screens off his family. He peers through the gate And no longer perceives anyone. For three years h…	Primera línea poco alineada (Jaccard 0%). | Solapamiento léxico bajo MT↔Baynes (2%).
56	L6_oraculo	pair	0%	0%	divergent	Divergente	Dem Vogel verbrennt sein Nest. Der Wanderer lacht erst, dann muß er klagen und weinen. Er verliert die Kuh im Leichtsinn. Unheil!	MYMEMORY WARNING: YOU USED ALL AVAILABLE FREE TRANSLATIONS FOR TODAY. NEXT AVAILABLE IN 03 HOURS 23 MINUTES 38 SECONDS VISIT HTTPS://MYMEMOR…	The bird's nest burns up. The wanderer laughs at first, Then must needs lament and weep. Through carelessness he loses his cow. Misfortune.	Primera línea poco alineada (Jaccard 0%). | Solapamiento léxico bajo MT↔Baynes (0%).
57	L6_oraculo	pair	0%	0%	divergent	Divergente	Eindringen unter das Bett. Er verliert seinen Besitz und seine Axt. Beharrlichkeit bringt Unheil.	MYMEMORY WARNING: YOU USED ALL AVAILABLE FREE TRANSLATIONS FOR TODAY. NEXT AVAILABLE IN 03 HOURS 23 MINUTES 38 SECONDS VISIT HTTPS://MYMEMOR…	Penetration under the bed. He loses his property and his ax. Perseverance brings misfortune.	Primera línea poco alineada (Jaccard 0%). | Solapamiento léxico bajo MT↔Baynes (0%).
58	L6_oraculo	pair	0%	0%	divergent	Divergente	Verführende Heiterkeit.	MYMEMORY WARNING: YOU USED ALL AVAILABLE FREE TRANSLATIONS FOR TODAY. NEXT AVAILABLE IN 03 HOURS 23 MINUTES 38 SECONDS VISIT HTTPS://MYMEMOR…	Seductive joyousness.	Primera línea poco alineada (Jaccard 0%). | Solapamiento léxico bajo MT↔Baynes (0%).
59	L6_oraculo	pair	0%	0%	divergent	Divergente	Er löst sein Blut auf. Weggehen, Sichfernhalten, Hinausgehen ist ohne Makel.	MYMEMORY WARNING: YOU USED ALL AVAILABLE FREE TRANSLATIONS FOR TODAY. NEXT AVAILABLE IN 03 HOURS 23 MINUTES 38 SECONDS VISIT HTTPS://MYMEMOR…	He dissolves his blood. Departing, keeping at a distance, going out, Is without blame.	Primera línea poco alineada (Jaccard 0%). | Solapamiento léxico bajo MT↔Baynes (0%).
60	L6_oraculo	pair	0%	0%	divergent	Divergente	Bittere Beschränkung: Beharrlichkeit bringt Unheil. Reue schwindet.	MYMEMORY WARNING: YOU USED ALL AVAILABLE FREE TRANSLATIONS FOR TODAY. NEXT AVAILABLE IN 03 HOURS 23 MINUTES 38 SECONDS VISIT HTTPS://MYMEMOR…	Galling limitation. Perseverance brings misfortune. Remorse disappears.	Primera línea poco alineada (Jaccard 0%). | Solapamiento léxico bajo MT↔Baynes (0%).
61	L6_oraculo	pair	0%	0%	divergent	Divergente	Hahnenruf, der zum Himmel dringt. Beharrlichkeit bringt Unheil.	MYMEMORY WARNING: YOU USED ALL AVAILABLE FREE TRANSLATIONS FOR TODAY. NEXT AVAILABLE IN 03 HOURS 23 MINUTES 38 SECONDS VISIT HTTPS://MYMEMOR…	Cockcrow penetrating to heaven. Perseverance brings misfortune.	Primera línea poco alineada (Jaccard 0%). | Solapamiento léxico bajo MT↔Baynes (0%).
62	L6_oraculo	pair	0%	0%	divergent	Divergente	Ohne ihn zu treffen, geht er an ihm vorbei. Der fliegende Vogel verläßt ihn. Unheil! Das bedeutet Unglück und Schaden.	MYMEMORY WARNING: YOU USED ALL AVAILABLE FREE TRANSLATIONS FOR TODAY. NEXT AVAILABLE IN 03 HOURS 23 MINUTES 38 SECONDS VISIT HTTPS://MYMEMOR…	He passes him by, not meeting him. The flying bird leaves him. Misfortune. This means bad luck and injury.	Primera línea poco alineada (Jaccard 0%). | Solapamiento léxico bajo MT↔Baynes (0%).
63	L6_oraculo	pair	0%	0%	divergent	Divergente	Er kommt mit dem Haupt ins Wasser. Gefahr.	MYMEMORY WARNING: YOU USED ALL AVAILABLE FREE TRANSLATIONS FOR TODAY. NEXT AVAILABLE IN 03 HOURS 23 MINUTES 38 SECONDS VISIT HTTPS://MYMEMOR…	He gets his head in the water. Danger.	Primera línea poco alineada (Jaccard 0%). | Solapamiento léxico bajo MT↔Baynes (0%).
64	L6_oraculo	pair	0%	0%	divergent	Divergente	In wahrem Vertrauen trinkt man Wein. Kein Makel. Wenn man aber sein Haupt naß macht, so verliert man das in Wahrheit.	MYMEMORY WARNING: YOU USED ALL AVAILABLE FREE TRANSLATIONS FOR TODAY. NEXT AVAILABLE IN 03 HOURS 23 MINUTES 37 SECONDS VISIT HTTPS://MYMEMOR…	There is drinking of wine In genuine confidence. No blame. But if one wets his head, He loses it, in truth.	Primera línea poco alineada (Jaccard 0%). | Solapamiento léxico bajo MT↔Baynes (0%).
1	L6_comentario	pair	0%	0%	divergent	Divergente	Wenn man so hoch emporsteigen will, daß man die Fühlung mit den übrigen Menschen verliert, so wird man vereinsamt, und das führt notwendig z…	MYMEMORY WARNING: YOU USED ALL AVAILABLE FREE TRANSLATIONS FOR TODAY. NEXT AVAILABLE IN 03 HOURS 23 MINUTES 37 SECONDS VISIT HTTPS://MYMEMOR…	When a man seeks to climb so high that he loses touch with the rest of mankind, he becomes isolated, and this necessarily leads to failure. …	Primera línea poco alineada (Jaccard 0%). | Solapamiento léxico bajo MT↔Baynes (0%).
2	L6_comentario	pair	0%	0%	divergent	Divergente	Auf dem obersten Platz sollte das Schattige dem Lichten weichen. Will es sich auf dem Platz, der ihm nicht gebührt, behaupten, und statt zu …	MYMEMORY WARNING: YOU USED ALL AVAILABLE FREE TRANSLATIONS FOR TODAY. NEXT AVAILABLE IN 03 HOURS 23 MINUTES 37 SECONDS VISIT HTTPS://MYMEMOR…	In the top place the dark element should yield to the light. If it attempts to maintain a position to which it is not entitled and to rule i…	Primera línea poco alineada (Jaccard 0%). | Solapamiento léxico bajo MT↔Baynes (0%).
3	L6_comentario	pair	3%	3%	divergent	Divergente	Es gibt Menschen, denen werden die Anfangsschwierigkeiten zu schwer. Sie bleiben stecken und finden sich nicht mehr durch. Sie lassen die Hä…	MYMEMORY WARNING: YOU USED ALL AVAILABLE FREE TRANSLATIONS FOR TODAY. NEXT AVAILABLE IN 03 HOURS 23 MINUTES 37 SECONDS VISIT HTTPS://MYMEMOR…	The difficulties at the beginning are too great for some persons. They get stuck and never find their way out; they fold their hands and giv…	Primera línea poco alineada (Jaccard 3%). | Solapamiento léxico bajo MT↔Baynes (3%).
4	L6_comentario	pair	0%	0%	divergent	Divergente	Unter Umständen muß ein unverbesserlicher Tor bestraft werden. Wer nicht hören will, muß fühlen. Diese Strafe ist von der Aufrüttlung zu Beg…	MYMEMORY WARNING: YOU USED ALL AVAILABLE FREE TRANSLATIONS FOR TODAY. NEXT AVAILABLE IN 03 HOURS 23 MINUTES 37 SECONDS VISIT HTTPS://MYMEMOR…	Sometimes an incorrigible fool must be punished. He who will not heed will be made to feel. This punishment is quite different from a prelim…	Primera línea poco alineada (Jaccard 0%). | Solapamiento léxico bajo MT↔Baynes (0%).
5	L6_comentario	pair	1%	1%	divergent	Divergente	Das Warten ist vorüber: die Gefahr läßt sich nicht mehr abwenden. Man gerät in das Loch, muß sich in das Unvermeidliche ergeben. Da scheint …	MYMEMORY WARNING: YOU USED ALL AVAILABLE FREE TRANSLATIONS FOR TODAY. NEXT AVAILABLE IN 03 HOURS 23 MINUTES 36 SECONDS VISIT HTTPS://MYMEMOR…	The waiting is over; the danger can no longer be averted. One falls into the pit and must yield to the inevitable. Everything seems to have …	Primera línea poco alineada (Jaccard 1%). | Solapamiento léxico bajo MT↔Baynes (1%).
6	L6_comentario	pair	0%	0%	divergent	Divergente	Hier ist jemand gezeichnet, der den Streit bis zum bitteren Ende geführt und recht behalten hat. Er bekommt eine Auszeichnung. Aber das Glüc…	MYMEMORY WARNING: YOU USED ALL AVAILABLE FREE TRANSLATIONS FOR TODAY. NEXT AVAILABLE IN 03 HOURS 23 MINUTES 35 SECONDS VISIT HTTPS://MYMEMOR…	Here we have someone who has carried a conflict to the bitter end and has triumphed. He is granted a decoration, but his happiness does not …	Primera línea poco alineada (Jaccard 0%). | Solapamiento léxico bajo MT↔Baynes (0%).
7	L6_comentario	pair	0%	0%	divergent	Divergente	Der Krieg ist siegreich beendet. Der Sieg ist gewonnen, der König verteilt unter seinen Getreuen Lehen und Familienbesitz. Dabei ist es aber…	MYMEMORY WARNING: YOU USED ALL AVAILABLE FREE TRANSLATIONS FOR TODAY. NEXT AVAILABLE IN 03 HOURS 23 MINUTES 35 SECONDS VISIT HTTPS://MYMEMOR…	The war has ended successfully, victory is won, and the king divides estates and fiefs among his faithful vassals. But it is important that …	Primera línea poco alineada (Jaccard 0%). | Solapamiento léxico bajo MT↔Baynes (0%).
8	L6_comentario	pair	2%	2%	divergent	Divergente	Das Haupt ist der Anfang. Ohne einen rechten Anfang gibt es kein rechtes Ende. Wenn man den Anschluß verpaßt hat und nun immer zögert, vor v…	MYMEMORY WARNING: YOU USED ALL AVAILABLE FREE TRANSLATIONS FOR TODAY. NEXT AVAILABLE IN 03 HOURS 23 MINUTES 35 SECONDS VISIT HTTPS://MYMEMOR…	The head is the beginning. If the beginning is not right, there is no hope of a right ending. If we have missed the right moment for union a…	Primera línea poco alineada (Jaccard 2%). | Solapamiento léxico bajo MT↔Baynes (2%).
9	L6_comentario	pair	1%	1%	divergent	Divergente	Der Erfolg ist da. Der Wind hat den Regen zusammengetrieben. Ein fester Standpunkt ist erreicht. Das ist zustande gekommen durch allmähliche…	MYMEMORY WARNING: YOU USED ALL AVAILABLE FREE TRANSLATIONS FOR TODAY. NEXT AVAILABLE IN 03 HOURS 23 MINUTES 35 SECONDS VISIT HTTPS://MYMEMOR…	Success is at hand. The wind has driven up the rain. A fixed standpoint has been reached. This has come about through the accumulation of sm…	Primera línea poco alineada (Jaccard 1%). | Solapamiento léxico bajo MT↔Baynes (1%).
10	L6_comentario	pair	0%	0%	divergent	Divergente	Das Werk ist zu Ende. Will man wissen, ob das Heil die Folge sein wird, so blicke man auf sein Auftreten zurück und auf die Folgen, die es g…	MYMEMORY WARNING: YOU USED ALL AVAILABLE FREE TRANSLATIONS FOR TODAY. NEXT AVAILABLE IN 03 HOURS 23 MINUTES 35 SECONDS VISIT HTTPS://MYMEMOR…	The work is ended. If we want to know whether good fortune will follow, we must look back upon our conduct and its consequences. If the effe…	Primera línea poco alineada (Jaccard 0%). | Solapamiento léxico bajo MT↔Baynes (0%).
11	L6_comentario	pair	1%	1%	divergent	Divergente	Der schon in der Mitte des Zeichens angedeutete Wechsel ist eingetreten. Der Stadtwall sinkt wieder in den Graben zurück, aus dem er genomme…	MYMEMORY WARNING: YOU USED ALL AVAILABLE FREE TRANSLATIONS FOR TODAY. NEXT AVAILABLE IN 03 HOURS 23 MINUTES 34 SECONDS VISIT HTTPS://MYMEMOR…	The change alluded to in the middle of the hexagram has begun to take place. The wall of the town sinks back into the moat from which it was…	Primera línea poco alineada (Jaccard 1%). | Solapamiento léxico bajo MT↔Baynes (1%).
12	L6_comentario	pair	0%	0%	divergent	Divergente	Die Stockung dauert nicht ewig. Allerdings hört sie nicht von selber auf, sondern es bedarf des rechten Mannes, um ihr ein Ende zu bereiten.…	MYMEMORY WARNING: YOU USED ALL AVAILABLE FREE TRANSLATIONS FOR TODAY. NEXT AVAILABLE IN 03 HOURS 23 MINUTES 34 SECONDS VISIT HTTPS://MYMEMOR…	The standstill does not last forever. However, it does not cease of its own accord; the right man is needed to end it. This is the differenc…	Primera línea poco alineada (Jaccard 0%). | Solapamiento léxico bajo MT↔Baynes (0%).
13	L6_comentario	pair	1%	1%	divergent	Divergente	Es fehlt hier der warme Anschluß des Herzens. Man steht eigentlich schon außerhalb der Gemeinschaft mit anderen. Aber man schließt sich an. …	MYMEMORY WARNING: YOU USED ALL AVAILABLE FREE TRANSLATIONS FOR TODAY. NEXT AVAILABLE IN 03 HOURS 23 MINUTES 33 SECONDS VISIT HTTPS://MYMEMOR…	The warm attachment that springs from the heart is lacking here. We are by this time actually outside of fellowship with others. However, we…	Primera línea poco alineada (Jaccard 1%). | Solapamiento léxico bajo MT↔Baynes (1%).
14	L6_comentario	pair	1%	2%	divergent	Divergente	In der Fülle des Besitzes und der Macht bleibt man bescheiden und ehrt den Weisen, der außerhalb des Weltgetriebes steht. Dadurch stellt man…	MYMEMORY WARNING: YOU USED ALL AVAILABLE FREE TRANSLATIONS FOR TODAY. NEXT AVAILABLE IN 03 HOURS 23 MINUTES 33 SECONDS VISIT HTTPS://MYMEMOR…	In the fullness of possession and at the height of power, one remains modest and gives honor to the sage who stands outside the affairs of t…	Primera línea poco alineada (Jaccard 2%). | Solapamiento léxico bajo MT↔Baynes (1%).
15	L6_comentario	pair	0%	0%	divergent	Divergente	um die eigne Stadt und das eigene Land zu züchtigen. Wem es wirklich mit seiner Bescheidenheit Ernst ist, der muß sorgen, daß sie in der Wir…	MYMEMORY WARNING: YOU USED ALL AVAILABLE FREE TRANSLATIONS FOR TODAY. NEXT AVAILABLE IN 03 HOURS 23 MINUTES 33 SECONDS VISIT HTTPS://MYMEMOR…	A person who is really sincere in his modesty must make it show in reality. He must proceed with great energy in this. When enmity arises no…	Primera línea poco alineada (Jaccard 0%). | Solapamiento léxico bajo MT↔Baynes (0%).
16	L6_comentario	pair	2%	2%	divergent	Divergente	Wenn man sich von der Begeisterung verblenden läßt, so ist das vom Übel. Aber wenn diese Verblendung auch schon vollendete Tatsache ist und …	MYMEMORY WARNING: YOU USED ALL AVAILABLE FREE TRANSLATIONS FOR TODAY. NEXT AVAILABLE IN 03 HOURS 23 MINUTES 32 SECONDS VISIT HTTPS://MYMEMOR…	It is a bad thing for a man to let himself be deluded by enthusiasm. But if this delusion has run its course, and he is still capable of cha…	Primera línea poco alineada (Jaccard 2%). | Solapamiento léxico bajo MT↔Baynes (2%).
17	L6_comentario	pair	0%	0%	divergent	Divergente	Es handelt sich um einen Menschen, der das Getriebe der Welt für seine Person schon hinter sich hat, einen erhabenen Weisen. Aber es findet …	MYMEMORY WARNING: YOU USED ALL AVAILABLE FREE TRANSLATIONS FOR TODAY. NEXT AVAILABLE IN 03 HOURS 23 MINUTES 31 SECONDS VISIT HTTPS://MYMEMOR…	This refers to a man, an exalted sage, who has already put the turmoil of the world behind him. But a follower appears who understands him a…	Primera línea poco alineada (Jaccard 0%). | Solapamiento léxico bajo MT↔Baynes (0%).
18	L6_comentario	pair	1%	1%	divergent	Divergente	Nicht jeder Mensch ist verpflichtet, sich in die Weltgeschäfte zu mischen. Es gibt auch solche, die innerlich schon so weit entwickelt sind,…	MYMEMORY WARNING: YOU USED ALL AVAILABLE FREE TRANSLATIONS FOR TODAY. NEXT AVAILABLE IN 03 HOURS 23 MINUTES 31 SECONDS VISIT HTTPS://MYMEMOR…	Not every man has an obligation to mingle in the affairs of the world. There are some who are developed to such a degree that they are justi…	Primera línea poco alineada (Jaccard 1%). | Solapamiento léxico bajo MT↔Baynes (1%).
19	L6_comentario	pair	3%	3%	divergent	Divergente	Ein Weiser, der die Welt überwunden hat und innerlich schon mit dem Leben fertig ist, kann unter Umständen in die Lage kommen, noch einmal i…	MYMEMORY WARNING: YOU USED ALL AVAILABLE FREE TRANSLATIONS FOR TODAY. NEXT AVAILABLE IN 03 HOURS 23 MINUTES 30 SECONDS VISIT HTTPS://MYMEMOR…	A sage who has put the world behind him and who in spirit has already withdrawn from life may, under certain circumstances, decide to return…	Primera línea poco alineada (Jaccard 3%). | Solapamiento léxico bajo MT↔Baynes (3%).
20	L6_comentario	pair	2%	2%	divergent	Divergente	Während die vorige Linie einen Mann darstellt, der sich selbst betrachtet, ist hier an höchster Stelle alles Persönliche, aufs eigene Ich Be…	MYMEMORY WARNING: YOU USED ALL AVAILABLE FREE TRANSLATIONS FOR TODAY. NEXT AVAILABLE IN 03 HOURS 23 MINUTES 30 SECONDS VISIT HTTPS://MYMEMOR…	While the preceding line represents a man who contemplates himself, here in the highest place everything that is personal, related to the eg…	Primera línea poco alineada (Jaccard 2%). | Solapamiento léxico bajo MT↔Baynes (2%).
21	L6_comentario	pair	0%	0%	divergent	Divergente	Es handelt sich hier im Unterschied zu der Anfangslinie um einen Menschen, der unverbesserlich ist. Er trägt zur Strafe den hölzernen Halskr…	MYMEMORY WARNING: YOU USED ALL AVAILABLE FREE TRANSLATIONS FOR TODAY. NEXT AVAILABLE IN 03 HOURS 23 MINUTES 30 SECONDS VISIT HTTPS://MYMEMOR…	In contrast to the first line, this line refers to a man who is incorrigible. His punishment is the wooden cangue, and his ears disappear un…	Primera línea poco alineada (Jaccard 0%). | Solapamiento léxico bajo MT↔Baynes (0%).
22	L6_comentario	pair	2%	2%	divergent	Divergente	Hier auf der obersten Stufe wird aller Schmuck abgelegt. Die Form verdeckt nicht mehr den Gehalt, sondern läßt ihn zur vollen Geltung kommen…	MYMEMORY WARNING: YOU USED ALL AVAILABLE FREE TRANSLATIONS FOR TODAY. NEXT AVAILABLE IN 03 HOURS 23 MINUTES 30 SECONDS VISIT HTTPS://MYMEMOR…	Here at the highest stage of development all ornament is discarded. Form no longer conceals content but brings out its value to the full. Pe…	Primera línea poco alineada (Jaccard 2%). | Solapamiento léxico bajo MT↔Baynes (2%).
23	L6_comentario	pair	1%	1%	divergent	Divergente	Hier ist das Ende der Zersplitterung erreicht. Wenn sich das Unheil ausgetobt hat, kommen wieder bessere Zeiten. Der Same des Guten ist noch…	MYMEMORY WARNING: YOU USED ALL AVAILABLE FREE TRANSLATIONS FOR TODAY. NEXT AVAILABLE IN 03 HOURS 23 MINUTES 30 SECONDS VISIT HTTPS://MYMEMOR…	Here the splitting apart reaches its end. When misfortune has spent itself, better times return. The seed of the good remains, and it is jus…	Primera línea poco alineada (Jaccard 1%). | Solapamiento léxico bajo MT↔Baynes (1%).
24	L6_comentario	pair	2%	2%	divergent	Divergente	wird man schließlich eine große Niederlage erleiden, so daß es für den Landesherrn unheilvoll ist. Zehn Jahre lang ist man nicht mehr imstan…	MYMEMORY WARNING: YOU USED ALL AVAILABLE FREE TRANSLATIONS FOR TODAY. NEXT AVAILABLE IN 03 HOURS 23 MINUTES 29 SECONDS VISIT HTTPS://MYMEMOR…	If a man misses the right time for return, he meets with misfortune. The misfortune has its inner cause in a wrong attitude toward the world…	Primera línea poco alineada (Jaccard 2%). | Solapamiento léxico bajo MT↔Baynes (2%).
25	L6_comentario	pair	2%	2%	divergent	Divergente	Wenn man in einer Lage ist, da kein Fortschritt mehr an der Zeit ist, da gilt es ruhig und ohne Hintergedanken zu warten. Wenn man unüberleg…	MYMEMORY WARNING: YOU USED ALL AVAILABLE FREE TRANSLATIONS FOR TODAY. NEXT AVAILABLE IN 03 HOURS 23 MINUTES 29 SECONDS VISIT HTTPS://MYMEMOR…	When, in a given situation, the time is not ripe for further progress, the best thing to do is to wait quietly, without ulterior designs. If…	Primera línea poco alineada (Jaccard 2%). | Solapamiento léxico bajo MT↔Baynes (2%).
26	L6_comentario	pair	0%	0%	divergent	Divergente	Die Zeit der Hemmung ist vorüber. Die lange durch Hemmung angesammelte Kraft bricht sich Bahn und hat großen Erfolg. Es ist ein Weiser, der …	MYMEMORY WARNING: YOU USED ALL AVAILABLE FREE TRANSLATIONS FOR TODAY. NEXT AVAILABLE IN 03 HOURS 23 MINUTES 29 SECONDS VISIT HTTPS://MYMEMOR…	The time of obstruction is past. The energy long dammed up by inhibition forces its way out and achieves great success. This refers to a man…	Primera línea poco alineada (Jaccard 0%). | Solapamiento léxico bajo MT↔Baynes (0%).
27	L6_comentario	pair	3%	3%	divergent	Divergente	Es ist hier ein Weiser höchster Art, von dem alle Einflüsse ausgehen, die für die Ernährung der andern sorgen. Eine solche Stellung bringt s…	MYMEMORY WARNING: YOU USED ALL AVAILABLE FREE TRANSLATIONS FOR TODAY. NEXT AVAILABLE IN 03 HOURS 23 MINUTES 29 SECONDS VISIT HTTPS://MYMEMOR…	This describes a sage of the highest order, from whom emanate all influences that provide nourishment for others. Such a position brings wit…	Primera línea poco alineada (Jaccard 3%). | Solapamiento léxico bajo MT↔Baynes (3%).
28	L6_comentario	pair	2%	2%	divergent	Divergente	Hier ist die Lage gezeichnet, daß das Außerordentliche aufs höchste gestiegen ist. Man ist mutig und will unter allen Umständen seine Aufgab…	MYMEMORY WARNING: YOU USED ALL AVAILABLE FREE TRANSLATIONS FOR TODAY. NEXT AVAILABLE IN 03 HOURS 23 MINUTES 29 SECONDS VISIT HTTPS://MYMEMOR…	Here is a situation in which the unusual has reached a climax. One is courageous and wishes to accomplish one's task, no matter what happens…	Primera línea poco alineada (Jaccard 2%). | Solapamiento léxico bajo MT↔Baynes (2%).
29	L6_comentario	pair	0%	0%	divergent	Divergente	Ein Mensch, der in der äußersten Gefahr den rechten Weg verloren hat und unverbesserlich in seine Sünden verstrickt ist, hat keine Aussicht,…	MYMEMORY WARNING: YOU USED ALL AVAILABLE FREE TRANSLATIONS FOR TODAY. NEXT AVAILABLE IN 03 HOURS 23 MINUTES 29 SECONDS VISIT HTTPS://MYMEMOR…	A man who in the extremity of danger has lost the right way and is irremediably entangled in his sins has no prospect of escape. He is like …	Primera línea poco alineada (Jaccard 0%). | Solapamiento léxico bajo MT↔Baynes (0%).
30	L6_comentario	pair	2%	2%	divergent	Divergente	Der Zweck der Züchtigung ist, Zucht zu schaffen, nicht blindlings Strafe walten zu lassen. Es gilt, das Übel an der Wurzel zu heilen. Im Sta…	MYMEMORY WARNING: YOU USED ALL AVAILABLE FREE TRANSLATIONS FOR TODAY. NEXT AVAILABLE IN 03 HOURS 23 MINUTES 29 SECONDS VISIT HTTPS://MYMEMOR…	It is not the purpose of chastisement to impose punishment blindly but to create discipline. Evil must be cured at its roots. To eradicate e…	Primera línea poco alineada (Jaccard 2%). | Solapamiento léxico bajo MT↔Baynes (1%).
31	L6_comentario	pair	0%	0%	divergent	Divergente	Die äußerlichste Art, auf andre Einfluß bekommen zu wollen, ist durch bloßes Geschwätz, ohne daß den Worten etwas Wirkliches entspricht. Sol…	MYMEMORY WARNING: YOU USED ALL AVAILABLE FREE TRANSLATIONS FOR TODAY. NEXT AVAILABLE IN 03 HOURS 23 MINUTES 29 SECONDS VISIT HTTPS://MYMEMOR…	The most superficial way of trying to influence others is through talk that has nothing real behind it. The influence produced by such mere …	Primera línea poco alineada (Jaccard 0%). | Solapamiento léxico bajo MT↔Baynes (0%).
32	L6_comentario	pair	2%	2%	divergent	Divergente	Es gibt Menschen, die dauernd in hastiger Bewegung sind, ohne innerlich zur Ruhe zu kommen. Die Rastlosigkeit hindert nicht nur alle Gründli…	MYMEMORY WARNING: YOU USED ALL AVAILABLE FREE TRANSLATIONS FOR TODAY. NEXT AVAILABLE IN 03 HOURS 23 MINUTES 29 SECONDS VISIT HTTPS://MYMEMOR…	There are people who live in a state of perpetual hurry without ever attaining inner composure. Restlessness not only prevents all thoroughn…	Primera línea poco alineada (Jaccard 2%). | Solapamiento léxico bajo MT↔Baynes (2%).
33	L6_comentario	pair	3%	3%	divergent	Divergente	Die Lage ist unzweideutig. Die innere Loslösung ist eine feststehende Tatsache. Dadurch hat man die Freiheit, zu gehen. Wo man seinen Weg so…	MYMEMORY WARNING: YOU USED ALL AVAILABLE FREE TRANSLATIONS FOR TODAY. NEXT AVAILABLE IN 03 HOURS 23 MINUTES 28 SECONDS VISIT HTTPS://MYMEMOR…	The situation is unequivocal. Inner detachment has become an established fact, and we are at liberty to depart. When one sees the way ahead …	Primera línea poco alineada (Jaccard 3%). | Solapamiento léxico bajo MT↔Baynes (3%).
34	L6_comentario	pair	0%	0%	divergent	Divergente	Wenn man sich zu weit vorwagt, so kommt man an einen toten Punkt, wo man weder vorwärts noch rückwärts kann und alles nur dazu dient, die Sa…	MYMEMORY WARNING: YOU USED ALL AVAILABLE FREE TRANSLATIONS FOR TODAY. NEXT AVAILABLE IN 03 HOURS 23 MINUTES 28 SECONDS VISIT HTTPS://MYMEMOR…	If we venture too far we come to a deadlock, unable either to advance or to retreat, and whatever we do merely serves to complicate things f…	Primera línea poco alineada (Jaccard 0%). | Solapamiento léxico bajo MT↔Baynes (0%).
35	L6_comentario	pair	0%	0%	divergent	Divergente	Fortschreiten mit den Hörnern, d.h. angriffsweise vorgehen, soll man in solchen Zeiten, um die es sich hier handelt, nur den Fehlern der eig…	MYMEMORY WARNING: YOU USED ALL AVAILABLE FREE TRANSLATIONS FOR TODAY. NEXT AVAILABLE IN 03 HOURS 23 MINUTES 28 SECONDS VISIT HTTPS://MYMEMOR…	Making progress with lowered horns—i.e., acting on the offensive—is permissible, in times like those referred to here, only in dealing with …	Primera línea poco alineada (Jaccard 0%). | Solapamiento léxico bajo MT↔Baynes (0%).
36	L6_comentario	pair	3%	3%	divergent	Divergente	Hier ist der Höhepunkt der Finsternis erreicht. Die finstere Macht war erst so hoch gestellt, daß sie alle Guten und Lichten verletzen konnt…	MYMEMORY WARNING: YOU USED ALL AVAILABLE FREE TRANSLATIONS FOR TODAY. NEXT AVAILABLE IN 03 HOURS 23 MINUTES 28 SECONDS VISIT HTTPS://MYMEMOR…	Here the climax of the darkening is reached. The dark power at first held so high a place that it could wound all who were on the side of go…	Primera línea poco alineada (Jaccard 3%). | Solapamiento léxico bajo MT↔Baynes (3%).
37	L6_comentario	pair	2%	2%	divergent	Divergente	Die Ordnung der Familie beruht letzten Endes auf der Person des Hausherrn. Wenn er seine Person so ausbildet, daß sie in der Kraft innerer W…	MYMEMORY WARNING: YOU USED ALL AVAILABLE FREE TRANSLATIONS FOR TODAY. NEXT AVAILABLE IN 03 HOURS 23 MINUTES 28 SECONDS VISIT HTTPS://MYMEMOR…	In the last analysis, order within the family depends on the character of the master of the house. If he cultivates his personality so that …	Primera línea poco alineada (Jaccard 2%). | Solapamiento léxico bajo MT↔Baynes (2%).
38	L6_comentario	pair	2%	2%	divergent	Divergente	Hier ist die Vereinsamung durch Mißverständnisse, nicht durch die äußeren Verhältnisse, sondern durch innere Zustände bedingt. Man verkennt …	MYMEMORY WARNING: YOU USED ALL AVAILABLE FREE TRANSLATIONS FOR TODAY. NEXT AVAILABLE IN 03 HOURS 23 MINUTES 27 SECONDS VISIT HTTPS://MYMEMOR…	Here the isolation is due to misunderstanding; it is brought about not by outer circumstances but by inner conditions. A man misjudges his b…	Primera línea poco alineada (Jaccard 2%). | Solapamiento léxico bajo MT↔Baynes (2%).
39	L6_comentario	pair	2%	2%	divergent	Divergente	Es ist hier jemand gezeichnet, der die Welt und ihr Getriebe schon hinter sich hat. Wenn nun die Zeit der Hemmnisse für die Welt kommt, so k…	MYMEMORY WARNING: YOU USED ALL AVAILABLE FREE TRANSLATIONS FOR TODAY. NEXT AVAILABLE IN 03 HOURS 23 MINUTES 27 SECONDS VISIT HTTPS://MYMEMOR…	This refers to a man who has already left the world and its tumult behind him. When the time of obstructions arrives, it might seem that the…	Primera línea poco alineada (Jaccard 2%). | Solapamiento léxico bajo MT↔Baynes (2%).
40	L6_comentario	pair	2%	0%	divergent	Divergente	Der Habicht auf hoher Mauer ist das Bild eines machtvollen Gemeinen an hoher Stelle, der die Befreiung hindert. Er widersteht der Einwirkung…	MYMEMORY WARNING: YOU USED ALL AVAILABLE FREE TRANSLATIONS FOR TODAY. NEXT AVAILABLE IN 03 HOURS 23 MINUTES 26 SECONDS VISIT HTTPS://MYMEMOR…	The hawk on a high wall is the symbol of a powerful inferior in a high position who is hindering the deliverance. He withstands the force of…	Primera línea poco alineada (Jaccard 0%). | Solapamiento léxico bajo MT↔Baynes (2%).
41	L6_comentario	pair	2%	2%	divergent	Divergente	Es gibt Menschen, die Segen spenden für die ganze Welt. Jeder Kraftzuwachs, jede Mehrung, die ihnen zuteil wird, kommt allen Menschen zugute…	MYMEMORY WARNING: YOU USED ALL AVAILABLE FREE TRANSLATIONS FOR TODAY. NEXT AVAILABLE IN 03 HOURS 23 MINUTES 25 SECONDS VISIT HTTPS://MYMEMOR…	There are people who dispense blessings to the whole world. Every increase in power that comes to them benefits the whole of mankind and the…	Primera línea poco alineada (Jaccard 1%). | Solapamiento léxico bajo MT↔Baynes (1%).
42	L6_comentario	pair	1%	0%	divergent	Divergente	Der Sinn der Lage ist, daß die Oberen durch Verzicht die Unteren mehren sollen. Indem man diese Pflicht versäumt und niemand nützt, entzieht…	MYMEMORY WARNING: YOU USED ALL AVAILABLE FREE TRANSLATIONS FOR TODAY. NEXT AVAILABLE IN 03 HOURS 23 MINUTES 25 SECONDS VISIT HTTPS://MYMEMOR…	The meaning here is that through renunciation those in high place should bring increase to those below. By neglecting this duty and helping …	Primera línea poco alineada (Jaccard 0%). | Solapamiento léxico bajo MT↔Baynes (1%).
43	L6_comentario	pair	1%	1%	divergent	Divergente	Der Sieg scheint errungen zu sein. Es ist nur noch ein Rest übrig von dem Bösen, dessen entschlossene Ausrottung an der Zeit ist. Es sieht a…	MYMEMORY WARNING: YOU USED ALL AVAILABLE FREE TRANSLATIONS FOR TODAY. NEXT AVAILABLE IN 03 HOURS 23 MINUTES 24 SECONDS VISIT HTTPS://MYMEMOR…	Victory seems to have been achieved. There remains merely a remnant of the evil resolutely to be eradicated as the time demands. Everything …	Primera línea poco alineada (Jaccard 1%). | Solapamiento léxico bajo MT↔Baynes (1%).
44	L6_comentario	pair	3%	3%	divergent	Divergente	Wenn man sich aus der Welt zurückgezogen hat, so wird einem das Getriebe der Welt oft unerträglich. Oft gibt es Menschen, die sich in edlem …	MYMEMORY WARNING: YOU USED ALL AVAILABLE FREE TRANSLATIONS FOR TODAY. NEXT AVAILABLE IN 03 HOURS 23 MINUTES 24 SECONDS VISIT HTTPS://MYMEMOR…	When a man has withdrawn from the world, its tumult often becomes unbearable to him. There are many people who in a noble pride hold themsel…	Primera línea poco alineada (Jaccard 3%). | Solapamiento léxico bajo MT↔Baynes (3%).
45	L6_comentario	pair	3%	3%	divergent	Divergente	Es kann vorkommen, daß man sich wohl anschließen möchte, aber in seinen guten Absichten verkannt wird. Da ist man traurig und klagt. Aber da…	MYMEMORY WARNING: YOU USED ALL AVAILABLE FREE TRANSLATIONS FOR TODAY. NEXT AVAILABLE IN 03 HOURS 23 MINUTES 23 SECONDS VISIT HTTPS://MYMEMOR…	It may happen that an individual would like to ally himself with another, but his good intentions are misunderstood. Then he becomes sad and…	Primera línea poco alineada (Jaccard 3%). | Solapamiento léxico bajo MT↔Baynes (3%).
46	L6_comentario	pair	2%	2%	divergent	Divergente	Wer blindlings empordringt, der ist innerlich betört. Er kennt nur den Fortschritt, nicht den Rückzug. Dabei erschöpft man sich aber. Wichti…	MYMEMORY WARNING: YOU USED ALL AVAILABLE FREE TRANSLATIONS FOR TODAY. NEXT AVAILABLE IN 03 HOURS 23 MINUTES 23 SECONDS VISIT HTTPS://MYMEMOR…	He who pushes upward blindly deludes himself. He knows only advance, not retreat. But this means exhaustion. In such a case it is important …	Primera línea poco alineada (Jaccard 2%). | Solapamiento léxico bajo MT↔Baynes (2%).
47	L6_comentario	pair	2%	2%	divergent	Divergente	Man ist bedrängt durch Bande, die sich leicht zerreißen lassen. Die Bedrängnis naht sich ihrem Ende. Aber man ist noch unschlüssig. Man ist …	MYMEMORY WARNING: YOU USED ALL AVAILABLE FREE TRANSLATIONS FOR TODAY. NEXT AVAILABLE IN 03 HOURS 23 MINUTES 23 SECONDS VISIT HTTPS://MYMEMOR…	A man is oppressed by bonds that can easily be broken. The distress is drawing to an end. But he is still irresolute; he is still influenced…	Primera línea poco alineada (Jaccard 2%). | Solapamiento léxico bajo MT↔Baynes (2%).
48	L6_comentario	pair	5%	5%	divergent	Divergente	Der Brunnen ist für alle da. Kein Verbot hemmt die Schöpfenden. Aber so viele auch kommen, sie finden, was sie brauchen; denn der Brunnen is…	MYMEMORY WARNING: YOU USED ALL AVAILABLE FREE TRANSLATIONS FOR TODAY. NEXT AVAILABLE IN 03 HOURS 23 MINUTES 23 SECONDS VISIT HTTPS://MYMEMOR…	The well is there for all. No one is forbidden to take water from it. No matter how many come, all find what they need, for the well is depe…	Primera línea poco alineada (Jaccard 5%). | Solapamiento léxico bajo MT↔Baynes (5%).
49	L6_comentario	pair	1%	1%	divergent	Divergente	Nachdem die großen grundsätzlichen Fragen entschieden sind, sind noch Umgestaltungen im einzelnen und genauere Durchführungen notwendig. Die…	MYMEMORY WARNING: YOU USED ALL AVAILABLE FREE TRANSLATIONS FOR TODAY. NEXT AVAILABLE IN 03 HOURS 23 MINUTES 23 SECONDS VISIT HTTPS://MYMEMOR…	After the large and fundamental problems are settled, certain minor reforms, and elaborations of these, are necessary. These detailed reform…	Primera línea poco alineada (Jaccard 1%). | Solapamiento léxico bajo MT↔Baynes (1%).
50	L6_comentario	pair	3%	3%	divergent	Divergente	Beim vorigen Strich sind die Tragringe golden genannt, um ihre Stärke zu bezeichnen. Hier heißen sie von Nephrit. Der Nephrit zeichnet sich …	MYMEMORY WARNING: YOU USED ALL AVAILABLE FREE TRANSLATIONS FOR TODAY. NEXT AVAILABLE IN 03 HOURS 23 MINUTES 22 SECONDS VISIT HTTPS://MYMEMOR…	In the preceding line the carrying rings are described as golden, to denote their strength; here they are said to be of jade. Jade is notabl…	Primera línea poco alineada (Jaccard 3%). | Solapamiento léxico bajo MT↔Baynes (3%).
51	L6_comentario	pair	2%	2%	divergent	Divergente	Die innere Erschütterung raubt einem die Besinnung und Klarheit des Blickes, wenn sie aufs höchste gestiegen ist. In einer solchen Erschütte…	MYMEMORY WARNING: YOU USED ALL AVAILABLE FREE TRANSLATIONS FOR TODAY. NEXT AVAILABLE IN 03 HOURS 23 MINUTES 21 SECONDS VISIT HTTPS://MYMEMOR…	When inner shock is at its height, it robs a man of reflection and clarity of vision. In such a state of shock it is of course impossible to…	Primera línea poco alineada (Jaccard 2%). | Solapamiento léxico bajo MT↔Baynes (2%).
52	L6_comentario	pair	0%	0%	divergent	Divergente	Hier ist die Vollendung der Bemühung zur Ruhe gegeben. Man ist ruhig nicht in kleinlich abgezirkelter Weise im einzelnen, sondern eine allge…	MYMEMORY WARNING: YOU USED ALL AVAILABLE FREE TRANSLATIONS FOR TODAY. NEXT AVAILABLE IN 03 HOURS 23 MINUTES 20 SECONDS VISIT HTTPS://MYMEMOR…	This marks the consummation of the effort to attain tranquility. One is at rest, not merely in a small, circumscribed way in regard to matte…	Primera línea poco alineada (Jaccard 0%). | Solapamiento léxico bajo MT↔Baynes (0%).
53	L6_comentario	pair	1%	1%	divergent	Divergente	Hier ist das Leben abgeschlossen. Das Werk liegt vollendet da. Hoch erhebt sich seine Bahn in den Himmel, wie der Flug der Wildgänse, wenn s…	MYMEMORY WARNING: YOU USED ALL AVAILABLE FREE TRANSLATIONS FOR TODAY. NEXT AVAILABLE IN 03 HOURS 23 MINUTES 20 SECONDS VISIT HTTPS://MYMEMOR…	Here life comes to its end. A man's work stands completed. The path rises high toward heaven, like the flight of wild geese when they have l…	Primera línea poco alineada (Jaccard 1%). | Solapamiento léxico bajo MT↔Baynes (1%).
54	L6_comentario	pair	2%	2%	divergent	Divergente	Beim Opfer für die Ahnen mußte die Frau die Früchte in einem Korb darbringen, der Mann persönlich das Opfertier schlachten. Hier werden die …	MYMEMORY WARNING: YOU USED ALL AVAILABLE FREE TRANSLATIONS FOR TODAY. NEXT AVAILABLE IN 03 HOURS 23 MINUTES 19 SECONDS VISIT HTTPS://MYMEMOR…	At the sacrifice to the ancestors, the woman had to present harvest offerings in a basket, while the man slaughtered the sacrificial animal …	Primera línea poco alineada (Jaccard 2%). | Solapamiento léxico bajo MT↔Baynes (2%).
55	L6_comentario	pair	4%	4%	divergent	Divergente	Es ist hier ein Mann gezeichnet, der durch seinen Hochmut und Eigenwillen das Gegenteil erreicht von dem, was er erstrebt. Er sucht Fülle un…	MYMEMORY WARNING: YOU USED ALL AVAILABLE FREE TRANSLATIONS FOR TODAY. NEXT AVAILABLE IN 03 HOURS 23 MINUTES 19 SECONDS VISIT HTTPS://MYMEMOR…	This describes a man who because of his arrogance and obstinacy attains the opposite of what he strives for. He seeks abundance and splendor…	Primera línea poco alineada (Jaccard 4%). | Solapamiento léxico bajo MT↔Baynes (4%).
56	L6_comentario	pair	1%	1%	divergent	Divergente	Das Bild des Vogels, dem sein Nest verbrennt, zeigt den Verlust des Ruheorts. Wenn der Vogel beim Bau seines Nestes leichtsinnig und unvorsi…	MYMEMORY WARNING: YOU USED ALL AVAILABLE FREE TRANSLATIONS FOR TODAY. NEXT AVAILABLE IN 03 HOURS 23 MINUTES 19 SECONDS VISIT HTTPS://MYMEMOR…	The picture of a bird whose nest burns up indicates loss of one's resting place. This misfortune may overtake the bird if it is heedless and…	Primera línea poco alineada (Jaccard 1%). | Solapamiento léxico bajo MT↔Baynes (1%).
57	L6_comentario	pair	0%	0%	divergent	Divergente	Die Erkenntnis ist eindringlich genug. Man dringt den schädlichen Einflüssen bis in die geheimsten Winkel nach. Aber man hat keine Kraft meh…	MYMEMORY WARNING: YOU USED ALL AVAILABLE FREE TRANSLATIONS FOR TODAY. NEXT AVAILABLE IN 03 HOURS 23 MINUTES 19 SECONDS VISIT HTTPS://MYMEMOR…	A man's understanding is sufficiently penetrating. He follows up injurious influences into the most secret corners. But he no longer has the…	Primera línea poco alineada (Jaccard 0%). | Solapamiento léxico bajo MT↔Baynes (0%).
58	L6_comentario	pair	0%	0%	divergent	Divergente	Wenn man innerlich eitel ist, so lockt man die Freuden der Zerstreuung an und hat unter ihnen zu leiden (vgl. Sechs auf drittem Platz). Wenn…	MYMEMORY WARNING: YOU USED ALL AVAILABLE FREE TRANSLATIONS FOR TODAY. NEXT AVAILABLE IN 03 HOURS 23 MINUTES 18 SECONDS VISIT HTTPS://MYMEMOR…	A vain nature invites diverting pleasures and must suffer accordingly (cf. the six in the third place). If a man is unstable within, the ple…	Primera línea poco alineada (Jaccard 0%). | Solapamiento léxico bajo MT↔Baynes (0%).
59	L6_comentario	pair	1%	1%	divergent	Divergente	Das Auflösen des Blutes bedeutet auflösen, was Blut und Wunden bringen könnte, die Gefahr vermeiden. Es ist hier aber nicht der Gedanke ausg…	MYMEMORY WARNING: YOU USED ALL AVAILABLE FREE TRANSLATIONS FOR TODAY. NEXT AVAILABLE IN 03 HOURS 23 MINUTES 18 SECONDS VISIT HTTPS://MYMEMOR…	The idea of the dissolving of a man's blood means the dispersion of that which might lead to bloodshed and wounds, i.e., avoidance of danger…	Primera línea poco alineada (Jaccard 1%). | Solapamiento léxico bajo MT↔Baynes (1%).
60	L6_comentario	pair	3%	3%	divergent	Divergente	Wenn man zu streng ist in der Beschränkung, so halten es die Menschen nicht aus. Je konsequenter man in solcher Strenge ist, desto mehr ist …	MYMEMORY WARNING: YOU USED ALL AVAILABLE FREE TRANSLATIONS FOR TODAY. NEXT AVAILABLE IN 03 HOURS 23 MINUTES 17 SECONDS VISIT HTTPS://MYMEMOR…	If one is too severe in setting up restrictions, people will not endure them. The more consistent such severity, the worse it is, for in the…	Primera línea poco alineada (Jaccard 3%). | Solapamiento léxico bajo MT↔Baynes (3%).
61	L6_comentario	pair	0%	0%	divergent	Divergente	Der Hahn ist zuverlässig. Er ruft, wenn es Morgen wird. Er kann aber nicht selbst zum Himmel fliegen. Er kräht nur. So soll durch bloße Wort…	MYMEMORY WARNING: YOU USED ALL AVAILABLE FREE TRANSLATIONS FOR TODAY. NEXT AVAILABLE IN 03 HOURS 23 MINUTES 17 SECONDS VISIT HTTPS://MYMEMOR…	The cock is dependable. It crows at dawn. But it cannot itself fly to heaven. It just crows. A man may count on mere words to awaken faith. …	Primera línea poco alineada (Jaccard 0%). | Solapamiento léxico bajo MT↔Baynes (0%).
62	L6_comentario	pair	1%	1%	divergent	Divergente	Wenn man über das Ziel hinausschießt, so kann man es nicht treffen. Wenn der Vogel nicht in sein Nest will, sondern immer höher hinaus, so f…	MYMEMORY WARNING: YOU USED ALL AVAILABLE FREE TRANSLATIONS FOR TODAY. NEXT AVAILABLE IN 03 HOURS 23 MINUTES 17 SECONDS VISIT HTTPS://MYMEMOR…	If one overshoots the goal, one cannot hit it. If a bird will not come to its nest but flies higher and higher, it eventually falls into the…	Primera línea poco alineada (Jaccard 1%). | Solapamiento léxico bajo MT↔Baynes (1%).
63	L6_comentario	pair	1%	1%	divergent	Divergente	Hier ist zum Schluß nochmals eine Warnung beigefügt. Nach dem Übergang über ein Wasser kann man nur dann mit dem Kopf ins Wasser kommen, wen…	MYMEMORY WARNING: YOU USED ALL AVAILABLE FREE TRANSLATIONS FOR TODAY. NEXT AVAILABLE IN 03 HOURS 23 MINUTES 16 SECONDS VISIT HTTPS://MYMEMOR…	Here in conclusion another warning is added. After crossing a stream, a man's head can get into the water only if he is so imprudent as to t…	Primera línea poco alineada (Jaccard 1%). | Solapamiento léxico bajo MT↔Baynes (1%).
64	L6_comentario	pair	2%	2%	divergent	Divergente	Vor der Vollendung an der Grenze der neuen Zeit ist man im vollen gegenseitigen Vertrauen mit den Seinen zusammen und verbringt die Zeit des…	MYMEMORY WARNING: YOU USED ALL AVAILABLE FREE TRANSLATIONS FOR TODAY. NEXT AVAILABLE IN 03 HOURS 23 MINUTES 16 SECONDS VISIT HTTPS://MYMEMOR…	Before completion, at the dawning of the new time, friends foregather in an atmosphere of mutual trust, and the time of waiting is passed in…	Ruido OCR en texto DE (footer / paginación). | Primera línea poco alineada (Jaccard 2%). | Solapamiento léxico bajo MT↔Baynes (2%).
1	yong_etiqueta	pair	3%	3%	divergent	Divergente	Wenn lauter Neunen erscheinen, bedeutet das:	MYMEMORY WARNING: YOU USED ALL AVAILABLE FREE TRANSLATIONS FOR TODAY. NEXT AVAILABLE IN 03 HOURS 23 MINUTES 15 SECONDS VISIT HTTPS://MYMEMOR…	When all the lines are nines, it means:	Primera línea poco alineada (Jaccard 3%). | Solapamiento léxico bajo MT↔Baynes (3%).
2	yong_etiqueta	pair	3%	3%	divergent	Divergente	Wenn lauter Sechsen erscheinen, bedeutet das:	MYMEMORY WARNING: YOU USED ALL AVAILABLE FREE TRANSLATIONS FOR TODAY. NEXT AVAILABLE IN 03 HOURS 23 MINUTES 15 SECONDS VISIT HTTPS://MYMEMOR…	When all the lines are sixes, it means:	Primera línea poco alineada (Jaccard 3%). | Solapamiento léxico bajo MT↔Baynes (3%).
3	yong_etiqueta	both_empty			both_empty	Vacío				Ambos campos vacíos.
4	yong_etiqueta	both_empty			both_empty	Vacío				Ambos campos vacíos.
5	yong_etiqueta	both_empty			both_empty	Vacío				Ambos campos vacíos.
6	yong_etiqueta	both_empty			both_empty	Vacío				Ambos campos vacíos.
7	yong_etiqueta	both_empty			both_empty	Vacío				Ambos campos vacíos.
8	yong_etiqueta	both_empty			both_empty	Vacío				Ambos campos vacíos.
9	yong_etiqueta	both_empty			both_empty	Vacío				Ambos campos vacíos.
10	yong_etiqueta	both_empty			both_empty	Vacío				Ambos campos vacíos.
11	yong_etiqueta	both_empty			both_empty	Vacío				Ambos campos vacíos.
12	yong_etiqueta	both_empty			both_empty	Vacío				Ambos campos vacíos.
13	yong_etiqueta	both_empty			both_empty	Vacío				Ambos campos vacíos.
14	yong_etiqueta	both_empty			both_empty	Vacío				Ambos campos vacíos.
15	yong_etiqueta	both_empty			both_empty	Vacío				Ambos campos vacíos.
16	yong_etiqueta	both_empty			both_empty	Vacío				Ambos campos vacíos.
17	yong_etiqueta	both_empty			both_empty	Vacío				Ambos campos vacíos.
18	yong_etiqueta	both_empty			both_empty	Vacío				Ambos campos vacíos.
19	yong_etiqueta	both_empty			both_empty	Vacío				Ambos campos vacíos.
20	yong_etiqueta	both_empty			both_empty	Vacío				Ambos campos vacíos.
21	yong_etiqueta	both_empty			both_empty	Vacío				Ambos campos vacíos.
22	yong_etiqueta	both_empty			both_empty	Vacío				Ambos campos vacíos.
23	yong_etiqueta	both_empty			both_empty	Vacío				Ambos campos vacíos.
24	yong_etiqueta	both_empty			both_empty	Vacío				Ambos campos vacíos.
25	yong_etiqueta	both_empty			both_empty	Vacío				Ambos campos vacíos.
26	yong_etiqueta	both_empty			both_empty	Vacío				Ambos campos vacíos.
27	yong_etiqueta	both_empty			both_empty	Vacío				Ambos campos vacíos.
28	yong_etiqueta	both_empty			both_empty	Vacío				Ambos campos vacíos.
29	yong_etiqueta	both_empty			both_empty	Vacío				Ambos campos vacíos.
30	yong_etiqueta	both_empty			both_empty	Vacío				Ambos campos vacíos.
31	yong_etiqueta	both_empty			both_empty	Vacío				Ambos campos vacíos.
32	yong_etiqueta	both_empty			both_empty	Vacío				Ambos campos vacíos.
33	yong_etiqueta	both_empty			both_empty	Vacío				Ambos campos vacíos.
34	yong_etiqueta	both_empty			both_empty	Vacío				Ambos campos vacíos.
35	yong_etiqueta	both_empty			both_empty	Vacío				Ambos campos vacíos.
36	yong_etiqueta	both_empty			both_empty	Vacío				Ambos campos vacíos.
37	yong_etiqueta	both_empty			both_empty	Vacío				Ambos campos vacíos.
38	yong_etiqueta	both_empty			both_empty	Vacío				Ambos campos vacíos.
39	yong_etiqueta	both_empty			both_empty	Vacío				Ambos campos vacíos.
40	yong_etiqueta	both_empty			both_empty	Vacío				Ambos campos vacíos.
41	yong_etiqueta	both_empty			both_empty	Vacío				Ambos campos vacíos.
42	yong_etiqueta	both_empty			both_empty	Vacío				Ambos campos vacíos.
43	yong_etiqueta	both_empty			both_empty	Vacío				Ambos campos vacíos.
44	yong_etiqueta	both_empty			both_empty	Vacío				Ambos campos vacíos.
45	yong_etiqueta	both_empty			both_empty	Vacío				Ambos campos vacíos.
46	yong_etiqueta	both_empty			both_empty	Vacío				Ambos campos vacíos.
47	yong_etiqueta	both_empty			both_empty	Vacío				Ambos campos vacíos.
48	yong_etiqueta	both_empty			both_empty	Vacío				Ambos campos vacíos.
49	yong_etiqueta	both_empty			both_empty	Vacío				Ambos campos vacíos.
50	yong_etiqueta	both_empty			both_empty	Vacío				Ambos campos vacíos.
51	yong_etiqueta	both_empty			both_empty	Vacío				Ambos campos vacíos.
52	yong_etiqueta	both_empty			both_empty	Vacío				Ambos campos vacíos.
53	yong_etiqueta	both_empty			both_empty	Vacío				Ambos campos vacíos.
54	yong_etiqueta	both_empty			both_empty	Vacío				Ambos campos vacíos.
55	yong_etiqueta	both_empty			both_empty	Vacío				Ambos campos vacíos.
56	yong_etiqueta	both_empty			both_empty	Vacío				Ambos campos vacíos.
57	yong_etiqueta	both_empty			both_empty	Vacío				Ambos campos vacíos.
58	yong_etiqueta	both_empty			both_empty	Vacío				Ambos campos vacíos.
59	yong_etiqueta	both_empty			both_empty	Vacío				Ambos campos vacíos.
60	yong_etiqueta	both_empty			both_empty	Vacío				Ambos campos vacíos.
61	yong_etiqueta	both_empty			both_empty	Vacío				Ambos campos vacíos.
62	yong_etiqueta	both_empty			both_empty	Vacío				Ambos campos vacíos.
63	yong_etiqueta	both_empty			both_empty	Vacío				Ambos campos vacíos.
64	yong_etiqueta	both_empty			both_empty	Vacío				Ambos campos vacíos.
1	yong_oraculo	pair	0%	0%	divergent	Divergente	Es erscheint eine Schar von Drachen ohne Haupt. Heil!	MYMEMORY WARNING: YOU USED ALL AVAILABLE FREE TRANSLATIONS FOR TODAY. NEXT AVAILABLE IN 03 HOURS 23 MINUTES 15 SECONDS VISIT HTTPS://MYMEMOR…	There appears a flight of dragons without heads. Good fortune.	Primera línea poco alineada (Jaccard 0%). | Solapamiento léxico bajo MT↔Baynes (0%).
2	yong_oraculo	pair	0%	0%	divergent	Divergente	Fördernd ist dauernde Beharrlichkeit.	MYMEMORY WARNING: YOU USED ALL AVAILABLE FREE TRANSLATIONS FOR TODAY. NEXT AVAILABLE IN 03 HOURS 23 MINUTES 15 SECONDS VISIT HTTPS://MYMEMOR…	Lasting perseverance furthers.	Primera línea poco alineada (Jaccard 0%). | Solapamiento léxico bajo MT↔Baynes (0%).
3	yong_oraculo	both_empty			both_empty	Vacío				Ambos campos vacíos.
4	yong_oraculo	both_empty			both_empty	Vacío				Ambos campos vacíos.
5	yong_oraculo	both_empty			both_empty	Vacío				Ambos campos vacíos.
6	yong_oraculo	both_empty			both_empty	Vacío				Ambos campos vacíos.
7	yong_oraculo	both_empty			both_empty	Vacío				Ambos campos vacíos.
8	yong_oraculo	both_empty			both_empty	Vacío				Ambos campos vacíos.
9	yong_oraculo	both_empty			both_empty	Vacío				Ambos campos vacíos.
10	yong_oraculo	both_empty			both_empty	Vacío				Ambos campos vacíos.
11	yong_oraculo	both_empty			both_empty	Vacío				Ambos campos vacíos.
12	yong_oraculo	both_empty			both_empty	Vacío				Ambos campos vacíos.
13	yong_oraculo	both_empty			both_empty	Vacío				Ambos campos vacíos.
14	yong_oraculo	both_empty			both_empty	Vacío				Ambos campos vacíos.
15	yong_oraculo	both_empty			both_empty	Vacío				Ambos campos vacíos.
16	yong_oraculo	both_empty			both_empty	Vacío				Ambos campos vacíos.
17	yong_oraculo	both_empty			both_empty	Vacío				Ambos campos vacíos.
18	yong_oraculo	both_empty			both_empty	Vacío				Ambos campos vacíos.
19	yong_oraculo	both_empty			both_empty	Vacío				Ambos campos vacíos.
20	yong_oraculo	both_empty			both_empty	Vacío				Ambos campos vacíos.
21	yong_oraculo	both_empty			both_empty	Vacío				Ambos campos vacíos.
22	yong_oraculo	both_empty			both_empty	Vacío				Ambos campos vacíos.
23	yong_oraculo	both_empty			both_empty	Vacío				Ambos campos vacíos.
24	yong_oraculo	both_empty			both_empty	Vacío				Ambos campos vacíos.
25	yong_oraculo	both_empty			both_empty	Vacío				Ambos campos vacíos.
26	yong_oraculo	both_empty			both_empty	Vacío				Ambos campos vacíos.
27	yong_oraculo	both_empty			both_empty	Vacío				Ambos campos vacíos.
28	yong_oraculo	both_empty			both_empty	Vacío				Ambos campos vacíos.
29	yong_oraculo	both_empty			both_empty	Vacío				Ambos campos vacíos.
30	yong_oraculo	both_empty			both_empty	Vacío				Ambos campos vacíos.
31	yong_oraculo	both_empty			both_empty	Vacío				Ambos campos vacíos.
32	yong_oraculo	both_empty			both_empty	Vacío				Ambos campos vacíos.
33	yong_oraculo	both_empty			both_empty	Vacío				Ambos campos vacíos.
34	yong_oraculo	both_empty			both_empty	Vacío				Ambos campos vacíos.
35	yong_oraculo	both_empty			both_empty	Vacío				Ambos campos vacíos.
36	yong_oraculo	both_empty			both_empty	Vacío				Ambos campos vacíos.
37	yong_oraculo	both_empty			both_empty	Vacío				Ambos campos vacíos.
38	yong_oraculo	both_empty			both_empty	Vacío				Ambos campos vacíos.
39	yong_oraculo	both_empty			both_empty	Vacío				Ambos campos vacíos.
40	yong_oraculo	both_empty			both_empty	Vacío				Ambos campos vacíos.
41	yong_oraculo	both_empty			both_empty	Vacío				Ambos campos vacíos.
42	yong_oraculo	both_empty			both_empty	Vacío				Ambos campos vacíos.
43	yong_oraculo	both_empty			both_empty	Vacío				Ambos campos vacíos.
44	yong_oraculo	both_empty			both_empty	Vacío				Ambos campos vacíos.
45	yong_oraculo	both_empty			both_empty	Vacío				Ambos campos vacíos.
46	yong_oraculo	both_empty			both_empty	Vacío				Ambos campos vacíos.
47	yong_oraculo	both_empty			both_empty	Vacío				Ambos campos vacíos.
48	yong_oraculo	both_empty			both_empty	Vacío				Ambos campos vacíos.
49	yong_oraculo	both_empty			both_empty	Vacío				Ambos campos vacíos.
50	yong_oraculo	both_empty			both_empty	Vacío				Ambos campos vacíos.
51	yong_oraculo	both_empty			both_empty	Vacío				Ambos campos vacíos.
52	yong_oraculo	both_empty			both_empty	Vacío				Ambos campos vacíos.
53	yong_oraculo	both_empty			both_empty	Vacío				Ambos campos vacíos.
54	yong_oraculo	both_empty			both_empty	Vacío				Ambos campos vacíos.
55	yong_oraculo	both_empty			both_empty	Vacío				Ambos campos vacíos.
56	yong_oraculo	both_empty			both_empty	Vacío				Ambos campos vacíos.
57	yong_oraculo	both_empty			both_empty	Vacío				Ambos campos vacíos.
58	yong_oraculo	both_empty			both_empty	Vacío				Ambos campos vacíos.
59	yong_oraculo	both_empty			both_empty	Vacío				Ambos campos vacíos.
60	yong_oraculo	both_empty			both_empty	Vacío				Ambos campos vacíos.
61	yong_oraculo	both_empty			both_empty	Vacío				Ambos campos vacíos.
62	yong_oraculo	both_empty			both_empty	Vacío				Ambos campos vacíos.
63	yong_oraculo	both_empty			both_empty	Vacío				Ambos campos vacíos.
64	yong_oraculo	both_empty			both_empty	Vacío				Ambos campos vacíos.
1	yong_comentario	pair	2%	2%	divergent	Divergente	Wenn alle Linien Neunen sind, so kommt das ganze Zeichen in Bewegung und verwandelt sich in das Zeichen Kun, das Empfangende, dessen Charakt…	MYMEMORY WARNING: YOU USED ALL AVAILABLE FREE TRANSLATIONS FOR TODAY. NEXT AVAILABLE IN 03 HOURS 23 MINUTES 15 SECONDS VISIT HTTPS://MYMEMOR…	When all the lines are nines, it means that the whole hexagram is in motion and changes into the hexagram K'un, THE RECEPTIVE, whose charact…	Primera línea poco alineada (Jaccard 2%). | Solapamiento léxico bajo MT↔Baynes (2%).
2	yong_comentario	pair	0%	0%	divergent	Divergente	Wenn lauter Sechsen erscheinen, verwandelt sich das Zeichen des Empfangenden in das Zeichen des Schöpferischen. Es gewinnt so die Kraft der …	MYMEMORY WARNING: YOU USED ALL AVAILABLE FREE TRANSLATIONS FOR TODAY. NEXT AVAILABLE IN 03 HOURS 23 MINUTES 15 SECONDS VISIT HTTPS://MYMEMOR…	When nothing but sixes appears, the hexagram of THE RECEPTIVE changes into the hexagram of THE CREATIVE. By holding fast to what is right, i…	Primera línea poco alineada (Jaccard 0%). | Solapamiento léxico bajo MT↔Baynes (0%).
3	yong_comentario	both_empty			both_empty	Vacío				Ambos campos vacíos.
4	yong_comentario	both_empty			both_empty	Vacío				Ambos campos vacíos.
5	yong_comentario	both_empty			both_empty	Vacío				Ambos campos vacíos.
6	yong_comentario	both_empty			both_empty	Vacío				Ambos campos vacíos.
7	yong_comentario	both_empty			both_empty	Vacío				Ambos campos vacíos.
8	yong_comentario	both_empty			both_empty	Vacío				Ambos campos vacíos.
9	yong_comentario	both_empty			both_empty	Vacío				Ambos campos vacíos.
10	yong_comentario	both_empty			both_empty	Vacío				Ambos campos vacíos.
11	yong_comentario	both_empty			both_empty	Vacío				Ambos campos vacíos.
12	yong_comentario	both_empty			both_empty	Vacío				Ambos campos vacíos.
13	yong_comentario	both_empty			both_empty	Vacío				Ambos campos vacíos.
14	yong_comentario	both_empty			both_empty	Vacío				Ambos campos vacíos.
15	yong_comentario	both_empty			both_empty	Vacío				Ambos campos vacíos.
16	yong_comentario	both_empty			both_empty	Vacío				Ambos campos vacíos.
17	yong_comentario	both_empty			both_empty	Vacío				Ambos campos vacíos.
18	yong_comentario	both_empty			both_empty	Vacío				Ambos campos vacíos.
19	yong_comentario	both_empty			both_empty	Vacío				Ambos campos vacíos.
20	yong_comentario	both_empty			both_empty	Vacío				Ambos campos vacíos.
21	yong_comentario	both_empty			both_empty	Vacío				Ambos campos vacíos.
22	yong_comentario	both_empty			both_empty	Vacío				Ambos campos vacíos.
23	yong_comentario	both_empty			both_empty	Vacío				Ambos campos vacíos.
24	yong_comentario	both_empty			both_empty	Vacío				Ambos campos vacíos.
25	yong_comentario	both_empty			both_empty	Vacío				Ambos campos vacíos.
26	yong_comentario	both_empty			both_empty	Vacío				Ambos campos vacíos.
27	yong_comentario	both_empty			both_empty	Vacío				Ambos campos vacíos.
28	yong_comentario	both_empty			both_empty	Vacío				Ambos campos vacíos.
29	yong_comentario	both_empty			both_empty	Vacío				Ambos campos vacíos.
30	yong_comentario	both_empty			both_empty	Vacío				Ambos campos vacíos.
31	yong_comentario	both_empty			both_empty	Vacío				Ambos campos vacíos.
32	yong_comentario	both_empty			both_empty	Vacío				Ambos campos vacíos.
33	yong_comentario	both_empty			both_empty	Vacío				Ambos campos vacíos.
34	yong_comentario	both_empty			both_empty	Vacío				Ambos campos vacíos.
35	yong_comentario	both_empty			both_empty	Vacío				Ambos campos vacíos.
36	yong_comentario	both_empty			both_empty	Vacío				Ambos campos vacíos.
37	yong_comentario	both_empty			both_empty	Vacío				Ambos campos vacíos.
38	yong_comentario	both_empty			both_empty	Vacío				Ambos campos vacíos.
39	yong_comentario	both_empty			both_empty	Vacío				Ambos campos vacíos.
40	yong_comentario	both_empty			both_empty	Vacío				Ambos campos vacíos.
41	yong_comentario	both_empty			both_empty	Vacío				Ambos campos vacíos.
42	yong_comentario	both_empty			both_empty	Vacío				Ambos campos vacíos.
43	yong_comentario	both_empty			both_empty	Vacío				Ambos campos vacíos.
44	yong_comentario	both_empty			both_empty	Vacío				Ambos campos vacíos.
45	yong_comentario	both_empty			both_empty	Vacío				Ambos campos vacíos.
46	yong_comentario	both_empty			both_empty	Vacío				Ambos campos vacíos.
47	yong_comentario	both_empty			both_empty	Vacío				Ambos campos vacíos.
48	yong_comentario	both_empty			both_empty	Vacío				Ambos campos vacíos.
49	yong_comentario	both_empty			both_empty	Vacío				Ambos campos vacíos.
50	yong_comentario	both_empty			both_empty	Vacío				Ambos campos vacíos.
51	yong_comentario	both_empty			both_empty	Vacío				Ambos campos vacíos.
52	yong_comentario	both_empty			both_empty	Vacío				Ambos campos vacíos.
53	yong_comentario	both_empty			both_empty	Vacío				Ambos campos vacíos.
54	yong_comentario	both_empty			both_empty	Vacío				Ambos campos vacíos.
55	yong_comentario	both_empty			both_empty	Vacío				Ambos campos vacíos.
56	yong_comentario	both_empty			both_empty	Vacío				Ambos campos vacíos.
57	yong_comentario	both_empty			both_empty	Vacío				Ambos campos vacíos.
58	yong_comentario	both_empty			both_empty	Vacío				Ambos campos vacíos.
59	yong_comentario	both_empty			both_empty	Vacío				Ambos campos vacíos.
60	yong_comentario	both_empty			both_empty	Vacío				Ambos campos vacíos.
61	yong_comentario	both_empty			both_empty	Vacío				Ambos campos vacíos.
62	yong_comentario	both_empty			both_empty	Vacío				Ambos campos vacíos.
63	yong_comentario	both_empty			both_empty	Vacío				Ambos campos vacíos.
64	yong_comentario	both_empty			both_empty	Vacío				Ambos campos vacíos.
